"",Identifier,Company Name,Country of Exchange,GICS Industry Name,year,FV,ESG,SIZE,LEV,lctat,lctlt,chlct,CH,CF,cheat,Inventory,Fixed,Growth,NI,BoardMeetings,Female,CEO,G_score,E_score,GDPgrowth,GDPpercapita,INF,ClimateRiskScore
1,ABB.NS,ABB India Ltd,India,Electrical Equipment,2024,8.386555616,47.198509,9.160877604,0.004186798,0.425616943,0.992104862,0.055978809,0.051681297,6867007.972,0.486352543,0.149049376,0.091936055,13.44951836,219114243.6,4,50.0,TRUE,42.3727993,39.12283105,6.48422363,3.430826821,3.2018101,1.980818769573714
1,ABB.NS,ABB India Ltd,India,Electrical Equipment,2023,9.331632761,40.1353667,9.121368541,0.004452246,0.45578342,0.99160897,0.074810138,0.04561052,-272866931.1,0.513747278,0.149719258,0.094118,21.23824942,150039668.2,4,50.0,TRUE,36.29474437,38.99541074,9.19075493,3.403141173,2.591949545,1.968975734294904
1,ABB.NS,ABB India Ltd,India,Electrical Equipment,2022,10.90620935,44.22188934,9.051738651,0.003551104,0.466863342,0.993495965,0.054906053,0.311217903,293503149.3,0.405037425,0.15882952,0.101998985,11.23485157,123990231.8,7,50.0,TRUE,47.50612686,38.47074311,7.609364978,3.370596035,5.897141859,2.0690818950228893
2,ACEL.NS,Action Construction Equipment Ltd,India,Machinery,2024,4.465038486,29.72401901,8.50139294,0.006063308,0.398956083,0.986668814,0.006530413,0.015411862,74359.27443,0.195984036,0.205113125,0.267823304,11.3763656,47892381.51,4,37.5,TRUE,44.18681977,9.790412134,6.48422363,3.430826821,3.2018101,1.5927109637208758
2,ACEL.NS,Action Construction Equipment Ltd,India,Machinery,2023,5.641234878,23.4222891,8.415396614,0.002057198,0.426221656,0.984237875,0.015599434,0.015574219,3206358.728,0.293259974,0.262316367,0.278303916,32.99222535,39375908.82,4,37.5,TRUE,42.59936482,7.553464995,9.19075493,3.403141173,2.591949545,1.0
2,ACEL.NS,Action Construction Equipment Ltd,India,Machinery,2022,6.897008086,23.45685767,8.289388973,0.004655882,0.414362146,0.973121098,0.008437078,0.009932114,1917916.261,0.184338484,0.271370473,0.311207571,22.43440187,21054418.21,4,37.5,TRUE,52.26766951,6.552427631,7.609364978,3.370596035,5.897141859,1.2075699162528035
3,ADAG.NS,Adani Total Gas Ltd,India,Gas Utilities,2024,8.896571087,50.86740808,8.952783661,0.239291506,0.200684696,0.444864446,0.046821264,0.019831148,10165008.78,0.04766984,0.015089938,0.713846969,9.678982657,74825043.89,4,10.0,TRUE,64.83019926,36.76004228,6.48422363,3.430826821,3.2018101,2.328091959333851
3,ADAG.NS,Adani Total Gas Ltd,India,Gas Utilities,2023,10.02263753,52.1511505,8.898102371,0.23623833,0.274658442,0.601190753,0.017762951,0.015928736,15011397.72,0.024675811,0.015044312,0.702058296,1.403201988,77936412.72,4,27.27272727,TRUE,61.34928616,42.9299663,9.19075493,3.403141173,2.591949545,1.0
3,ADAG.NS,Adani Total Gas Ltd,India,Gas Utilities,2022,11.32296821,44.19226628,8.837026595,0.251906896,0.388530282,0.811055563,0.00548927,0.0,-2323515.093,0.010917875,0.016112518,0.694267798,35.75876843,64403602.73,6,22.22222222,TRUE,44.06319763,36.9792587,7.609364978,3.370596035,5.897141859,0.0
4,ADAI.NS,Adani Energy Solutions Ltd,India,Electric Utilities,2024,1.249339561,53.8062459,9.937285423,0.544554158,0.135429779,0.193024345,0.061493151,0.021287694,169493270.9,0.090805881,0.017961306,0.588796662,39.59470582,104840257.5,6,28.57142857,FALSE,57.71697152,51.41315317,6.48422363,3.430826821,3.2018101,2.7901382928707488
4,ADAI.NS,Adani Energy Solutions Ltd,India,Electric Utilities,2023,1.572446515,47.21267237,9.846834941,0.632816713,0.1368529,0.174513674,0.030026145,0.008558556,66157168.57,0.03538855,0.008094053,0.686639759,23.15202848,143902819.4,6,28.57142857,TRUE,45.08931243,48.57031046,9.19075493,3.403141173,2.591949545,2.433410523352533
4,ADAI.NS,Adani Energy Solutions Ltd,India,Electric Utilities,2022,1.676829716,50.69281164,9.817184082,0.635433302,0.130114265,0.166355164,0.023814036,0.000436292,193524.8296,0.037510907,0.005178211,0.688795376,9.083857039,155354187.0,5,28.57142857,TRUE,45.02041524,47.08116322,7.609364978,3.370596035,5.897141859,2.4955077280158537
5,ADEL.NS,Adani Enterprises Ltd,India,Trading Companies & Distributors,2023,1.573685222,54.80460787,10.28519634,0.406329859,0.274109394,0.362153917,0.043779227,0.002350001,50896220.76,0.026430306,0.059022901,0.50164258,-25.47848805,395128974.2,9,11.11111111,TRUE,35.56252898,68.08647702,9.19075493,3.403141173,2.591949545,2.163756612119613
5,ADEL.NS,Adani Enterprises Ltd,India,Trading Companies & Distributors,2022,1.784332986,57.94000712,10.23605862,0.376007348,0.316656586,0.413171966,0.035864746,0.001947023,118074488.8,0.019645573,0.048895021,0.476994274,69.72598219,267767770.2,4,12.5,TRUE,48.72318389,56.65584416,7.609364978,3.370596035,5.897141859,1.204772966876348
7,ADIA.NS,Aditya Birla Fashion and Retail Ltd,India,Specialty Retail,2024,0.588444717,70.13779752,9.289428205,0.301498242,0.235508278,0.398759378,0.0,0.046459329,36603861.91,0.103781506,0.147503831,0.240926711,11.37146542,-73045055.59,8,28.57142857,TRUE,59.01573322,88.36099132,6.48422363,3.430826821,3.2018101,1.6698131847448774
7,ADIA.NS,Aditya Birla Fashion and Retail Ltd,India,Specialty Retail,2023,0.422607195,77.38594007,9.430264117,0.421042972,0.385310405,0.469426943,0.0,0.020598648,-28633473.31,0.083764532,0.200704842,0.259060772,-48.86797352,-108820635.9,7,25.0,TRUE,72.83590667,91.14249802,9.19075493,3.403141173,2.591949545,2.700839886670515
7,ADIA.NS,Aditya Birla Fashion and Retail Ltd,India,Specialty Retail,2022,0.545463637,74.7853846,9.316841782,0.385702248,0.41975192,0.522201432,0.026729632,0.029427954,69920886.08,0.068049102,0.257712449,0.28039267,40.99860988,-7238315.482,11,18.18181818,TRUE,58.92766532,90.9485559,7.609364978,3.370596035,5.897141859,1.9975283087819933
8,ADNA.NS,Adani Green Energy Ltd,India,Independent Power and Renewable Electricity Producers,2024,1.343004325,68.14359862,10.11516533,0.718504821,0.151600567,0.170137315,0.122631454,0.001274709,70801638.39,0.050546052,0.001382431,0.846532254,18.61666385,182211819.8,8,10.0,TRUE,38.2418334,82.87470805,6.48422363,3.430826821,3.2018101,1.1379717049290217
8,ADNA.NS,Adani Green Energy Ltd,India,Independent Power and Renewable Electricity Producers,2023,1.706881351,58.2289489,10.0262241,0.732544218,0.302853012,0.340694247,0.058103976,0.000564729,72705458.91,0.060640957,0.004269353,0.775011859,16.63712432,116496700.7,6,22.22222222,TRUE,37.8878371,68.34012561,9.19075493,3.403141173,2.591949545,1.1304347093368994
8,ADNA.NS,Adani Green Energy Ltd,India,Independent Power and Renewable Electricity Producers,2022,2.202171176,56.37149618,9.913748095,0.804961328,0.125339588,0.140583113,0.037427455,0.010183934,52945472.25,0.041298615,0.001811137,0.794940693,40.23842821,111246348.6,7,10.0,TRUE,37.25494894,68.31342898,7.609364978,3.370596035,5.897141859,1.1094074337584354
9,ADRG.NS,Aarti Drugs Ltd,India,Pharmaceuticals,2024,1.625164476,27.27785205,8.479011192,0.238891823,0.325077291,0.694189171,0.0,0.002936287,-253949.6782,0.009067062,0.183684963,0.461855454,-7.917878416,19672323.0,7,12.5,TRUE,13.82770375,27.88294386,6.48422363,3.430826821,3.2018101,1.3370686312150497
9,ADRG.NS,Aarti Drugs Ltd,India,Pharmaceuticals,2023,1.717221207,29.95750781,8.465121892,0.231988918,0.327066452,0.691289593,0.0,0.002772084,-91265.74685,0.008067309,0.199761836,0.425568934,-8.231720915,20586766.65,6,15.38461538,TRUE,11.700333,32.5683342,9.19075493,3.403141173,2.591949545,1.302833031518337
9,ADRG.NS,Aarti Drugs Ltd,India,Pharmaceuticals,2022,1.713052941,21.97226596,8.469405785,0.251472269,0.392119355,0.772583645,0.0,0.003098788,-1717210.321,0.008247839,0.213220196,0.356093104,0.824157758,20247955.21,6,7.142857143,TRUE,5.379019575,15.80287369,7.609364978,3.370596035,5.897141859,1.7258955146559192
10,AEGS.NS,Aegis Logistics Ltd,India,"Oil, Gas & Consumable Fuels",2024,2.130633047,43.87395763,9.118774165,0.410054281,0.119470804,0.203271709,0.031409267,0.0,44294324.17,0.339846656,0.017482045,0.567785988,-6.363316159,92149198.36,5,11.11111111,FALSE,62.81026582,28.71978705,6.48422363,3.430826821,3.2018101,1.845842496975696
10,AEGS.NS,Aegis Logistics Ltd,India,"Oil, Gas & Consumable Fuels",2023,3.00060079,39.83530144,8.986122,0.330172142,0.129221696,0.249655643,0.034777012,0.0,23969562.09,0.210395073,0.009847807,0.597098744,-19.49514306,80648374.33,6,11.11111111,FALSE,55.54594944,29.29957194,9.19075493,3.403141173,2.591949545,1.845842496975696
10,AEGS.NS,Aegis Logistics Ltd,India,"Oil, Gas & Consumable Fuels",2022,3.388944885,28.21805479,8.940415925,0.268599606,0.158173044,0.312075696,0.044871905,0.0,89862658.23,0.321211924,0.022269012,0.566360841,72.1024159,62158726.87,8,11.11111111,TRUE,44.01244524,26.19894286,7.609364978,3.370596035,5.897141859,1.528238122071952
11,AFFL.NS,Affle 3i Ltd,India,Media,2023,7.881862003,58.38726768,8.595370967,0.055628269,0.195814371,0.818935724,0.311929217,0.184149888,56759208.16,0.606205847,0.0,0.00303438,26.67889738,35664427.11,7,40.0,FALSE,76.59115339,30.04925812,9.19075493,3.403141173,2.591949545,1.8939903262029547
11,AFFL.NS,Affle 3i Ltd,India,Media,2022,12.8029925,57.34604613,8.388684903,0.052532189,0.20058179,0.73914669,0.398296091,0.085232888,1910540.409,0.326520364,0.0,0.002749304,22.47177657,29876582.28,8,33.33333333,TRUE,77.95054759,15.99597324,7.609364978,3.370596035,5.897141859,1.4020869941748817
11,AFFL.NS,Affle 3i Ltd,India,Media,2022,12.8029925,57.34604613,8.388684903,0.052532189,0.20058179,0.73914669,0.398296091,0.085232888,1910540.409,0.326520364,0.0,0.002749304,22.47177657,29876582.28,8,33.33333333,TRUE,77.95054759,15.99597324,7.609364978,3.370596035,5.897141859,1.4020869941748817
12,AIAE.NS,AIA Engineering Ltd,India,Machinery,2024,3.531571433,55.55739845,8.962275586,0.062619809,0.100571188,0.868596135,0.504020462,0.0,25369420.71,0.557031893,0.140018507,0.15685963,-13.83843614,124057776.5,5,33.33333333,TRUE,61.70063192,40.64611135,6.48422363,3.430826821,3.2018101,1.0
12,AIAE.NS,AIA Engineering Ltd,India,Machinery,2024,3.531571433,55.55739845,8.962275586,0.062619809,0.100571188,0.868596135,0.504020462,0.0,25369420.71,0.557031893,0.140018507,0.15685963,-13.83843614,124057776.5,5,33.33333333,TRUE,61.70063192,40.64611135,6.48422363,3.430826821,3.2018101,1.0
12,AIAE.NS,AIA Engineering Ltd,India,Machinery,2024,3.531571433,55.55739845,8.962275586,0.062619809,0.100571188,0.868596135,0.504020462,0.0,25369420.71,0.557031893,0.140018507,0.15685963,-13.83843614,124057776.5,5,33.33333333,TRUE,61.70063192,40.64611135,6.48422363,3.430826821,3.2018101,1.0
12,AIAE.NS,AIA Engineering Ltd,India,Machinery,2024,3.531571433,55.55739845,8.962275586,0.062619809,0.100571188,0.868596135,0.504020462,0.0,25369420.71,0.557031893,0.140018507,0.15685963,-13.83843614,124057776.5,5,33.33333333,TRUE,61.70063192,40.64611135,6.48422363,3.430826821,3.2018101,1.809642549995844
12,AIAE.NS,AIA Engineering Ltd,India,Machinery,2023,3.661328332,57.83714058,8.953875617,0.061514346,0.099874234,0.893901234,0.227530241,0.0013347,-15254913.02,0.55571875,0.168362982,0.157344266,-2.532310227,136411805.6,4,33.33333333,TRUE,63.5398904,46.97584119,9.19075493,3.403141173,2.591949545,2.089891899016526
12,AIAE.NS,AIA Engineering Ltd,India,Machinery,2023,3.661328332,57.83714058,8.953875617,0.061514346,0.099874234,0.893901234,0.227530241,0.0013347,-15254913.02,0.55571875,0.168362982,0.157344266,-2.532310227,136411805.6,4,33.33333333,TRUE,63.5398904,46.97584119,9.19075493,3.403141173,2.591949545,2.089891899016526
12,AIAE.NS,AIA Engineering Ltd,India,Machinery,2022,4.114720947,60.03312902,8.906931585,0.07578591,0.131950812,0.930969026,0.351405156,0.0,6179174.781,0.55141913,0.191295214,0.163935876,27.14928917,128590591.5,4,33.33333333,TRUE,71.69939339,41.9094375,7.609364978,3.370596035,5.897141859,2.131406046089821
12,AIAE.NS,AIA Engineering Ltd,India,Machinery,2022,4.114720947,60.03312902,8.906931585,0.07578591,0.131950812,0.930969026,0.351405156,0.0,6179174.781,0.55141913,0.191295214,0.163935876,27.14928917,128590591.5,4,33.33333333,TRUE,71.69939339,41.9094375,7.609364978,3.370596035,5.897141859,2.131406046089821
13,AISG.NS,Asahi India Glass Ltd,India,Automobile Components,2024,3.04997662,34.88511661,8.900144915,0.397036732,0.274866712,0.452895069,0.019584309,0.0,-1568168.52,0.028432972,0.17646617,0.662498159,3.242709961,42984201.29,4,33.33333333,TRUE,50.27797999,21.82920443,6.48422363,3.430826821,3.2018101,2.154205080607728
13,AISG.NS,Asahi India Glass Ltd,India,Automobile Components,2023,3.720311246,27.3741528,8.819426289,0.357758096,0.308092756,0.538558115,0.043549596,0.0,7098980.204,0.03758373,0.19284822,0.605926602,6.466143015,38998200.36,5,30.0,TRUE,39.84233393,18.72436121,9.19075493,3.403141173,2.591949545,2.095403338877907
13,AISG.NS,Asahi India Glass Ltd,India,Automobile Components,2022,4.408309617,30.78167358,8.746238235,0.305961335,0.353069089,0.64536958,0.029693664,0.0,3555258.033,0.028042411,0.253943476,0.55875861,17.10245439,44020204.48,4,20.0,TRUE,59.14479366,19.55537855,7.609364978,3.370596035,5.897141859,2.2536906341196525
14,AITE.NS,Aditya Birla Real Estate Ltd,India,Paper & Forest Products,2024,1.166006634,54.9241627,9.286644064,0.302213066,0.509098376,0.663126895,0.023053317,0.033197505,56997074.31,0.114187862,0.551285688,0.042062714,8.026156788,-17406670.57,8,28.57142857,TRUE,49.07973885,52.9416852,6.48422363,3.430826821,3.2018101,3.327509216525607
14,AITE.NS,Aditya Birla Real Estate Ltd,India,Paper & Forest Products,2023,1.846802287,48.38670569,9.100703723,0.238025872,0.333177611,0.536171171,0.045280217,0.020376474,51914817.04,0.078136909,0.45978653,0.283416237,-71.68769103,15386922.62,6,28.57142857,TRUE,23.41457432,63.81844424,9.19075493,3.403141173,2.591949545,2.003505320788868
14,AITE.NS,Aditya Birla Real Estate Ltd,India,Paper & Forest Products,2022,2.210156601,38.51737121,9.012280559,0.125337804,0.399782764,0.740188529,0.011373793,0.001192668,-17530428.43,0.011966153,0.401291347,0.390608213,-14.30716373,39263631.94,5,25.0,TRUE,30.02810992,31.4628483,7.609364978,3.370596035,5.897141859,2.686995739968813
15,AJPH.NS,Ajanta Pharma Ltd,India,Pharmaceuticals,2023,6.72082562,38.93475812,8.745461658,0.007606087,0.193008781,0.835877613,0.144641162,0.0,-24067186.56,0.096810674,0.186832069,0.371029603,10.847467,97920815.84,5,12.5,TRUE,17.84313272,35.78813957,9.19075493,3.403141173,2.591949545,2.0377695896786774
15,AJPH.NS,Ajanta Pharma Ltd,India,Pharmaceuticals,2022,6.628348743,35.06404483,8.755494471,0.007614842,0.243486884,0.882458192,0.289507408,0.0,15130233.69,0.191367141,0.180061209,0.362930699,3.488534049,71565238.56,5,12.5,TRUE,25.1528156,26.11658595,7.609364978,3.370596035,5.897141859,2.369403168068488
16,AKZO.NS,Akzo Nobel India Ltd,India,Chemicals,2024,5.240212686,49.41147692,8.531194805,0.021388717,0.499448922,0.921751843,0.082614992,0.044224013,-2984201.287,0.096336536,0.217503616,0.188089826,0.733430636,50263311.88,5,16.66666667,TRUE,40.63715348,41.26029763,6.48422363,3.430826821,3.2018101,2.1628101804678765
16,AKZO.NS,Akzo Nobel India Ltd,India,Chemicals,2023,5.107590171,55.06304491,8.542076053,0.020799614,0.490202831,0.904383736,0.093572181,0.048383209,-4919016.197,0.184951174,0.216605255,0.22111643,2.70744231,51181763.65,4,16.66666667,TRUE,65.07107623,47.46755518,9.19075493,3.403141173,2.591949545,1.958313740732412
16,AKZO.NS,Akzo Nobel India Ltd,India,Chemicals,2022,5.315093367,50.18029594,8.523169376,0.025433315,0.461193213,0.887445583,0.097792547,0.069731801,20654819.86,0.196984596,0.221382959,0.211457763,11.55663353,40786270.69,6,16.66666667,TRUE,66.91386379,31.64278921,7.609364978,3.370596035,5.897141859,2.0870812851090097
17,ALEM.NS,Alembic Pharmaceuticals Ltd,India,Pharmaceuticals,2024,2.309792595,41.26701231,8.958873248,0.161779198,0.310351038,0.934291247,0.034605404,0.0,-4298420.129,0.012633218,0.299927698,0.432366646,4.486997319,68111176.13,5,10.0,TRUE,44.72801613,47.42436117,6.48422363,3.430826821,3.2018101,1.7478755121259208
17,ALEM.NS,Alembic Pharmaceuticals Ltd,India,Pharmaceuticals,2023,2.83838963,42.52937425,8.888356399,0.079614247,0.225736086,0.894075139,0.082618557,0.0,5366526.695,0.019164969,0.264030545,0.476461389,8.61694133,73884823.04,7,11.11111111,TRUE,38.56734102,51.13725925,9.19075493,3.403141173,2.591949545,2.193743390780198
17,ALEM.NS,Alembic Pharmaceuticals Ltd,India,Pharmaceuticals,2022,2.91513056,43.24706356,8.876526875,0.116778239,0.264752549,0.90319804,0.046110989,0.0,1752677.702,0.009790784,0.247260559,0.48517103,-1.578701647,41623661.15,5,11.11111111,TRUE,45.02354506,44.89108299,7.609364978,3.370596035,5.897141859,1.6467802087762942
18,ALIV.NS,Alivus Life Sciences Ltd,India,Pharmaceuticals,2024,3.326786686,28.63750191,8.601227325,0.01659293,0.137817815,0.791405549,0.097922192,0.007334998,-26957519.02,0.187759818,0.199974615,0.303953184,1.971364714,56831714.45,8,25.0,TRUE,22.25302871,21.90142016,6.48422363,3.430826821,3.2018101,2.2487855125123626
18,ALIV.NS,Alivus Life Sciences Ltd,India,Pharmaceuticals,2024,3.326786686,28.63750191,8.601227325,0.01659293,0.137817815,0.791405549,0.097922192,0.007334998,-26957519.02,0.187759818,0.199974615,0.303953184,1.971364714,56831714.45,8,25.0,TRUE,22.25302871,21.90142016,6.48422363,3.430826821,3.2018101,2.306670957901102
19,ALKE.NS,Alkem Laboratories Ltd,India,Pharmaceuticals,2024,3.57402196,38.805297,9.31604277,0.078056198,0.224122864,0.694851066,0.049632028,0.006068023,-21813926.27,0.236603425,0.172576606,0.161815828,-0.171091325,259260386.2,10,25.0,FALSE,24.19394615,55.08513822,6.48422363,3.430826821,3.2018101,1.888103987918773
19,ALKE.NS,Alkem Laboratories Ltd,India,Pharmaceuticals,2023,3.956291407,44.08574548,9.271519663,0.091070248,0.256473557,0.759010344,0.11392272,0.0,-24893821.24,0.272452899,0.178709976,0.164176335,7.651032298,217331733.7,7,25.0,TRUE,47.33137615,54.38898451,9.19075493,3.403141173,2.591949545,2.825707170161434
19,ALKE.NS,Alkem Laboratories Ltd,India,Pharmaceuticals,2022,4.436992187,34.73896931,9.223851626,0.101527772,0.26948097,0.786856818,0.053839203,0.00539449,5065725.414,0.075063236,0.198371985,0.182713353,0.766279485,122542599.8,8,25.0,TRUE,31.15501297,35.88134191,7.609364978,3.370596035,5.897141859,1.96434600595656
20,ALOK.NS,Alok Industries Ltd,India,"Textiles, Apparel & Luxury Goods",2024,1.267908701,33.29704177,8.896294608,3.857836778,0.240596029,0.059180577,0.0,0.003659803,644821.5331,0.003243587,0.130827193,0.683060743,-34.33932732,-95544763.02,7,14.28571429,FALSE,40.41615901,26.90731504,6.48422363,3.430826821,3.2018101,1.0
20,ALOK.NS,Alok Industries Ltd,India,"Textiles, Apparel & Luxury Goods",2024,1.267908701,33.29704177,8.896294608,3.857836778,0.240596029,0.059180577,0.0,0.003659803,644821.5331,0.003243587,0.130827193,0.683060743,-34.33932732,-95544763.02,7,14.28571429,FALSE,40.41615901,26.90731504,6.48422363,3.430826821,3.2018101,1.1385606025221149
20,ALOK.NS,Alok Industries Ltd,India,"Textiles, Apparel & Luxury Goods",2022,1.138902116,37.83928271,8.958143012,3.238488643,0.591428085,0.167391966,0.003140927,0.0,-376095.4236,0.001556256,0.141304712,0.714940538,-11.66574436,-107164070.1,6,14.28571429,0,58.25375026,27.84949894,7.609364978,3.370596035,5.897141859,1.0
21,AMAR.NS,Amara Raja Energy & Mobility Ltd,India,Electrical Equipment,2024,1.713148043,42.94863312,9.075535857,0.025648364,0.22750433,0.832384605,0.068226323,0.0,6961966.062,0.053316214,0.215907493,0.474938264,7.022043297,110552369.8,5,14.28571429,TRUE,41.30813174,26.52033791,6.48422363,3.430826821,3.2018101,2.3543398254527994
21,AMAR.NS,Amara Raja Energy & Mobility Ltd,India,Electrical Equipment,2023,1.913961952,35.5886351,9.032262387,0.017453129,0.192148153,0.791664181,0.057006713,0.0,416316.7367,0.056440176,0.217029638,0.439205325,11.05924663,112103179.4,8,14.28571429,TRUE,42.4551062,21.71906013,9.19075493,3.403141173,2.591949545,2.0917424404958886
21,AMAR.NS,Amara Raja Energy & Mobility Ltd,India,Electrical Equipment,2023,1.913961952,35.5886351,9.032262387,0.017453129,0.192148153,0.791664181,0.057006713,0.0,416316.7367,0.056440176,0.217029638,0.439205325,11.05924663,112103179.4,8,14.28571429,TRUE,42.4551062,21.71906013,9.19075493,3.403141173,2.591949545,1.8856968692992413
22,AMBE.NS,Amber Enterprises India Ltd,India,Household Durables,2024,2.835192438,31.33008313,8.99401751,0.244279457,0.540614193,0.741798022,0.0,0.025248959,9470883.558,0.1544944,0.199989547,0.282788157,44.56133722,29391620.83,6,14.28571429,TRUE,20.99160798,17.29937491,6.48422363,3.430826821,3.2018101,2.3262772468986985
22,AMBE.NS,Amber Enterprises India Ltd,India,Household Durables,2023,3.596625955,27.66234177,8.898190488,0.233414527,0.498276542,0.725403348,0.0,0.020001221,-22952357.53,0.12594311,0.131298006,0.32097723,-4.242773352,16732681.46,5,14.28571429,TRUE,25.75289179,13.53360503,9.19075493,3.403141173,2.591949545,1.794488292356244
22,AMBE.NS,Amber Enterprises India Ltd,India,Household Durables,2022,3.708112893,24.5950875,8.880755436,0.233067037,0.55239777,0.795653076,0.0,0.051764077,2993780.428,0.137113243,0.186435097,0.288636667,52.13537731,19933739.05,5,16.66666667,TRUE,27.51402898,15.00699199,7.609364978,3.370596035,5.897141859,1.492798960797321
23,ANUY.NS,Anupam Rasayan India Ltd,India,Chemicals,2024,2.369401364,42.77735496,8.79000657,0.260659373,0.343185578,0.747633623,0.062518354,0.002784461,-16004330.02,0.028982722,0.275485663,0.427895547,-4.976699405,18721123.46,13,25.0,FALSE,29.62530938,34.4903496,6.48422363,3.430826821,3.2018101,1.7899079484529754
23,ANUY.NS,Anupam Rasayan India Ltd,India,Chemicals,2023,2.649890938,39.04577457,8.742009395,0.232528661,0.285811766,0.71453912,0.189933927,0.008574722,7437792.442,0.092476747,0.229335034,0.427268608,-9.232493398,20088062.39,11,25.0,TRUE,24.24099523,32.39846328,9.19075493,3.403141173,2.591949545,1.776061637492624
23,ANUY.NS,Anupam Rasayan India Ltd,India,Chemicals,2022,3.205812265,43.76260466,8.662592327,0.217502753,0.214613597,0.576940538,0.231636188,0.099654572,17046981.5,0.201323155,0.246555247,0.370572961,38.82526168,26393257.06,10,25.0,TRUE,25.62701539,33.08788599,7.609364978,3.370596035,5.897141859,1.4067026918043282
24,APAR.NS,Apar Industries Ltd,India,Industrial Conglomerates,2024,2.741357499,55.76620681,9.119963224,0.05191081,0.562338694,0.936970507,0.108370317,8.8782e-7,11984786.42,0.091349907,0.332594963,0.14793471,12.2056881,96114686.95,5,28.57142857,TRUE,41.55122055,59.80855425,6.48422363,3.430826821,3.2018101,2.235378974489664
24,APAR.NS,Apar Industries Ltd,India,Industrial Conglomerates,2023,3.218211537,36.90814535,9.062078011,0.049461509,0.552862176,0.926275238,0.107018372,0.001567219,10220755.85,0.074493738,0.322653644,0.136491551,10.94060172,98992201.56,5,16.66666667,TRUE,45.12335762,22.90394855,9.19075493,3.403141173,2.591949545,1.9765554650127903
24,APAR.NS,Apar Industries Ltd,India,Industrial Conglomerates,2022,3.768558806,34.86419555,9.00008721,0.045783162,0.696301254,0.95664793,0.0,0.064507493,29898977.6,0.08777667,0.313427805,0.12758392,42.26264345,77619279.45,4,14.28571429,TRUE,43.30609353,20.97522563,7.609364978,3.370596035,5.897141859,2.4272021342799923
25,APCI.NS,Apcotex Industries Ltd,India,Chemicals,2024,1.955085483,50.27209171,8.067789468,0.189555539,0.351214078,0.787156034,0.017447847,0.020444352,1344072.557,0.051984753,0.149582987,0.396616959,20.77165542,6327045.056,5,27.27272727,TRUE,83.34494883,28.4363264,6.48422363,3.430826821,3.2018101,1.667848603028088
25,APCI.NS,Apcotex Industries Ltd,India,Chemicals,2023,2.076398329,48.04548974,8.043848868,0.204268207,0.295216311,0.679988948,0.013938433,0.012363538,910329.934,0.046198028,0.147040833,0.424783038,2.645168426,6464151.17,5,11.11111111,TRUE,67.2483886,26.9498424,9.19075493,3.403141173,2.591949545,1.9555335473903968
25,APCI.NS,Apcotex Industries Ltd,India,Chemicals,2022,2.390202945,24.21462263,7.990293614,0.188926606,0.223998125,0.549645418,0.006795603,0.017484293,1557582.765,0.045923674,0.142381564,0.492496587,4.261040493,13137633.89,6,11.11111111,TRUE,57.38862201,5.208174607,7.609364978,3.370596035,5.897141859,1.5150595617785187
26,APLA.NS,APL Apollo Tubes Ltd,India,Metals & Mining,2024,5.80657497,53.12785243,8.948886611,0.083518951,0.346242351,0.776420508,0.024135597,0.040151443,2766530.135,0.054958964,0.240249123,0.508616105,11.38198177,88596840.26,4,18.18181818,TRUE,28.08580649,71.91874089,6.48422363,3.430826821,3.2018101,2.9149348855720207
26,APLA.NS,APL Apollo Tubes Ltd,India,Metals & Mining,2023,6.048260342,58.29734788,8.935629351,0.159215728,0.347223169,0.696622438,0.138317397,0.0,26691061.79,0.191727806,0.245803759,0.465293963,10.47983739,87875224.96,4,10.0,TRUE,31.37932452,80.27710249,9.19075493,3.403141173,2.591949545,2.5329097023339644
26,APLA.NS,APL Apollo Tubes Ltd,India,Metals & Mining,2022,7.363226237,52.57832657,8.852616427,0.149190909,0.372588492,0.76606981,0.056273363,0.0,-4995131.451,0.083145305,0.264184509,0.481182166,14.32389744,78123174.29,6,10.0,TRUE,40.51754321,60.15894159,7.609364978,3.370596035,5.897141859,1.8977744738240143
27,APLO.NS,Apollo Tyres Ltd,India,Automobile Components,2024,1.033418269,56.89583921,9.504546337,0.161518669,0.269548803,0.586931148,0.119777781,0.000164799,-3004330.018,0.0320627,0.187913032,0.581419006,0.408621397,131225277.9,5,15.38461538,TRUE,55.06960994,41.74334564,6.48422363,3.430826821,3.2018101,1.9478634867367688
27,APLO.NS,Apollo Tyres Ltd,India,Automobile Components,2023,1.042055739,53.19002333,9.509771561,0.181957884,0.261295102,0.539543091,0.109433187,0.005220469,8372525.495,0.050632712,0.157497911,0.606063215,1.820503612,206582603.5,5,13.33333333,TRUE,37.94679653,42.40766367,9.19075493,3.403141173,2.591949545,2.0079716770417813
27,APLO.NS,Apollo Tyres Ltd,India,Automobile Components,2022,1.015224819,49.3109196,9.522344789,0.234728412,0.29262572,0.541745864,0.087136922,0.005065255,-4086538.462,0.042121531,0.161900318,0.617291746,8.349682037,127293573.5,5,14.28571429,TRUE,35.76842858,38.36899979,7.609364978,3.370596035,5.897141859,2.5765874663368367
28,ARBN.NS,Aurobindo Pharma Ltd,India,Pharmaceuticals,2024,1.189716867,61.52380876,9.765386183,0.165971176,0.294915112,0.857030117,0.180446714,0.058643603,254928028.1,0.177489664,0.211785203,0.310443694,6.696894854,407673493.3,7,20.0,TRUE,45.25962125,58.91338938,6.48422363,3.430826821,3.2018101,2.608832113897789
28,ARBN.NS,Aurobindo Pharma Ltd,India,Pharmaceuticals,2023,1.308952307,69.10606921,9.732996504,0.147490732,0.270661666,0.801061285,0.105136186,0.046834686,-120796640.7,0.15633089,0.217614852,0.316938572,15.0165723,380200359.9,5,20.0,TRUE,61.03643259,62.66374589,9.19075493,3.403141173,2.591949545,2.0122566594740308
28,ARBN.NS,Aurobindo Pharma Ltd,India,Pharmaceuticals,2022,1.438916093,61.30916755,9.686203497,0.132519712,0.288136949,0.880739977,0.145002775,0.068429699,27964946.45,0.169741647,0.213367564,0.313155757,-2.103931011,234621470.3,9,22.22222222,TRUE,53.28295756,58.59737047,7.609364978,3.370596035,5.897141859,2.274396601848668
29,ARTI.NS,Aarti Industries Ltd,India,Chemicals,2024,1.228163046,60.10809169,9.114139568,0.346226038,0.311908378,0.629293443,0.057520771,0.0,-26787595.08,0.028408813,0.135959624,0.684062295,11.30360173,38720889.41,10,14.28571429,TRUE,25.99045218,48.31721729,6.48422363,3.430826821,3.2018101,2.6579022661272123
29,ARTI.NS,Aarti Industries Ltd,India,Chemicals,2023,1.325307094,61.23944848,9.084067582,0.358142275,0.302758135,0.63465205,0.139852079,0.0,31294541.09,0.05984709,0.123030063,0.661879138,-5.095330628,49965206.96,8,18.75,TRUE,27.53744521,51.81114532,9.19075493,3.403141173,2.591949545,1.7528423492737493
29,ARTI.NS,Aarti Industries Ltd,India,Chemicals,2023,1.325307094,61.23944848,9.084067582,0.358142275,0.302758135,0.63465205,0.139852079,0.0,31294541.09,0.05984709,0.123030063,0.661879138,-5.095330628,49965206.96,8,18.75,TRUE,27.53744521,51.81114532,9.19075493,3.403141173,2.591949545,1.7528423492737493
29,ARTI.NS,Aarti Industries Ltd,India,Chemicals,2022,1.519708191,58.54291408,9.01887241,0.33881178,0.324362246,0.760299605,0.060161965,0.0,3306962.025,0.023393646,0.120156394,0.681567202,0.47481105,66361976.63,7,18.75,TRUE,24.96681225,49.10734649,7.609364978,3.370596035,5.897141859,1.5516584655232228
29,ARTI.NS,Aarti Industries Ltd,India,Chemicals,2022,1.519708191,58.54291408,9.01887241,0.33881178,0.324362246,0.760299605,0.060161965,0.0,3306962.025,0.023393646,0.120156394,0.681567202,0.47481105,66361976.63,7,18.75,TRUE,24.96681225,49.10734649,7.609364978,3.370596035,5.897141859,1.5516584655232228
30,ARVF.NS,Arvind Fashions Ltd,India,Specialty Retail,2024,1.797952293,36.41324002,8.649119428,0.303684783,0.497130616,0.663962189,0.0126105,0.033340509,-201287.3025,0.041077952,0.288077749,0.2260434,5.803636672,4025746.05,4,16.66666667,TRUE,35.55489358,54.92428926,6.48422363,3.430826821,3.2018101,1.2726882052518222
30,ARVF.NS,Arvind Fashions Ltd,India,Specialty Retail,2023,1.882923944,35.00028863,8.636236926,0.318250498,0.476715914,0.660411418,0.011980227,0.036595813,-3019796.041,0.041111828,0.25675567,0.208133142,3.165554603,12788242.35,7,16.66666667,TRUE,38.82976251,43.0787037,9.19075493,3.403141173,2.591949545,1.8808820664016856
30,ARVF.NS,Arvind Fashions Ltd,India,Specialty Retail,2023,1.882923944,35.00028863,8.636236926,0.318250498,0.476715914,0.660411418,0.011980227,0.036595813,-3019796.041,0.041111828,0.25675567,0.208133142,3.165554603,12788242.35,7,16.66666667,TRUE,38.82976251,43.0787037,9.19075493,3.403141173,2.591949545,1.298688820663239
32,ASPN.NS,Asian Paints Ltd,India,Chemicals,2024,7.638388199,71.89908237,9.550752316,0.075409506,0.268056067,0.742030304,0.042473926,0.003275782,-31542422.47,0.152948888,0.221236974,0.325498323,-6.824581843,434138092.5,8,38.46153846,TRUE,78.54106482,69.38427278,6.48422363,3.430826821,3.2018101,2.053624816285773
32,ASPN.NS,Asian Paints Ltd,India,Chemicals,2023,7.599336494,66.25652238,9.555115348,0.082688563,0.284084161,0.759299701,0.077984134,0.005560737,68700659.87,0.207547428,0.197947874,0.300789097,1.447947302,666789442.1,8,30.76923077,TRUE,79.10862226,63.21391409,9.19075493,3.403141173,2.591949545,2.1682819037810743
32,ASPN.NS,Asian Paints Ltd,India,Chemicals,2022,8.755334017,64.83090681,9.496925608,0.074913559,0.306067525,0.805233041,0.058855638,0.002262966,93846153.85,0.186493167,0.240741143,0.247079619,9.484516251,510629260.0,10,28.57142857,TRUE,87.52743136,49.95557266,7.609364978,3.370596035,5.897141859,2.4511367585678925
33,ASTL.NS,Astral Ltd,India,Building Products,2024,7.203600255,57.60104694,8.772094998,0.046123418,0.226127373,0.794510076,0.170558908,0.0,-152135.7519,0.131895554,0.202551424,0.474129747,0.844901055,60725570.51,4,20.0,TRUE,34.03019262,71.65950771,6.48422363,3.430826821,3.2018101,1.699165433580894
33,ASTL.NS,Astral Ltd,India,Building Products,2023,8.038311116,49.61821377,8.732104192,0.026545721,0.249271882,0.856008551,0.171691045,0.0,9586082.783,0.13738494,0.206385202,0.441361524,7.799882071,65458908.22,8,25.0,TRUE,40.64829691,51.08780702,9.19075493,3.403141173,2.591949545,1.8783127073255823
33,ASTL.NS,Astral Ltd,India,Building Products,2022,8.236352944,47.50601413,8.726128978,0.019917221,0.304978162,0.802515193,0.112094174,0.0,-13607594.94,0.186008543,0.211314628,0.361940043,8.455789025,55927458.62,7,33.33333333,TRUE,38.98717944,52.43715785,7.609364978,3.370596035,5.897141859,2.259772512119972
34,ASTR.NS,Astrazeneca Pharma India Ltd,India,Pharmaceuticals,2024,12.87559111,62.935352,8.249594035,0.023535689,0.463072748,0.940128649,0.038136558,0.335500487,3577530.72,0.485110752,0.362402182,0.041880747,29.22208228,13544763.02,7,62.5,TRUE,71.94004261,76.50909566,6.48422363,3.430826821,3.2018101,1.6034446499075703
34,ASTR.NS,Astrazeneca Pharma India Ltd,India,Pharmaceuticals,2023,18.24654074,58.88630053,8.111725243,0.004257766,0.331270929,0.975444539,0.052839382,0.451471666,627474.5051,0.506007802,0.212118401,0.060146749,27.32519725,19377324.54,6,42.85714286,TRUE,60.35870091,73.35490907,9.19075493,3.403141173,2.591949545,1.5453360604200843
34,ASTR.NS,Astrazeneca Pharma India Ltd,India,Pharmaceuticals,2022,20.14002769,67.03357011,8.078718478,0.007320763,0.389828099,0.969079711,0.006511604,0.505488034,6319376.826,0.539630876,0.193589002,0.071268289,15.0158892,12084956.18,5,42.85714286,TRUE,72.9731511,77.94130426,7.609364978,3.370596035,5.897141859,1.4073937391242717
35,ATLP.NS,Atul Ltd,India,Chemicals,2024,2.568008243,22.72573805,8.91344739,0.028814496,0.126236432,0.630173127,0.058125325,0.0,-1040374.488,0.132283555,0.109280259,0.419613512,15.24552752,58376828.55,6,8.333333333,TRUE,40.15833212,22.00984585,6.48422363,3.430826821,3.2018101,2.0400476216837307
35,ATLP.NS,Atul Ltd,India,Chemicals,2023,2.814857557,26.61433384,8.890420013,0.036525598,0.13717906,0.652312143,0.067829043,0.0,2664667.067,0.084769383,0.100424935,0.469226161,-14.17423089,38886622.68,5,8.333333333,TRUE,49.60772907,22.8126695,9.19075493,3.403141173,2.591949545,2.3036323895630217
35,ATLP.NS,Atul Ltd,India,Chemicals,2022,3.120348488,25.51921752,8.846363315,0.009056897,0.145671448,0.766213752,0.04528522,0.0,-2390457.644,0.038658686,0.142288982,0.479637585,-1.315034015,61663826.68,5,9.090909091,TRUE,43.17682299,21.73375877,7.609364978,3.370596035,5.897141859,2.136723872567506
36,AVNT.NS,Avanti Feeds Ltd,India,Food Products,2024,2.309141295,22.67202632,8.634454522,0.00411027,0.122988688,0.513678761,0.000299163,0.006638441,1593212.405,0.605549933,0.240204251,0.161006099,1.963932421,65190438.85,8,9.090909091,TRUE,4.812689813,44.17018377,6.48422363,3.430826821,3.2018101,1.9028605401109275
36,AVNT.NS,Avanti Feeds Ltd,India,Food Products,2023,2.667664823,23.80394926,8.570202752,0.005334337,0.113354717,0.479307641,0.000388389,0.003996911,-2533533.293,0.515872057,0.286598423,0.163082265,4.034916748,47247666.47,7,10.0,TRUE,5.24641344,46.28040882,9.19075493,3.403141173,2.591949545,1.9358343751312583
36,AVNT.NS,Avanti Feeds Ltd,India,Food Products,2022,3.012867287,18.18969623,8.522241097,0.001116597,0.118167724,0.505577437,0.109439908,0.0,-3867307.692,0.459242452,0.296506103,0.157668265,-6.681481842,38005391.92,6,9.090909091,TRUE,10.18640594,27.15143016,7.609364978,3.370596035,5.897141859,1.7910391001746495
38,BACH.NS,Balrampur Chini Mills Ltd,India,Food Products,2024,1.543580587,48.00581428,8.921316633,0.368492591,0.358610829,0.766923497,0.000139486,0.0,4376.828555,0.000224913,0.438853301,0.385830658,-5.567811781,51131796.37,8,33.33333333,TRUE,71.76774507,45.97445881,6.48422363,3.430826821,3.2018101,2.4980919907828545
38,BACH.NS,Balrampur Chini Mills Ltd,India,Food Products,2023,1.863840978,53.1160487,8.863423311,0.33012871,0.34834844,0.789585812,0.000150564,0.0,1115.776845,0.000207022,0.473199969,0.441031473,18.17490141,64124067.19,7,28.57142857,TRUE,66.94830037,64.52858014,9.19075493,3.403141173,2.591949545,2.031560449341452
38,BACH.NS,Balrampur Chini Mills Ltd,India,Food Products,2022,2.046968139,53.43383146,8.820020708,0.346248115,0.361873139,0.775554876,0.000157755,0.000669796,-1448.393379,0.013698091,0.432164134,0.483040393,-11.05216001,34587025.32,7,28.57142857,TRUE,69.13377436,64.32257463,7.609364978,3.370596035,5.897141859,2.3833134639661417
39,BAJE.NS,Bharat Electronics Ltd,India,Aerospace & Defense,2024,6.387877882,47.42054429,9.679287097,0.001499564,0.483753128,0.947002033,0.024540641,0.005601263,-57679344.65,0.234325808,0.247957355,0.090162682,14.38888893,618741954.4,7,7.142857143,TRUE,10.13525439,66.67048055,6.48422363,3.430826821,3.2018101,1.5305002129671346
39,BAJE.NS,Bharat Electronics Ltd,India,Aerospace & Defense,2023,6.547659992,51.22010323,9.675984734,0.001581463,0.557262335,0.949419423,0.026854644,0.015554051,-328658668.3,0.306413611,0.217174577,0.082093664,12.65575573,473078584.3,8,7.692307692,TRUE,9.017068826,71.85238008,9.19075493,3.403141173,2.591949545,1.5856729848059146
39,BAJE.NS,Bharat Electronics Ltd,India,Aerospace & Defense,2022,7.263706681,54.10002657,9.635459886,0.001728317,0.579461877,0.950819111,0.040929155,0.087456965,321912122.7,0.220445867,0.21064507,0.086092963,6.606674636,357880964.0,8,21.42857143,TRUE,17.65714994,70.04581769,7.609364978,3.370596035,5.897141859,1.335838430912093
40,BAMN.NS,Balaji Amines Ltd,India,Chemicals,2024,2.1286912,42.33768807,8.420867736,0.004896541,0.057586896,0.318645576,2.70066644,0.0,7921837.332,0.159186899,0.123403106,0.547412564,-16.98207887,18559555.3,4,25.0,TRUE,76.01002419,12.77506781,6.48422363,3.430826821,3.2018101,1.6337081458958451
40,BAMN.NS,Balaji Amines Ltd,India,Chemicals,2023,2.23465653,15.10489639,8.410755035,0.009177818,0.069288589,0.350473233,2.22332232,0.0,-1818644.271,0.166035855,0.137784831,0.509590137,-31.30339203,27870785.84,4,10.0,TRUE,44.64090739,4.536288107,9.19075493,3.403141173,2.591949545,1.6337081458958451
40,BAMN.NS,Balaji Amines Ltd,India,Chemicals,2022,2.379338936,8.61235882,8.3782173,0.029332625,0.076083718,0.365510179,1.579372121,0.0,13952823.76,0.163306256,0.159149883,0.452673966,-6.222362754,49377190.85,5,0.0,0,12.17803466,5.628955716,7.609364978,3.370596035,5.897141859,2.383394292985745
41,BANN.NS,Bannari Amman Sugars Ltd,India,Food Products,2024,2.062925832,41.65568482,8.415815181,0.067325912,0.134916647,0.671683093,0.004348609,0.0,-592627.2674,0.000523173,0.397870684,0.538953833,-21.23154453,12249046.23,4,16.66666667,TRUE,69.77613837,21.44412196,6.48422363,3.430826821,3.2018101,2.0675814608884195
41,BANN.NS,Bannari Amman Sugars Ltd,India,Food Products,2023,1.840495726,36.73294002,8.465585407,0.199624272,0.234701671,0.765501665,0.011146339,0.000246124,82819.43611,0.002912563,0.414364551,0.485962741,-13.34181255,18272609.48,4,16.66666667,TRUE,63.45690285,24.16587082,9.19075493,3.403141173,2.591949545,1.5341822405984509
41,BANN.NS,Bannari Amman Sugars Ltd,India,Food Products,2022,1.878314756,26.2080274,8.458008281,0.246424958,0.243045523,0.710556784,0.009907614,0.0,345228.8218,0.002042825,0.412169985,0.466499861,16.77093458,17452702.04,5,14.28571429,TRUE,38.72657345,17.80387953,7.609364978,3.370596035,5.897141859,0.0
42,BARA.NS,Bharat Dynamics Ltd,India,Aerospace & Defense,2024,4.498765962,42.89897417,9.138047921,0.000180115,0.371315736,0.56380039,0.0,0.01139936,-53830918.67,0.486328644,0.225259743,0.07114807,37.71488011,64323604.45,5,10.0,TRUE,56.6361752,26.20590648,6.48422363,3.430826821,3.2018101,1.0
42,BARA.NS,Bharat Dynamics Ltd,India,Aerospace & Defense,2023,5.130265284,42.92872817,9.093617064,0.000361807,0.29069078,0.44840451,0.126790572,0.020569706,-55073989.2,0.480610725,0.341162621,0.077187939,-6.183994012,73511769.65,6,8.333333333,TRUE,52.3365709,29.88360324,9.19075493,3.403141173,2.591949545,0.0
42,BARA.NS,Bharat Dynamics Ltd,India,Aerospace & Defense,2022,6.035056516,39.89612207,9.023480443,0.000600466,0.254365356,0.403954016,0.349982214,0.032374912,95890944.5,0.543101204,0.238485069,0.089420217,-18.37300837,42864520.45,5,9.090909091,TRUE,58.65235392,26.4015731,7.609364978,3.370596035,5.897141859,2.3170885061597186
43,BARQ.NS,Barbeque-Nation Hospitality Ltd,India,"Hotels, Restaurants & Leisure",2024,0.75834478,40.71054306,8.186900815,0.576471421,0.204306067,0.2821917,0.054684153,0.001848479,-2228437.683,0.014877993,0.039509061,0.742358185,-4.126243327,-3163955.53,5,20.0,TRUE,37.28074242,40.33480945,6.48422363,3.430826821,3.2018101,1.4739744892703417
43,BARQ.NS,Barbeque-Nation Hospitality Ltd,India,"Hotels, Restaurants & Leisure",2023,0.780892998,42.79541715,8.185377108,0.536731466,0.201580715,0.291162215,0.128168779,0.002329186,-790041.9916,0.030135065,0.033137081,0.736076945,0.230530321,-1340731.854,4,25.0,TRUE,39.13232931,49.87735511,9.19075493,3.403141173,2.591949545,1.6778839921318505
43,BARQ.NS,Barbeque-Nation Hospitality Ltd,India,"Hotels, Restaurants & Leisure",2022,0.774820371,32.33114804,8.185336323,0.543724919,0.183161545,0.268816327,0.184574018,0.0,-5207035.054,0.034706851,0.03341605,0.764126439,32.4463987,2330452.775,7,22.22222222,TRUE,35.62832705,23.05610929,7.609364978,3.370596035,5.897141859,1.0
44,BASF.NS,BASF India Ltd,India,Chemicals,2024,2.234935701,44.04418616,8.995783535,0.02246397,0.546706387,0.958226322,0.020629119,0.080434248,15290813.34,0.110117144,0.346681335,0.103120377,8.116907879,56063194.85,7,11.11111111,TRUE,39.44584716,36.38863261,6.48422363,3.430826821,3.2018101,2.0554403839230933
44,BASF.NS,BASF India Ltd,India,Chemicals,2023,2.613351463,51.44010588,8.938410459,0.021577611,0.52905173,0.954395355,0.005399035,0.08312088,30627474.51,0.09338092,0.293846503,0.113307691,-0.54123523,67578884.22,6,22.22222222,TRUE,64.94145795,39.12067494,9.19075493,3.403141173,2.591949545,2.3280412996724147
44,BASF.NS,BASF India Ltd,India,Chemicals,2022,2.854816465,49.02768667,8.902549823,0.01612429,0.565347933,0.9606181,0.004286908,0.053419614,29331791.63,0.055433114,0.344624145,0.123163072,-3.773823212,49037244.4,5,22.22222222,TRUE,59.06065872,35.8301837,7.609364978,3.370596035,5.897141859,2.023699447776806
45,BFRG.NS,Bharat Forge Ltd,India,Automobile Components,2024,2.605086889,74.78398006,9.371231572,0.33344046,0.433237253,0.803232067,0.059833214,0.00499325,-86311878.29,0.104603969,0.187537176,0.399237895,-5.936222381,107312112.3,4,14.28571429,TRUE,79.50791565,79.7020049,6.48422363,3.430826821,3.2018101,1.0
45,BFRG.NS,Bharat Forge Ltd,India,Automobile Components,2023,2.679133596,72.65296135,9.365755569,0.410743787,0.479614058,0.7619804,0.084162589,0.027612215,95530533.89,0.144955817,0.17458279,0.35759661,19.73559791,108559688.1,4,14.28571429,TRUE,84.32743739,75.76702383,9.19075493,3.403141173,2.591949545,1.0
45,BFRG.NS,Bharat Forge Ltd,India,Automobile Components,2022,2.747644918,68.03383239,9.349783998,0.397800403,0.450216101,0.708716265,0.05952646,0.000871455,-11056475.17,0.123411284,0.177435804,0.352470795,14.01129289,61877677.7,5,8.333333333,TRUE,75.83605082,66.60397841,7.609364978,3.370596035,5.897141859,0.0
46,BHEL.NS,Bharat Heavy Electricals Ltd,India,Electrical Equipment,2024,1.055007824,55.88786275,9.901327765,0.132405684,0.414575083,0.650943866,0.006778246,0.002922895,-163350497.4,0.115856041,0.146419865,0.044418607,15.69610279,62480983.03,15,30.0,TRUE,32.62485856,80.18742582,6.48422363,3.430826821,3.2018101,1.8945519556321784
46,BHEL.NS,Bharat Heavy Electricals Ltd,India,Electrical Equipment,2023,1.215886524,54.13345041,9.849986891,0.1500955,0.429329469,0.732864001,0.067851165,0.0,32837432.51,0.094528745,0.123480692,0.04733474,0.799143185,33859628.07,11,33.33333333,TRUE,30.94808976,78.56025048,9.19075493,3.403141173,2.591949545,1.831952590926188
46,BHEL.NS,Bharat Heavy Electricals Ltd,India,Electrical Equipment,2022,1.258110473,47.37542351,9.840604613,0.095810051,0.412500733,0.721520594,0.061717963,0.0,100866601.8,0.103503612,0.121121532,0.048371909,1.763266592,79615384.62,11,15.38461538,TRUE,18.97794583,65.11213149,7.609364978,3.370596035,5.897141859,1.817173547543564
47,BION.NS,Biocon Ltd,India,Biotechnology,2024,0.79319093,82.15323381,9.837645316,0.312293252,0.243783303,0.38580153,0.135958364,0.021733991,234558221.2,0.079409013,0.086876438,0.228141428,0.88733093,167279110.6,6,33.33333333,TRUE,84.96371675,75.66292735,6.48422363,3.430826821,3.2018101,2.78836939338534
47,BION.NS,Biocon Ltd,India,Biotechnology,2023,0.815299082,83.27631814,9.827830374,0.290288867,0.273918464,0.423259018,0.075761127,0.001244857,-45638872.23,0.048749366,0.090070215,0.213619591,30.166193,155704859.0,4,22.22222222,TRUE,89.33914323,73.45833333,9.19075493,3.403141173,2.591949545,1.910359959128321
47,BION.NS,Biocon Ltd,India,Biotechnology,2022,0.867351124,84.56354568,9.801700224,0.34623041,0.163532708,0.249026361,0.151244903,0.000691738,78030671.86,0.168783423,0.084430507,0.194505292,26.13632555,78261927.95,5,22.22222222,TRUE,90.15276365,74.55007704,7.609364978,3.370596035,5.897141859,2.14688916356047
48,BIRS.NS,Birlasoft Ltd,India,Software,2024,2.245511726,74.2791486,8.717855457,0.033837697,0.176001201,0.798025122,0.179128479,0.041771114,-7663662.961,0.471454292,0.003674937,0.052763654,-0.663238048,60475131.66,6,42.85714286,TRUE,85.56410168,43.6922936,6.48422363,3.430826821,3.2018101,2.5169415675379243
48,BIRS.NS,Birlasoft Ltd,India,Software,2023,2.556578826,55.9506992,8.673005862,0.023735438,0.189981835,0.84603709,0.400335478,0.023944831,-8915656.869,0.450806115,0.003994244,0.051853082,8.509672953,74836232.75,6,42.85714286,TRUE,71.93257486,44.84567135,9.19075493,3.403141173,2.591949545,2.3859175662664818
48,BIRS.NS,Birlasoft Ltd,India,Software,2022,3.080313822,50.82593482,8.588758152,0.031949306,0.194128639,0.837294902,0.516338042,0.046498443,21457035.05,0.285721809,0.002657448,0.074992752,7.243305124,40358325.22,5,42.85714286,TRUE,80.85918679,30.01489211,7.609364978,3.370596035,5.897141859,1.90816806512444
49,BJEL.NS,Bajaj Electricals Ltd,India,Household Durables,2024,1.530662606,56.96284631,8.693513413,0.05766311,0.532477048,0.900788544,0.044021659,0.00503826,674523.1129,0.129300245,0.19342347,0.143193862,1.475950028,15614347.57,6,23.07692308,TRUE,47.65818525,54.53482936,6.48422363,3.430826821,3.2018101,2.5895715050746446
49,BJEL.NS,Bajaj Electricals Ltd,India,Household Durables,2023,1.688839544,63.56900612,8.662651627,0.05606222,0.562868023,0.902013573,0.036583238,0.00916593,-27293785.24,0.060067513,0.227277059,0.166030295,-6.427181803,16301991.6,6,20.0,TRUE,66.72482987,52.63771102,9.19075493,3.403141173,2.591949545,1.9003315588795608
49,BJEL.NS,Bajaj Electricals Ltd,India,Household Durables,2022,1.269725406,59.65171389,8.783677763,0.020132307,0.589372574,0.953674969,0.02797213,0.052158705,27105172.83,0.094652057,0.21618714,0.094421404,-6.154386607,26222200.58,8,20.0,TRUE,65.30296891,51.43624437,7.609364978,3.370596035,5.897141859,1.9056952485695304
50,BLAC.NS,Black Box Ltd,India,IT Services,2024,2.475984326,58.94336346,8.555728936,0.306655947,0.443228499,0.58859687,0.0,0.074658056,-36278.52545,0.273374614,0.068255353,0.115919196,-7.343875895,23964891.75,5,14.28571429,0,46.10161991,66.08895592,6.48422363,3.430826821,3.2018101,2.3561226094382346
50,BLAC.NS,Black Box Ltd,India,IT Services,2023,2.782776552,59.17056624,8.52270468,0.256461497,0.559267901,0.676396812,0.137734112,0.0,1695260.948,0.070237346,0.094500976,0.147996918,-1.521465017,16517096.58,4,25.0,0,58.98479589,27.14547156,9.19075493,3.403141173,2.591949545,1.869304162137615
50,BLAC.NS,Black Box Ltd,India,IT Services,2022,2.553721184,51.50218775,8.562797995,0.209187531,0.680644699,0.755094575,0.097772471,0.0,-12385589.09,0.069647868,0.126608334,0.139781436,8.164180505,2884615.385,9,25.0,0,51.99336245,13.99406082,7.609364978,3.370596035,5.897141859,1.1262759917449137
51,BLDT.NS,Blue Dart Express Ltd,India,Air Freight & Logistics,2024,3.598901133,53.36645069,8.632096396,0.274926558,0.359821555,0.62648071,0.093570269,0.011739781,200117.0275,0.157087014,0.018614378,0.500417718,5.918416912,29540081.92,7,12.5,TRUE,64.03940072,42.12805707,6.48422363,3.430826821,3.2018101,2.208161309545035
51,BLDT.NS,Blue Dart Express Ltd,India,Air Freight & Logistics,2023,3.846796932,53.34613052,8.618283447,0.310020515,0.430798347,0.712136337,0.090278011,0.008671155,8501499.7,0.146293769,0.018778352,0.527778901,0.394423082,36113977.2,10,30.0,TRUE,83.27623605,38.87406707,9.19075493,3.403141173,2.591949545,1.9468243920643096
51,BLDT.NS,Blue Dart Express Ltd,India,Air Freight & Logistics,2022,4.027387967,47.59131257,8.593605265,0.347541452,0.346213513,0.546058684,0.084015916,0.0,-10808179.16,0.08833737,0.01577703,0.559400442,8.337673102,45098588.12,5,25.0,TRUE,69.43039273,41.3571664,7.609364978,3.370596035,5.897141859,2.008053612323356
52,BLKI.NS,Balkrishna Industries Ltd,India,Automobile Components,2024,2.80299735,43.14564221,9.262376374,0.208987596,0.270338466,0.805527286,0.018984302,0.0,657694.5582,0.12709239,0.113973057,0.502858393,8.766672012,193675833.8,6,25.0,TRUE,43.7804755,49.42840618,6.48422363,3.430826821,3.2018101,2.614508518004487
52,BLKI.NS,Balkrishna Industries Ltd,India,Automobile Components,2023,3.182202313,46.00510909,9.215324599,0.226492085,0.267487252,0.757742117,0.020385527,0.0,638272.3455,0.113647842,0.097301773,0.525824032,-5.373421788,176543491.3,5,25.0,TRUE,54.31378592,49.06536254,9.19075493,3.403141173,2.591949545,2.3281910006031103
52,BLKI.NS,Balkrishna Industries Ltd,India,Automobile Components,2022,3.529454711,46.40786384,9.176924232,0.271025441,0.271247346,0.699114749,0.020691076,0.0,2846884.129,0.07100981,0.135035302,0.542905295,8.691500997,128700097.4,6,22.22222222,TRUE,42.79520605,54.48739327,7.609364978,3.370596035,5.897141859,1.9386872775849384
53,BORO.NS,Borosil Renewables Ltd,India,Semiconductors & Semiconductor Equipment,2024,4.911647049,55.77982634,8.230990939,0.173054735,0.180254982,0.573625904,0.201451019,0.011234241,-11112744.29,0.058061053,0.163483856,0.622841361,5.381635777,-10177413.69,4,11.11111111,0,50.02267543,50.85912493,6.48422363,3.430826821,3.2018101,1.754710683308018
53,BORO.NS,Borosil Renewables Ltd,India,Semiconductors & Semiconductor Equipment,2024,4.911647049,55.77982634,8.230990939,0.173054735,0.180254982,0.573625904,0.201451019,0.011234241,-11112744.29,0.058061053,0.163483856,0.622841361,5.381635777,-10177413.69,4,11.11111111,0,50.02267543,50.85912493,6.48422363,3.430826821,3.2018101,1.8648706483800188
53,BORO.NS,Borosil Renewables Ltd,India,Semiconductors & Semiconductor Equipment,2023,4.23033326,56.82710167,8.305424155,0.342006026,0.193434707,0.401697827,0.453662611,0.0,2573173.365,0.118695449,0.145658885,0.618538519,50.9710575,-6031625.675,8,11.11111111,0,55.10952636,50.40803715,9.19075493,3.403141173,2.591949545,1.7662353405885232
53,BORO.NS,Borosil Renewables Ltd,India,Semiconductors & Semiconductor Equipment,2022,4.351686888,35.35682065,8.298125422,0.257740113,0.1974999,0.452237764,0.391869121,0.0,-1217429.406,0.131103231,0.162163028,0.633211434,28.20595829,8597468.354,6,11.11111111,0,44.08118434,21.06092437,7.609364978,3.370596035,5.897141859,1.8878904866555093
54,BORS.NS,Borosil Ltd,India,Household Durables,2024,3.474397263,57.77496096,8.121747888,0.082281669,0.221669787,0.775359293,0.004969147,0.0,-485570.5091,0.026396745,0.307921242,0.529683249,14.6764603,8687466.355,7,16.66666667,TRUE,56.82039474,52.50257129,6.48422363,3.430826821,3.2018101,1.754710683308018
54,BORS.NS,Borosil Ltd,India,Household Durables,2024,3.474397263,57.77496096,8.121747888,0.082281669,0.221669787,0.775359293,0.004969147,0.0,-485570.5091,0.026396745,0.307921242,0.529683249,14.6764603,8687466.355,7,16.66666667,TRUE,56.82039474,52.50257129,6.48422363,3.430826821,3.2018101,1.8648706483800188
54,BORS.NS,Borosil Ltd,India,Household Durables,2023,3.522933313,50.49247333,8.112358318,0.152694241,0.356289805,0.769916423,0.014025687,0.0,-330629.874,0.073039951,0.248301088,0.528643317,25.24673952,7902411.518,5,14.28571429,TRUE,55.14945336,32.43355829,9.19075493,3.403141173,2.591949545,1.7662353405885232
54,BORS.NS,Borosil Ltd,India,Household Durables,2022,4.551331995,29.86103465,8.014584845,0.111231878,0.321080827,0.803134942,0.029877248,0.0,-1732144.596,0.113741603,0.174952175,0.460854116,-18.42877128,6313644.109,5,14.28571429,TRUE,44.69240779,10.47994963,7.609364978,3.370596035,5.897141859,1.8878904866555093
55,BOSH.NS,Bosch Ltd,India,Automobile Components,2024,5.615000079,66.13119495,9.374522043,0.005844544,0.280790076,0.884206105,0.003765285,0.014687937,-12931538.91,0.259800139,0.097341548,0.070006077,5.474876827,235576360.4,5,20.0,TRUE,35.05487187,88.4481516,6.48422363,3.430826821,3.2018101,1.5999564604948058
55,BOSH.NS,Bosch Ltd,India,Automobile Components,2023,6.323353659,65.18918903,9.318356326,0.002265326,0.293581578,0.962506614,0.022618393,0.016468283,10089982.0,0.201532085,0.110914488,0.077061417,10.44245058,298764247.2,5,25.0,TRUE,37.62808683,79.67635578,9.19075493,3.403141173,2.591949545,2.4053536674575287
55,BOSH.NS,Bosch Ltd,India,Automobile Components,2022,6.714275216,67.85712011,9.2962544,0.003273383,0.309094713,0.957367739,0.018094954,0.011210721,28724440.12,0.157944358,0.125016152,0.096343287,17.06431475,173356864.7,5,10.0,TRUE,29.45857408,80.99229769,7.609364978,3.370596035,5.897141859,2.584553932126051
56,BRGR.NS,Berger Paints India Ltd,India,Chemicals,2024,6.538845358,66.06063664,9.028836715,0.073400835,0.260600505,0.799220162,0.078047325,0.007470728,1602106.495,0.097294623,0.259114464,0.377353904,0.554248098,138421299.0,5,16.66666667,TRUE,36.77895827,83.08264336,6.48422363,3.430826821,3.2018101,3.569225328225076
56,BRGR.NS,Berger Paints India Ltd,India,Chemicals,2023,7.087004017,56.86008528,9.00175032,0.090013216,0.282304455,0.790219053,0.075445183,0.007410983,14887822.44,0.068793747,0.260457469,0.402167133,4.458729505,140350329.9,7,18.18181818,TRUE,28.39927261,79.34777022,9.19075493,3.403141173,2.591949545,3.4370926095299272
56,BRGR.NS,Berger Paints India Ltd,India,Chemicals,2022,7.25575737,60.33078378,8.986643653,0.149233668,0.373350889,0.856466218,0.028844699,0.003811893,1566455.696,0.037516999,0.291084538,0.39466335,11.42515349,104722492.7,6,16.66666667,TRUE,44.94811776,73.02574278,7.609364978,3.370596035,5.897141859,1.985518290018614
57,BRIT.NS,Britannia Industries Ltd,India,Food Products,2024,15.3244207,48.92450549,9.014668956,0.141031051,0.409372578,0.807137456,0.036697197,0.0,-22727911.06,0.133777416,0.142406843,0.319487925,4.367780909,254869514.3,7,6.666666667,TRUE,33.39373517,55.52161982,6.48422363,3.430826821,3.2018101,2.044004411760331
57,BRIT.NS,Britannia Industries Ltd,India,Food Products,2023,14.02183793,53.3600485,9.036872111,0.227579914,0.450144155,0.795864802,0.079032223,0.0,26309538.09,0.212823651,0.132581919,0.307539709,1.406717613,256055189.0,7,7.692307692,TRUE,42.54799524,55.06609386,9.19075493,3.403141173,2.591949545,2.514272703557069
57,BRIT.NS,Britannia Industries Ltd,India,Food Products,2022,13.43690604,54.6166006,9.056277502,0.320481101,0.442053221,0.710567247,0.024762964,0.0,-1114897.76,0.233596862,0.131835445,0.275555133,6.5263606,281927945.5,6,7.692307692,TRUE,44.55882563,56.70234414,7.609364978,3.370596035,5.897141859,2.1690341037476304
58,BRLC.NS,Birla Corporation Ltd,India,Construction Materials,2024,0.658554976,34.48524239,9.224562308,0.243430119,0.187351414,0.367002424,0.0,0.008825666,-4554710.357,0.093099349,0.067473639,0.634776668,-6.982332468,34548858.98,7,27.27272727,TRUE,35.59565955,32.78863432,6.48422363,3.430826821,3.2018101,2.5386441177804024
58,BRLC.NS,Birla Corporation Ltd,India,Construction Materials,2023,0.651227319,30.08341863,9.238546383,0.270395126,0.174450703,0.324435742,0.029685515,0.005682948,-5967606.479,0.05351501,0.080435462,0.63926928,9.703613797,50457108.58,7,12.5,TRUE,41.05400098,19.88506707,9.19075493,3.403141173,2.591949545,2.2453175152866987
58,BRLC.NS,Birla Corporation Ltd,India,Construction Materials,2022,0.66714495,24.70369429,9.233695087,0.317102983,0.165860692,0.288460659,0.088479385,0.0,14863680.62,0.044930053,0.089423031,0.649073798,7.501072625,4929406.037,6,11.11111111,TRUE,21.27314084,22.15078117,7.609364978,3.370596035,5.897141859,2.484475598523225
60,BRSN.NS,Bharat Rasayan Ltd,India,Chemicals,2024,2.975629707,25.82197044,8.216935094,0.060518798,0.185262192,0.937912644,0.0,0.039352288,2689151.551,0.232908217,0.2139214,0.173764294,9.529681422,16491737.86,5,9.090909091,TRUE,14.76760076,31.69158596,6.48422363,3.430826821,3.2018101,2.4744410736428404
60,BRSN.NS,Bharat Rasayan Ltd,India,Chemicals,2023,3.375258494,19.95643394,8.157350696,0.067204561,0.164556511,0.940280403,0.012356906,0.025053301,1661739.652,0.114532385,0.230682778,0.197294661,-16.578186,11459148.17,5,10.0,TRUE,27.95378279,8.439823743,9.19075493,3.403141173,2.591949545,2.561072602082815
60,BRSN.NS,Bharat Rasayan Ltd,India,Chemicals,2022,3.800501177,20.55238353,8.116190284,0.026021211,0.15882114,0.945659161,0.0,0.017309937,2221214.703,0.041712554,0.300954537,0.218966519,-12.36129397,15166686.95,6,8.333333333,TRUE,17.8770813,10.38821707,7.609364978,3.370596035,5.897141859,2.2095692538495344
61,BRTI.NS,Bharti Airtel Ltd,India,Wireless Telecommunication Services,2024,2.165525143,65.46746922,10.77955546,0.415354876,0.350805,0.450325377,0.024565479,0.003252583,187361029.8,0.021733438,0.00246442,0.416264744,12.50250336,4386342891.0,5,27.27272727,TRUE,80.14096316,67.91043141,6.48422363,3.430826821,3.2018101,2.30669176941895
61,BRTI.NS,Bharti Airtel Ltd,India,Wireless Telecommunication Services,2023,2.478204425,68.65319091,10.72699645,0.484988224,0.311941799,0.382518988,0.025121189,0.007720496,3683263.347,0.024243316,0.001664676,0.38570201,6.249805664,1026754649.0,5,27.27272727,TRUE,91.31633257,69.28917581,9.19075493,3.403141173,2.591949545,2.813005209862711
61,BRTI.NS,Bharti Airtel Ltd,India,Wireless Telecommunication Services,2022,2.441878739,69.0372255,10.73529057,0.506053513,0.273073744,0.330462245,0.024292454,0.009440857,197504868.5,0.03262711,0.001361296,0.360250873,10.29494552,1495545278.0,11,25.0,TRUE,88.846987,70.45688069,7.609364978,3.370596035,5.897141859,2.97007472619926
63,CART.NS,Cartrade Tech Ltd,India,Specialty Retail,2024,4.08009224,19.5794831,8.500493541,0.048564031,0.093684373,0.522966365,0.0,0.010632296,775049.7367,0.310344992,0.0,0.063782244,27.63859938,16960187.24,9,33.33333333,TRUE,16.70984003,17.68699306,6.48422363,3.430826821,3.2018101,1.1487450443406912
64,CAST.NS,Castrol India Ltd,India,Chemicals,2024,5.337334147,54.13778873,8.628298742,0.022562161,0.349416415,0.936112667,0.183321131,0.060520619,-4715150.665,0.393299764,0.150334636,0.10381015,2.798249099,108379503.0,6,25.0,TRUE,74.88208903,43.30175875,6.48422363,3.430826821,3.2018101,1.5181593987566817
64,CAST.NS,Castrol India Ltd,India,Chemicals,2023,5.697691571,52.84774283,8.613946093,0.022500461,0.355399087,0.936221346,0.180815178,0.079954853,-7367472.052,0.383352403,0.158061715,0.106733179,5.681588741,103874263.7,4,18.18181818,TRUE,76.40348748,43.76092792,9.19075493,3.403141173,2.591949545,1.7975034799407976
64,CAST.NS,Castrol India Ltd,India,Chemicals,2022,6.296161131,53.48266074,8.569403529,0.016275607,0.364648535,0.946009231,0.165837138,0.120204887,44763470.63,0.399658255,0.178262697,0.103544791,2.534160794,98546852.52,5,18.18181818,TRUE,81.10592289,38.99823332,7.609364978,3.370596035,5.897141859,2.1270240029115746
65,CCLP.NS,CCL Products (India) Ltd,India,Food Products,2024,2.658922337,39.47545993,8.69575385,0.427915431,0.385919141,0.719812954,0.059231459,0.0,-8442679.93,0.026742792,0.277353874,0.488582277,14.15844952,36317893.5,5,15.38461538,FALSE,69.62487516,14.71055984,6.48422363,3.430826821,3.2018101,3.0604324339015747
65,CCLP.NS,CCL Products (India) Ltd,India,Food Products,2023,3.147684704,32.86024996,8.627595844,0.45881798,0.361210403,0.685896823,0.13238656,0.0,10376232.75,0.064179995,0.232585455,0.495649411,26.29361351,30003335.33,6,16.66666667,FALSE,48.57256788,15.01901171,9.19075493,3.403141173,2.591949545,1.72980873311452
65,CCLP.NS,CCL Products (India) Ltd,India,Food Products,2022,4.258177538,31.8722788,8.499800315,0.3541116,0.321525738,0.759322927,0.098923472,0.0,3629308.666,0.036864596,0.246100843,0.50480952,30.87563168,34562280.92,6,16.66666667,TRUE,51.0118985,16.2407652,7.609364978,3.370596035,5.897141859,1.3073295921876251
66,CCRI.NS,Container Corporation of India Ltd,India,Ground Transportation,2024,2.711720117,43.60872753,9.228932607,0.059510067,0.081496311,0.562934227,0.0,0.253048694,19760093.62,0.27889146,0.003449188,0.512607532,0.175706379,147419543.6,7,7.692307692,TRUE,11.25409639,41.1474059,6.48422363,3.430826821,3.2018101,2.014304993588262
66,CCRI.NS,Container Corporation of India Ltd,India,Ground Transportation,2023,2.810733791,45.35161028,9.226400871,0.066868309,0.088737459,0.562435943,0.153624468,0.000149594,-18028794.24,0.238832964,0.003577422,0.490844163,4.415947059,147815237.0,8,9.090909091,TRUE,8.454597641,47.90043133,9.19075493,3.403141173,2.591949545,1.3903131185598014
66,CCRI.NS,Container Corporation of India Ltd,India,Ground Transportation,2022,2.915754157,47.46299974,9.214543992,0.057790083,0.100273748,0.603052378,0.237012843,0.001762355,-5014605.648,0.226983172,0.002761245,0.478253152,-1.383805265,140254381.7,6,7.692307692,TRUE,11.96924597,51.37704445,7.609364978,3.370596035,5.897141859,1.5254564269148785
67,CEAT.NS,CEAT Ltd,India,Automobile Components,2024,1.069407833,48.05802465,9.117986128,0.190537432,0.4606422,0.754676455,0.008261535,0.000470016,-844938.5606,0.004678757,0.125890198,0.656738661,7.950367873,55163253.36,6,16.66666667,TRUE,65.84379302,34.53250594,6.48422363,3.430826821,3.2018101,2.011446173129108
67,CEAT.NS,CEAT Ltd,India,Automobile Components,2023,1.238101624,38.08488376,9.078855468,0.179248587,0.433554455,0.728030928,0.010973516,0.000761419,-655068.9862,0.005647428,0.115112312,0.683664015,4.04848491,76218356.33,5,9.090909091,TRUE,40.87884357,32.56639383,9.19075493,3.403141173,2.591949545,2.3770405987686782
67,CEAT.NS,CEAT Ltd,India,Automobile Components,2022,1.258778211,30.83737249,9.068867983,0.238420288,0.430462524,0.669730567,0.013225011,0.000603459,4485150.925,0.006113553,0.118176162,0.683112394,11.63625728,22199367.09,5,9.090909091,TRUE,39.03334749,31.16739636,7.609364978,3.370596035,5.897141859,2.0582149959785587
68,CEIF.NS,CE Info Systems Ltd,India,Software,2023,11.17266752,63.40019239,7.977786675,0.032489835,0.15066798,0.898561639,0.43211532,0.004103846,-314337.1326,0.389999428,0.017412935,0.031189232,32.87961551,16122375.52,5,40.0,TRUE,53.1681673,49.8975844,9.19075493,3.403141173,2.591949545,1.955588325408273
68,CEIF.NS,CE Info Systems Ltd,India,Software,2022,13.2803679,54.51920209,7.911751306,0.043831653,0.169047903,0.882925689,0.556859285,0.019343196,4324488.802,0.618488196,0.026725526,0.030886476,29.72393935,13087877.31,13,40.0,TRUE,54.82963924,43.87365707,7.609364978,3.370596035,5.897141859,1.853547167249869
69,CERA.NS,Cera Sanitaryware Ltd,India,Building Products,2024,4.261547903,50.43988058,8.338493048,0.03616087,0.199237313,0.728667903,0.025771306,0.0,-1338022.235,0.370391381,0.227487736,0.218669544,-0.031680433,29105956.7,4,20.0,TRUE,45.42536711,66.01369409,6.48422363,3.430826821,3.2018101,2.043380170674949
69,CERA.NS,Cera Sanitaryware Ltd,India,Building Products,2023,4.300078613,49.42317811,8.345214399,0.024094549,0.206105059,0.761142277,0.021605948,0.00325192,1165014.997,0.472022869,0.205088979,0.208290724,2.73241952,28952285.54,4,22.22222222,TRUE,44.3334091,60.61527306,9.19075493,3.403141173,2.591949545,1.4876309946298822
69,CERA.NS,Cera Sanitaryware Ltd,India,Building Products,2022,4.724022819,29.76268882,8.30978048,0.031665812,0.234677339,0.78068517,0.028689833,0.0,-317392.8919,0.39061511,0.228149419,0.212235786,15.22358493,25687792.11,6,25.0,0,29.62648033,30.84805324,7.609364978,3.370596035,5.897141859,1.482918667415892
70,CGPO.NS,CG Power and Industrial Solutions Ltd,India,Electrical Equipment,2024,13.89965225,51.21409649,8.938520311,0.005539923,0.421419779,0.874781703,0.131013853,0.0,24543007.61,0.291347332,0.164055348,0.173942001,20.12392522,113865418.4,5,25.0,TRUE,61.46003351,37.66007707,6.48422363,3.430826821,3.2018101,2.299419533463717
70,CGPO.NS,CG Power and Industrial Solutions Ltd,India,Electrical Equipment,2023,18.03762679,52.43196779,8.829274053,0.003121367,0.441508139,0.952271595,0.043014562,0.016531159,-61368926.21,0.30898877,0.146567385,0.163263855,13.74773584,104513497.3,5,25.0,TRUE,63.14716999,41.56018649,9.19075493,3.403141173,2.591949545,2.1728432951351984
70,CGPO.NS,CG Power and Industrial Solutions Ltd,India,Electrical Equipment,2022,21.75723271,54.15752606,8.75083707,0.003575201,0.446219684,0.72768266,0.070255616,0.115931572,38294790.65,0.156664341,0.128212551,0.170609469,17.46815471,96924294.06,9,12.5,TRUE,65.74220825,38.94420317,7.609364978,3.370596035,5.897141859,1.6716153273705203
71,CIEA.NS,CIE Automotive India Ltd,India,Automobile Components,2024,1.466859741,44.82326905,9.05758854,0.058347926,0.223268781,0.683328644,0.077489012,0.013205682,10678518.83,0.128427361,0.113426064,0.315921385,-6.077079129,95881665.38,5,25.0,TRUE,72.38203156,31.90949718,6.48422363,3.430826821,3.2018101,1.7952200643059504
71,CIEA.NS,CIE Automotive India Ltd,India,Automobile Components,2023,1.472564008,46.34241744,9.069463853,0.087627795,0.317841358,0.822147429,0.06676776,0.0,6150498.858,0.099276491,0.120960807,0.305591813,5.42194655,95880514.48,7,10.0,TRUE,77.74920345,31.92293736,9.19075493,3.403141173,2.591949545,1.5833810239832928
71,CIEA.NS,CIE Automotive India Ltd,India,Automobile Components,2022,1.442491913,44.97964467,9.079280117,0.099160984,0.41473364,0.852540478,0.016757334,0.0,-749543.6246,0.05654503,0.123193296,0.285366075,16.48011507,85991996.81,5,9.090909091,TRUE,60.67654053,32.20212085,7.609364978,3.370596035,5.897141859,1.8696755096830688
72,CIPL.NS,Cipla Ltd,India,Pharmaceuticals,2024,3.328960611,88.59212982,9.641009016,0.011720372,0.146680775,0.885425093,0.105219586,0.00031214,3547103.569,0.316533133,0.156364612,0.173188891,4.254372824,619198361.6,12,18.18181818,TRUE,92.39005193,77.72097939,6.48422363,3.430826821,3.2018101,2.6956781802424703
72,CIPL.NS,Cipla Ltd,India,Pharmaceuticals,2023,3.761935032,86.64175017,9.593878755,0.017098022,0.160333726,0.872638441,0.11697806,0.000807817,-5877624.475,0.26667593,0.166568249,0.181347351,11.65989364,498537492.5,8,16.66666667,TRUE,85.65541801,77.20685339,9.19075493,3.403141173,2.591949545,2.636777144303628
72,CIPL.NS,Cipla Ltd,India,Pharmaceuticals,2022,4.10843267,82.64665096,9.554620662,0.027258336,0.173425023,0.843806457,0.10644523,0.002841842,-11779454.72,0.213495482,0.182189152,0.192780641,-3.416093697,345118062.3,7,25.0,TRUE,83.05374714,72.47749159,7.609364978,3.370596035,5.897141859,2.2815327775692427
73,CLEA.NS,Clean Science and Technology Ltd,India,Chemicals,2024,7.314050023,47.51372875,8.274509152,0.001323581,0.096756979,0.812996488,0.125557655,0.00031037,1121825.629,0.254001136,0.093476016,0.461169578,19.12897582,30942656.52,4,12.5,TRUE,56.39216047,49.63530325,6.48422363,3.430826821,3.2018101,1.8375170571866688
73,CLEA.NS,Clean Science and Technology Ltd,India,Chemicals,2023,8.45322263,45.7102753,8.224820834,0.001451341,0.11499343,0.822548724,0.064939506,0.0,-236592.6815,0.267843593,0.089894517,0.49525776,-16.6290139,29277264.55,4,12.5,TRUE,54.67866403,46.02190454,9.19075493,3.403141173,2.591949545,1.6611522236268887
73,CLEA.NS,Clean Science and Technology Ltd,India,Chemicals,2022,10.01578072,43.57297647,8.146728332,0.00178672,0.100287282,0.814442439,0.0,0.010825373,-5535783.836,0.339789821,0.09698645,0.416717383,26.22740208,35926971.76,8,12.5,TRUE,57.42272533,44.77805224,7.609364978,3.370596035,5.897141859,1.4371018780271352
74,CMSN.NS,CMS Info Systems Ltd,India,Commercial Services & Supplies,2024,2.225539371,45.64074111,8.562431948,0.060749557,0.22118167,0.808603133,0.383942209,0.000176286,8407723.815,0.290124172,0.035569777,0.256153676,4.427573837,43587712.11,4,33.33333333,TRUE,47.08737226,29.00195273,6.48422363,3.430826821,3.2018101,1.1691752067677097
74,CMSN.NS,CMS Info Systems Ltd,India,Commercial Services & Supplies,2023,2.621071594,41.81124993,8.503734981,0.068028726,0.207472267,0.774932738,0.288714034,0.014669794,7521775.645,0.311671652,0.059382199,0.240051999,16.58791992,41648590.28,5,37.5,TRUE,50.03509826,16.98033664,9.19075493,3.403141173,2.591949545,1.1691752067677097
74,CMSN.NS,CMS Info Systems Ltd,India,Commercial Services & Supplies,2022,3.240705188,33.80836597,8.407812335,0.096770171,0.17334737,0.676060887,0.180253787,0.019036505,3890822.785,0.192733043,0.046279648,0.320123585,11.02955375,36177702.04,0,37.5,TRUE,49.16787769,11.22615382,7.609364978,3.370596035,5.897141859,1.2714844655779165
75,CNTP.NS,Century Plyboards (India) Ltd,India,Paper & Forest Products,2024,3.511115291,34.9057033,8.730368701,0.345386102,0.35392425,0.729677168,0.012408864,0.0,-2402200.117,0.019349129,0.223736729,0.601857476,13.65366987,21776746.64,4,12.5,TRUE,22.58988437,35.71922765,6.48422363,3.430826821,3.2018101,2.691047920717397
75,CNTP.NS,Century Plyboards (India) Ltd,India,Paper & Forest Products,2023,4.415526752,35.22390373,8.629636954,0.21703678,0.305313537,0.808905521,0.037521499,0.0,3187222.555,0.014959444,0.188168912,0.611445159,5.043253054,39031217.76,4,12.5,TRUE,26.76890497,35.80944048,9.19075493,3.403141173,2.591949545,2.630648657016058
75,CNTP.NS,Century Plyboards (India) Ltd,India,Paper & Forest Products,2022,5.711453692,32.88371211,8.519311163,0.120292685,0.27862817,0.935491463,0.018672827,0.0,-351472.7361,0.107760997,0.206486408,0.477558421,11.29037553,45883227.85,4,12.5,TRUE,45.24515171,26.95257529,7.609364978,3.370596035,5.897141859,2.267130458254537
76,COFO.NS,Coforge Ltd,India,IT Services,2024,4.543387498,56.3093234,9.164874711,0.085695758,0.219163057,0.447926041,0.0,0.070708607,55506143.94,0.172863628,0.0,0.090147069,30.47702499,112755997.7,9,12.5,TRUE,57.50145593,46.88053929,6.48422363,3.430826821,3.2018101,1.699560978352631
76,COFO.NS,Coforge Ltd,India,IT Services,2023,9.194653803,49.99105434,8.864972093,0.118866349,0.250749054,0.617266535,0.194776363,0.003765738,-29826034.79,0.057703134,0.0,0.124907903,10.80127058,101847630.5,7,12.5,TRUE,51.73788416,37.01003816,9.19075493,3.403141173,2.591949545,1.2878082153360548
76,COFO.NS,Coforge Ltd,India,IT Services,2022,9.678746452,57.49606883,8.839947792,0.098919661,0.306031601,0.668730055,0.316679124,0.003360664,14982960.08,0.107478664,0.0,0.120807967,15.11321202,90688899.71,9,12.5,TRUE,64.41539948,34.17434517,7.609364978,3.370596035,5.897141859,1.318192796911018
77,COHA.NS,Cohance Lifesciences Ltd,India,Pharmaceuticals,2024,10.8408843,36.62733757,8.549981319,0.092049147,0.120455183,0.273515732,0.233850872,0.001078585,4466939.731,0.125670842,0.054941865,0.412313021,11.10899624,30985371.56,7,25.0,FALSE,22.01515059,34.03569393,6.48422363,3.430826821,3.2018101,1.0
77,COHA.NS,Cohance Lifesciences Ltd,India,Pharmaceuticals,2022,16.19920271,12.80772972,8.378866484,0.0357833,0.080766273,0.688610966,0.40816599,0.0,2463364.167,0.245344196,0.16816871,0.389788791,-6.210610911,50059676.24,6,16.66666667,TRUE,11.10053337,5.434948478,7.609364978,3.370596035,5.897141859,1.0
77,COHA.NS,Cohance Lifesciences Ltd,India,Pharmaceuticals,2022,16.19920271,12.80772972,8.378866484,0.0357833,0.080766273,0.688610966,0.40816599,0.0,2463364.167,0.245344196,0.16816871,0.389788791,-6.210610911,50059676.24,6,16.66666667,TRUE,11.10053337,5.434948478,7.609364978,3.370596035,5.897141859,1.5277351199719398
78,COLG.NS,Colgate-Palmolive (India) Ltd,India,Personal Care Products,2024,20.07294885,68.01203683,8.548086307,0.020155373,0.423097182,0.943179133,0.031413941,0.208040284,-25850204.8,0.321311995,0.13747329,0.269954117,3.719785276,168146284.4,5,41.66666667,TRUE,76.55211454,61.91021425,6.48422363,3.430826821,3.2018101,2.035387801846303
78,COLG.NS,Colgate-Palmolive (India) Ltd,India,Personal Care Products,2023,18.48443876,66.77342049,8.583772868,0.022446012,0.387716083,0.937359686,0.03866566,0.263120917,9950401.92,0.457245365,0.105312962,0.282916334,7.139627445,158807390.5,6,50.0,TRUE,74.67321886,62.32741971,9.19075493,3.403141173,2.591949545,1.8992354939759504
78,COLG.NS,Colgate-Palmolive (India) Ltd,India,Personal Care Products,2022,20.4087045,65.42578745,8.5451826,0.023920137,0.376219017,0.929736629,0.008937197,0.276228288,9979357.352,0.283039265,0.125866059,0.338494493,-5.327567203,127452105.6,4,36.36363636,TRUE,77.63660484,52.90379481,7.609364978,3.370596035,5.897141859,1.9512391445946609
79,COMU.NS,Computer Age Management Services Ltd,India,Professional Services,2023,12.78843026,55.61136659,8.229607532,0.068100897,0.216331125,0.612272667,0.022039498,0.144522568,-1157888.422,0.554743648,0.006804801,0.11797505,15.27685856,42108854.23,5,16.66666667,TRUE,78.69485674,25.19642665,9.19075493,3.403141173,2.591949545,1.0
79,COMU.NS,Computer Age Management Services Ltd,India,Professional Services,2022,16.56140231,54.3454195,8.125764121,0.084960821,0.15327266,0.532649307,0.0,0.200689244,1446543.33,0.53099169,0.008945282,0.162151431,-1.304869123,34643914.31,7,14.28571429,TRUE,73.32492157,33.71584826,7.609364978,3.370596035,5.897141859,1.223253545322881
80,CRAF.NS,Craftsman Automation Ltd,India,Machinery,2024,2.34027778,31.18609788,8.920550725,0.331370742,0.335523099,0.560539475,0.040800258,0.0,3970743.125,0.020342844,0.193574315,0.533127519,24.68483134,23507314.22,7,33.33333333,TRUE,62.24540202,15.48189607,6.48422363,3.430826821,3.2018101,1.7471072838331485
80,CRAF.NS,Craftsman Automation Ltd,India,Machinery,2023,3.29932898,30.40094221,8.751722324,0.372910531,0.325302715,0.502267239,0.041475317,0.0,4339532.094,0.016611183,0.229217934,0.542106024,37.88009826,40471505.7,5,33.33333333,TRUE,62.47938713,13.52204497,9.19075493,3.403141173,2.591949545,1.4691574742689566
80,CRAF.NS,Craftsman Automation Ltd,India,Machinery,2023,3.29932898,30.40094221,8.751722324,0.372910531,0.325302715,0.502267239,0.041475317,0.0,4339532.094,0.016611183,0.229217934,0.542106024,37.88009826,40471505.7,5,33.33333333,TRUE,62.47938713,13.52204497,9.19075493,3.403141173,2.591949545,1.4691574742689566
80,CRAF.NS,Craftsman Automation Ltd,India,Machinery,2022,4.022826803,28.89371953,8.665890503,0.325800164,0.326362328,0.511301249,0.021990228,0.0,-3263145.083,0.009439325,0.229328661,0.532576601,32.61779521,30545277.51,6,28.57142857,TRUE,68.71450202,10.50941867,7.609364978,3.370596035,5.897141859,1.4561610796291384
80,CRAF.NS,Craftsman Automation Ltd,India,Machinery,2022,4.022826803,28.89371953,8.665890503,0.325800164,0.326362328,0.511301249,0.021990228,0.0,-3263145.083,0.009439325,0.229328661,0.532576601,32.61779521,30545277.51,6,28.57142857,TRUE,68.71450202,10.50941867,7.609364978,3.370596035,5.897141859,1.0
81,CRBR.NS,Carborundum Universal Ltd,India,Chemicals,2024,3.613294974,36.4795154,8.735114022,0.046594949,0.154482175,0.643516533,0.526869983,0.0,-20708133.41,0.088948073,0.234473681,0.288933953,1.526048425,34956816.85,8,14.28571429,TRUE,31.25470941,39.56220114,6.48422363,3.430826821,3.2018101,2.177553146474404
81,CRBR.NS,Carborundum Universal Ltd,India,Chemicals,2023,4.056727375,45.6046,8.697341176,0.041401296,0.161801624,0.654634539,0.825976802,0.0,19017036.59,0.1397418,0.21292305,0.280266933,-0.413120815,57130533.89,8,12.5,TRUE,58.45669095,43.91432762,9.19075493,3.403141173,2.591949545,2.01195571418265
81,CRBR.NS,Carborundum Universal Ltd,India,Chemicals,2022,4.230629852,35.23801711,8.679116156,0.070648731,0.188075211,0.66864034,0.53702404,0.0,5947784.81,0.110754273,0.239928346,0.288555281,29.32483004,53760710.81,10,12.5,TRUE,52.21599505,30.07300179,7.609364978,3.370596035,5.897141859,2.5483445577980794
82,CROP.NS,Crompton Greaves Consumer Electricals Ltd,India,Household Durables,2024,3.223762677,68.11691221,8.869676549,0.075609263,0.339304052,0.730603983,0.05293055,0.014218504,3700409.596,0.170783041,0.142477306,0.095696849,4.888506088,66012873.03,8,22.22222222,TRUE,74.95386535,57.84093113,6.48422363,3.430826821,3.2018101,2.212392240887974
82,CROP.NS,Crompton Greaves Consumer Electricals Ltd,India,Household Durables,2023,3.253124077,65.85615717,8.863119389,0.112335367,0.33925876,0.669440767,0.029458093,0.018297515,11424115.18,0.164070105,0.141399609,0.08002861,4.931778579,53002999.4,7,22.22222222,TRUE,69.3790022,54.49719495,9.19075493,3.403141173,2.591949545,2.1459400864302505
82,CROP.NS,Crompton Greaves Consumer Electricals Ltd,India,Household Durables,2022,3.392835154,63.80689416,8.837728401,0.177756202,0.307180388,0.580051696,0.039633146,0.00141482,-11536027.26,0.095789288,0.137538178,0.086556912,17.65262989,57984420.64,9,22.22222222,TRUE,79.2838182,55.97651895,7.609364978,3.370596035,5.897141859,1.9201696026865167
83,CSFL.NS,Cosmo First Ltd,India,Containers & Packaging,2024,0.614338991,28.28949474,8.683688723,0.348665868,0.302243998,0.468971354,0.0,0.006509438,-682270.3335,0.12032645,0.146449023,0.576534991,9.144939316,15607957.87,5,10.0,FALSE,35.25495973,27.42873553,6.48422363,3.430826821,3.2018101,1.353994313658392
83,CSFL.NS,Cosmo First Ltd,India,Containers & Packaging,2023,0.714004734,28.85262215,8.626605738,0.297078115,0.329689954,0.533446465,0.02127934,0.0,-982603.4793,0.129608404,0.147143027,0.544327156,-16.79742625,7461307.738,6,11.11111111,FALSE,35.1673685,28.61778541,9.19075493,3.403141173,2.591949545,1.7185141767990428
83,CSFL.NS,Cosmo First Ltd,India,Containers & Packaging,2022,0.792371743,30.61660785,8.580588264,0.297969545,0.320604757,0.548055483,0.032847698,0.0,-1546981.5,0.14918512,0.174802661,0.509388178,-6.799679399,29696932.81,6,11.11111111,FALSE,37.15853499,29.33454106,7.609364978,3.370596035,5.897141859,1.600174332875352
84,CUMM.NS,Cummins India Ltd,India,Machinery,2024,10.20047593,76.88144973,9.075544399,0.002916854,0.222104757,0.866280029,0.040713403,0.014066985,-7389116.442,0.372774635,0.098743275,0.134776157,12.61228347,234047981.3,5,55.55555556,TRUE,90.31486987,61.14953564,6.48422363,3.430826821,3.2018101,1.9480321583642224
84,CUMM.NS,Cummins India Ltd,India,Machinery,2023,11.41128863,65.92925157,9.031911531,0.014155271,0.229299115,0.872249479,0.060439587,0.019571908,-11613677.26,0.333324908,0.105863546,0.14381568,14.14822581,206428314.3,6,40.0,TRUE,89.39512323,41.1670419,9.19075493,3.403141173,2.591949545,2.323046062390907
84,CUMM.NS,Cummins India Ltd,India,Machinery,2022,12.8974001,68.72030142,8.983990169,0.047494267,0.238721548,0.875,0.088163568,0.02904918,26686952.29,0.315080106,0.114118081,0.152836851,16.35291301,149482716.7,5,12.5,TRUE,88.13729768,47.61899598,7.609364978,3.370596035,5.897141859,1.8309580513701096
85,CYIE.NS,Cyient Ltd,India,IT Services,2024,1.68188026,71.89815939,8.954473981,0.066722117,0.178059938,0.574441323,0.238376761,0.096262314,69935634.87,0.204413464,0.084513815,0.099342396,0.452099611,75868929.2,5,11.11111111,TRUE,71.69608534,49.5069615,6.48422363,3.430826821,3.2018101,2.0913519206259155
85,CYIE.NS,Cyient Ltd,India,IT Services,2023,1.86501104,74.96776843,8.92441573,0.112456451,0.236749672,0.60393371,0.26880164,0.005154492,-9262147.57,0.146561563,0.077260266,0.110643098,17.10896777,84319136.17,9,12.5,TRUE,77.53765069,50.8942912,9.19075493,3.403141173,2.591949545,1.7120204515060875
85,CYIE.NS,Cyient Ltd,India,IT Services,2022,1.950084488,66.95433073,8.901454873,0.185977612,0.308959851,0.656552217,0.275270624,0.009437852,-68354430.38,0.152545916,0.077488126,0.111146745,22.56603471,62609542.36,6,9.090909091,TRUE,66.32706201,47.43720201,7.609364978,3.370596035,5.897141859,2.0471416399421947
87,CHMB.NS,Chambal Fertilisers and Chemicals Ltd,India,Chemicals,2024,1.893412212,35.92433176,9.125448333,0.008658062,0.102933273,0.438322464,0.085714529,0.000623317,-246928.0281,0.088173189,0.159701614,0.602050898,-9.625202091,193023990.6,8,12.5,TRUE,33.49612264,23.94828317,6.48422363,3.430826821,3.2018101,1.8944306106684188
87,CHMB.NS,Chambal Fertilisers and Chemicals Ltd,India,Chemicals,2023,1.840952093,37.32801744,9.140130854,0.162823433,0.176956756,0.480847236,0.017931935,0.006372421,8749850.03,0.157915487,0.110425173,0.573729013,-36.23295242,153059388.1,4,12.5,TRUE,46.10703365,25.89459911,9.19075493,3.403141173,2.591949545,1.588434746105587
87,CHMB.NS,Chambal Fertilisers and Chemicals Ltd,India,Chemicals,2022,1.657599678,34.09204562,9.191532847,0.262989944,0.246838114,0.552816926,0.011699988,3.91541e-6,-60259250.24,0.130417789,0.109294624,0.49824629,59.67058734,125826436.2,5,22.22222222,TRUE,31.13359774,28.56355904,7.609364978,3.370596035,5.897141859,1.6634078051139969
88,CHPA.NS,Chemplast Sanmar Ltd,India,Chemicals,2024,0.997709995,45.62027255,8.881414376,0.283202551,0.417462814,0.612172925,0.081205522,0.051416305,-19849034.52,0.094977006,0.106676877,0.711967511,8.062288368,-12915155.06,5,12.5,TRUE,36.20220662,42.6590127,6.48422363,3.430826821,3.2018101,1.7520039161213572
88,CHPA.NS,Chemplast Sanmar Ltd,India,Chemicals,2023,1.077888674,37.74288245,8.859433314,0.25662239,0.411843524,0.573602912,0.069159345,0.085632556,-46375524.9,0.117286558,0.100063015,0.679317779,-21.73834369,-19007798.44,5,12.5,TRUE,27.58914869,33.06446536,9.19075493,3.403141173,2.591949545,2.146100130192101
88,CHPA.NS,Chemplast Sanmar Ltd,India,Chemicals,2022,1.119347111,35.65967145,8.85151215,0.174618839,0.382805901,0.561632955,0.115075973,0.146289814,13538218.11,0.18638082,0.115154443,0.614679009,-22.5271627,18543086.66,7,8.333333333,TRUE,20.50236165,39.01995349,7.609364978,3.370596035,5.897141859,1.5557963602167164
89,DABU.NS,Dabur India Ltd,India,Personal Care Products,2024,5.567367309,69.40345804,9.278667458,0.058548152,0.266040261,0.79506001,0.04179287,0.000233485,15582211.82,0.171290776,0.156020596,0.182740194,-1.206607194,203677004.1,5,12.5,TRUE,89.58542463,66.55424363,6.48422363,3.430826821,3.2018101,3.1050050317820093
89,DABU.NS,Dabur India Ltd,India,Personal Care Products,2023,5.788318512,69.4960638,9.258723158,0.09026773,0.259903007,0.747744646,0.061316446,0.000436431,-14247150.57,0.167671578,0.138888742,0.183170576,6.045384266,217313737.3,5,7.142857143,TRUE,92.74820816,59.86545351,9.19075493,3.403141173,2.591949545,2.378384470826092
89,DABU.NS,Dabur India Ltd,India,Personal Care Products,2022,6.305660326,71.3675133,9.220611236,0.08596442,0.264342478,0.771062846,0.031304112,0.002477595,-15774099.32,0.079087194,0.151443091,0.176701671,-2.265971817,207075219.1,5,7.142857143,TRUE,89.83667159,56.47644928,7.609364978,3.370596035,5.897141859,2.1241451420667
90,DCMS.NS,DCM Shriram Ltd,India,Chemicals,2024,1.473283225,49.43915978,9.173192408,0.198600716,0.25423826,0.565112341,0.051470179,0.0,32373317.73,0.081324696,0.219873502,0.56791544,8.720819632,70716208.31,5,8.333333333,TRUE,19.21325635,56.5873194,6.48422363,3.430826821,3.2018101,2.022883018113827
90,DCMS.NS,DCM Shriram Ltd,India,Chemicals,2023,1.583236588,47.73622272,9.141642162,0.186296063,0.238790242,0.548600654,0.047019193,0.0,-12829034.19,0.059611233,0.231797484,0.582440694,-6.717376615,53641271.75,6,16.66666667,TRUE,22.35435762,57.49524751,9.19075493,3.403141173,2.591949545,1.915694393758597
90,DCMS.NS,DCM Shriram Ltd,India,Chemicals,2022,1.718233837,41.4470955,9.115609297,0.159223455,0.237796649,0.563066187,0.031298782,0.0,-58611246.35,0.089416116,0.221647384,0.525086622,13.2996211,110861733.2,6,16.66666667,TRUE,24.83583394,46.60880304,7.609364978,3.370596035,5.897141859,2.648922281604678
91,DELH.NS,Delhivery Ltd,India,Air Freight & Logistics,2024,2.888866902,20.38581783,9.149748121,0.117846729,0.116723721,0.535181514,0.153379061,0.009947663,3859449.971,0.329375478,0.003460626,0.208645431,7.01163107,18971328.26,5,11.11111111,TRUE,31.62338475,24.86507397,6.48422363,3.430826821,3.2018101,1.506677386842907
91,DELH.NS,Delhivery Ltd,India,Air Freight & Logistics,2023,2.95862543,17.79617059,9.138014415,0.102098835,0.117569252,0.583320987,0.136068229,0.010477586,904019.1962,0.348608583,0.004186145,0.170157827,11.07219042,-29896340.73,9,10.0,TRUE,24.26746341,26.10557817,9.19075493,3.403141173,2.591949545,1.336216867530887
91,DELH.NS,Delhivery Ltd,India,Air Freight & Logistics,2022,2.967204666,15.1051621,9.13507793,0.082351542,0.116398225,0.640980902,0.1765614,0.005796622,12227361.25,0.526709591,0.008105551,0.132282754,-3.013210379,-122660540.4,20,8.333333333,TRUE,19.84347018,21.21596012,7.609364978,3.370596035,5.897141859,2.1047792013300106
92,DEVY.NS,Devyani International Ltd,India,"Hotels, Restaurants & Leisure",2024,3.91819347,31.05731172,8.795712956,0.597088622,0.208456158,0.262208939,0.162978565,0.0,1606787.595,0.035914352,0.028726788,0.658674578,35.79711984,-807489.7601,5,8.333333333,TRUE,30.89031885,46.65526033,6.48422363,3.430826821,3.2018101,1.115288944531701
92,DEVY.NS,Devyani International Ltd,India,"Hotels, Restaurants & Leisure",2023,4.023246476,29.71482416,8.772157263,0.589094633,0.189767888,0.241448566,0.179100683,0.002673518,12604199.16,0.078492977,0.026566706,0.64897925,16.94018921,-1158008.398,4,8.333333333,TRUE,31.88474979,41.05236765,9.19075493,3.403141173,2.591949545,1.098954425063905
92,DEVY.NS,Devyani International Ltd,India,"Hotels, Restaurants & Leisure",2022,6.642469646,13.27671688,8.560796753,0.523607115,0.179180245,0.265330513,0.116877223,0.007547866,625608.5686,0.034765153,0.045790451,0.732143628,32.88655948,31951557.94,10,10.0,TRUE,16.69942585,20.31529671,7.609364978,3.370596035,5.897141859,1.3790036156455896
93,DIBL.NS,Dilip Buildcon Ltd,India,Construction & Engineering,2024,0.378819612,39.17446274,9.362961215,0.483441924,0.336786343,0.453245311,0.042609579,0.003565543,-32044739.61,0.021070981,0.206405306,0.257781887,-8.102807379,98293856.06,6,12.5,TRUE,53.13709601,25.5994006,6.48422363,3.430826821,3.2018101,1.7947912433101665
93,DIBL.NS,Dilip Buildcon Ltd,India,Construction & Engineering,2023,0.441272976,34.38631983,9.300257487,0.435445896,0.407843374,0.553077704,0.035925723,0.008521906,32421319.74,0.024620097,0.238720958,0.259666599,11.24393159,24120155.97,5,12.5,TRUE,57.76764513,24.27290201,9.19075493,3.403141173,2.591949545,1.496359381746351
93,DIBL.NS,Dilip Buildcon Ltd,India,Construction & Engineering,2022,0.464266069,21.67892149,9.273968233,0.432364274,0.448814216,0.605836379,0.009243074,0.0,-46839203.99,0.01119147,0.241714593,0.270367946,2.785028201,-169474.1967,4,12.5,TRUE,42.37552483,16.18245952,7.609364978,3.370596035,5.897141859,1.319403347092272
94,DIVI.NS,Divi's Laboratories Ltd,India,Life Sciences Tools & Services,2024,9.466273925,57.90902633,9.296996193,0.000236239,0.085754784,0.739684157,0.01446281,0.023269549,5851375.073,0.026166842,0.196255611,0.381526104,16.37948685,256407255.7,5,16.66666667,TRUE,54.39866361,58.63078275,6.48422363,3.430826821,3.2018101,1.3370686312150497
94,DIVI.NS,Divi's Laboratories Ltd,India,Life Sciences Tools & Services,2023,10.20397765,63.33321659,9.26858471,0.000193924,0.082611506,0.672985782,0.01799687,0.021978022,23155368.93,0.024781709,0.210989011,0.356367162,-0.444340582,191961607.7,4,16.66666667,TRUE,72.23105779,63.22484744,9.19075493,3.403141173,2.591949545,1.3370686312150497
94,DIVI.NS,Divi's Laboratories Ltd,India,Life Sciences Tools & Services,2022,10.64096022,66.0368685,9.244869768,0.000225781,0.076258573,0.65866673,0.026274204,0.009749445,-127198150.0,0.011721598,0.210149479,0.34138642,-19.91126992,221930379.7,4,16.66666667,TRUE,72.07543249,69.39177088,7.609364978,3.370596035,5.897141859,1.6159558055441758
95,DIXO.NS,Dixon Technologies (India) Ltd,India,Household Durables,2024,5.867234004,49.64544467,9.29273993,0.04001701,0.751209975,0.915587857,0.0,0.015717304,3554125.219,0.238425716,0.238112421,0.175009408,114.2631687,144245757.8,6,12.5,TRUE,60.76667995,48.6794322,6.48422363,3.430826821,3.2018101,2.0647715440052465
95,DIXO.NS,Dixon Technologies (India) Ltd,India,Household Durables,2023,14.0173403,44.39408045,8.923661652,0.069939712,0.676772343,0.893331571,0.041846133,0.0,-1986802.639,0.041708739,0.254579522,0.286000758,43.03075919,44981403.72,6,14.28571429,TRUE,62.02017283,48.67194337,9.19075493,3.403141173,2.591949545,1.892257301047478
95,DIXO.NS,Dixon Technologies (India) Ltd,India,Household Durables,2022,20.55342168,44.70280171,8.755532524,0.096825895,0.628493214,0.866393481,0.072955025,0.0,4939143.135,0.052822417,0.217488027,0.28007471,5.292981242,31046738.07,7,14.28571429,TRUE,64.15558568,42.05338425,7.609364978,3.370596035,5.897141859,1.6662299907019078
96,DLF.NS,DLF Ltd,India,Real Estate Management & Development,2024,2.622190703,71.73157008,9.910118829,0.059053056,0.319539635,0.824512853,0.010766038,0.002515982,-75169268.58,0.17195647,0.354391538,0.011492645,24.66408513,315331667.6,6,26.66666667,TRUE,61.88013937,74.85407695,6.48422363,3.430826821,3.2018101,3.265829522757594
96,DLF.NS,DLF Ltd,India,Real Estate Management & Development,2023,3.01766972,77.21572987,9.859140798,0.080213537,0.234584298,0.678614408,0.007671364,0.010936901,142348938.2,0.108397582,0.351033694,0.013969554,8.260934102,195610737.9,4,28.57142857,TRUE,67.80905647,81.35761631,9.19075493,3.403141173,2.591949545,3.346342000691726
96,DLF.NS,DLF Ltd,India,Real Estate Management & Development,2022,3.293069102,68.03850988,9.817153809,0.061823095,0.202623369,0.672830303,0.013973616,0.000237984,-11988571.08,0.044052045,0.359019958,0.016536952,-7.982019363,133996798.9,5,12.5,TRUE,57.45279352,66.40365827,7.609364978,3.370596035,5.897141859,3.0869097261081464
97,DLPA.NS,Dr. Lal PathLabs Ltd,India,Health Care Providers & Services,2024,9.911674026,59.04795706,8.502343523,0.057947127,0.148098839,0.739521607,0.059733617,0.098863842,-7993797.542,0.462329452,0.014793946,0.124882812,7.826286749,57607021.65,5,30.0,FALSE,69.49687774,50.9561558,6.48422363,3.430826821,3.2018101,1.721870415225646
97,DLPA.NS,Dr. Lal PathLabs Ltd,India,Health Care Providers & Services,2023,10.86421703,63.76578767,8.469316216,0.100543046,0.18875773,0.76412936,0.053664724,0.136832273,11661907.62,0.389483667,0.01578159,0.141279816,8.823963154,43466466.71,5,30.0,FALSE,77.73721402,47.26575363,9.19075493,3.403141173,2.591949545,1.8386754573750133
97,DLPA.NS,Dr. Lal PathLabs Ltd,India,Health Care Providers & Services,2022,11.10733967,58.79006086,8.462930278,0.175847452,0.196915025,0.653102338,0.028787469,0.1048843,-13931840.31,0.320560873,0.014894603,0.169339133,-10.73884494,29342380.72,4,25.0,0,66.00357532,47.61250953,7.609364978,3.370596035,5.897141859,1.1805553087045006
98,DPFE.NS,Deepak Fertilisers and Petrochemicals Corp Ltd,India,Chemicals,2024,1.36133692,48.81066002,9.187135076,0.315826743,0.268189224,0.510208363,0.069613307,0.008257768,15117612.64,0.047970895,0.086507672,0.557548819,15.51192026,110552369.8,7,18.18181818,TRUE,50.21144155,45.8364712,6.48422363,3.430826821,3.2018101,1.3995173843590778
98,DPFE.NS,Deepak Fertilisers and Petrochemicals Corp Ltd,India,Chemicals,2023,1.481157434,34.71852765,9.164678924,0.340677306,0.250810462,0.460256134,0.073404858,0.0000525527,-6526694.661,0.052156649,0.102445838,0.553422334,-24.32125641,56095980.8,7,18.18181818,TRUE,57.64488468,34.77176691,9.19075493,3.403141173,2.591949545,1.791657719590801
98,DPFE.NS,Deepak Fertilisers and Petrochemicals Corp Ltd,India,Chemicals,2022,1.59012087,34.98706364,9.143051686,0.323860607,0.246682269,0.443392648,0.054163221,0.011089018,14381694.26,0.117040467,0.115789833,0.51871912,36.23197623,148597857.8,5,18.18181818,TRUE,70.61911292,26.22839817,7.609364978,3.370596035,5.897141859,1.414116156049988
99,DPNT.NS,Deepak Nitrite Ltd,India,Chemicals,2024,3.177760628,42.0105555,8.955774138,0.164170015,0.119564584,0.39620438,0.060156487,0.016054068,-6853130.486,0.146004345,0.126767535,0.524672602,5.162378616,81611468.7,6,8.333333333,TRUE,21.04951303,28.20563765,6.48422363,3.430826821,3.2018101,1.909196085217343
99,DPNT.NS,Deepak Nitrite Ltd,India,Chemicals,2023,3.896736535,40.80283237,8.864155027,0.04692744,0.128778161,0.604078178,0.0368889,0.03428518,24034793.04,0.112002167,0.129599982,0.494834504,-5.016326991,97287342.53,5,7.692307692,TRUE,24.43603268,28.11966781,9.19075493,3.403141173,2.591949545,1.6526411557749108
99,DPNT.NS,Deepak Nitrite Ltd,India,Chemicals,2022,4.516725704,45.62221956,8.795350253,0.014206218,0.154767058,0.764127149,0.029769704,0.002731665,1800146.056,0.086432196,0.177731763,0.428198739,8.270752707,103700097.4,5,8.333333333,TRUE,24.33102428,30.03266656,7.609364978,3.370596035,5.897141859,1.8348215655331563
100,DSTV.NS,Dish TV India Ltd,India,Media,2024,0.399886884,36.32011524,8.430730822,0.015066477,2.398591017,0.996233824,0.0,0.01560038,724400.2341,0.066537129,0.090064633,0.576528243,-17.63801206,-57069631.36,16,33.33333333,TRUE,26.28233372,22.30985531,6.48422363,3.430826821,3.2018101,0.0
100,DSTV.NS,Dish TV India Ltd,India,Media,2024,0.399886884,36.32011524,8.430730822,0.015066477,2.398591017,0.996233824,0.0,0.01560038,724400.2341,0.066537129,0.090064633,0.576528243,-17.63801206,-57069631.36,16,33.33333333,TRUE,26.28233372,22.30985531,6.48422363,3.430826821,3.2018101,1.1450072175868964
100,DSTV.NS,Dish TV India Ltd,India,Media,2023,0.335029797,49.76409111,8.511925844,0.000830522,2.014074577,0.99835328,0.0,0.010981345,-845830.8338,0.040637202,0.142561846,0.497441993,-19.09171462,-235941211.8,20,66.66666667,FALSE,58.57157901,24.7278789,9.19075493,3.403141173,2.591949545,0.0
100,DSTV.NS,Dish TV India Ltd,India,Media,2023,0.335029797,49.76409111,8.511925844,0.000830522,2.014074577,0.99835328,0.0,0.010981345,-845830.8338,0.040637202,0.142561846,0.497441993,-19.09171462,-235941211.8,20,66.66666667,FALSE,58.57157901,24.7278789,9.19075493,3.403141173,2.591949545,1.2130109282152846
100,DSTV.NS,Dish TV India Ltd,India,Media,2022,0.199522475,38.9340274,8.739146178,0.016555116,1.171205639,0.996742142,0.006972814,0.0,-62074.00195,0.025047906,0.076319971,0.294936265,-25.43945315,-204909931.8,9,20.0,TRUE,39.74319265,13.8478275,7.609364978,3.370596035,5.897141859,1.0
100,DSTV.NS,Dish TV India Ltd,India,Media,2022,0.199522475,38.9340274,8.739146178,0.016555116,1.171205639,0.996742142,0.006972814,0.0,-62074.00195,0.025047906,0.076319971,0.294936265,-25.43945315,-204909931.8,9,20.0,TRUE,39.74319265,13.8478275,7.609364978,3.370596035,5.897141859,1.0
102,EASM.NS,Easy Trip Planners Ltd,India,"Hotels, Restaurants & Leisure",2023,3.412110691,34.70717912,8.030243874,0.021787955,0.273914995,0.846708107,0.0,0.113633083,16389562.09,0.308650234,0.095422739,0.021631288,29.70377408,10226274.75,14,16.66666667,TRUE,44.29772009,39.86145139,9.19075493,3.403141173,2.591949545,1.0
102,EASM.NS,Easy Trip Planners Ltd,India,"Hotels, Restaurants & Leisure",2022,4.394412408,40.11811927,7.928504425,0.124576153,0.457969754,0.976295793,0.0,0.069304956,-4011806.232,0.432769848,0.376360148,0.022954809,76.16063828,16322176.24,14,16.66666667,TRUE,60.33131259,40.43603972,7.609364978,3.370596035,5.897141859,1.3073295921876251
103,ECLE.NS,eClerx Services Limited,India,Professional Services,2024,6.493193449,72.20825165,8.566001508,0.11385322,0.140102611,0.52471869,1.1972218,0.004462956,21971094.21,0.355389371,0.0000721626,0.157367915,12.22348323,63342188.41,5,18.18181818,TRUE,84.39741841,66.3153282,6.48422363,3.430826821,3.2018101,3.03451514655118
103,ECLE.NS,eClerx Services Limited,India,Professional Services,2023,6.502874871,64.77368653,8.54388832,0.091130343,0.124645624,0.543678632,0.937549522,0.004512965,-7684823.035,0.483767892,0.00022119,0.126938457,8.908110838,61395440.91,5,11.11111111,0,79.44583784,58.67407717,9.19075493,3.403141173,2.591949545,2.1849615575968047
103,ECLE.NS,eClerx Services Limited,India,Professional Services,2022,7.534961646,68.21234103,8.444746994,0.084606494,0.15309449,0.611376343,1.193064204,0.0000542019,-279333.0088,0.307493171,0.000198449,0.122314385,13.23151848,59540043.82,5,12.5,0,84.36998466,58.10073178,7.609364978,3.370596035,5.897141859,2.063867542819326
104,EICH.NS,Eicher Motors Ltd,India,Automobiles,2024,6.055151785,53.37841824,9.502448057,0.016858876,0.156977833,0.72572951,0.051329417,0.0,14110005.85,0.158309115,0.063839105,0.099212458,11.31374824,554059684.0,7,12.5,TRUE,48.22798931,54.40703878,6.48422363,3.430826821,3.2018101,2.294981849312704
104,EICH.NS,Eicher Motors Ltd,India,Automobiles,2023,6.760645715,57.48231413,9.44323116,0.018135648,0.155587206,0.70801393,0.029793714,0.0,5449310.138,0.074885123,0.067421079,0.105236396,12.86174441,480025195.0,6,16.66666667,TRUE,51.28012986,54.85147746,9.19075493,3.403141173,2.591949545,2.566617813165223
104,EICH.NS,Eicher Motors Ltd,India,Automobiles,2022,7.963641141,43.88544993,9.368587413,0.015023201,0.168488418,0.768790881,0.027456424,0.0,1024829.601,0.060369936,0.076551597,0.11999027,29.56162648,354666504.4,6,16.66666667,TRUE,40.91154955,37.55346313,7.609364978,3.370596035,5.897141859,1.84509592107098
105,EIDP.NS,E I D-Parry (India) Ltd,India,Chemicals,2024,0.804672918,40.15041606,9.455346751,0.110906629,0.426348599,0.632079671,0.011500744,0.011662164,-90395552.95,0.066559213,0.27422122,0.224011245,4.82333865,207435927.4,6,20.0,TRUE,79.53624238,27.49013218,6.48422363,3.430826821,3.2018101,2.373811370865741
105,EIDP.NS,E I D-Parry (India) Ltd,India,Chemicals,2023,0.925443464,35.49953422,9.411391435,0.080969618,0.434224631,0.646550165,0.019158258,0.046323454,-31812837.43,0.095555666,0.323285256,0.231821989,-17.73538955,194069586.1,8,20.0,TRUE,69.293694,22.43705149,9.19075493,3.403141173,2.591949545,2.5070828337042923
105,EIDP.NS,E I D-Parry (India) Ltd,India,Chemicals,2022,1.049358558,29.32306575,9.359000005,0.086153938,0.451098811,0.667338132,0.015536628,0.069653135,80503894.84,0.084123621,0.329893048,0.22818833,38.38479177,222461051.6,9,11.11111111,TRUE,70.33489694,20.37603449,7.609364978,3.370596035,5.897141859,2.1812133849400888
106,EIHO.NS,EIH Ltd,India,"Hotels, Restaurants & Leisure",2024,4.234874209,36.66608216,8.834666199,0.045390943,0.095817561,0.456126936,0.137942559,0.05148886,34320772.38,0.202837781,0.014589175,0.505422093,6.548877452,90099356.35,8,30.0,TRUE,33.46858772,39.08682233,6.48422363,3.430826821,3.2018101,2.929928777592274
106,EIHO.NS,EIH Ltd,India,"Hotels, Restaurants & Leisure",2023,4.847319297,28.86989049,8.782249788,0.039478498,0.107784239,0.490716216,0.059697872,0.010319864,392201.5597,0.166127235,0.016935995,0.507461049,22.61782433,81308338.33,6,30.0,TRUE,21.66806007,41.68335841,9.19075493,3.403141173,2.591949545,2.553566423172949
106,EIHO.NS,EIH Ltd,India,"Hotels, Restaurants & Leisure",2022,5.42313826,27.11103149,8.729478678,0.054097609,0.115233857,0.49189841,0.114000524,0.00637242,2126825.706,0.089076149,0.01448368,0.561647031,89.29284039,41281158.71,6,25.0,TRUE,27.39860885,29.39317206,7.609364978,3.370596035,5.897141859,1.7764478938910708
107,ELCN.NS,Elecon Engineering Company Ltd,India,Electrical Equipment,2024,4.454674914,53.6162613,8.504366258,0.066397506,0.196785457,0.734995484,0.131032172,0.032372585,5753071.972,0.332760188,0.096974871,0.282193979,12.11976399,48578115.86,4,12.5,TRUE,55.49470125,31.97622325,6.48422363,3.430826821,3.2018101,1.060072173997456
107,ELCN.NS,Elecon Engineering Company Ltd,India,Electrical Equipment,2023,5.775020727,41.70126415,8.406248908,0.033173258,0.187999058,0.767948151,0.206180662,0.012881356,3280143.971,0.272108597,0.109486817,0.293135593,24.84680147,42661067.79,4,12.5,TRUE,45.39835582,28.53623916,9.19075493,3.403141173,2.591949545,1.196834231578264
107,ELCN.NS,Elecon Engineering Company Ltd,India,Electrical Equipment,2022,6.779398008,33.22677842,8.32387996,0.027296892,0.203524183,0.778380367,0.176845643,0.011553317,-245180.1363,0.122938657,0.161800253,0.351343998,16.60236058,28906219.57,5,14.28571429,TRUE,52.80855458,22.60922047,7.609364978,3.370596035,5.897141859,1.3287498008192828
108,ELGE.NS,Elgi Equipments Ltd,India,Machinery,2024,4.892766326,50.44554698,8.551375754,0.189445997,0.355778399,0.920231312,0.092043249,0.006805852,-12767700.41,0.304426095,0.204274207,0.13384843,6.413310559,40983031.01,5,12.5,TRUE,61.35874438,31.52843593,6.48422363,3.430826821,3.2018101,1.5888782007682969
108,ELGE.NS,Elgi Equipments Ltd,India,Machinery,2023,5.288338326,31.5913731,8.52948609,0.225444411,0.391358015,0.91250622,0.084900978,0.048112925,12561487.7,0.292975104,0.225647181,0.127201493,4.312349276,37418836.23,4,11.11111111,TRUE,50.13674581,23.4048705,9.19075493,3.403141173,2.591949545,2.123409816673559
108,ELGE.NS,Elgi Equipments Ltd,India,Machinery,2022,5.932058109,28.28875384,8.483550493,0.229464814,0.408188091,0.90331076,0.086357257,0.014612082,1021665.044,0.268160736,0.24581701,0.139307472,11.26327324,45132546.25,5,10.0,TRUE,40.32106601,23.84522656,7.609364978,3.370596035,5.897141859,1.7505301946670393
109,ELST.NS,Electrosteel Castings Ltd,India,Building Products,2024,0.614476925,43.45875598,9.054849902,0.219224727,0.286631431,0.710061168,0.060221002,0.0,-13075225.28,0.028248292,0.265646308,0.448064024,-4.519090078,83055915.74,4,22.22222222,TRUE,64.40781424,27.76295057,6.48422363,3.430826821,3.2018101,1.8016065993354893
109,ELST.NS,Electrosteel Castings Ltd,India,Building Products,2023,0.659833964,46.60157675,9.038529701,0.256046941,0.318302833,0.725630017,0.096261873,0.001118073,5829202.16,0.058186216,0.258927415,0.455621095,1.315908894,88800575.88,4,22.22222222,TRUE,65.8179642,31.07488391,9.19075493,3.403141173,2.591949545,1.7548216616064654
109,ELST.NS,Electrosteel Castings Ltd,India,Building Products,2022,0.705015207,38.62603881,9.015708244,0.313125507,0.34534551,0.711286907,0.07665023,0.000732385,2040214.216,0.053603225,0.2775732,0.472549379,27.27421237,38489934.27,5,21.05263158,TRUE,72.3709275,30.84403465,7.609364978,3.370596035,5.897141859,2.260571357114105
110,EMAM.NS,Emami Ltd,India,Personal Care Products,2024,6.90044856,52.65730675,8.616508429,0.025410419,0.220552304,0.929088099,0.108584316,0.00565991,6046951.434,0.221292741,0.087191644,0.165881878,3.842275072,93943194.85,4,18.75,TRUE,58.37196011,38.13479074,6.48422363,3.430826821,3.2018101,3.054029559799967
110,EMAM.NS,Emami Ltd,India,Personal Care Products,2023,7.414990262,59.79382466,8.594928781,0.028647694,0.231370594,0.910831542,0.054229517,0.003598833,740119.976,0.129738459,0.098606916,0.188112487,3.561043375,86878944.21,5,18.75,TRUE,70.97241325,46.73020427,9.19075493,3.403141173,2.591949545,2.724867890254405
110,EMAM.NS,Emami Ltd,India,Personal Care Products,2022,8.081227425,45.83680892,8.578079291,0.029103636,0.232771688,0.896950147,0.040222521,0.00568146,2338376.339,0.09023422,0.105483894,0.210389015,-1.432841179,76364593.48,6,12.5,TRUE,59.03759417,28.21557971,7.609364978,3.370596035,5.897141859,2.894817935641368
111,ENDU.NS,Endurance Technologies Ltd,India,Automobile Components,2024,4.213648081,47.90984273,9.029199963,0.103254403,0.294532141,0.786650555,0.378503031,0.0,60179403.16,0.223627093,0.107709786,0.427014773,10.11459993,97876301.93,5,20.0,TRUE,79.02107391,25.99206924,6.48422363,3.430826821,3.2018101,1.1384244313181366
111,ENDU.NS,Endurance Technologies Ltd,India,Automobile Components,2023,4.788145022,40.55526444,8.975934316,0.097054235,0.283732161,0.769336437,0.225538733,0.0,26030593.88,0.183987366,0.116074501,0.417258265,14.65933509,81642231.55,5,20.0,TRUE,71.44387039,26.19702838,9.19075493,3.403141173,2.591949545,1.391611622062543
111,ENDU.NS,Endurance Technologies Ltd,India,Automobile Components,2022,5.513540454,31.77046191,8.918005119,0.07567329,0.283828642,0.807727739,0.147436903,0.000441017,-13989532.62,0.147309184,0.12720279,0.412063119,7.73930742,58370861.73,7,20.0,TRUE,69.70960231,14.08456904,7.609364978,3.370596035,5.897141859,1.0844748110781772
112,ENGI.NS,Engineers India Ltd,India,Construction & Engineering,2024,2.037169428,34.97848119,8.789724754,0.004204072,0.4872592,0.988237203,0.0,0.252000578,-13109350.5,0.441520201,0.000132201,0.057425173,-8.203745916,55225629.02,5,16.66666667,TRUE,23.91978478,44.68031968,6.48422363,3.430826821,3.2018101,2.067438094505796
112,ENGI.NS,Engineers India Ltd,India,Construction & Engineering,2023,2.184615412,32.72463701,8.755044149,0.006962715,0.514788698,0.981703338,0.08436661,0.009426658,22457144.57,0.302056899,0.057564448,0.062842639,-2.8864577,43210713.86,8,15.38461538,TRUE,19.21531687,41.64140961,9.19075493,3.403141173,2.591949545,1.94506212349202
112,ENGI.NS,Engineers India Ltd,India,Construction & Engineering,2022,2.307869218,31.06164223,8.727605753,0.00430283,0.546579263,0.988423833,0.025529779,0.000512763,4097979.552,0.269460261,0.065974907,0.06200911,5.619537765,41898076.92,7,18.18181818,0,26.82612501,33.03992304,7.609364978,3.370596035,5.897141859,2.0150265320072185
113,EPLI.NS,EPL Ltd,India,Containers & Packaging,2024,1.807984296,64.28803797,8.670944669,0.200349519,0.287479715,0.697582844,0.162136344,0.001048558,-1228788.765,0.055292906,0.185295219,0.472600175,4.945095526,42574605.03,8,12.5,TRUE,58.62162614,76.98906772,6.48422363,3.430826821,3.2018101,2.6781510129883914
113,EPLI.NS,EPL Ltd,India,Containers & Packaging,2023,1.903125006,51.47857231,8.659871162,0.239530548,0.284637803,0.631318425,0.176828706,0.002546801,-4487102.579,0.054656842,0.177882217,0.479376165,4.496068708,25206958.61,5,12.5,TRUE,41.2748388,62.67575642,9.19075493,3.403141173,2.591949545,2.395754050465209
113,EPLI.NS,EPL Ltd,India,Containers & Packaging,2022,1.970150553,48.47227435,8.645509323,0.244892902,0.265045978,0.585940353,0.210969149,0.009828754,6329113.924,0.071434627,0.175348274,0.471422279,-0.58555276,28079357.35,7,12.5,TRUE,41.79797614,57.0102108,7.609364978,3.370596035,5.897141859,1.4888135243324785
114,ERDY.NS,Eveready Industries India Ltd,India,Household Products,2024,2.722476086,47.41983103,8.104743116,0.286911705,0.404423681,0.70210145,0.013849676,0.0,-169397.3084,0.040876474,0.264196463,0.34847787,-0.213180389,9648344.061,4,7.692307692,TRUE,50.20498566,32.55180814,6.48422363,3.430826821,3.2018101,2.120279590334592
114,ERDY.NS,Eveready Industries India Ltd,India,Household Products,2023,3.156611433,49.50353781,8.06276136,0.318280676,0.420295524,0.702287008,0.018625064,0.0,506706.6587,0.034431561,0.277790076,0.304681327,-2.4260842,8010725.855,6,8.333333333,TRUE,47.91228902,34.04471045,9.19075493,3.403141173,2.591949545,1.8335673154527723
114,ERDY.NS,Eveready Industries India Ltd,India,Household Products,2022,3.024786794,48.84857255,8.077859553,0.404958938,0.436432986,0.646555369,0.007729256,0.0,-5054734.664,0.035417301,0.276293154,0.31018631,1.643193886,3362220.058,6,12.5,TRUE,60.72195534,27.43053936,7.609364978,3.370596035,5.897141859,1.299165375929623
115,ERIS.NS,Eris Lifesciences Ltd,India,Pharmaceuticals,2024,3.403130503,45.10818146,8.915439048,0.352319082,0.196410722,0.330570186,0.144521098,0.0,12345231.13,0.028453094,0.055394651,0.103624681,40.48410459,43846693.97,5,12.5,TRUE,60.13285187,35.37660852,6.48422363,3.430826821,3.2018101,1.727492965206979
115,ERIS.NS,Eris Lifesciences Ltd,India,Pharmaceuticals,2023,3.308021948,46.72029297,8.926695431,0.395040949,0.359645535,0.568457753,0.037179067,0.0,4585842.831,0.359835955,0.042982987,0.079300216,17.52421744,47636952.61,6,12.5,TRUE,65.50309321,35.33948418,9.19075493,3.403141173,2.591949545,1.325587014524729
115,ERIS.NS,Eris Lifesciences Ltd,India,Pharmaceuticals,2022,6.180449356,46.38915998,8.649689324,0.239059882,0.120859929,0.301244444,0.126394018,0.0,627069.1334,0.034978351,0.054402006,0.102902985,15.57029013,45540408.96,6,12.5,TRUE,55.79816123,42.96103896,7.609364978,3.370596035,5.897141859,1.325587014524729
116,ESAB.NS,ESAB India Ltd,India,Machinery,2024,12.41816947,64.53794825,7.879259333,0.00607325,0.423937568,0.959699143,0.237341888,0.0,3130485.664,0.170180095,0.215855355,0.221047752,7.753105386,20528964.31,6,16.66666667,TRUE,75.0300317,56.95493357,6.48422363,3.430826821,3.2018101,1.600174332875352
116,ESAB.NS,ESAB India Ltd,India,Machinery,2023,14.39226574,49.58460718,7.820238113,0.008294161,0.42498049,0.956028253,0.163819611,0.0,590281.9436,0.101689516,0.21984065,0.231819089,12.35505506,19553689.26,5,16.66666667,TRUE,34.63428072,55.47746661,9.19075493,3.403141173,2.591949545,1.699165433580894
116,ESAB.NS,ESAB India Ltd,India,Machinery,2022,16.57955997,46.67562509,7.761127073,0.008459737,0.42961119,0.952746327,0.164211353,0.0,1489776.047,0.107931312,0.273264277,0.236176452,12.87046224,16514118.79,6,16.66666667,TRUE,51.69979598,43.44395074,7.609364978,3.370596035,5.897141859,1.702012599632886
117,ESCO.NS,Escorts Kubota Ltd,India,Machinery,2024,2.908971664,43.35666736,9.185509166,0.008029933,0.181752248,0.871504453,0.021632475,0.02222928,12578115.86,0.255952785,0.108206366,0.160630729,1.923159851,131545933.3,7,16.66666667,TRUE,28.51728467,57.21443943,6.48422363,3.430826821,3.2018101,2.0303173781360213
117,ESCO.NS,Escorts Kubota Ltd,India,Machinery,2023,3.012647497,26.34857294,9.172576318,0.036161113,0.218276981,0.898380797,0.041824744,0.009936525,6515896.821,0.304298461,0.140645814,0.179759743,14.65153812,113140971.8,6,16.66666667,TRUE,35.19173053,26.77892229,9.19075493,3.403141173,2.591949545,2.962330538746345
117,ESCO.NS,Escorts Kubota Ltd,India,Machinery,2022,3.66342857,28.88151724,9.089025376,0.005681576,0.170139898,0.903809283,0.042018766,0.010911997,11032132.42,0.211001679,0.124669442,0.183602159,7.573440356,77489045.76,8,25.0,TRUE,45.15523115,22.80173071,7.609364978,3.370596035,5.897141859,2.389785304750986
118,EXID.NS,Exide Industries Ltd,India,Automobile Components,2024,1.537445658,57.63800992,9.39862722,0.094254949,0.274830777,0.785846302,0.027071426,0.001010921,-16637799.88,0.026822256,0.216353926,0.340230311,0.265278401,93680514.92,5,11.11111111,TRUE,56.75008876,60.15450319,6.48422363,3.430826821,3.2018101,1.7914149128117631
118,EXID.NS,Exide Industries Ltd,India,Automobile Components,2023,1.783791416,57.02029957,9.337971504,0.061866048,0.245044358,0.844952581,0.068799522,0.000936638,22940611.88,0.038840378,0.217203617,0.271350114,9.630791425,105917216.6,6,11.11111111,TRUE,62.31268405,54.7073661,9.19075493,3.403141173,2.591949545,1.7841719476900462
118,EXID.NS,Exide Industries Ltd,India,Automobile Components,2022,2.144734477,56.82803995,9.254651842,0.03984309,0.20479791,0.831927711,0.038391213,0.001061101,-6977848.101,0.048814433,0.233881016,0.265271187,8.916492043,100142405.1,7,11.11111111,TRUE,59.24015569,66.64931812,7.609364978,3.370596035,5.897141859,1.457279831937469
119,FDC.NS,F D C Ltd,India,Pharmaceuticals,2024,2.705051116,52.47340466,8.501866123,0.007800274,0.133258533,0.835727212,0.0,0.019445743,3048835.576,0.214349816,0.138194339,0.362641205,5.834858042,31221544.76,6,25.0,TRUE,69.49989528,40.61164149,6.48422363,3.430826821,3.2018101,1.3892922775605658
119,FDC.NS,F D C Ltd,India,Pharmaceuticals,2023,2.947317014,47.14728253,8.471455353,0.008313514,0.125855631,0.837437534,0.081835859,0.0,184007.1986,0.200029923,0.164062102,0.379873293,7.369519112,36599724.06,4,27.27272727,TRUE,77.62933254,28.77906431,9.19075493,3.403141173,2.591949545,1.4401120122376092
119,FDC.NS,F D C Ltd,India,Pharmaceuticals,2022,3.103205904,41.0502364,8.455100625,0.01208738,0.132977234,0.863299911,0.060619288,0.002134071,-1684384.129,0.195808894,0.147758282,0.381114296,7.85068732,23591540.9,5,30.0,TRUE,67.82167963,34.76776779,7.609364978,3.370596035,5.897141859,1.339182534690716
120,FINE.NS,Fineotex Chemical Ltd,India,Chemicals,2024,3.312118473,37.60879262,7.979247959,0.00026687,0.08237084,0.805443991,0.0,0.051185736,-3188402.575,0.075721398,0.079147779,0.237687498,-8.567154921,12780362.79,5,28.57142857,TRUE,51.20339435,29.32624334,6.48422363,3.430826821,3.2018101,1.4073937391242717
120,FINE.NS,Fineotex Chemical Ltd,India,Chemicals,2023,5.005598596,33.92355776,7.817996429,0.009468519,0.163114953,0.884732108,0.162762269,0.046274099,3123179.364,0.18931175,0.091410377,0.238977126,8.48195232,14520059.99,6,28.57142857,TRUE,32.53942936,42.72265193,9.19075493,3.403141173,2.591949545,1.0
120,FINE.NS,Fineotex Chemical Ltd,India,Chemicals,2022,6.504310725,28.27016671,7.711370687,0.017223134,0.15103375,0.862321503,0.478628422,0.068637747,165445.4722,0.165311641,0.111884843,0.210940932,29.70409825,10900048.69,6,25.0,TRUE,48.38660516,26.40568279,7.609364978,3.370596035,5.897141859,1.0
121,FINO.NS,Fine Organic Industries Ltd,India,Chemicals,2024,5.550888514,21.51370836,8.468078223,0.001113366,0.085404245,0.995260008,0.608681844,0.02335616,-59204072.56,0.439552397,0.167773488,0.154557195,4.259641473,48136325.34,5,18.18181818,TRUE,24.03028202,20.14440088,6.48422363,3.430826821,3.2018101,2.724713975083857
121,FINO.NS,Fine Organic Industries Ltd,India,Chemicals,2023,6.617488204,21.92232128,8.402917264,0.002007716,0.087414542,0.986773722,0.48231258,0.287596839,21623371.33,0.572078118,0.132214722,0.140572851,-30.77773776,49734073.19,5,10.0,TRUE,26.75796325,16.97242449,9.19075493,3.403141173,2.591949545,2.439993443717263
121,FINO.NS,Fine Organic Industries Ltd,India,Chemicals,2022,7.637858012,25.06849811,8.342202441,0.015789186,0.146428912,0.996926001,0.349026042,0.233863533,35195387.05,0.390749187,0.266809498,0.140035645,48.84891484,75447492.7,4,10.0,TRUE,40.54726998,19.17053835,7.609364978,3.370596035,5.897141859,2.5012381246666626
122,FINX.NS,Finolex Industries Ltd,India,Chemicals,2024,1.708456402,43.91568882,8.936457856,0.032071559,0.132439619,0.760789379,0.014197165,0.004133065,4943241.662,0.309714139,0.108646384,0.145797915,-6.421693555,93625512.0,7,30.0,TRUE,63.05028953,34.39468856,6.48422363,3.430826821,3.2018101,2.4665329921647907
122,FINX.NS,Finolex Industries Ltd,India,Chemicals,2023,1.76851844,44.1129668,8.92776682,0.055817281,0.156354981,0.775179477,0.001948293,0.0,-769046.1908,0.299173357,0.108217092,0.152046303,-3.212621469,56819436.11,5,30.0,0,54.28388883,36.53754247,9.19075493,3.403141173,2.591949545,2.6214473040042963
122,FINX.NS,Finolex Industries Ltd,India,Chemicals,2022,1.959646078,36.02282789,8.883649688,0.086032455,0.180744208,0.82198987,0.007535278,0.0,-1824488.802,0.310003241,0.115250904,0.174731546,-12.59260395,30513631.94,9,30.0,TRUE,62.41043333,38.04652308,7.609364978,3.370596035,5.897141859,3.3512665340074057
123,FISO.NS,Firstsource Solutions Ltd,India,Professional Services,2024,3.011548036,77.81395827,8.967135544,0.32431033,0.306565712,0.635016236,0.063496089,0.0,-2406319.485,0.035163959,0.0,0.156269956,22.85180886,69567115.27,5,16.66666667,TRUE,64.88313627,69.00380985,6.48422363,3.430826821,3.2018101,2.81821977622238
123,FISO.NS,Firstsource Solutions Ltd,India,Professional Services,2023,4.027446478,66.72437593,8.862683855,0.251134702,0.269543078,0.689473017,0.106723285,0.0,2787522.496,0.03621408,0.0,0.13442647,3.710589745,61754649.07,4,10.0,TRUE,68.56902337,54.06920078,9.19075493,3.403141173,2.591949545,3.280486800154633
123,FISO.NS,Firstsource Solutions Ltd,India,Professional Services,2022,4.226074485,62.50362263,8.838491107,0.245951491,0.275344703,0.678841222,0.097162576,0.0,8364167.478,0.034160206,0.0,0.118844482,-6.039188959,62525803.31,4,10.0,TRUE,67.68742216,53.32995223,7.609364978,3.370596035,5.897141859,2.2032071746165154
124,FLTX.NS,Filatex India Ltd,India,"Textiles, Apparel & Luxury Goods",2024,0.991436377,29.65783015,8.425334235,0.064676048,0.280186697,0.674624339,0.033363659,0.015984424,1966062.025,0.104347891,0.203081737,0.591661026,-3.22576082,15665301.35,4,12.5,TRUE,44.24672991,27.30817055,6.48422363,3.430826821,3.2018101,2.0323278570766234
124,FLTX.NS,Filatex India Ltd,India,"Textiles, Apparel & Luxury Goods",2023,1.070244661,27.06057688,8.400827112,0.111003583,0.240586161,0.564779734,0.008865482,0.0,-5706382.723,0.028155756,0.199111863,0.642268521,-1.839286487,13276532.69,4,12.5,TRUE,33.90464009,30.24157571,9.19075493,3.403141173,2.591949545,1.7799190487019585
124,FLTX.NS,Filatex India Ltd,India,"Textiles, Apparel & Luxury Goods",2022,1.050724809,28.44732795,8.410275712,0.143627161,0.27566273,0.574390895,0.003462172,0.023670506,6224050.633,0.023896775,0.193664112,0.638099161,3.864283666,10941528.72,6,12.5,TRUE,41.78098941,26.24310105,7.609364978,3.370596035,5.897141859,1.2732646452405705
125,FOHE.NS,Fortis Healthcare Ltd,India,Health Care Providers & Services,2024,4.926232775,71.24816727,9.204739826,0.180776678,0.117394713,0.3366092,0.037203957,0.005837493,-8163557.636,0.037119833,0.009179458,0.456637832,10.13457471,94720257.46,10,18.18181818,TRUE,79.02107391,49.81402485,6.48422363,3.430826821,3.2018101,2.0668280754639
125,FOHE.NS,Fortis Healthcare Ltd,India,Health Care Providers & Services,2023,4.947672604,73.17423929,9.202579514,0.086916721,0.238559796,0.56349706,0.017999862,0.013410208,14939328.13,0.047590777,0.009294721,0.437061289,7.889853298,77410809.84,5,20.0,TRUE,88.61135191,43.87490465,9.19075493,3.403141173,2.591949545,2.396084560773
125,FOHE.NS,Fortis Healthcare Ltd,India,Health Care Providers & Services,2022,5.337962569,63.91132776,9.179936615,0.074453189,0.11467957,0.274665087,0.0,0.011346871,-2611380.234,0.028472508,0.011702568,0.4083531,1.754114048,77042831.06,6,16.66666667,TRUE,91.9046107,44.20136479,7.609364978,3.370596035,5.897141859,2.267770904270831
126,FSNE.NS,Fsn E-Commerce Ventures Ltd,India,Specialty Retail,2023,18.37563777,42.20037401,8.610653267,0.285090745,0.552507979,0.878637837,0.05396799,0.00241485,4127294.541,0.086802734,0.36562974,0.147826606,22.3697946,5244871.026,9,40.0,TRUE,48.26096002,50.73482064,9.19075493,3.403141173,2.591949545,1.9133522288252127
126,FSNE.NS,Fsn E-Commerce Ventures Ltd,India,Specialty Retail,2022,20.52280791,24.22696832,8.555158347,0.270677612,0.405938282,0.76178968,0.053869324,0.002422391,511684.518,0.104564279,0.352821614,0.184845107,25.91544776,3021056.475,18,40.0,TRUE,37.58272263,18.55355285,7.609364978,3.370596035,5.897141859,1.0
127,GAIL.NS,Gail (India) Ltd,India,Gas Utilities,2024,0.826667698,50.01337181,10.19262496,0.162189906,0.164474043,0.454807338,0.027818431,0.005317137,20029256.88,0.019169248,0.047827568,0.62285243,3.966274366,1458498537.0,13,7.142857143,TRUE,14.73580662,60.12156448,6.48422363,3.430826821,3.2018101,2.8907302844040705
127,GAIL.NS,Gail (India) Ltd,India,Gas Utilities,2023,0.882493087,54.03842292,10.17502085,0.174745462,0.173516843,0.453489466,0.013481179,0.006849815,108249550.1,0.013388105,0.04839636,0.606812146,-9.790217169,1188099580.0,15,8.333333333,TRUE,14.85713478,64.92019557,9.19075493,3.403141173,2.591949545,2.776502376370877
127,GAIL.NS,Gail (India) Ltd,India,Gas Utilities,2022,1.014807115,54.96402951,10.11788077,0.165300204,0.201436899,0.506635659,0.006649158,0.000922335,-155310370.0,0.007705217,0.055693897,0.589039137,45.10320509,681096640.7,15,8.333333333,TRUE,16.81559272,60.84874886,7.609364978,3.370596035,5.897141859,2.330428761572007
128,GALK.NS,Gujarat Alkalies And Chemicals Ltd,India,Chemicals,2024,0.506920646,29.87538253,8.970651498,0.070202326,0.116874076,0.402852765,0.135221709,0.000970372,-3335283.792,0.024765548,0.060855455,0.583689241,4.365556707,-7620830.895,4,12.5,TRUE,19.70247354,32.34433409,6.48422363,3.430826821,3.2018101,1.496532262406691
128,GALK.NS,Gujarat Alkalies And Chemicals Ltd,India,Chemicals,2023,0.496959705,31.12834127,8.983452342,0.067818908,0.09279963,0.382250261,0.073498353,0.0,-36091097.78,0.02067358,0.054167186,0.586994853,-16.92049301,-28415416.92,6,11.11111111,TRUE,24.68327445,33.5212683,9.19075493,3.403141173,2.591949545,1.3929492578393456
128,GALK.NS,Gujarat Alkalies And Chemicals Ltd,India,Chemicals,2022,0.476284781,26.16882154,9.006232059,0.071571747,0.100764903,0.38252755,0.072088817,0.0,19210199.61,0.057578243,0.060617115,0.574722178,11.00680839,49856037.0,6,0.0,TRUE,29.13094324,21.81294412,7.609364978,3.370596035,5.897141859,1.3281943968575678
129,GALX.NS,Galaxy Surfactants Ltd,India,Chemicals,2024,2.23434666,66.7691234,8.607626286,0.060737878,0.282577865,0.88973671,0.11382895,0.023699557,-3165593.915,0.170425154,0.209087574,0.371434596,8.578213967,35682855.47,6,10.0,TRUE,81.18303053,52.27323465,6.48422363,3.430826821,3.2018101,1.6154926421800293
129,GALX.NS,Galaxy Surfactants Ltd,India,Chemicals,2023,2.617425037,55.86018621,8.543685277,0.064302085,0.206918084,0.820064452,0.107245896,0.053446691,-1368926.215,0.15794204,0.19077566,0.385651255,-16.21456199,36169166.17,6,11.11111111,TRUE,80.7749486,45.86512138,9.19075493,3.403141173,2.591949545,2.158879984471656
129,GALX.NS,Galaxy Surfactants Ltd,India,Chemicals,2022,2.707061995,55.73377234,8.522209556,0.119720602,0.248664265,0.798168799,0.154332608,0.046418841,20461295.03,0.087574226,0.236179122,0.385649765,11.89103717,46370496.59,6,10.0,TRUE,79.99912988,45.91507808,7.609364978,3.370596035,5.897141859,1.4160408987340805
131,GDFR.NS,Godfrey Phillips India Ltd,India,Tobacco,2024,7.658252591,68.76836842,8.911460753,0.025681178,0.203865446,0.824470767,0.010027901,0.0,2129537.741,0.032655397,0.29081788,0.100807575,34.62618065,134919941.5,5,22.22222222,TRUE,61.42438883,69.92325978,6.48422363,3.430826821,3.2018101,1.943314680762976
131,GDFR.NS,Godfrey Phillips India Ltd,India,Tobacco,2023,9.214611786,62.14903294,8.845749547,0.059108691,0.207750017,0.753462413,0.00861552,0.0,-1574001.2,0.033804662,0.249568546,0.145920585,13.46300256,111139628.1,5,25.0,TRUE,55.0474976,65.29103841,9.19075493,3.403141173,2.591949545,1.5267964867267416
131,GDFR.NS,Godfrey Phillips India Ltd,India,Tobacco,2022,10.40347306,54.12219428,8.781541254,0.071449874,0.209286229,0.732087383,0.015125861,0.0,-1352580.331,0.036127383,0.189167796,0.180938688,21.88937246,84034664.07,5,25.0,TRUE,62.44939371,51.68199536,7.609364978,3.370596035,5.897141859,1.7118399828234376
132,GDPI.NS,Godawari Power and Ispat Ltd,India,Metals & Mining,2024,2.528414772,38.54993703,8.85767331,0.050155671,0.1523526,0.749712285,0.0,0.112766617,24524283.21,0.122278946,0.151337533,0.500393846,-3.881259479,95141018.14,5,10.0,TRUE,28.66723244,33.50477396,6.48422363,3.430826821,3.2018101,1.564538263294705
132,GDPI.NS,Godawari Power and Ispat Ltd,India,Metals & Mining,2023,2.791890082,24.49841946,8.823014774,0.009310146,0.134386708,0.710156269,0.049936487,0.014835876,-46528926.21,0.166389443,0.19361139,0.487576319,-6.528225034,112247654.5,8,10.0,TRUE,23.95654904,18.2765804,9.19075493,3.403141173,2.591949545,1.3981247368660972
132,GDPI.NS,Godawari Power and Ispat Ltd,India,Metals & Mining,2022,2.912709668,20.55694368,8.797935772,0.061380255,0.183676075,0.755756286,0.039704879,0.091033248,60406913.34,0.159301054,0.183720847,0.466824867,-1.562922545,96018317.92,8,9.090909091,TRUE,20.98419118,18.32234338,7.609364978,3.370596035,5.897141859,1.4994342166266406
133,GEEN.NS,Greenlam Industries Ltd,India,Building Products,2024,1.993723752,44.14415349,8.531974919,0.412150779,0.320402803,0.523047824,0.045604284,0.0,1137507.314,0.035108946,0.228531056,0.606803226,8.665120159,7998829.725,6,25.0,TRUE,47.8793266,42.95915846,6.48422363,3.430826821,3.2018101,1.339627136109324
133,GEEN.NS,Greenlam Industries Ltd,India,Building Products,2023,2.067145421,48.23984301,8.516174074,0.405480123,0.32741338,0.540048208,0.036591469,0.0,2022771.446,0.08701079,0.222642754,0.578828722,12.21459318,16557612.48,6,33.33333333,TRUE,47.6114174,42.68190724,9.19075493,3.403141173,2.591949545,1.3743027831242849
133,GEEN.NS,Greenlam Industries Ltd,India,Building Products,2022,2.722651581,32.26494699,8.395263297,0.307651728,0.324084979,0.61075293,0.024057847,0.0,25279.94158,0.172103653,0.251540943,0.427019103,9.875813996,15641224.44,7,28.57142857,TRUE,40.03739547,26.17858148,7.609364978,3.370596035,5.897141859,1.3743027831242849
134,GESC.NS,Great Eastern Shipping Company Ltd,India,"Oil, Gas & Consumable Fuels",2024,0.747181688,50.36836945,9.31517189,0.122510855,0.079939804,0.41554247,2.913411601,0.0,96440023.41,0.460743219,0.014312124,0.467202585,-1.207107422,274342890.6,7,13.33333333,TRUE,58.04108142,29.8555457,6.48422363,3.430826821,3.2018101,1.2480320691791436
134,GESC.NS,Great Eastern Shipping Company Ltd,India,"Oil, Gas & Consumable Fuels",2023,0.771547637,51.28443149,9.304606818,0.181361577,0.08963009,0.341575953,2.182477149,0.0,73127774.45,0.436543,0.014718114,0.498175853,-8.967971339,313638872.2,5,7.142857143,TRUE,60.60938445,31.70949721,9.19075493,3.403141173,2.591949545,1.8538443693853028
134,GESC.NS,Great Eastern Shipping Company Ltd,India,"Oil, Gas & Consumable Fuels",2022,0.85476977,47.54501422,9.267443656,0.239947479,0.094456484,0.29117752,1.864374217,0.0,136324245.4,0.352207415,0.013444565,0.557487876,49.81689386,313414070.1,6,7.692307692,TRUE,66.35318495,28.82695941,7.609364978,3.370596035,5.897141859,1.716403187327425
135,GGAS.NS,Gujarat Gas Ltd,India,Gas Utilities,2024,2.257360439,30.71794658,9.170416565,0.011855086,0.234313827,0.712327615,0.0,0.028408574,-68943241.66,0.138329786,0.00488969,0.670312724,2.882629985,134385020.5,4,25.0,TRUE,11.1994608,37.81712474,6.48422363,3.430826821,3.2018101,1.8967710038852272
135,GGAS.NS,Gujarat Gas Ltd,India,Gas Utilities,2023,2.419442732,32.21087288,9.14696723,0.012851995,0.240766638,0.709215462,0.042718495,0.068060149,28947810.44,0.082627152,0.005018146,0.694831404,-7.198633829,137216556.7,4,25.0,TRUE,19.81639229,35.17776338,9.19075493,3.403141173,2.591949545,1.6473051946809805
135,GGAS.NS,Gujarat Gas Ltd,India,Gas Utilities,2022,2.560751708,28.15460027,9.123857603,0.013939234,0.256544311,0.718908675,0.017814274,0.057173553,80096153.85,0.065013327,0.005598755,0.715429886,-4.762513426,186024829.6,4,0.0,TRUE,18.01523481,23.94594484,7.609364978,3.370596035,5.897141859,1.432975573491145
136,GHCH.NS,GHCL Ltd,India,Chemicals,2024,1.252592629,41.87197595,8.690023865,0.028253042,0.08795835,0.52851913,0.0,0.023565307,5839672.323,0.277655734,0.149484277,0.496964441,-9.902583146,73042715.04,4,11.11111111,TRUE,45.46680357,39.69198184,6.48422363,3.430826821,3.2018101,2.752329993449304
136,GHCH.NS,GHCL Ltd,India,Chemicals,2023,1.379670041,40.57443853,8.655385056,0.05544679,0.109787349,0.523152186,0.0,0.012927238,-13426514.7,0.171298152,0.172717771,0.497381657,-25.25810046,95248950.21,4,10.0,TRUE,52.65521639,30.47067262,9.19075493,3.403141173,2.591949545,1.8963667854530324
136,GHCH.NS,GHCL Ltd,India,Chemicals,2022,1.00902203,36.14980073,8.795745522,0.070105446,0.080778664,0.352119493,0.116719319,0.014610171,-10046251.22,0.090293201,0.150451649,0.358075821,37.58114639,135808179.2,6,10.0,TRUE,46.73380839,24.60742865,7.609364978,3.370596035,5.897141859,1.7522979739344389
137,GHFC.NS,Ganesh Housing Ltd,India,Real Estate Management & Development,2024,3.080550145,54.17850405,8.437193586,0.011725979,0.109450842,0.908413645,0.473340781,-4.27656e-8,-8564470.451,0.086532641,0.192203904,0.244340574,4.944048044,69989467.52,7,28.57142857,TRUE,78.20222323,29.5435384,6.48422363,3.430826821,3.2018101,1.3627770178432816
137,GHFC.NS,Ganesh Housing Ltd,India,Real Estate Management & Development,2023,4.004891627,31.11049664,8.32685186,0.014718837,0.109218438,0.882855871,0.383591605,-5.65253e-8,-11345974.81,0.160087802,0.254269649,0.204706835,42.69628724,55273809.24,8,28.57142857,TRUE,45.58402714,18.06806487,9.19075493,3.403141173,2.591949545,1.274273980398826
137,GHFC.NS,Ganesh Housing Ltd,India,Real Estate Management & Development,2022,4.976796814,29.32013031,8.237175461,0.002517833,0.163724918,0.751725671,0.604119402,0.0,37765822.78,0.254529386,0.363043589,0.153128109,48.72051381,12433495.62,13,16.66666667,TRUE,56.59822626,11.2279939,7.609364978,3.370596035,5.897141859,1.0
138,GLAD.NS,Gland Pharma Ltd,India,Pharmaceuticals,2022,3.456736151,36.89646539,9.028712139,0.000507318,0.083068082,0.890475603,0.749102016,0.155248598,193533958.1,0.443753098,0.225369309,0.197789357,-23.91010075,95063656.28,5,18.18181818,TRUE,54.09095041,18.55307648,7.609364978,3.370596035,5.897141859,1.3785180058557658
139,GLAX.NS,GlaxoSmithKline Pharmaceuticals Ltd,India,Pharmaceuticals,2024,11.21891312,47.02896786,8.681925292,0.002422357,0.463759548,0.88334316,0.054508805,0.105889256,55550204.8,0.685120277,0.117266095,0.0690979,5.888296104,108552709.2,6,22.22222222,TRUE,36.41124717,50.6038045,6.48422363,3.430826821,3.2018101,1.312369311765645
139,GLAX.NS,GlaxoSmithKline Pharmaceuticals Ltd,India,Pharmaceuticals,2023,12.70124389,47.33860768,8.630131557,0.005247964,0.428763031,0.857203558,0.042080963,0.0,3506934.613,0.550207849,0.147625715,0.087367225,4.695176596,70781163.77,5,22.22222222,TRUE,39.00495845,50.66843999,9.19075493,3.403141173,2.591949545,1.0
139,GLAX.NS,GlaxoSmithKline Pharmaceuticals Ltd,India,Pharmaceuticals,2022,13.40969823,54.57586947,8.607338168,0.004671217,0.398718259,0.836661974,0.026313093,0.0000120243,-30580111.98,0.329813137,0.138271058,0.094727391,-8.358944861,73958398.25,7,30.0,TRUE,56.54709076,54.35229582,7.609364978,3.370596035,5.897141859,1.5596723583439798
140,GLEN.NS,Glenmark Pharmaceuticals Ltd,India,Pharmaceuticals,2024,3.345293623,73.24493004,9.273750901,0.15406453,0.371787528,0.828740327,0.28082793,0.0,2040608.543,0.118077926,0.188698702,0.240589427,9.999502341,122544411.9,7,33.33333333,TRUE,64.89929196,73.17481239,6.48422363,3.430826821,3.2018101,2.723613090117828
140,GLEN.NS,Glenmark Pharmaceuticals Ltd,India,Pharmaceuticals,2023,3.65853653,75.90422447,9.236207219,0.085727574,0.405232911,0.893696481,0.284995309,0.0,25824115.18,0.084380651,0.189492531,0.246366017,0.528390439,-219658068.4,5,33.33333333,TRUE,70.3968942,72.77456171,9.19075493,3.403141173,2.591949545,2.1101377829522066
140,GLEN.NS,Glenmark Pharmaceuticals Ltd,India,Pharmaceuticals,2022,2.65524622,70.21061347,9.372506766,0.237866925,0.234685011,0.459320615,0.254980487,0.0,3955696.203,0.062686986,0.129392108,0.216558289,-13.03569534,-10900803.31,5,27.27272727,TRUE,54.63901908,68.22438539,7.609364978,3.370596035,5.897141859,2.425221580843944
141,GMDC.NS,Gujarat Mineral Development Corporation Ltd,India,"Oil, Gas & Consumable Fuels",2024,1.639314171,37.02977655,8.957614291,0.016313913,0.068095489,0.394240681,0.22521174,0.059845635,7969572.85,0.266812448,0.011783847,0.193881896,12.90758773,80256290.23,6,25.0,TRUE,22.70958971,32.19460079,6.48422363,3.430826821,3.2018101,1.4989866607969442
141,GMDC.NS,Gujarat Mineral Development Corporation Ltd,India,"Oil, Gas & Consumable Fuels",2023,1.731464982,28.01782583,8.946376294,0.000404908,0.074749752,0.440238181,0.060335195,0.061595054,-37192.56149,0.072169075,0.016386526,0.153092491,-30.59461229,71668866.23,5,37.5,TRUE,12.43050017,25.44241309,9.19075493,3.403141173,2.591949545,1.3153052435595871
141,GMDC.NS,Gujarat Mineral Development Corporation Ltd,India,"Oil, Gas & Consumable Fuels",2022,1.839154482,18.00735823,8.927398235,0.000297475,0.0758615,0.452248045,0.096855254,0.003368535,1027215.19,0.015217455,0.015829624,0.153485592,18.27717229,146597711.8,4,25.0,TRUE,15.32029329,7.454033771,7.609364978,3.370596035,5.897141859,1.514900295707695
142,GMMP.NS,GMM Pfaudler Ltd,India,Machinery,2024,1.699747895,52.43481891,8.560080905,0.274047076,0.364379906,0.543529989,0.393393473,0.0,14649502.63,0.136714913,0.186469572,0.197671346,-9.470540572,5754242.247,7,16.66666667,FALSE,47.81432709,47.93663652,6.48422363,3.430826821,3.2018101,2.1602400323709867
142,GMMP.NS,GMM Pfaudler Ltd,India,Machinery,2023,1.639814122,51.66932845,8.580646583,0.285489665,0.36702483,0.52723561,0.274409979,0.0,977804.4391,0.093922444,0.214585959,0.207363877,6.914890616,20887822.44,7,12.5,FALSE,56.84011604,46.27480014,9.19075493,3.403141173,2.591949545,1.4951704186226238
142,GMMP.NS,GMM Pfaudler Ltd,India,Machinery,2022,1.539694669,55.13523754,8.610972544,0.289947355,0.41457249,0.545263496,0.223973539,0.0,2543816.943,0.105497852,0.260145951,0.188174832,15.54484745,25985881.21,4,12.5,FALSE,64.94039062,47.23758226,7.609364978,3.370596035,5.897141859,1.8886381661568967
143,GOCP.NS,Godrej Consumer Products Ltd,India,Personal Care Products,2024,6.38409754,81.26818832,9.362131813,0.203565105,0.352462079,0.904235466,0.05047335,0.005335559,6100643.651,0.18765373,0.072113417,0.096644993,-0.601822513,216770041.0,7,54.54545455,TRUE,96.89971086,62.44173946,6.48422363,3.430826821,3.2018101,2.1501711469665348
143,GOCP.NS,Godrej Consumer Products Ltd,India,Personal Care Products,2023,6.641389847,82.53980893,9.34616963,0.174211676,0.302247689,0.947945847,0.056009116,0.004848104,5418116.377,0.126429251,0.068713644,0.082424798,4.347319795,-67252549.49,4,41.66666667,TRUE,94.84859459,68.57436646,9.19075493,3.403141173,2.591949545,2.285646063291568
143,GOCP.NS,Godrej Consumer Products Ltd,India,Personal Care Products,2022,6.915457328,84.12811855,9.328347092,0.064551966,0.188088077,0.888453087,0.093081478,0.002929349,-47870009.74,0.146717105,0.087843317,0.090045186,0.204585482,207212755.6,4,41.66666667,TRUE,94.30951815,71.99799771,7.609364978,3.370596035,5.897141859,1.8607282771948048
144,GODE.NS,Godrej Agrovet Ltd,India,Food Products,2024,2.509889051,39.13510019,8.809911403,0.253078776,0.399280999,0.854251028,0.007092166,0.003827056,-1524868.344,0.006297286,0.250005892,0.474783312,-4.271394923,47205383.27,4,46.15384615,TRUE,31.64083672,58.5190575,6.48422363,3.430826821,3.2018101,2.7227916608996265
144,GODE.NS,Godrej Agrovet Ltd,India,Food Products,2023,2.403978135,30.93051295,8.835218328,0.248257579,0.384510991,0.730753723,0.022681569,3.50676e-6,2764247.151,0.010394566,0.26419405,0.463933848,0.537383882,43125374.93,4,42.85714286,TRUE,11.28539524,52.57599921,9.19075493,3.403141173,2.591949545,2.518718340942182
144,GODE.NS,Godrej Agrovet Ltd,India,Food Products,2022,2.460802106,23.54533805,8.824591414,0.261212734,0.433467312,0.802620521,0.011236428,0.0,-564751.704,0.004837512,0.270944868,0.441394836,4.256429347,35949367.09,4,38.46153846,TRUE,20.13491331,49.13222408,7.609364978,3.370596035,5.897141859,2.405585866999113
145,GODI.NS,Godrej Industries Ltd,India,Industrial Conglomerates,2024,0.474376043,43.68298126,10.01249351,0.43309238,0.53442838,0.604168817,0.038164924,0.011936136,114223522.5,0.183960246,0.403601183,0.062112572,12.26833026,217465184.3,5,27.27272727,TRUE,34.08098405,25.58284457,6.48422363,3.430826821,3.2018101,2.251140949940573
145,GODI.NS,Godrej Industries Ltd,India,Industrial Conglomerates,2023,0.669792358,38.17881025,9.868309752,0.471108822,0.558678564,0.642159797,0.03697966,0.009915643,34557888.42,0.138070979,0.404331889,0.087381597,-5.252838185,71404919.02,4,25.0,TRUE,20.91107798,28.8526393,9.19075493,3.403141173,2.591949545,1.9845128980858409
145,GODI.NS,Godrej Industries Ltd,India,Industrial Conglomerates,2022,0.927828304,37.84567734,9.728545911,0.446672147,0.503353379,0.615018517,0.024223639,0.023678654,118864410.9,0.124231527,0.325660346,0.108386687,7.211444215,172911392.4,4,27.27272727,TRUE,26.18542154,33.65109212,7.609364978,3.370596035,5.897141859,2.1200488096653056
146,GOFA.NS,Go Fashion (India) Ltd,India,Specialty Retail,2024,2.866038806,44.74045051,8.175603817,0.395999741,0.12508824,0.274732476,0.088153754,0.001579459,50789.93563,0.211165502,0.188533937,0.445725347,8.454714695,10941919.25,4,16.66666667,TRUE,30.48516231,49.39845641,6.48422363,3.430826821,3.2018101,1.3047355548122264
146,GOFA.NS,Go Fashion (India) Ltd,India,Specialty Retail,2023,3.138596825,45.51982199,8.136777727,0.410753234,0.122257847,0.259452452,0.09766659,0.001812187,-2153113.377,0.208702824,0.196091871,0.469958066,13.02572744,9931145.771,4,14.28571429,TRUE,44.24067417,29.58590535,9.19075493,3.403141173,2.591949545,1.3047355548122264
146,GOFA.NS,Go Fashion (India) Ltd,India,Specialty Retail,2023,3.138596825,45.51982199,8.136777727,0.410753234,0.122257847,0.259452452,0.09766659,0.001812187,-2153113.377,0.208702824,0.196091871,0.469958066,13.02572744,9931145.771,4,14.28571429,TRUE,44.24067417,29.58590535,9.19075493,3.403141173,2.591949545,1.3047355548122264
146,GOFA.NS,Go Fashion (India) Ltd,India,Specialty Retail,2022,3.804828736,35.62972802,8.052409371,0.366240954,0.136816937,0.311973347,0.205387837,0.008202777,-963984.9075,0.1262203,0.253335351,0.431850114,53.14781674,10077677.7,11,14.28571429,TRUE,36.65384221,10.51964375,7.609364978,3.370596035,5.897141859,1.4073937391242717
147,GRAN.NS,Granules India Ltd,India,Pharmaceuticals,2024,1.777031721,53.3975747,8.86434587,0.232665783,0.320374483,0.789583927,0.109995652,0.039307893,9948976.009,0.082811331,0.219944276,0.424525566,-2.993497672,58691164.42,6,23.07692308,TRUE,58.35459115,55.99826636,6.48422363,3.430826821,3.2018101,2.3957434784341416
147,GRAN.NS,Granules India Ltd,India,Pharmaceuticals,2023,1.926823085,47.99140448,8.821110727,0.238193858,0.377159897,0.907144083,0.134977642,0.018119422,10743011.4,0.076593756,0.245428259,0.383197953,-1.548965842,48627474.51,7,22.22222222,TRUE,53.61000988,45.79643248,9.19075493,3.403141173,2.591949545,2.295409575152158
147,GRAN.NS,Granules India Ltd,India,Pharmaceuticals,2022,2.134149531,38.44287257,8.775939975,0.231668911,0.369757842,0.876233479,0.020590008,0.051832742,13004259.98,0.059683921,0.238834482,0.379118103,10.71197291,62876947.42,7,20.0,TRUE,52.63048156,22.85778538,7.609364978,3.370596035,5.897141859,1.4844682738032469
148,GRAS.NS,Grasim Industries Ltd,India,Construction Materials,2024,0.369699209,72.02364332,10.76772299,0.372252289,0.214817265,0.26679069,0.032030703,0.002874201,291989467.5,0.052318785,0.034247607,0.243096866,10.5746003,907703920.4,6,20.0,TRUE,69.36287845,64.63387242,6.48422363,3.430826821,3.2018101,2.954085484701757
148,GRAS.NS,Grasim Industries Ltd,India,Construction Materials,2023,0.440043065,62.6330783,10.69455949,0.332465593,0.224058385,0.285386358,0.016690713,0.002048,9008998.2,0.060406049,0.036014358,0.218773867,9.760848697,1190839832.0,7,20.0,TRUE,61.51065084,55.67215108,9.19075493,3.403141173,2.591949545,2.299527731470674
148,GRAS.NS,Grasim Industries Ltd,India,Construction Materials,2022,0.532700059,59.8985426,10.61323361,0.305566498,0.206203893,0.269024886,0.024036648,0.001901573,8746348.588,0.05464799,0.03760973,0.219103315,13.54803064,1348369036.0,6,15.38461538,TRUE,52.52281455,55.51993389,7.609364978,3.370596035,5.897141859,2.894077166907332
149,GREP.NS,Greenpanel Industries Ltd,India,Paper & Forest Products,2024,1.515800814,46.13564021,8.397870028,0.193190308,0.130055174,0.370012908,0.05007063,0.009386978,-669771.7964,0.115309274,0.095884706,0.734511466,-10.62867781,8438724.4,5,16.66666667,TRUE,51.63224164,55.56796922,6.48422363,3.430826821,3.2018101,1.7451495504211827
149,GREP.NS,Greenpanel Industries Ltd,India,Paper & Forest Products,2023,1.623457966,22.4815182,8.359203393,0.155347259,0.115244035,0.373034905,0.135122953,0.005247964,3437504.499,0.137299749,0.11197074,0.67924645,-13.36020527,16225830.83,5,16.66666667,TRUE,40.78458039,18.32899598,9.19075493,3.403141173,2.591949545,1.920844650916401
149,GREP.NS,Greenpanel Industries Ltd,India,Paper & Forest Products,2022,1.789307435,15.41076082,8.317020419,0.133520128,0.137232113,0.457912957,0.05673001,0.0,-5369011.685,0.247590532,0.096176913,0.584317396,1.354460157,31221372.93,4,16.66666667,TRUE,34.30367409,13.76418989,7.609364978,3.370596035,5.897141859,2.134037185841489
150,GRMO.NS,GRM Overseas Ltd,India,Food Products,2024,2.472675492,33.72327259,8.027689926,0.399848412,0.525507878,0.98657981,0.0,0.058002479,5016664.716,0.0733836,0.344701363,0.043448415,0.199484402,7166331.188,8,25.0,TRUE,59.33021586,13.02508978,6.48422363,3.430826821,3.2018101,2.791327733989119
150,GRMO.NS,GRM Overseas Ltd,India,Food Products,2023,2.85493115,34.1565734,7.965736365,0.510349772,0.564268524,0.988718316,0.014647818,0.000240436,409394.1212,0.012690117,0.283623678,0.047031021,-6.216787059,7284823.035,10,25.0,TRUE,60.44340935,15.70873512,9.19075493,3.403141173,2.591949545,2.7171167628536868
151,GRNN.NS,Grindwell Norton Ltd,India,Machinery,2024,5.513857634,36.90661074,8.55355419,0.027332258,0.207989277,0.793438965,0.019308708,0.019301264,2594710.357,0.309240651,0.167855276,0.267487551,2.074114257,43448425.98,6,11.11111111,TRUE,20.39493312,25.37415697,6.48422363,3.430826821,3.2018101,1.634753330838961
151,GRNN.NS,Grindwell Norton Ltd,India,Machinery,2023,5.957935824,39.99445602,8.521515053,0.029822254,0.205929038,0.798414275,0.035249317,0.010470739,1138668.266,0.269247263,0.18498756,0.285107432,4.212909309,46065518.9,5,12.5,TRUE,31.87004524,22.83504741,9.19075493,3.403141173,2.591949545,1.7478781183907657
151,GRNN.NS,Grindwell Norton Ltd,India,Machinery,2022,6.789932827,40.83029392,8.467337924,0.021313988,0.206344688,0.823174292,0.027376715,0.010788846,147626.5823,0.249493326,0.20545411,0.255137825,16.64357025,44002239.53,5,11.11111111,TRUE,28.13371333,24.64797255,7.609364978,3.370596035,5.897141859,2.053311271810455
153,GRPH.NS,Graphite India Ltd,India,Electrical Equipment,2024,1.372378738,16.23984166,8.927503712,0.023879557,0.159024185,0.84221358,0.015174573,0.012618772,8392042.13,0.457657852,0.16570764,0.15071723,-15.34312833,53619660.62,5,11.11111111,0,18.18285556,8.061393711,6.48422363,3.430826821,3.2018101,1.556109962724462
153,GRPH.NS,Graphite India Ltd,India,Electrical Equipment,2023,1.443521693,16.30204567,8.911317091,0.026064231,0.151655797,0.869871281,0.033272526,0.000397321,1665266.947,0.406339334,0.201797655,0.150817009,-8.593210473,96560287.94,4,12.5,0,17.87435258,7.615527394,9.19075493,3.403141173,2.591949545,1.51138514397443
153,GRPH.NS,Graphite India Ltd,India,Electrical Equipment,2022,1.516420748,15.75743772,8.899002606,0.066349983,0.218210691,0.918204202,0.016265255,0.0,-5518500.487,0.206946346,0.359568008,0.130159739,-2.904301701,24227117.82,4,14.28571429,0,19.82998988,9.430911997,7.609364978,3.370596035,5.897141859,1.967701021142691
154,GRSE.NS,Garden Reach Shipbuilders & Engineers Ltd,India,Aerospace & Defense,2024,2.61578297,22.82294139,9.08340582,0.000933802,0.787045111,0.984806965,0.0,0.360418236,-162352.2528,0.374566252,0.343071967,0.050286714,37.80800665,61720748.98,9,0.0,TRUE,14.35256563,16.36028041,6.48422363,3.430826821,3.2018101,1.8507891711517632
154,GRSE.NS,Garden Reach Shipbuilders & Engineers Ltd,India,Aerospace & Defense,2023,2.678107709,24.10248249,9.089899143,0.006405695,0.824856007,0.985764198,0.0006232,0.0,-1045650.87,0.340928883,0.421685294,0.048439563,38.27212002,42863551.29,7,0.0,TRUE,16.38451926,18.35127592,9.19075493,3.403141173,2.591949545,2.016776475342863
154,GRSE.NS,Garden Reach Shipbuilders & Engineers Ltd,India,Aerospace & Defense,2022,2.55318013,23.58788704,9.117794444,0.028963386,0.857545938,0.987048023,0.001513431,9.27994e-9,520070.594,0.552934703,0.40955969,0.046779737,34.85991008,27765822.78,7,0.0,TRUE,20.39776601,20.27142923,7.609364978,3.370596035,5.897141859,1.8046543616467168
155,GRVL.NS,Greaves Cotton Ltd,India,Machinery,2024,1.79944473,48.35144432,8.475102228,0.031838721,0.337434012,0.751289233,0.035795587,0.040856557,-1496781.744,0.216233635,0.141926078,0.165605245,8.109064455,-734932.7092,4,12.5,TRUE,66.98153654,26.95825452,6.48422363,3.430826821,3.2018101,1.6627491295708214
155,GRVL.NS,Greaves Cotton Ltd,India,Machinery,2023,1.861760559,44.20424775,8.470803834,0.032766729,0.279984093,0.673713092,0.062261772,0.042550083,7365326.935,0.173031459,0.117911532,0.165886893,-3.847244228,-43955608.88,6,11.11111111,TRUE,58.14943667,30.13186677,9.19075493,3.403141173,2.591949545,1.4073937391242717
155,GRVL.NS,Greaves Cotton Ltd,India,Machinery,2022,1.677100903,31.6912584,8.520615223,0.010372812,0.261702448,0.626589565,0.020238713,0.026427546,-517283.3496,0.620069336,0.081580367,0.100112684,45.86286244,9322054.528,6,12.5,TRUE,43.69234675,25.78502656,7.609364978,3.370596035,5.897141859,1.631522933458183
156,GRWL.NS,Garware Technical Fibres Ltd,India,"Textiles, Apparel & Luxury Goods",2024,4.270600986,22.70289834,8.312964891,0.03692411,0.256878835,0.876106327,0.023182465,0.000333084,-16212685.78,0.0939063,0.164554472,0.155764391,13.32614807,27097425.39,4,28.57142857,TRUE,20.29179214,36.02181684,6.48422363,3.430826821,3.2018101,1.7049919476168522
156,GRWL.NS,Garware Technical Fibres Ltd,India,"Textiles, Apparel & Luxury Goods",2023,4.265596348,20.17559999,8.327312491,0.069509561,0.272776803,0.899376117,0.143332508,0.045364927,12912261.55,0.204868576,0.151957193,0.145660348,0.087025937,25227114.58,4,28.57142857,TRUE,18.05349114,30.01933897,9.19075493,3.403141173,2.591949545,1.8553663720441589
156,GRWL.NS,Garware Technical Fibres Ltd,India,"Textiles, Apparel & Luxury Goods",2022,5.09696638,18.76600265,8.259448825,0.089442796,0.288558436,0.903711923,0.049457512,0.013829638,311562.8043,0.036205757,0.151559166,0.161833214,1.403957967,20959067.67,4,33.33333333,TRUE,8.555381533,26.58040305,7.609364978,3.370596035,5.897141859,2.4501174247285142
157,GSFC.NS,Gujarat State Fertilizers & Chemicals Ltd,India,Chemicals,2024,0.54046107,32.29228144,9.22571478,0.000122486,0.090613062,0.583726738,0.0,0.132735658,-28887068.46,0.128783779,0.102949333,0.222020863,1.584020522,69181977.76,6,20.0,TRUE,25.1122916,37.19885295,6.48422363,3.430826821,3.2018101,2.108289075712406
157,GSFC.NS,Gujarat State Fertilizers & Chemicals Ltd,India,Chemicals,2023,0.525118926,31.34366637,9.256650864,0.000339433,0.086610636,0.56097915,0.067307967,0.029537074,-67858992.2,0.162670299,0.0945042,0.184831369,-20.62463953,67640623.88,6,18.18181818,TRUE,32.16137496,27.46518677,9.19075493,3.403141173,2.591949545,1.972065874779155
157,GSFC.NS,Gujarat State Fertilizers & Chemicals Ltd,India,Chemicals,2022,0.566511215,31.47267613,9.228643145,0.00017172,0.077706091,0.578178021,0.056654723,0.074530512,93769632.42,0.093565723,0.10240536,0.199678723,15.63464461,154079564.3,5,18.18181818,TRUE,34.57877335,28.78146888,7.609364978,3.370596035,5.897141859,2.7586065747056203
158,GILE.NS,Gillette India Ltd,India,Personal Care Products,2024,16.56091428,42.81136252,8.351068601,0.0000260729,0.407701935,0.873975788,0.083711709,0.182510299,-6785254.535,0.22136518,0.236465558,0.187448506,-17.20540799,48877706.26,6,20.0,TRUE,30.69694868,46.47883711,6.48422363,3.430826821,3.2018101,0.0
158,GILE.NS,Gillette India Ltd,India,Personal Care Products,2023,17.49801801,40.69425735,8.341697387,0.0000273112,0.414606036,0.883138642,0.090153352,0.221220811,2398176.474,0.243326921,0.216217397,0.203659702,4.687100538,49391158.3,4,18.18181818,TRUE,38.38544135,45.77189129,9.19075493,3.403141173,2.591949545,1.4031203544036503
158,GILE.NS,Gillette India Ltd,India,Personal Care Products,2022,16.61757265,36.21031399,8.368133957,0.000026094,0.425759987,0.879789494,0.077762251,0.203533126,20037519.34,0.269369454,0.21519714,0.220181092,5.589678135,43327526.77,6,18.18181818,TRUE,38.08505181,41.97988177,7.609364978,3.370596035,5.897141859,1.3569915730513715
159,GINF.NS,G R Infraprojects Ltd,India,Construction & Engineering,2024,0.79688593,38.90614002,9.242328353,0.332952734,0.113846074,0.264010516,0.213109318,0.019912443,14700526.62,0.087411883,0.047341892,0.082737913,-19.67869765,118829175.0,5,12.5,TRUE,60.01100247,20.78754579,6.48422363,3.430826821,3.2018101,2.302584927553246
159,GINF.NS,G R Infraprojects Ltd,India,Construction & Engineering,2023,0.904072473,31.66104841,9.191080902,0.294923278,0.149075154,0.36062598,0.213876739,0.025320958,38713425.31,0.054374334,0.071681711,0.106825127,-6.640032821,158724211.2,7,12.5,TRUE,45.29855356,20.86721703,9.19075493,3.403141173,2.591949545,2.3275781538380387
159,GINF.NS,G R Infraprojects Ltd,India,Construction & Engineering,2022,0.83704837,11.69212286,9.224764086,0.413241206,0.160937812,0.295012185,0.073443049,0.00350043,-47791419.18,0.069380162,0.077189526,0.109430001,3.557500374,177023709.8,11,12.5,TRUE,26.45049499,3.500080167,7.609364978,3.370596035,5.897141859,1.5717864260986911
160,HALC.NS,Hindalco Industries Ltd,India,Metals & Mining,2024,0.578867226,77.54497016,10.49315488,0.24683166,0.246309086,0.460465835,0.109728921,0.009846198,-235810415.4,0.103688798,0.188344718,0.418284829,7.720235918,1872674078.0,6,20.0,TRUE,83.56461509,83.12794225,6.48422363,3.430826821,3.2018101,2.8737208420653424
160,HALC.NS,Hindalco Industries Ltd,India,Metals & Mining,2023,0.65713772,78.21727142,10.44440825,0.262333608,0.255925867,0.471934861,0.152061465,0.012009124,-123335332.9,0.077580344,0.182284278,0.406805314,-4.625102237,1218356329.0,5,18.18181818,TRUE,83.26272585,83.4053297,9.19075493,3.403141173,2.591949545,2.769636955113172
160,HALC.NS,Hindalco Industries Ltd,India,Metals & Mining,2022,0.659266562,79.78821405,10.43716872,0.293265189,0.268916497,0.465014499,0.15333212,0.015879582,145934761.4,0.087842448,0.199268739,0.381955101,5.711307459,1228943525.0,7,18.18181818,TRUE,86.32339324,82.35141028,7.609364978,3.370596035,5.897141859,2.379626871722818
161,HAPL.NS,Hatsun Agro Product Ltd,India,Food Products,2024,3.945886582,42.64459569,8.755361851,0.528366462,0.370373492,0.572492962,0.032034099,0.0,819192.5102,0.014312227,0.206520175,0.697116076,6.201848608,32628437.68,7,18.18181818,TRUE,64.02634846,30.47975915,6.48422363,3.430826821,3.2018101,2.2056375931172845
161,HAPL.NS,Hatsun Agro Product Ltd,India,Food Products,2023,4.035031235,42.64905925,8.75437802,0.569910119,0.38875282,0.582032471,0.027559145,0.0,1633377.325,0.013743985,0.308300847,0.632185702,8.684408318,32068062.39,8,10.0,TRUE,65.67162512,32.26185323,9.19075493,3.403141173,2.591949545,1.9767707333413544
161,HAPL.NS,Hatsun Agro Product Ltd,India,Food Products,2022,5.084706774,44.40126455,8.654237004,0.48378277,0.309865678,0.506936679,0.032316966,0.0,73.02823759,0.010492914,0.159969723,0.770609681,5.094887974,20186976.63,7,10.0,TRUE,71.38550258,29.65314827,7.609364978,3.370596035,5.897141859,2.5257613708226105
162,HBLO.NS,HBL Engineering Ltd,India,Electrical Equipment,2024,10.53422666,41.27566474,8.364842386,0.037532448,0.215264579,0.857811148,0.0,0.072034981,-12465406.67,0.160692522,0.269548974,0.232008797,-14.08193133,30728121.71,5,40.0,TRUE,46.32261439,25.39722418,6.48422363,3.430826821,3.2018101,2.174153224211652
162,HBLO.NS,HBL Engineering Ltd,India,Electrical Equipment,2023,12.44391725,41.37554355,8.297655107,0.040784876,0.239452728,0.913559004,0.112453412,0.108232956,10971949.61,0.174361522,0.272132452,0.220672863,60.84637993,31512441.51,4,37.5,TRUE,59.65844368,21.55868348,9.19075493,3.403141173,2.591949545,2.2308771139726704
162,HBLO.NS,HBL Engineering Ltd,India,Electrical Equipment,2022,16.13426508,36.32277205,8.19733526,0.066467339,0.220844579,0.833917019,0.230331829,0.051258439,10015202.04,0.108674448,0.30035335,0.257933615,2.281819048,11817392.89,4,37.5,TRUE,39.99582475,15.93110584,7.609364978,3.370596035,5.897141859,2.4695397023958563
163,HCLT.NS,HCL Technologies Ltd,India,IT Services,2024,3.737442536,80.15097333,10.09172148,0.059463352,0.265661715,0.781270027,0.190056707,0.027448268,-139964891.7,0.280992799,0.002321307,0.07178049,3.880598857,2036161498.0,4,35.71428571,TRUE,85.41720625,77.04723272,6.48422363,3.430826821,3.2018101,2.5214493204363784
163,HCLT.NS,HCL Technologies Ltd,India,IT Services,2023,3.886905914,81.13318939,10.07812484,0.057688646,0.227767922,0.721139811,0.37428496,0.009370897,45110977.8,0.286796799,0.002876414,0.079266765,6.788909684,1884823035.0,5,30.76923077,TRUE,90.33892363,75.87688996,9.19075493,3.403141173,2.591949545,2.594320111196129
163,HCLT.NS,HCL Technologies Ltd,India,IT Services,2022,4.001286517,73.69866805,10.05573759,0.051235936,0.229426941,0.76522888,0.24576548,0.04057338,-175876338.9,0.208572003,0.003554185,0.082945263,9.429560237,1806840312.0,6,30.76923077,TRUE,84.2948171,48.36573808,7.609364978,3.370596035,5.897141859,2.1641888620048007
164,HEAC.NS,Healthcare Global Enterprises Ltd,India,Health Care Providers & Services,2024,2.633354163,55.46146961,8.617688503,0.518514128,0.295328569,0.399276554,0.0,0.066569016,-24936220.01,0.086770489,0.014963706,0.561009133,13.40533452,5714452.896,6,20.0,TRUE,61.12052143,49.61495285,6.48422363,3.430826821,3.2018101,1.902956471669192
164,HEAC.NS,Healthcare Global Enterprises Ltd,India,Health Care Providers & Services,2023,3.331398029,52.46290517,8.51166254,0.470678095,0.27468349,0.395226596,0.079250509,0.078919357,-619556.0888,0.116027156,0.021650616,0.586718439,11.18697433,4959088.182,5,20.0,TRUE,54.06086781,51.30434783,9.19075493,3.403141173,2.591949545,1.902956471669192
164,HEAC.NS,Healthcare Global Enterprises Ltd,India,Health Care Providers & Services,2022,3.838161647,60.74626127,8.450081312,0.389115451,0.246250351,0.391839202,0.170635783,0.03337713,-2617818.89,0.072681052,0.024858194,0.592082873,12.02996191,2145813.048,4,20.0,TRUE,63.52972612,58.68012183,7.609364978,3.370596035,5.897141859,2.2039102786418527
165,HEGL.NS,HEG Ltd,India,Electrical Equipment,2024,1.593520457,39.43343126,8.820195078,0.104046449,0.192183988,0.908817838,0.017952783,0.005802135,-10098104.15,0.089155565,0.222132085,0.354199685,-12.03758611,13464645.99,6,20.0,TRUE,65.50357852,15.36392305,6.48422363,3.430826821,3.2018101,2.101108636652342
165,HEGL.NS,HEG Ltd,India,Electrical Equipment,2023,1.581379166,34.00375562,8.835073302,0.109215146,0.204786509,0.915430817,0.01574759,0.020813504,12449118.18,0.12329753,0.209450216,0.354262184,-4.317626234,37394013.2,4,20.0,TRUE,55.86815227,13.02647684,9.19075493,3.403141173,2.591949545,1.7616787426014264
165,HEGL.NS,HEG Ltd,India,Electrical Equipment,2022,1.552469849,35.19130967,8.840601348,0.130459438,0.23121905,0.932721474,0.025293343,0.0,-942989.2892,0.133544097,0.253008665,0.32100968,3.528407544,64801399.71,4,20.0,TRUE,62.84959475,13.26104625,7.609364978,3.370596035,5.897141859,1.8363429279532384
166,HEML.NS,Hemisphere Properties India Ltd,India,Real Estate Management & Development,2024,3.412042639,14.92058514,8.110468306,0.054256777,0.589551023,0.923535504,0.077021361,0.0,5853013.458,0.045690269,1.6334e-6,8.43923e-6,69.11333536,-879871.2697,4,42.85714286,TRUE,3.91585122,28.87126738,6.48422363,3.430826821,3.2018101,1.3047355548122264
166,HEML.NS,Hemisphere Properties India Ltd,India,Real Estate Management & Development,2022,3.402964138,3.454150474,8.117326411,0.06037554,0.605305897,0.916980961,0.0000765841,0.110878284,-3519632.425,0.100116605,0.0,0.0000289846,0.0,-787865.1412,7,50.0,TRUE,1.955389065,0.0,7.609364978,3.370596035,5.897141859,1.408285630785783
167,HERN.NS,Heranba Industries Ltd,India,Chemicals,2023,0.967764215,37.09220632,8.249247524,0.111487331,0.399437697,0.928444633,0.048221718,0.0,-8585482.903,0.024340302,0.187857775,0.393564607,-6.043081704,4139172.166,6,12.5,TRUE,48.53758519,44.50837095,9.19075493,3.403141173,2.591949545,3.30246320809292
168,HFCL.NS,HFCL Ltd,India,Diversified Telecommunication Services,2024,1.338592306,52.05555185,8.946021424,0.201683211,0.382687387,0.832925697,0.015724392,0.003327463,5522527.794,0.025480186,0.119110185,0.112227333,-11.20746084,20276184.9,7,14.28571429,TRUE,61.50870491,42.2653346,6.48422363,3.430826821,3.2018101,2.0552417800008502
168,HFCL.NS,HFCL Ltd,India,Diversified Telecommunication Services,2023,1.570595323,54.07176931,8.891126912,0.152804991,0.336674462,0.862781428,0.005645734,0.001695744,-4748650.27,0.017129411,0.119383428,0.102014389,-7.210327058,40494301.14,6,14.28571429,TRUE,72.92579279,42.72257923,9.19075493,3.403141173,2.591949545,2.310916548662504
168,HFCL.NS,HFCL Ltd,India,Diversified Telecommunication Services,2022,1.825188423,45.08832229,8.823532482,0.140357673,0.391434403,0.905756749,0.014975539,0.0,5718111.003,0.013576561,0.138481048,0.105052635,-7.300977102,38669668.94,6,14.28571429,TRUE,65.44894047,41.97696715,7.609364978,3.370596035,5.897141859,2.200398239630396
169,HFDS.NS,Hindustan Foods Ltd,India,Food Products,2024,2.478496367,35.42158658,8.46457971,0.359742705,0.350379237,0.545560828,0.0,0.033575183,3956699.824,0.121980789,0.30227301,0.448346336,26.21217633,12830895.26,7,20.0,TRUE,55.86269454,32.44145417,6.48422363,3.430826821,3.2018101,2.189026622885136
169,HFDS.NS,Hindustan Foods Ltd,India,Food Products,2023,3.134851778,29.33837108,8.363580829,0.379076834,0.357898512,0.538686874,0.062667932,0.0,397324.5351,0.031998492,0.264829773,0.472218187,4.512955253,11159832.03,5,10.0,TRUE,50.52928644,24.21638213,9.19075493,3.403141173,2.591949545,2.84497428636801
169,HFDS.NS,Hindustan Foods Ltd,India,Food Products,2022,4.452138293,23.9418119,8.210880851,0.383896757,0.378168485,0.525823995,0.075206065,0.001419879,885065.7254,0.042375535,0.255706159,0.505800884,17.65159924,8655927.459,4,10.0,TRUE,41.1361951,16.77901445,7.609364978,3.370596035,5.897141859,3.329517752852096
170,HGIN.NS,HG Infra Engineering Ltd,India,Construction & Engineering,2024,0.707960029,43.92315268,9.011421805,0.475390164,0.276960534,0.417254918,0.035843594,0.0,-3300292.569,0.015631725,0.062646876,0.253944276,-8.30265569,59145816.27,6,37.5,TRUE,32.21235214,31.39360639,6.48422363,3.430826821,3.2018101,2.203835532898275
170,HGIN.NS,HG Infra Engineering Ltd,India,Construction & Engineering,2023,1.137813994,41.7603758,8.814244319,0.278442302,0.32416289,0.59127836,0.057188708,0.002676479,3065866.827,0.023067062,0.058869284,0.137686201,14.70533322,64617396.52,5,37.5,TRUE,34.47291603,34.78625244,9.19075493,3.403141173,2.591949545,1.518922112251191
170,HGIN.NS,HG Infra Engineering Ltd,India,Construction & Engineering,2022,1.244316734,22.22111647,8.777893748,0.387726375,0.296197559,0.485645814,0.049522707,0.004303102,5384128.53,0.050208282,0.052192167,0.141541623,13.82118058,60028115.87,4,16.66666667,TRUE,11.64439432,21.53439153,7.609364978,3.370596035,5.897141859,2.140351893384333
171,HIAE.NS,Hindustan Aeronautics Ltd,India,Aerospace & Defense,2024,2.690677293,23.10094655,10.09468574,0.0000109159,0.414948312,0.618574757,0.030581979,0.0,34389701.58,0.47689148,0.264243647,0.066449133,-0.531616605,978823873.6,12,12.5,TRUE,12.73193947,18.7504661,6.48422363,3.430826821,3.2018101,1.6145147603489387
171,HIAE.NS,Hindustan Aeronautics Ltd,India,Aerospace & Defense,2023,3.632685546,25.73106782,9.971718626,0.0000140854,0.465128962,0.741963817,0.034259132,0.0,-22325134.97,0.387679159,0.227200321,0.086011838,11.21481539,914331133.8,12,28.57142857,TRUE,16.51361101,21.71129309,9.19075493,3.403141173,2.591949545,1.6534442549872868
171,HIAE.NS,Hindustan Aeronautics Ltd,India,Aerospace & Defense,2022,4.187954557,31.99860034,9.9127334,0.0000394323,0.458713198,0.706534591,0.043458925,0.0,166796494.6,0.321212402,0.235568971,0.095761252,1.040699457,709314751.7,12,25.0,TRUE,33.35428753,25.70155919,7.609364978,3.370596035,5.897141859,1.4432527780048572
172,HIIL.NS,Hindware Home Innovation Ltd,India,Trading Companies & Distributors,2024,1.027951298,43.89647193,8.471020334,0.351756905,0.453634472,0.654989233,0.0,0.009846741,-506729.0813,0.016382592,0.237651024,0.426736927,-11.35768107,-5954359.274,5,16.66666667,0,58.12350097,32.69935155,6.48422363,3.430826821,3.2018101,0.0
172,HIIL.NS,Hindware Home Innovation Ltd,India,Trading Companies & Distributors,2023,1.032046825,44.70613261,8.462965875,0.432258815,0.502599024,0.667467077,0.024021601,0.0,2402159.568,0.012508966,0.257768676,0.399667035,-4.754127604,6967006.599,5,14.28571429,TRUE,68.87168008,25.97927358,9.19075493,3.403141173,2.591949545,1.6361686439254588
172,HIIL.NS,Hindware Home Innovation Ltd,India,Trading Companies & Distributors,2022,1.016085624,48.7160939,8.447568066,0.415839599,0.482197752,0.642960027,0.008284894,0.0,-2103055.015,0.003960621,0.304759684,0.409806949,15.72900963,8089094.45,5,14.28571429,TRUE,65.32696201,37.06622289,7.609364978,3.370596035,5.897141859,1.927569157431258
173,HIKA.NS,Hikal Ltd,India,Pharmaceuticals,2024,1.216180895,44.60212065,8.471219589,0.302384436,0.312191071,0.62332228,0.0,0.007117719,35108.25044,0.032747504,0.132270948,0.584404286,1.652693774,10626097.13,7,25.0,TRUE,30.7533978,61.95366676,6.48422363,3.430826821,3.2018101,2.16596287295597
173,HIKA.NS,Hikal Ltd,India,Pharmaceuticals,2023,1.211046153,42.51246927,8.4747962,0.328720555,0.304216997,0.582254703,0.016219224,0.000173291,-1682903.419,0.008541205,0.12867866,0.592974928,-13.04523374,8350569.886,4,20.0,TRUE,31.1693899,60.25774118,9.19075493,3.403141173,2.591949545,1.6536721230213716
173,HIKA.NS,Hikal Ltd,India,Pharmaceuticals,2022,1.239584888,40.03120469,8.462915713,0.313640598,0.277325086,0.528392699,0.039670231,0.000203732,1860881.207,0.024755885,0.139995188,0.56603613,-3.798632788,9540165.531,5,20.0,TRUE,24.24994773,48.22899431,7.609364978,3.370596035,5.897141859,1.9127776836468933
175,HLEG.NS,HLE Glascoat Ltd,India,Machinery,2024,2.729925204,34.69299322,8.180008433,0.294312456,0.439478099,0.681494768,0.022106956,0.030611123,737916.9105,0.046561054,0.285688892,0.309105362,3.555340378,7228484.494,6,12.5,TRUE,29.77680886,32.2767216,6.48422363,3.430826821,3.2018101,1.4476188187156618
175,HLEG.NS,HLE Glascoat Ltd,India,Machinery,2023,2.934560058,31.5267367,8.158983291,0.317691009,0.405433589,0.620658838,0.068304667,0.0,3669838.032,0.039702213,0.269821655,0.302994226,2.423878443,4905650.87,5,14.28571429,0,38.34105803,34.56891642,9.19075493,3.403141173,2.591949545,1.3335971557746793
175,HLEG.NS,HLE Glascoat Ltd,India,Machinery,2022,3.757154389,26.22810906,8.036907776,0.278568546,0.454715224,0.71635551,0.006595016,0.0,-2707814.021,0.014967511,0.311930238,0.353266106,31.94398762,8496409.445,6,12.5,TRUE,26.46860508,31.81018609,7.609364978,3.370596035,5.897141859,1.4371056686463637
176,HLL.NS,Hindustan Unilever Ltd,India,Personal Care Products,2024,7.72457468,83.62319355,9.970725989,0.020630946,0.207023035,0.542588096,0.007437867,0.074461693,615330602.7,0.137343966,0.055270406,0.120605909,-0.527089817,1248800468.0,7,30.76923077,TRUE,72.43056247,75.52642422,6.48422363,3.430826821,3.2018101,1.9832905212184533
176,HLL.NS,Hindustan Unilever Ltd,India,Personal Care Products,2023,7.495817136,82.36590071,9.97395852,0.018904699,0.164027567,0.471976834,0.014911463,0.008063797,13317336.53,0.160171366,0.051236321,0.115364527,0.713604919,1233593281.0,8,27.27272727,TRUE,71.59832587,76.63080518,9.19075493,3.403141173,2.591949545,2.052286004552886
176,HLL.NS,Hindustan Unilever Ltd,India,Personal Care Products,2022,7.954415647,76.57056307,9.949179705,0.016678753,0.164570991,0.527937497,0.007898237,0.008469358,-54284323.27,0.094050148,0.058163558,0.110566859,6.710278734,1234664070.0,5,18.18181818,TRUE,73.1359016,68.87569921,7.609364978,3.370596035,5.897141859,2.1610835417260765
177,HOEX.NS,Hindustan Oil Exploration Company Ltd,India,"Oil, Gas & Consumable Fuels",2024,1.078374586,39.44668441,8.361069581,0.061447684,0.174935514,0.535457556,0.039623198,0.000314619,49912.22937,0.007284746,0.107084462,0.624472692,-45.19963378,17227349.33,7,20.0,FALSE,85.34704076,22.66820502,6.48422363,3.430826821,3.2018101,1.2198443631886586
177,HOEX.NS,Hindustan Oil Exploration Company Ltd,India,"Oil, Gas & Consumable Fuels",2023,1.076968872,42.16484626,8.369452269,0.089205115,0.22332991,0.560872042,0.155893888,0.000143893,-15649694.06,0.036572455,0.021691284,0.651732402,32.11945426,27166142.77,11,14.28571429,TRUE,87.07147178,27.91860114,9.19075493,3.403141173,2.591949545,1.2198443631886586
177,HOEX.NS,Hindustan Oil Exploration Company Ltd,India,"Oil, Gas & Consumable Fuels",2022,1.135948298,36.34916955,8.352578291,0.196833418,0.295189974,0.604801287,0.142745224,0.0000276714,14012122.69,0.116579117,0.043743306,0.683789431,231.5709373,23618330.09,7,14.28571429,TRUE,80.83916116,26.64525692,7.609364978,3.370596035,5.897141859,1.2658478753061226
178,HPCL.NS,Hindustan Petroleum Corp Ltd,India,"Oil, Gas & Consumable Fuels",2024,0.40809421,55.19584277,10.35775345,0.362311486,0.494379306,0.670456026,0.001440105,0.00014157,-54664716.21,0.018245458,0.19679756,0.527370304,-1.453680713,788262141.6,12,15.38461538,TRUE,19.39510681,69.06737189,6.48422363,3.430826821,3.2018101,1.3672371346616452
178,HPCL.NS,Hindustan Petroleum Corp Ltd,India,"Oil, Gas & Consumable Fuels",2023,0.432362665,56.59010079,10.34099543,0.364854269,0.472370137,0.63552605,0.002630472,0.000288617,-638560287.9,0.033254227,0.187184796,0.538496076,-2.384802433,1921368926.0,12,16.66666667,TRUE,24.55745751,68.34724124,9.19075493,3.403141173,2.591949545,1.872978291034144
178,HPCL.NS,Hindustan Petroleum Corp Ltd,India,"Oil, Gas & Consumable Fuels",2022,0.483112037,57.91485665,10.29464296,0.436453487,0.459776207,0.574184154,0.006080127,0.000406556,143051363.2,0.033978976,0.182650709,0.571981548,15.19156272,-849589824.7,12,8.333333333,TRUE,24.98357171,66.23472871,7.609364978,3.370596035,5.897141859,1.6830013816033005
179,HROM.NS,Hero MotoCorp Ltd,India,Automobiles,2024,3.487021429,61.84363404,9.521458221,0.024653826,0.263328487,0.819889277,0.051304311,0.0,-25905207.72,0.267089656,0.078901893,0.204572897,5.634170354,512090111.2,6,30.0,TRUE,75.5484313,54.38401424,6.48422363,3.430826821,3.2018101,2.5487845906974367
179,HROM.NS,Hero MotoCorp Ltd,India,Automobiles,2023,3.686436488,66.67790275,9.496612422,0.023187201,0.269507383,0.833744782,0.08582268,0.0,45424115.18,0.219817116,0.078188216,0.222374362,9.04822304,448969406.1,7,30.0,TRUE,91.29857154,56.787453,9.19075493,3.403141173,2.591949545,2.8983488147103738
179,HROM.NS,Hero MotoCorp Ltd,India,Automobiles,2022,3.933457878,69.62127701,9.464046818,0.023729535,0.251394927,0.828018057,0.037637502,0.0,5511197.663,0.183701307,0.080067216,0.240949232,6.785017863,340786270.7,9,27.27272727,TRUE,88.09529839,57.21981331,7.609364978,3.370596035,5.897141859,2.298638049704519
180,HVEL.NS,Havells India Ltd,India,Electrical Equipment,2024,6.721151563,59.57053921,9.208463057,0.02306688,0.345761332,0.870413919,0.012563982,0.054112377,63329432.42,0.264854718,0.294972776,0.243935114,14.27023057,172058513.8,5,7.142857143,TRUE,53.66461432,78.18227451,6.48422363,3.430826821,3.2018101,1.8303114613883624
180,HVEL.NS,Havells India Ltd,India,Electrical Equipment,2023,7.495731391,64.75215359,9.173659501,0.024384104,0.344501472,0.85903332,0.013261485,0.016834651,-23882423.52,0.268220541,0.282363672,0.23351101,8.972176486,152460707.9,6,7.142857143,TRUE,62.36554334,81.82584629,9.19075493,3.403141173,2.591949545,1.3224650509950109
180,HVEL.NS,Havells India Ltd,India,Electrical Equipment,2022,8.226007004,66.07980728,9.132904129,0.019995626,0.343765236,0.846325786,0.018685765,0.035267051,-37815238.56,0.179860768,0.335026673,0.214320669,11.453257,130444255.1,5,7.142857143,TRUE,74.80522407,81.98144266,7.609364978,3.370596035,5.897141859,1.632130930658119
181,HZNC.NS,Hindustan Zinc Ltd,India,Metals & Mining,2024,5.139663759,75.52127248,9.605981127,0.317976225,0.324702812,0.529153279,0.008572194,0.0,5032182.563,0.26605095,0.05752392,0.611510583,14.90869574,1211585723.0,8,55.55555556,TRUE,79.76343093,67.67785878,6.48422363,3.430826821,3.2018101,2.4780933528146205
181,HZNC.NS,Hindustan Zinc Ltd,India,Metals & Mining,2023,5.156849012,76.07487807,9.609230034,0.257324089,0.319840684,0.57973262,0.004888848,0.0,-719856.0288,0.278482618,0.059536805,0.580233073,-16.36185802,930893821.2,6,44.44444444,TRUE,78.67456217,68.47675605,9.19075493,3.403141173,2.591949545,2.164737184451848
181,HZNC.NS,Hindustan Zinc Ltd,India,Metals & Mining,2022,4.76254006,78.99984948,9.635164024,0.334987453,0.49209124,0.774484136,0.003380508,0.0,-186587147.0,0.204928911,0.053824682,0.557334987,6.999181789,1248539435.0,7,50.0,TRUE,83.99934157,71.59507956,7.609364978,3.370596035,5.897141859,2.3393877438707555
182,IFBI.NS,IFB Industries Ltd,India,Household Durables,2024,2.440409706,29.92344829,8.44076174,0.106073074,0.535820022,0.833488384,0.086490509,0.0,628437.6829,0.14477048,0.284040685,0.283535939,11.91429342,13915740.2,8,7.692307692,TRUE,15.13132083,43.42192613,6.48422363,3.430826821,3.2018101,2.229581164116809
182,IFBI.NS,IFB Industries Ltd,India,Household Durables,2023,2.624220586,23.08923672,8.417509052,0.075300832,0.572903812,0.854074054,0.083191198,0.0,3343731.254,0.141336896,0.247358691,0.275398089,4.278682827,6041991.602,8,7.142857143,TRUE,11.50841626,25.18170688,9.19075493,3.403141173,2.591949545,1.8385334303334544
182,IFBI.NS,IFB Industries Ltd,India,Household Durables,2022,2.673315653,21.64918848,8.408960818,0.167534496,0.54061392,0.791318122,0.066745101,0.0,690116.8452,0.084717785,0.272020467,0.315831193,13.47005227,1818403.116,6,7.142857143,TRUE,6.603765131,21.18800852,7.609364978,3.370596035,5.897141859,1.6035418880713803
183,IGAS.NS,Indraprastha Gas Ltd,India,Gas Utilities,2024,1.819102415,27.11831183,9.260893295,0.006000118,0.276873777,0.868793034,0.0,0.145389106,-8709186.659,0.263587531,0.00312938,0.558953134,3.917550339,200469280.3,12,0.0,TRUE,8.569876859,31.31606765,6.48422363,3.430826821,3.2018101,1.181579181361437
183,IGAS.NS,Indraprastha Gas Ltd,India,Gas Utilities,2023,1.975582956,30.02548723,9.231992771,0.005708174,0.286922045,0.889554113,0.029066034,0.007064014,13608878.22,0.235017416,0.003918436,0.561659105,-2.353166973,237960407.9,19,9.090909091,TRUE,22.65007943,26.66983924,9.19075493,3.403141173,2.591949545,1.311500506298772
183,IGAS.NS,Indraprastha Gas Ltd,India,Gas Utilities,2022,2.162140393,31.0008136,9.186511785,0.006556933,0.335432629,0.902434762,0.014682613,0.003441261,3725657.254,0.152254207,0.004024311,0.566752857,69.88694015,199567916.3,12,10.0,TRUE,27.36629122,23.39207318,7.609364978,3.370596035,5.897141859,1.5130534248832654
184,INDG.NS,Indigo Paints Ltd,India,Chemicals,2022,4.785190784,33.1850012,8.111302197,0.011167345,0.248756269,0.925051677,0.162106886,0.004066864,1417551.12,0.179600129,0.114661943,0.456620085,9.448104929,16058836.42,4,37.5,TRUE,78.86472696,22.81573888,7.609364978,3.370596035,5.897141859,1.406028220566358
185,INED.NS,Info Edge (India) Ltd,India,Interactive Media & Services,2024,2.060254807,71.16839218,9.699440881,0.006250586,0.040471765,0.220001126,0.070344742,0.003301462,-8065418.373,0.114826349,0.0,0.008549906,9.587873664,190809245.2,6,18.18181818,TRUE,86.28418556,22.79148707,6.48422363,3.430826821,3.2018101,1.7086270110355182
185,INED.NS,Info Edge (India) Ltd,India,Interactive Media & Services,2023,2.400069131,70.36664741,9.636491097,0.006826834,0.041440958,0.256606603,0.125423398,0.003998469,-3527174.565,0.245548446,0.0,0.008746519,6.583872605,71332093.58,12,25.0,TRUE,84.12252415,22.51242646,9.19075493,3.403141173,2.591949545,1.3655270135620232
185,INED.NS,Info Edge (India) Ltd,India,Interactive Media & Services,2022,5.047022882,65.14266891,9.307022361,0.006461409,0.080967214,0.413496103,0.119164113,0.012037599,19004746.84,0.158852582,0.0,0.010843323,36.37323857,-8575827.653,13,20.0,TRUE,81.63481006,29.82857196,7.609364978,3.370596035,5.897141859,1.3782944613903043
186,INFY.NS,Infosys Ltd,India,IT Services,2024,4.153133764,91.11194798,10.24119138,0.055250734,0.287771234,0.807196006,0.0,0.161386943,1131538912.0,0.26175943,0.002773618,0.126948416,3.458316121,3130485664.0,6,22.22222222,TRUE,94.9660092,76.73173769,6.48422363,3.430826821,3.2018101,1.908446515459098
186,INFY.NS,Infosys Ltd,India,IT Services,2023,4.385485759,91.08678714,10.21838773,0.060654215,0.281495349,0.780594793,0.0,0.104764393,313497300.5,0.221547903,0.002583192,0.139427054,3.208508175,3149130174.0,8,12.5,TRUE,94.70960136,76.68262454,9.19075493,3.403141173,2.591949545,1.6859815190272365
186,INFY.NS,Infosys Ltd,India,IT Services,2022,4.610956052,92.59441453,10.18507544,0.065961404,0.311454823,0.777361186,0.0,0.076810581,-644961051.6,0.148700556,0.0,0.163063521,11.46481287,2934274586.0,8,25.0,TRUE,97.2403388,76.93348366,7.609364978,3.370596035,5.897141859,2.458716152711233
187,INIR.NS,Indian Railway Catering and Tourism Corporation Ltd,India,Commercial Services & Supplies,2024,8.230656885,38.22227142,8.900762452,0.013206384,0.412230454,0.893768738,0.134682517,0.0,-38482270.33,0.363457224,0.001646954,0.11958019,6.784409089,153879730.8,7,0.0,TRUE,24.68871886,39.20454545,6.48422363,3.430826821,3.2018101,2.04842460033608
187,INIR.NS,Indian Railway Catering and Tourism Corporation Ltd,India,Commercial Services & Supplies,2023,9.02209662,43.18803327,8.863794781,0.009907874,0.43204774,0.919723019,0.268398991,0.0,33292573.49,0.440885124,0.001800165,0.124090476,18.85485681,133302615.5,8,14.28571429,TRUE,28.46381848,33.80496138,9.19075493,3.403141173,2.591949545,1.5721377989766836
187,INIR.NS,Indian Railway Catering and Tourism Corporation Ltd,India,Commercial Services & Supplies,2022,10.72341195,46.61147789,8.791951436,0.016538846,0.469930978,0.916107455,0.179330687,0.0,7380878.773,0.464992107,0.001888378,0.069841373,74.1585816,122429539.9,8,14.28571429,TRUE,26.15207146,50.23415978,7.609364978,3.370596035,5.897141859,1.7543526610244804
188,INMR.NS,Indiamart Intermesh Ltd,India,Trading Companies & Distributors,2024,3.758775257,60.2905751,8.684625312,0.007992143,0.295512358,0.626954493,0.059597808,0.000164986,-1324751.317,0.812425621,0.0,0.00802093,13.15613794,64446811.0,5,12.5,TRUE,62.55171442,51.37756554,6.48422363,3.430826821,3.2018101,1.369658197066758
188,INMR.NS,Indiamart Intermesh Ltd,India,Trading Companies & Distributors,2023,4.367901332,59.89122348,8.616737598,0.011792311,0.309549693,0.623369844,0.044026589,0.01096241,3203119.376,0.664797686,0.0,0.014118761,19.7168325,40066346.73,4,14.28571429,TRUE,60.94102089,58.04683776,9.19075493,3.403141173,2.591949545,1.1513950614430082
188,INMR.NS,Indiamart Intermesh Ltd,India,Trading Companies & Distributors,2022,4.377267032,45.77874726,8.622482149,0.013327411,0.24851987,0.617585695,0.0,0.016868575,1041747.809,0.729930712,0.0,0.015754958,20.81667021,34545642.65,5,16.66666667,TRUE,48.19641415,33.02515626,7.609364978,3.370596035,5.897141859,2.1851791160997305
189,INUS.NS,Indus Towers Ltd,India,Diversified Telecommunication Services,2024,1.394797472,66.7194153,9.868800185,0.334901583,0.154927482,0.319080331,0.015296113,0.027012737,10134581.63,0.126164593,0.004397643,0.710922239,2.733889623,1162282036.0,7,13.33333333,TRUE,75.50239079,59.67854735,6.48422363,3.430826821,3.2018101,2.936746142762789
189,INUS.NS,Indus Towers Ltd,India,Diversified Telecommunication Services,2023,1.593618121,59.90495852,9.826254411,0.36749386,0.181795889,0.352303946,0.005818934,0.0000715978,4883023.395,0.001335536,0.00333467,0.710767959,-0.667804371,724199160.2,9,14.28571429,TRUE,85.08372599,47.77055626,9.19075493,3.403141173,2.591949545,2.72795363388381
189,INUS.NS,Indus Towers Ltd,India,Diversified Telecommunication Services,2022,1.883605912,62.49997878,9.753468188,0.411937113,0.175271191,0.320576211,0.002744156,0.0,-116577409.9,0.005739283,0.002164372,0.70245682,-5.402439758,248296007.8,5,15.38461538,TRUE,86.63685548,48.44584287,7.609364978,3.370596035,5.897141859,2.9475443876792005
190,INGL.NS,Interglobe Aviation Ltd,India,Passenger Airlines,2024,1.968939072,64.81262436,10.1321596,0.576724633,0.295379542,0.32136843,0.013741386,0.005204435,44212990.05,0.518857558,0.018002736,0.446744962,14.38626913,849432416.6,15,12.5,FALSE,74.73811823,62.39311431,6.48422363,3.430826821,3.2018101,1.6307207757920874
190,INGL.NS,Interglobe Aviation Ltd,India,Passenger Airlines,2023,2.736132706,50.10170687,9.994095727,0.623658513,0.374563684,0.383884496,0.019574868,0.001122731,-68709178.16,0.537953472,0.009006718,0.439107024,24.74749227,980500060.0,13,12.5,0,61.08886808,39.13027332,9.19075493,3.403141173,2.591949545,2.339991074220422
190,INGL.NS,Interglobe Aviation Ltd,India,Passenger Airlines,2022,3.740971064,52.82577485,9.85743981,0.758058986,0.403096484,0.364605354,0.027341328,0.010408127,30749756.57,0.470281847,0.010964019,0.467259567,93.97283158,-37218719.57,13,25.0,TRUE,76.90720157,35.86317723,7.609364978,3.370596035,5.897141859,1.9945711307281777
191,IOC.NS,Indian Oil Corporation Ltd,India,"Oil, Gas & Consumable Fuels",2024,0.377586973,69.655847,10.77318199,0.300415188,0.454980078,0.719815857,0.00272303,0.0000891753,-67105909.89,0.026854752,0.224671322,0.534464491,-4.878630945,1613672323.0,15,12.5,0,31.80994143,83.90218716,6.48422363,3.430826821,3.2018101,1.880132910186723
191,IOC.NS,Indian Oil Corporation Ltd,India,"Oil, Gas & Consumable Fuels",2023,0.38991913,68.19329547,10.76246748,0.274954412,0.448633868,0.723890353,0.004537857,0.000548509,30022795.44,0.029296435,0.251628093,0.517197416,-8.698250086,5178302340.0,12,6.666666667,0,27.38893576,86.78591954,9.19075493,3.403141173,2.591949545,2.017757672499394
191,IOC.NS,Indian Oil Corporation Ltd,India,"Oil, Gas & Consumable Fuels",2022,0.420936883,69.34949325,10.73048514,0.33726703,0.467829057,0.684271339,0.00314466,0.000784459,-21937682.57,0.027287973,0.274173677,0.507296253,19.30212801,1424569133.0,9,12.5,0,30.75457817,84.74922146,7.609364978,3.370596035,5.897141859,1.5559127380119755
192,IONX.NS,Ion Exchange (India) Ltd,India,Commercial Services & Supplies,2024,1.733671755,65.58321063,8.543512207,0.108003258,0.491525515,0.825243688,0.055942252,0.018119138,-508613.2241,0.116044039,0.117349728,0.229386432,13.71436628,24371538.91,8,8.333333333,FALSE,61.38300984,56.90300569,6.48422363,3.430826821,3.2018101,1.8689560136160783
192,IONX.NS,Ion Exchange (India) Ltd,India,Commercial Services & Supplies,2023,2.141858952,64.57721252,8.468147939,0.062224735,0.514044945,0.879581071,0.080506476,0.020777628,-2605734.853,0.187272736,0.111311004,0.163631009,16.32075793,23437600.48,6,9.090909091,TRUE,65.1356221,43.15302144,9.19075493,3.403141173,2.591949545,2.050290166472033
192,IONX.NS,Ion Exchange (India) Ltd,India,Commercial Services & Supplies,2023,2.141858952,64.57721252,8.468147939,0.062224735,0.514044945,0.879581071,0.080506476,0.020777628,-2605734.853,0.187272736,0.111311004,0.163631009,16.32075793,23437600.48,6,9.090909091,TRUE,65.1356221,43.15302144,9.19075493,3.403141173,2.591949545,1.996789421858082
192,IONX.NS,Ion Exchange (India) Ltd,India,Commercial Services & Supplies,2022,2.651891434,44.29526116,8.373173758,0.030530399,0.541894498,0.950029544,0.055121686,0.059789346,764130.964,0.192451288,0.123757554,0.127282961,16.56331791,23730075.46,6,10.0,TRUE,56.3239257,18.24259341,7.609364978,3.370596035,5.897141859,1.251619900184572
193,IPCA.NS,IPCA Laboratories Ltd,India,Pharmaceuticals,2024,3.018207404,54.28847409,9.138715566,0.115873832,0.202900375,0.495879138,0.053783809,0.003301716,19758923.35,0.097096239,0.221027928,0.398394633,13.17128327,92162668.23,8,22.22222222,TRUE,64.66749297,35.05331528,6.48422363,3.430826821,3.2018101,1.4962203928158455
193,IPCA.NS,IPCA Laboratories Ltd,India,Pharmaceuticals,2023,3.04454611,51.83869745,9.124467453,0.129567041,0.21219535,0.493939095,0.058918171,0.006316389,-98763047.39,0.096596253,0.226275709,0.420063272,21.63108281,63492501.5,6,12.5,TRUE,69.16833939,27.50680645,9.19075493,3.403141173,2.591949545,1.6885826264156072
193,IPCA.NS,IPCA Laboratories Ltd,India,Pharmaceuticals,2022,3.92475156,47.91003029,9.021170672,0.17171298,0.209335728,0.64854673,0.05076918,0.135185703,71573758.52,0.264184702,0.205555485,0.312363284,-1.04867908,59874634.86,7,12.5,TRUE,71.49013069,20.31138311,7.609364978,3.370596035,5.897141859,1.858067954773094
194,IRCN.NS,Ircon International Ltd,India,Construction & Engineering,2024,0.777826912,26.13031005,9.358796224,0.220228899,0.370175009,0.547656562,0.0,0.244944491,11709771.8,0.421115613,0.004652871,0.101356059,-14.88742534,85176126.39,9,20.0,TRUE,14.11315494,22.11954712,6.48422363,3.430826821,3.2018101,2.471105085396898
194,IRCN.NS,Ircon International Ltd,India,Construction & Engineering,2023,0.867942708,26.51442474,9.320943333,0.147282713,0.402117218,0.605964133,0.0,0.285599769,-18995800.84,0.479525914,0.002733761,0.043806064,17.23516474,111518896.2,8,18.18181818,TRUE,10.6860407,25.48443094,9.19075493,3.403141173,2.591949545,2.0193120397787645
194,IRCN.NS,Ircon International Ltd,India,Construction & Engineering,2022,0.974952676,16.51627316,9.276717357,0.096845157,0.467607151,0.703609084,0.096407763,0.10540194,131492210.3,0.335567629,0.012162926,0.013764869,29.79096773,93138997.08,9,11.11111111,TRUE,3.692736356,19.48532949,7.609364978,3.370596035,5.897141859,2.0070437837971857
194,IRCN.NS,Ircon International Ltd,India,Construction & Engineering,2022,0.974952676,16.51627316,9.276717357,0.096845157,0.467607151,0.703609084,0.096407763,0.10540194,131492210.3,0.335567629,0.012162926,0.013764869,29.79096773,93138997.08,9,11.11111111,TRUE,3.692736356,19.48532949,7.609364978,3.370596035,5.897141859,1.8907255507900207
195,ISGE.NS,Isgec Heavy Engineering Ltd,India,Machinery,2024,0.882362575,22.60757579,8.973622904,0.107008997,0.540864775,0.820214925,0.021236195,0.006731774,-5792147.455,0.032028094,0.183732006,0.122707724,0.741903017,41626892.92,5,12.5,TRUE,20.46281255,25.7546275,6.48422363,3.430826821,3.2018101,2.373422432738907
196,ITC.NS,ITC Ltd,India,Tobacco,2024,5.594173899,84.34341038,10.0132179,0.003233486,0.162719938,0.793666112,0.029119352,0.002299903,22682270.33,0.217622814,0.179770891,0.216803639,7.735203739,2344818022.0,6,18.75,TRUE,63.74824714,95.85678426,6.48422363,3.430826821,3.2018101,1.0
196,ITC.NS,ITC Ltd,India,Tobacco,2023,5.184341101,82.70855913,10.04206082,0.003307663,0.149090412,0.790477136,0.035589172,0.001510027,22875824.84,0.158963643,0.155760406,0.292646344,-4.811584888,2422413917.0,6,12.5,TRUE,57.61484632,96.30646724,9.19075493,3.403141173,2.591949545,1.2520633457793402
196,ITC.NS,ITC Ltd,India,Tobacco,2022,5.465821634,84.61132185,10.01924667,0.003566947,0.159978263,0.821355809,0.033354416,0.0000591503,16946202.53,0.214836185,0.138725158,0.290822116,8.411043593,2370584226.0,6,12.5,TRUE,68.28920421,95.60203708,7.609364978,3.370596035,5.897141859,2.0986807225550894
197,JAIC.NS,Jai Corp Ltd,India,Containers & Packaging,2024,1.429260414,26.87033496,8.23475061,0.0,0.016719946,0.398473034,0.1736649,0.0,102984.2013,0.106846247,0.140712012,0.061167874,9.051824017,7820947.923,5,37.5,TRUE,84.71353349,4.72642892,6.48422363,3.430826821,3.2018101,1.6993823475259873
197,JAIC.NS,Jai Corp Ltd,India,Containers & Packaging,2023,1.366084299,27.80685707,8.27038614,0.0,0.018058616,0.416893421,0.120419352,0.003379424,-21955.60888,0.158979685,0.138172542,0.064853252,-23.19868688,6340935.813,6,37.5,TRUE,88.58742653,4.673913043,9.19075493,3.403141173,2.591949545,1.6993823475259873
197,JAIC.NS,Jai Corp Ltd,India,Containers & Packaging,2022,1.420195148,27.85681137,8.262732166,0.002054302,0.021126069,0.437311591,0.159664236,0.0,-651351.0224,0.11028281,0.14023975,0.073469855,-23.75216353,-1650036.514,5,37.5,TRUE,87.9351907,3.061594203,7.609364978,3.370596035,5.897141859,1.692826228869468
198,JAIR.NS,Jain Irrigation Systems Ltd,India,Machinery,2024,0.292991938,65.12066692,9.12706573,0.349254581,0.358530282,0.704209912,0.0,0.008829384,-837916.9105,0.053344145,0.161640873,0.370908364,-8.015958061,3006436.513,6,15.38461538,TRUE,65.8338825,66.11409627,6.48422363,3.430826821,3.2018101,2.842353908004294
198,JAIR.NS,Jain Irrigation Systems Ltd,India,Machinery,2023,0.298397078,54.78213392,9.128222177,0.360823092,0.355255239,0.69110521,0.021780871,0.0000778733,-3617156.569,0.009180665,0.222152138,0.364121635,5.130528231,10919016.2,7,16.66666667,TRUE,72.14688874,32.11547596,9.19075493,3.403141173,2.591949545,2.9946200301920176
198,JAIR.NS,Jain Irrigation Systems Ltd,India,Machinery,2022,0.308188755,51.85096385,9.126867852,0.360478887,0.38301594,0.723854283,0.026566672,0.000518111,-22160296.98,0.00981178,0.215913394,0.365111077,12.52356405,-14700219.08,6,16.66666667,TRUE,56.07612469,32.36324657,7.609364978,3.370596035,5.897141859,1.9718788944283487
199,JAPR.NS,Jaiprakash Power Ventures Ltd,India,Independent Power and Renewable Electricity Producers,2024,0.678370519,37.29772379,9.318356454,0.212433092,0.088973664,0.287488191,0.058731713,0.044957719,100819192.5,0.088013427,0.06127204,0.717358987,-21.21653453,95207723.82,5,20.0,TRUE,72.16584739,20.61065759,6.48422363,3.430826821,3.2018101,2.2899699544152243
199,JAPR.NS,Jaiprakash Power Ventures Ltd,India,Independent Power and Renewable Electricity Producers,2023,0.704845841,27.85339562,9.31722258,0.245389455,0.103313998,0.30633658,0.017363384,0.0,-3307738.452,0.054519311,0.059025259,0.755069995,15.19970574,122609478.1,4,16.66666667,TRUE,60.94102089,12.1043938,9.19075493,3.403141173,2.591949545,1.8852540232808184
199,JAPR.NS,Jaiprakash Power Ventures Ltd,India,Independent Power and Renewable Electricity Producers,2022,0.703029039,28.89348056,9.323564876,0.275064511,0.149293297,0.376564684,0.022675553,1.15559e-6,-405306.7186,0.009601706,0.072547515,0.78660599,15.59754021,6745374.878,6,16.66666667,TRUE,67.79122376,11.08588898,7.609364978,3.370596035,5.897141859,1.460220700293234
200,JAYN.NS,Jayaswal Neco Industries Ltd,India,Metals & Mining,2024,0.970218966,34.79469502,8.82731011,0.479079494,0.162034074,0.276394139,0.167458373,0.0,7762785.255,0.024910527,0.245644094,0.600496393,-1.369612787,13186495.03,6,8.333333333,TRUE,35.62279855,31.42993451,6.48422363,3.430826821,3.2018101,1.561721607334829
200,JAYN.NS,Jayaswal Neco Industries Ltd,India,Metals & Mining,2023,0.906242092,35.51345654,8.864458525,0.530249538,0.122363649,0.194537461,0.119836882,0.0,2093017.397,0.014568404,0.285558893,0.571362652,-7.788631302,25192897.42,4,8.333333333,TRUE,61.49339066,28.97236255,9.19075493,3.403141173,2.591949545,1.6306341645143654
200,JAYN.NS,Jayaswal Neco Industries Ltd,India,Metals & Mining,2022,0.917554175,25.70953678,8.86734674,0.563967935,0.65498396,0.99230639,0.018161687,0.034798645,-13371616.36,0.041684497,0.212041555,0.590919593,-1.659171263,27613644.11,6,8.333333333,TRUE,40.03275919,24.97876905,7.609364978,3.370596035,5.897141859,1.711676387638931
201,JBCH.NS,J B Chemicals and Pharmaceuticals Ltd,India,Pharmaceuticals,2024,6.137683063,37.83666171,8.699100055,0.006525793,0.147957817,0.752368601,0.125076877,0.008423457,3145219.427,0.109918997,0.128160469,0.153644727,9.687123639,77189210.06,6,16.66666667,TRUE,15.57069167,27.0607723,6.48422363,3.430826821,3.2018101,2.121546828307609
201,JBCH.NS,J B Chemicals and Pharmaceuticals Ltd,India,Pharmaceuticals,2023,6.521243005,28.97640756,8.680516277,0.0945528,0.217375681,0.810821707,0.074535308,0.005884039,1353413.317,0.127487202,0.128637168,0.158953955,9.054658546,66302075.58,9,16.66666667,TRUE,14.66858275,19.90971679,9.19075493,3.403141173,2.591949545,2.157014705068256
201,JBCH.NS,J B Chemicals and Pharmaceuticals Ltd,India,Pharmaceuticals,2022,7.239758272,33.21071973,8.63604118,0.161076827,0.156012799,0.516478618,0.090220332,0.007572532,2481779.455,0.095381141,0.124955506,0.162195607,20.0120139,49903274.1,10,16.66666667,TRUE,20.88468636,28.76579203,7.609364978,3.370596035,5.897141859,1.5598196127980746
202,JBMA.NS,JBM Auto Ltd,India,Automobile Components,2024,2.437219114,29.54699326,8.835421185,0.449642216,0.529040999,0.687861405,0.016388933,0.008547454,7259227.618,0.041213384,0.108834043,0.2656632,6.557700559,25117764.77,4,14.28571429,TRUE,33.10553814,28.46595219,6.48422363,3.430826821,3.2018101,1.722715383906408
202,JBMA.NS,JBM Auto Ltd,India,Automobile Components,2023,2.945282242,14.08771576,8.766159743,0.437189556,0.579704403,0.762793408,0.013718853,0.0,1158380.324,0.020731075,0.158623122,0.329013707,28.00981962,23242363.53,5,14.28571429,TRUE,21.494585,7.812738368,9.19075493,3.403141173,2.591949545,1.99430829601664
202,JBMA.NS,JBM Auto Ltd,India,Automobile Components,2022,4.015089419,16.48655004,8.634074701,0.481435025,0.490886932,0.692435741,0.016718287,0.0,-283471.2756,0.020198498,0.130760395,0.449274214,11.60322076,15230221.52,5,14.28571429,TRUE,23.23719859,4.452376016,7.609364978,3.370596035,5.897141859,2.2243339119381456
203,JCHA.NS,Johnson Controls-Hitachi Air Conditioning India Ltd,India,Household Durables,2024,2.547526608,46.35581079,8.323360134,0.02336633,0.596441693,0.926531916,0.001518964,0.0754459,7671152.721,0.0808547,0.432038106,0.188714796,40.13226968,6884727.911,5,16.66666667,TRUE,29.27372571,69.01217528,6.48422363,3.430826821,3.2018101,2.729050920086415
203,JCHA.NS,Johnson Controls-Hitachi Air Conditioning India Ltd,India,Household Durables,2023,2.743535293,43.50976332,8.298474562,0.029012443,0.584261595,0.901326507,0.003470178,0.041310146,5980803.839,0.039581243,0.396441028,0.226867887,-20.68131542,-9083383.323,6,14.28571429,TRUE,27.74114758,62.88557737,9.19075493,3.403141173,2.591949545,2.0003501386826628
203,JCHA.NS,Johnson Controls-Hitachi Air Conditioning India Ltd,India,Household Durables,2022,2.483013682,39.67193928,8.337850368,0.10791741,0.561498163,0.88920862,0.006900397,0.008408858,-1032132.425,0.011314067,0.487613148,0.21662315,2.026988089,-9997565.725,4,16.66666667,TRUE,41.10558888,39.04687251,7.609364978,3.370596035,5.897141859,2.1028398690894217
204,JINW.NS,Jindal Worldwide Ltd,India,"Textiles, Apparel & Luxury Goods",2024,1.904449136,30.46278084,8.322615399,0.443081333,0.465627786,0.831364656,0.032921954,0.0,2718619.075,0.172229135,0.23633037,0.196810578,23.02815746,8878174.371,4,25.0,TRUE,48.62512548,18.57908978,6.48422363,3.430826821,3.2018101,1.2480320691791436
204,JINW.NS,Jindal Worldwide Ltd,India,"Textiles, Apparel & Luxury Goods",2023,1.9694446,26.10068188,8.319807322,0.507327726,0.462035546,0.787253297,0.00534949,0.0,-1009202.16,0.180562959,0.257486675,0.209509128,-13.61464275,9075920.816,5,11.11111111,TRUE,23.964049,15.89544363,9.19075493,3.403141173,2.591949545,1.699560978352631
204,JINW.NS,Jindal Worldwide Ltd,India,"Textiles, Apparel & Luxury Goods",2022,2.030120024,14.78372159,8.309970486,0.499214995,0.440462164,0.719117676,0.017208487,0.0,402263.8754,0.231864903,0.226551393,0.222817291,-25.27504284,14084189.39,7,25.0,TRUE,22.03682925,19.27542525,7.609364978,3.370596035,5.897141859,1.208361478687908
205,JKCE.NS,J K Cement Ltd,India,Construction Materials,2024,3.13231675,66.23965562,9.290524334,0.361371096,0.234265401,0.368929353,0.000058855,0.013947145,14381509.65,0.136960445,0.085152159,0.62744709,0.270082025,102067876.0,6,21.42857143,TRUE,80.18010718,52.46518419,6.48422363,3.430826821,3.2018101,2.493448849753842
205,JKCE.NS,J K Cement Ltd,India,Construction Materials,2023,3.452249844,63.97610696,9.24941773,0.37490829,0.229702542,0.360370367,0.0000705866,0.006980091,-9928014.397,0.117913012,0.086680268,0.633368238,17.18909338,94772645.47,4,13.33333333,TRUE,79.97538113,53.68314131,9.19075493,3.403141173,2.591949545,2.2570351295028823
205,JKCE.NS,J K Cement Ltd,India,Construction Materials,2022,3.743467645,59.38818491,9.208703021,0.398356186,0.221815209,0.342721851,0.031363691,0.012112322,18755550.15,0.110869041,0.086611704,0.659107432,12.37591154,50672565.73,6,13.33333333,TRUE,62.01958279,49.40507387,7.609364978,3.370596035,5.897141859,2.006728057222432
206,JKIN.NS,JK Tyre & Industries Ltd,India,Automobile Components,2024,0.590332809,28.21672031,9.23022075,0.338259796,0.399456707,0.599851683,0.03216223,0.0,1779988.297,0.048843566,0.175889721,0.478075773,-4.465802728,60361614.98,4,18.18181818,TRUE,27.17826556,31.4820065,6.48422363,3.430826821,3.2018101,2.157197707058584
206,JKIN.NS,JK Tyre & Industries Ltd,India,Automobile Components,2023,0.60369965,30.19753371,9.228143762,0.327041276,0.40340516,0.591790195,0.030131257,0.0,-219556.0888,0.059785266,0.165698085,0.49154173,0.974107221,97358128.37,4,16.66666667,TRUE,23.25799985,33.76486101,9.19075493,3.403141173,2.591949545,1.95456353312684
206,JKIN.NS,JK Tyre & Industries Ltd,India,Automobile Components,2022,0.672971376,35.73843404,9.180458686,0.39220199,0.422608719,0.581157483,0.032912807,0.0,9627555.988,0.019358774,0.177193989,0.514069097,12.90491368,32222492.7,4,16.66666667,TRUE,39.2679669,38.92388067,7.609364978,3.370596035,5.897141859,1.8817964895929065
207,JKIP.NS,J Kumar Infraprojects Ltd,India,Construction & Engineering,2024,0.834072065,39.33722715,8.821514272,0.124344543,0.39986266,0.852389221,0.029903197,0.136507775,-4147606.788,0.208665221,0.089152898,0.208067905,13.82112797,45781989.47,8,12.5,TRUE,28.01739067,39.68531469,6.48422363,3.430826821,3.2018101,2.1742243718688345
207,JKIP.NS,J Kumar Infraprojects Ltd,India,Construction & Engineering,2023,0.99185758,32.40081799,8.752124773,0.125813669,0.375101439,0.855158681,0.058402008,0.0,4596580.684,0.02568658,0.115227381,0.229695905,14.42730194,39423239.35,7,16.66666667,TRUE,26.57354647,27.45099322,9.19075493,3.403141173,2.591949545,3.268695442921868
207,JKIP.NS,J Kumar Infraprojects Ltd,India,Construction & Engineering,2022,1.061765035,27.35785354,8.724405396,0.125644853,0.417025644,0.90100496,0.035712259,0.0,-5418171.86,0.018057707,0.100398347,0.236893085,10.08635121,33397200.58,5,16.66666667,TRUE,29.65725903,20.71348405,7.609364978,3.370596035,5.897141859,2.516209874761472
208,JKLC.NS,JK Lakshmi Cement Ltd,India,Construction Materials,2024,1.252947654,45.93952516,8.996639739,0.308275368,0.238309546,0.403494479,0.0,0.023221695,-5928613.224,0.102948157,0.101995014,0.634992464,-11.01924937,35341135.17,4,25.0,TRUE,60.47019435,36.71383648,6.48422363,3.430826821,3.2018101,1.6222303310294106
208,JKLC.NS,JK Lakshmi Cement Ltd,India,Construction Materials,2023,1.361453607,44.61421383,8.962758102,0.272419491,0.266278346,0.45638853,0.040092487,0.005882322,-1952009.598,0.0960566,0.129573179,0.655374351,3.720840617,58532693.46,4,25.0,TRUE,57.98769955,35.54764932,9.19075493,3.403141173,2.591949545,1.8397546255906103
208,JKLC.NS,JK Lakshmi Cement Ltd,India,Construction Materials,2022,1.56572399,31.9748261,8.900972431,0.287384017,0.250816792,0.439005397,0.032269666,0.013703154,8387293.087,0.132276426,0.128668686,0.645798775,9.966293025,44925754.63,4,20.0,TRUE,35.10664755,24.1164624,7.609364978,3.370596035,5.897141859,1.9847574996542816
209,JSTL.NS,JSW Steel Ltd,India,Metals & Mining,2024,1.034920796,65.58927264,10.4498398,0.41019847,0.25182976,0.375984521,0.049219807,0.033483979,424224692.8,0.075469943,0.151452592,0.590378912,-5.903215141,408543007.6,6,27.27272727,TRUE,35.04888213,78.13179197,6.48422363,3.430826821,3.2018101,2.401159657372226
209,JSTL.NS,JSW Steel Ltd,India,Metals & Mining,2023,1.076180172,60.54199072,10.43740623,0.385559909,0.289507358,0.43888553,0.043986983,0.011192035,-887102579.5,0.033151946,0.172341563,0.608313833,3.945175968,1076544691.0,5,30.76923077,TRUE,34.40531367,73.22590466,9.19075493,3.403141173,2.591949545,1.806790821682894
209,JSTL.NS,JSW Steel Ltd,India,Metals & Mining,2022,1.146790285,57.8142503,10.40978254,0.383047973,0.33145567,0.481232331,0.033003159,0.062133429,805258033.1,0.094420635,0.167810004,0.588971849,4.746071122,503773125.6,5,25.0,TRUE,32.73433695,60.99468275,7.609364978,3.370596035,5.897141859,1.9595234967066155
210,JUBA.NS,Jubilant Pharmova Ltd,India,Pharmaceuticals,2024,1.262290432,38.71419776,9.174016062,0.214088614,0.169687373,0.332938553,0.492746928,0.001536484,15435927.44,0.091744018,0.090041077,0.405145652,5.278410144,97870099.47,5,7.692307692,TRUE,16.70957822,56.51242044,6.48422363,3.430826821,3.2018101,1.9079371867885584
210,JUBA.NS,Jubilant Pharmova Ltd,India,Pharmaceuticals,2023,1.406008306,37.64284323,9.141619975,0.317270641,0.163571027,0.308932718,0.47813658,0.004390181,-6898620.276,0.084279894,0.112897779,0.319270901,5.181276993,8722255.549,5,7.692307692,TRUE,12.98052708,61.62885307,9.19075493,3.403141173,2.591949545,1.6649562567527114
210,JUBA.NS,Jubilant Pharmova Ltd,India,Pharmaceuticals,2022,1.44663123,40.59312605,9.132873261,0.329558065,0.158865114,0.30784919,0.560119544,0.001615718,3663583.252,0.093463945,0.127412474,0.301624493,-5.333484891,-7896908.471,5,8.333333333,TRUE,17.95717085,62.84726405,7.609364978,3.370596035,5.897141859,1.5909569757772068
212,JUWL.NS,Jupiter Wagons Ltd,India,Machinery,2024,3.41282262,26.78958576,8.670251468,0.125433806,0.290221851,0.932376923,0.0,0.148431638,37240386.19,0.250800338,0.192392526,0.207335494,6.096646358,44502118.2,9,11.11111111,TRUE,28.41861365,23.13970465,6.48422363,3.430826821,3.2018101,2.17885562706906
212,JUWL.NS,Jupiter Wagons Ltd,India,Machinery,2023,4.618861772,26.44790737,8.547439156,0.118708492,0.426740893,0.947715143,0.00029013,0.040039251,645818.8362,0.103403567,0.37014066,0.240017237,73.65964985,39714145.17,12,10.0,TRUE,32.34751262,21.53855455,9.19075493,3.403141173,2.591949545,2.8412421920004727
212,JUWL.NS,Jupiter Wagons Ltd,India,Machinery,2022,8.332177768,28.50930446,8.298600605,0.176300331,0.475461279,0.935315251,0.000273516,0.061406319,9303067.186,0.086620944,0.377352415,0.282552601,62.14966755,14687816.46,6,25.0,TRUE,42.66932506,19.48580211,7.609364978,3.370596035,5.897141859,2.1826618808041447
213,JYOI.NS,Jyothy Labs Ltd,India,Household Products,2024,4.54549123,54.57516479,8.498166124,0.022774066,0.189822282,0.796497575,0.151105194,0.0,-843768.2855,0.303926024,0.126892574,0.137937698,0.728464604,43344645.99,7,28.57142857,TRUE,77.12886619,45.90873346,6.48422363,3.430826821,3.2018101,2.3186076219135177
213,JYOI.NS,Jyothy Labs Ltd,India,Household Products,2023,5.052757057,44.13635014,8.459473894,0.021058506,0.200147443,0.810873747,0.175614933,0.0,-2550689.862,0.291612933,0.119620314,0.144464853,9.314251651,44307138.57,7,42.85714286,TRUE,64.53574103,38.43676672,9.19075493,3.403141173,2.591949545,1.5966922289060286
213,JYOI.NS,Jyothy Labs Ltd,India,Household Products,2022,5.708434866,35.09353283,8.39956761,0.022571385,0.19707547,0.792461305,0.260027186,0.0,3607083.739,0.126874754,0.152449406,0.164607747,4.559655216,29177945.47,5,42.85714286,TRUE,33.37275475,35.58495423,7.609364978,3.370596035,5.897141859,2.008878198189892
214,KANE.NS,Kansai Nerolac Paints Ltd,India,Chemicals,2024,2.246263659,68.73082353,8.983002806,0.03607021,0.176535804,0.808642767,0.0,0.011439656,-8470450.556,0.280866972,0.202636476,0.298702816,-2.188385131,129822118.2,6,12.5,TRUE,43.53697651,82.94696257,6.48422363,3.430826821,3.2018101,2.476612841603308
214,KANE.NS,Kansai Nerolac Paints Ltd,India,Chemicals,2023,2.435383789,61.40211427,8.948896193,0.037305053,0.205211533,0.832198603,0.11326748,0.0,7727654.469,0.247076258,0.227736001,0.310148022,1.953241244,141074985.0,8,14.28571429,TRUE,33.74748725,68.77375235,9.19075493,3.403141173,2.591949545,2.41883216272692
214,KANE.NS,Kansai Nerolac Paints Ltd,India,Chemicals,2022,2.805863446,53.37921858,8.885118328,0.045515955,0.238909609,0.849937382,0.066113563,0.00079285,5932327.167,0.100749848,0.27418828,0.346277409,9.401380837,57019230.77,7,12.5,TRUE,30.83949447,57.42458376,7.609364978,3.370596035,5.897141859,1.7970095677093672
215,KAPT.NS,Kalpataru Projects International Ltd,India,Construction & Engineering,2024,0.822372669,61.15716578,9.476257907,0.168601267,0.662263149,0.888449123,0.066958226,0.018260958,69660620.25,0.077834902,0.083576551,0.09270019,10.9083639,66386190.75,5,11.11111111,TRUE,74.13498747,69.02724935,6.48422363,3.430826821,3.2018101,2.3645279551749856
215,KAPT.NS,Kalpataru Projects International Ltd,India,Construction & Engineering,2023,0.949961043,64.35964152,9.42226086,0.181879152,0.67101482,0.87502219,0.06815088,0.0000698802,6322735.453,0.051260398,0.089815593,0.096769583,18.24277461,61895620.88,6,10.0,TRUE,83.02483334,77.21955275,9.19075493,3.403141173,2.591949545,2.2495387670577056
215,KAPT.NS,Kalpataru Projects International Ltd,India,Construction & Engineering,2022,1.066792943,35.22959029,9.37717111,0.193359839,0.643486876,0.847902085,0.075149087,0.000487721,-12688656.28,0.053186353,0.080483738,0.10925062,2.285350727,52947906.52,8,11.11111111,TRUE,47.00877128,26.78691679,7.609364978,3.370596035,5.897141859,1.7106573144861743
216,KECL.NS,KEC International Ltd,India,Construction & Engineering,2024,0.958226746,55.71259024,9.414247908,0.178426252,0.731602278,0.964022511,0.03341431,0.0,39858396.72,0.02919845,0.072778441,0.063213934,7.008227858,66792276.18,4,18.18181818,TRUE,61.81112916,37.22111222,6.48422363,3.430826821,3.2018101,2.469684363067346
216,KECL.NS,KEC International Ltd,India,Construction & Engineering,2023,1.097747919,54.1452524,9.358566731,0.209391602,0.76240984,0.971478538,0.008348852,0.004332823,-9125374.925,0.011641378,0.076628342,0.070955108,13.58744312,41605278.94,5,9.090909091,TRUE,68.61135191,37.10417118,9.19075493,3.403141173,2.591949545,2.744865966837458
216,KECL.NS,KEC International Ltd,India,Construction & Engineering,2022,1.195470707,48.80882336,9.322847869,0.195812853,0.741904287,0.949055946,0.018689358,0.001972962,8949610.516,0.015820849,0.074970238,0.074846964,16.1763982,21425267.77,6,9.090909091,TRUE,71.50756546,26.50793651,7.609364978,3.370596035,5.897141859,2.885048362177537
217,KEIN.NS,KEI Industries Ltd,India,Electrical Equipment,2024,4.991436443,52.05982028,8.927702637,0.030023486,0.186328676,0.930400807,0.15043093,0.04492299,45133294.32,0.110929957,0.243287987,0.190404643,17.1830766,81499590.4,6,18.18181818,TRUE,53.6389951,56.41172643,6.48422363,3.430826821,3.2018101,2.113161953822632
217,KEIN.NS,KEI Industries Ltd,India,Electrical Equipment,2023,7.69931674,48.11443912,8.74714934,0.035698655,0.307387602,0.949044083,0.101101419,0.111744569,22337252.55,0.181722055,0.29966133,0.191067444,15.56706463,69687822.44,4,20.0,TRUE,68.20616152,32.39863925,9.19075493,3.403141173,2.591949545,2.296414743114253
217,KEIN.NS,KEI Industries Ltd,India,Electrical Equipment,2022,9.430289268,16.65372172,8.661698429,0.042923203,0.29642041,0.946299984,0.062878618,0.108647078,14711660.18,0.140361717,0.310765189,0.153891408,11.51176417,58099074.98,5,20.0,TRUE,23.79121521,20.04314237,7.609364978,3.370596035,5.897141859,1.849309847396644
218,KIRI.NS,Kiri Industries Ltd,India,Chemicals,2024,0.661456335,28.7450439,8.742709617,0.237846196,0.051520563,0.164648023,0.051539603,0.0,1110988.882,0.109192091,0.032477032,0.183756036,-23.95388464,30981392.63,4,16.66666667,TRUE,49.78636818,24.38563494,6.48422363,3.430826821,3.2018101,1.5340028275439117
218,KIRI.NS,Kiri Industries Ltd,India,Chemicals,2023,0.890736921,27.85427875,8.611960314,0.035640845,0.166316429,0.946809343,0.029410453,0.0,-1295020.996,0.005131963,0.063522716,0.158991859,-0.995184351,15959352.13,4,14.28571429,TRUE,36.83626333,26.85862249,9.19075493,3.403141173,2.591949545,1.4899106691851054
218,KIRI.NS,Kiri Industries Ltd,India,Chemicals,2022,0.951944936,33.47946664,8.591113655,0.015196615,0.148172165,0.903900056,0.057869001,0.0,1733106.134,0.008257334,0.066237619,0.181165467,-41.67501833,12980148.49,5,16.66666667,TRUE,30.58345119,34.36157415,7.609364978,3.370596035,5.897141859,2.480705818907014
219,KIRO.NS,Kirloskar Oil Engines Ltd,India,Machinery,2024,1.248509174,47.99361625,9.088658747,0.55519106,0.329118731,0.466508785,0.120417831,0.031078516,29041544.76,0.147480143,0.062011044,0.088107799,4.997613011,55684025.75,6,27.27272727,TRUE,63.59817166,29.36819059,6.48422363,3.430826821,3.2018101,1.5968880575311504
219,KIRO.NS,Kirloskar Oil Engines Ltd,India,Machinery,2023,1.630961285,49.95157103,8.997012998,0.500350936,0.42853536,0.633269424,0.126401042,0.005376987,26706658.67,0.138676229,0.080846885,0.089032565,15.73129569,52753449.31,8,27.27272727,TRUE,73.40790912,24.85954697,9.19075493,3.403141173,2.591949545,1.947030726553096
219,KIRO.NS,Kirloskar Oil Engines Ltd,India,Machinery,2022,1.928354165,55.74747818,8.913020234,0.496304734,0.375571391,0.571255058,0.037903114,0.025959059,14283106.13,0.154603987,0.083136798,0.068378038,15.39361817,40366358.33,6,23.07692308,0,85.74705232,27.01094366,7.609364978,3.370596035,5.897141859,1.9204068078394487
220,KIRP.NS,Kirloskar Pneumatic Company Ltd,India,Machinery,2024,4.746380608,50.77257503,8.285040594,0.00643689,0.309212348,0.924425843,0.124590157,0.0,1620830.895,0.255447272,0.132915135,0.201077085,20.96146854,24725921.59,6,10.0,TRUE,57.58006324,39.23795521,6.48422363,3.430826821,3.2018101,1.855582719297492
220,KIRP.NS,Kirloskar Pneumatic Company Ltd,India,Machinery,2023,5.594302128,52.49829829,8.220555771,0.000560996,0.313502816,0.943117102,0.114208925,0.0,1644631.074,0.274142702,0.14619826,0.18754517,5.196307626,15991361.73,5,10.0,TRUE,74.4025654,44.65727999,9.19075493,3.403141173,2.591949545,1.855582719297492
220,KIRP.NS,Kirloskar Pneumatic Company Ltd,India,Machinery,2022,7.028012205,27.67031721,8.138235417,0.000903034,0.277751267,0.938310708,0.114309575,0.0,21908.47128,0.173777454,0.158240853,0.211908546,12.11906002,13215798.44,7,8.333333333,TRUE,38.99660785,24.2756592,7.609364978,3.370596035,5.897141859,2.313500056610557
221,KNRL.NS,KNR Constructions Ltd,India,Construction & Engineering,2024,0.747800544,41.05358091,8.921460318,0.259343897,0.108954597,0.299976809,0.0,0.04522541,-29613809.25,0.310367907,0.022494137,0.04786931,4.4781977,119439941.5,5,25.0,TRUE,64.96030043,31.57675658,6.48422363,3.430826821,3.2018101,2.3796305786044645
221,KNRL.NS,KNR Constructions Ltd,India,Construction & Engineering,2023,0.923238538,43.56648763,8.842805899,0.217519525,0.189826798,0.489729223,0.323477754,0.0,19844607.08,0.089905182,0.066470766,0.070602482,7.500227998,90257576.48,5,33.33333333,TRUE,64.766262,37.74565678,9.19075493,3.403141173,2.591949545,2.868425686262504
221,KNRL.NS,KNR Constructions Ltd,India,Construction & Engineering,2022,1.216402457,23.64699958,8.723030189,0.150174965,0.245885682,0.683153357,0.178876521,0.0,5306876.826,0.036161765,0.101061882,0.105356761,4.251268499,53482156.77,5,33.33333333,TRUE,44.62223365,16.06060606,7.609364978,3.370596035,5.897141859,3.10523147475308
222,KPIE.NS,KPIT Technologies Ltd,India,Software,2024,6.323991779,45.256983,8.770111584,0.068521678,0.342104113,0.811860502,0.489242925,0.07566141,49069163.25,0.367845211,0.018478383,0.119839371,16.98074269,98256290.23,5,9.090909091,TRUE,38.02266522,42.08009204,6.48422363,3.430826821,3.2018101,2.441238269547493
222,KPIE.NS,KPIT Technologies Ltd,India,Software,2024,6.323991779,45.256983,8.770111584,0.068521678,0.342104113,0.811860502,0.489242925,0.07566141,49069163.25,0.367845211,0.018478383,0.119839371,16.98074269,98256290.23,5,9.090909091,TRUE,38.02266522,42.08009204,6.48422363,3.430826821,3.2018101,2.41130862814646
222,KPIE.NS,KPIT Technologies Ltd,India,Software,2023,7.469107409,47.85616848,8.699011269,0.078877208,0.362914286,0.748051718,0.29163441,0.072425032,24091901.62,0.24822044,0.022828785,0.130374654,42.70237973,71807198.56,7,9.090909091,TRUE,41.81934347,40.76754943,9.19075493,3.403141173,2.591949545,1.8300242224908432
222,KPIE.NS,KPIT Technologies Ltd,India,Software,2023,7.469107409,47.85616848,8.699011269,0.078877208,0.362914286,0.748051718,0.29163441,0.072425032,24091901.62,0.24822044,0.022828785,0.130374654,42.70237973,71807198.56,7,9.090909091,TRUE,41.81934347,40.76754943,9.19075493,3.403141173,2.591949545,1.8300242224908432
222,KPIE.NS,KPIT Technologies Ltd,India,Software,2023,7.469107409,47.85616848,8.699011269,0.078877208,0.362914286,0.748051718,0.29163441,0.072425032,24091901.62,0.24822044,0.022828785,0.130374654,42.70237973,71807198.56,7,9.090909091,TRUE,41.81934347,40.76754943,9.19075493,3.403141173,2.591949545,2.441238269547493
222,KPIE.NS,KPIT Technologies Ltd,India,Software,2022,9.002487843,47.47284574,8.616891927,0.084258103,0.343487204,0.667826924,0.372747322,0.024876381,13650194.74,0.232421294,0.018745947,0.140995567,27.8047025,47086538.46,10,10.0,TRUE,49.47414524,39.51758302,7.609364978,3.370596035,5.897141859,2.2898956653187468
222,KPIE.NS,KPIT Technologies Ltd,India,Software,2022,9.002487843,47.47284574,8.616891927,0.084258103,0.343487204,0.667826924,0.372747322,0.024876381,13650194.74,0.232421294,0.018745947,0.140995567,27.8047025,47086538.46,10,10.0,TRUE,49.47414524,39.51758302,7.609364978,3.370596035,5.897141859,1.8300242224908432
223,KPRM.NS,KPR Mill Ltd,India,"Textiles, Apparel & Luxury Goods",2024,5.480338569,43.65263595,8.843644938,0.078161274,0.130033951,0.807903952,0.147755418,0.0,4612053.833,0.09632497,0.327725144,0.419325944,2.825444519,95390286.72,4,8.333333333,TRUE,30.11580771,46.55228181,6.48422363,3.430826821,3.2018101,0.0
223,KPRM.NS,KPR Mill Ltd,India,"Textiles, Apparel & Luxury Goods",2023,5.660835645,47.72094693,8.847287617,0.197548086,0.185158911,0.721077728,0.069195133,0.0,-4013197.361,0.036775986,0.335906098,0.434084983,-3.438717327,96622675.46,5,16.66666667,TRUE,60.87442497,46.62609663,9.19075493,3.403141173,2.591949545,2.380306207200485
223,KPRM.NS,KPR Mill Ltd,India,"Textiles, Apparel & Luxury Goods",2022,5.900859176,45.10809831,8.833343758,0.240832281,0.236735904,0.700794314,0.081937275,0.0,-1549415.774,0.044737353,0.356876035,0.427216518,18.50056243,99087147.03,4,9.090909091,TRUE,58.42404559,44.95804897,7.609364978,3.370596035,5.897141859,2.0705272561801378
224,KRBR.NS,Kirloskar Brothers Ltd,India,Machinery,2024,4.26535859,52.83737501,8.632421962,0.049525075,0.370353371,0.86321202,0.193468401,0.0,6696641.311,0.206593355,0.250319246,0.183371096,9.513238943,47213856.06,6,27.27272727,TRUE,24.86703167,61.58085436,6.48422363,3.430826821,3.2018101,2.472232562130541
224,KRBR.NS,Kirloskar Brothers Ltd,India,Machinery,2023,4.623143772,59.58448205,8.600848179,0.05784769,0.422492716,0.874765983,0.112406382,0.0,5353545.291,0.192144258,0.26712711,0.194697186,5.732962829,40735488.9,7,30.0,TRUE,50.45947518,61.61285488,9.19075493,3.403141173,2.591949545,2.7550778776346547
224,KRBR.NS,Kirloskar Brothers Ltd,India,Machinery,2022,4.813710964,54.36613155,8.564740897,0.09480486,0.449603845,0.841181304,0.095286455,0.0,10591029.7,0.154273132,0.252442012,0.196750963,12.70400505,27393232.72,5,28.57142857,TRUE,40.13301723,56.59303751,7.609364978,3.370596035,5.897141859,3.0909687147874383
225,KRII.NS,Krishna Institute of Medical Sciences Ltd,India,Health Care Providers & Services,2023,7.479277373,50.29379112,8.664782816,0.351848732,0.117415049,0.223498292,0.068850393,0.004089024,-1766046.791,0.044231306,0.018743937,0.690895865,12.04906437,40312777.44,9,20.0,TRUE,48.66839782,61.08314264,9.19075493,3.403141173,2.591949545,1.3609805757484934
225,KRII.NS,Krishna Institute of Medical Sciences Ltd,India,Health Care Providers & Services,2022,9.430560948,28.5019394,8.553879335,0.230569241,0.100796144,0.23311854,0.204811922,0.000302587,4378894.839,0.065017742,0.016304679,0.631527252,22.98506625,44524464.46,8,11.11111111,TRUE,29.0737559,55.45011181,7.609364978,3.370596035,5.897141859,1.3704274225814606
226,KSBL.NS,KSB Ltd,India,Machinery,2024,6.082119449,51.67606632,8.438462952,0.001463356,0.341242098,0.928789189,0.082248149,0.012776679,-2761647.614,0.12833046,0.273771437,0.201019749,9.605328873,28926175.28,4,12.5,TRUE,54.42845566,39.85579141,6.48422363,3.430826821,3.2018101,1.0
226,KSBL.NS,KSB Ltd,India,Machinery,2023,6.454142731,47.56360446,8.395005165,0.001566507,0.346844695,0.938020565,0.066334307,0.034854287,10526986.42,0.095344124,0.311090973,0.207668621,22.64049157,25091116.72,5,12.5,TRUE,55.95903576,40.3250923,9.19075493,3.403141173,2.591949545,1.6165959188687005
226,KSBL.NS,KSB Ltd,India,Machinery,2022,7.318445441,38.76114908,8.343623353,0.001579341,0.348061609,0.931715897,0.044011859,0.002192007,-2975325.507,0.088618593,0.307477702,0.204686839,9.547307335,22092314.76,4,12.5,TRUE,53.49392713,33.63044702,7.609364978,3.370596035,5.897141859,0.0
227,KVRI.NS,Kaveri Seed Company Ltd,India,Food Products,2024,2.162392781,31.98662246,8.492094013,0.0,0.411127034,0.945100145,0.000111927,0.007690564,-407220.5968,0.299463285,0.387662076,0.190296261,2.346917116,33034663.55,6,20.0,TRUE,46.47042935,40.81230341,6.48422363,3.430826821,3.2018101,2.6911145294825194
227,KVRI.NS,Kaveri Seed Company Ltd,India,Food Products,2023,2.74217146,37.75127586,8.391172035,0.0000634161,0.372470502,0.933200998,0.031518425,0.0,311457.7085,0.238357229,0.434901502,0.209433755,5.760138987,35978536.29,5,20.0,TRUE,47.55095541,50.44518511,9.19075493,3.403141173,2.591949545,2.16653146987952
227,KVRI.NS,Kaveri Seed Company Ltd,India,Food Products,2022,2.733052082,31.60975399,8.397315521,0.00029541,0.312523799,0.934416369,0.033519266,0.0,178687.926,0.284168038,0.417985415,0.191299758,1.942158213,33184627.56,5,20.0,TRUE,33.98474441,41.36747525,7.609364978,3.370596035,5.897141859,2.363249564701438
228,LAOP.NS,La Opala R G Ltd,India,Household Durables,2024,2.924104993,36.49383462,8.023086996,0.012008823,0.037402593,0.438971438,0.002874902,0.0,-12463.42891,0.537532868,0.078937775,0.213408117,-11.34389699,11303124.63,4,25.0,TRUE,56.22181056,17.40053763,6.48422363,3.430826821,3.2018101,1.407795425900099
228,LAOP.NS,La Opala R G Ltd,India,Household Durables,2023,2.822304836,42.2004747,8.046298029,0.01001354,0.032181756,0.393995727,0.006816125,0.0,21019.79604,0.523255309,0.110304341,0.218396153,-20.42992194,15323611.28,5,25.0,TRUE,62.93131502,18.80151099,9.19075493,3.403141173,2.591949545,1.9291042734831023
228,LAOP.NS,La Opala R G Ltd,India,Household Durables,2022,2.930689015,35.53043197,8.03809289,0.014212428,0.070242448,0.516520815,0.000447606,0.0,182.570594,0.456015701,0.084407269,0.242504007,29.49528083,14968463.97,4,25.0,TRUE,59.08477519,16.86119721,7.609364978,3.370596035,5.897141859,1.9291042734831023
229,LART.NS,Larsen and Toubro Ltd,India,Construction & Engineering,2024,1.251803494,83.05314966,10.64752729,0.348881454,0.53216884,0.716542998,0.045948401,0.00765896,26740784.08,0.17416986,0.020210969,0.051086189,12.99429319,2069911059.0,6,5.0,TRUE,67.18976611,92.52502816,6.48422363,3.430826821,3.2018101,2.165174210434569
229,LART.NS,Larsen and Toubro Ltd,India,Construction & Engineering,2023,1.38662489,75.57008369,10.61074696,0.341987412,0.520701942,0.697894799,0.051177673,0.008509685,-596063587.3,0.145111533,0.019463363,0.054343238,18.60521153,1867992801.0,7,5.555555556,TRUE,41.24256586,91.92083647,9.19075493,3.403141173,2.591949545,2.6762959256649035
229,LART.NS,Larsen and Toubro Ltd,India,Construction & Engineering,2022,1.408637901,77.27337249,10.60431692,0.365217486,0.490585309,0.672399442,0.064519953,0.019585757,384183300.9,0.157124789,0.020671204,0.049714319,8.213032404,1536620010.0,8,5.882352941,TRUE,45.40285034,92.7709591,7.609364978,3.370596035,5.897141859,2.720232238417584
230,LATN.NS,Latent View Analytics Ltd,India,Professional Services,2024,4.786812244,49.63905578,8.320809415,0.01607931,0.074182868,0.459725591,0.49180019,0.002341452,-11166881.22,0.442509445,0.0,0.02691663,29.08202667,20303920.42,5,33.33333333,FALSE,53.32653262,36.14378636,6.48422363,3.430826821,3.2018101,1.6203732449411092
230,LATN.NS,Latent View Analytics Ltd,India,Professional Services,2023,5.731998028,49.86104884,8.242218484,0.016479437,0.036425517,0.650950692,2.334709887,0.028197476,13375284.94,0.715499834,0.0,0.018891045,17.21982549,19033473.31,4,33.33333333,FALSE,57.46507832,25.52040392,9.19075493,3.403141173,2.591949545,1.3743027831242849
230,LATN.NS,Latent View Analytics Ltd,India,Professional Services,2022,6.462092149,29.90553108,8.186761832,0.016991342,0.026884815,0.61067151,1.512206614,0.001608006,-22319741.97,0.683097122,0.0,0.018352328,22.04527964,18918086.66,16,33.33333333,FALSE,33.68467156,24.25205734,7.609364978,3.370596035,5.897141859,1.405016582188913
231,LAUL.NS,Laurus Labs Ltd,India,Pharmaceuticals,2024,4.898976645,37.59578658,9.038428773,0.296042984,0.37916485,0.727886638,0.025739324,0.000902998,-4610883.558,0.011576652,0.207436718,0.462313496,7.471728405,41475716.79,8,12.5,TRUE,20.75100957,36.72045692,6.48422363,3.430826821,3.2018101,1.689867490988298
231,LAUL.NS,Laurus Labs Ltd,India,Pharmaceuticals,2023,5.348467413,34.51902688,9.002702592,0.307307831,0.371082493,0.727834839,0.039138509,0.002042439,11190161.97,0.017878483,0.220031406,0.482593958,-17.74157417,20181163.77,5,12.5,TRUE,20.91572692,32.42575497,9.19075493,3.403141173,2.591949545,1.4073937391242717
231,LAUL.NS,Laurus Labs Ltd,India,Pharmaceuticals,2022,5.828497407,34.78509319,8.969591017,0.263052843,0.317510835,0.671362759,0.007951453,0.003437157,-3612463.486,0.006054938,0.219937601,0.483025691,13.06508763,96962025.32,6,11.11111111,TRUE,21.81943032,33.1349541,7.609364978,3.370596035,5.897141859,2.6519632258132355
232,LAXR.NS,Laxmi Organic Industries Ltd,India,Chemicals,2024,1.879013746,32.75243774,8.551815751,0.084595493,0.345670327,0.924874419,0.039563027,0.008055947,-8133645.407,0.072989633,0.127254537,0.513722897,1.642769048,13283089.53,6,11.11111111,TRUE,62.59333262,14.55497253,6.48422363,3.430826821,3.2018101,2.1246129202901938
232,LAXR.NS,Laxmi Organic Industries Ltd,India,Chemicals,2023,2.01304748,30.95072991,8.530454154,0.050503303,0.315195735,0.865508936,0.056264644,0.034925108,3614277.145,0.111136758,0.104394032,0.467449485,0.981887244,14461307.74,6,11.11111111,TRUE,60.74053098,12.75313084,9.19075493,3.403141173,2.591949545,2.19073068639627
232,LAXR.NS,Laxmi Organic Industries Ltd,India,Chemicals,2022,2.302473833,17.74258159,8.467752883,0.168194594,0.344133156,0.829761203,0.049407434,0.035544731,5769474.197,0.060275343,0.128786585,0.481390017,-16.23054604,15166991.24,5,11.11111111,TRUE,29.83943778,16.63579279,7.609364978,3.370596035,5.897141859,2.290153884639254
233,LMVL.NS,LMW Ltd,India,Machinery,2024,3.798705023,35.60419047,8.671203726,0.0,0.251007388,0.8175819,0.117702607,0.005366914,2517261.556,0.413872134,0.166938214,0.243402389,-37.43451638,12008191.93,4,11.11111111,TRUE,26.58553063,30.20340253,6.48422363,3.430826821,3.2018101,1.2244514791270755
233,LMVL.NS,LMW Ltd,India,Machinery,2023,3.814434746,38.45304126,8.684552442,0.0,0.262376532,0.796630466,0.109581659,0.000620129,-4681463.707,0.314226538,0.176803707,0.239955152,-1.914176994,44830233.95,4,10.0,TRUE,37.63855338,30.71091651,9.19075493,3.403141173,2.591949545,1.4583038155619117
233,LMVL.NS,LMW Ltd,India,Machinery,2022,3.71882309,39.09152598,8.697069174,0.0,0.334680404,0.781532727,0.106248421,0.002934089,9606499.513,0.275120192,0.19979434,0.222936572,37.48747209,46740384.62,4,12.5,TRUE,57.75695345,24.13927338,7.609364978,3.370596035,5.897141859,1.157662706398161
234,LTEH.NS,L&T Technology Services Ltd,India,Professional Services,2024,4.635743316,62.33319727,9.052522618,0.059895266,0.310053404,0.839062719,0.326488294,0.042194224,29666471.62,0.269283045,0.009426038,0.093970032,7.883801892,147864248.1,6,18.18181818,TRUE,37.58519962,63.55913833,6.48422363,3.430826821,3.2018101,1.9034148716673944
234,LTEH.NS,L&T Technology Services Ltd,India,Professional Services,2023,5.200034423,59.10368815,9.007925349,0.077610885,0.298886729,0.802524198,0.306136928,0.040690346,72177564.49,0.322678257,0.003816929,0.11791247,7.87322447,156724655.1,5,16.66666667,TRUE,42.96095432,60.16554368,9.19075493,3.403141173,2.591949545,2.20578380096649
234,LTEH.NS,L&T Technology Services Ltd,India,Professional Services,2022,5.198816169,64.58706546,8.999026293,0.05540646,0.403788914,0.879714035,0.091689073,0.028191178,35272638.75,0.424419206,0.003976774,0.081633649,23.96262592,148052580.3,6,10.0,TRUE,62.51111188,58.95054614,7.609364978,3.370596035,5.897141859,2.6150162648206265
235,LTIM.NS,LTIMindtree Ltd,India,IT Services,2024,4.875129007,57.16968027,9.55443493,0.071410382,0.194773098,0.752159058,0.327444308,0.002670584,28355763.6,0.378710764,0.0000914136,0.148380673,4.383876663,538560561.7,7,7.692307692,TRUE,33.01389134,48.51869024,6.48422363,3.430826821,3.2018101,2.0159943532939373
235,LTIM.NS,LTIMindtree Ltd,India,IT Services,2023,5.41649805,61.69968427,9.519420881,0.075122447,0.208366288,0.761112142,0.289020059,0.003936437,-62111577.68,0.399967848,0.000108842,0.145981932,5.505586162,550041991.6,8,7.142857143,TRUE,40.82301768,49.74925993,9.19075493,3.403141173,2.591949545,2.3700310939509235
235,LTIM.NS,LTIMindtree Ltd,India,IT Services,2022,6.200662387,54.54754296,9.456335351,0.065593865,0.233340852,0.794119351,0.379637398,0.007924719,108507789.7,0.341550693,0.000140449,0.129221445,17.41396521,536794060.4,6,8.333333333,TRUE,29.31413496,48.50691961,7.609364978,3.370596035,5.897141859,2.2074030588802103
236,LUXI.NS,Lux Industries Ltd,India,"Textiles, Apparel & Luxury Goods",2024,1.483348846,33.78583367,8.47715683,0.123520211,0.31430622,0.966905456,0.0,0.011963132,-2615564.658,0.095325904,0.322875832,0.144591237,8.402105496,19255705.09,6,16.66666667,TRUE,49.38939804,10.71538818,6.48422363,3.430826821,3.2018101,1.8187040221854391
236,LUXI.NS,Lux Industries Ltd,India,"Textiles, Apparel & Luxury Goods",2023,1.700947273,41.8977775,8.419409591,0.096320826,0.274949186,0.966724481,0.051515051,0.009299564,2905818.836,0.120296113,0.316102953,0.158069747,-3.680821318,15068986.2,4,16.66666667,TRUE,61.7694893,11.69681337,9.19075493,3.403141173,2.591949545,2.013292600488498
236,LUXI.NS,Lux Industries Ltd,India,"Textiles, Apparel & Luxury Goods",2022,1.739084936,38.99216209,8.411437732,0.126385192,0.290489136,0.92267794,0.043606824,0.000146306,-3079357.352,0.059959371,0.334640652,0.159360782,-4.286644794,16731986.37,8,16.66666667,TRUE,48.08189602,14.17545707,7.609364978,3.370596035,5.897141859,1.8576560720293305
237,MAHM.NS,Mahindra and Mahindra Ltd,India,Automobiles,2024,1.404022743,89.0223578,10.51168591,0.46480894,0.325383565,0.450377345,0.020299925,0.011132971,46084259.8,0.17543097,0.073241843,0.106227804,11.95443623,1646947923.0,9,30.0,TRUE,87.48902946,94.81041745,6.48422363,3.430826821,3.2018101,2.43609145447834
237,MAHM.NS,Mahindra and Mahindra Ltd,India,Automobiles,2023,1.642174601,89.44164853,10.45255946,0.45978381,0.319701298,0.444098348,0.034572738,0.008117961,124377924.4,0.122348656,0.078672927,0.105246945,12.4290292,1472083983.0,9,23.07692308,TRUE,88.65151007,95.35873831,9.19075493,3.403141173,2.591949545,2.520521218342308
237,MAHM.NS,Mahindra and Mahindra Ltd,India,Automobiles,2022,1.865584481,85.85370851,10.39897856,0.449978404,0.342798598,0.472021049,0.029793958,0.006753888,708373.9046,0.135155791,0.081863253,0.104783159,24.25592172,1384430380.0,6,23.07692308,TRUE,75.25511258,93.00604004,7.609364978,3.370596035,5.897141859,2.816053859612964
238,MAIT.NS,Maithan Alloys Ltd,India,Metals & Mining,2024,0.621214295,27.43035357,8.753934743,0.121360545,0.174819651,0.768628838,0.025716948,0.007649094,-2228203.628,0.582051572,0.223883983,0.061221628,1.885628838,73845523.7,5,12.5,TRUE,30.80351236,14.67856721,6.48422363,3.430826821,3.2018101,1.4706627791987483
238,MAIT.NS,Maithan Alloys Ltd,India,Metals & Mining,2023,0.863281204,27.25126536,8.619183503,0.008710872,0.072434892,0.770157582,0.162573146,0.000348896,-5838032.394,0.569934692,0.103731748,0.083691841,-40.93623956,41866826.63,4,12.5,TRUE,33.26959653,15.98048212,9.19075493,3.403141173,2.591949545,1.4595131414864242
238,MAIT.NS,Maithan Alloys Ltd,India,Metals & Mining,2022,0.948142884,22.67901033,8.582277516,0.006308797,0.093418597,0.873529675,0.305106702,0.000952211,137536.5141,0.661213046,0.102109514,0.080431584,-10.93659542,60733933.79,5,12.5,TRUE,14.9694161,22.0112131,7.609364978,3.370596035,5.897141859,1.3601563359037654
239,MAST.NS,Mastek Ltd,India,IT Services,2024,1.97626065,76.84768537,8.655204771,0.150955363,0.242937356,0.670039055,0.0,0.119461134,9320070.217,0.169140799,0.0,0.021755507,10.32886201,43994148.62,8,16.66666667,FALSE,81.76628915,39.42648021,6.48422363,3.430826821,3.2018101,1.959645736623317
239,MAST.NS,Mastek Ltd,India,IT Services,2023,2.080730755,77.19473385,8.645547209,0.140825425,0.295902723,0.682497559,0.235272,0.033803421,20813437.31,0.143689137,0.010105478,0.024172824,17.46852104,37308938.21,10,20.0,FALSE,85.68887245,41.04408385,9.19075493,3.403141173,2.591949545,1.7227184750101163
239,MAST.NS,Mastek Ltd,India,IT Services,2022,2.308901055,79.64071011,8.582393679,0.128415422,0.234171734,0.504641541,0.282307515,0.0,-63162122.69,0.09780061,0.008061384,0.030424401,8.438431037,37764118.79,10,14.28571429,FALSE,87.90645742,44.73849472,7.609364978,3.370596035,5.897141859,1.6990086715982784
240,MAXE.NS,Max Healthcare Institute Ltd,India,Health Care Providers & Services,2024,7.375484108,88.07031816,9.250545047,0.19785691,0.119213407,0.310917254,0.055315724,0.0368892,-37284961.97,0.053777032,0.00698085,0.418179261,26.81658866,125907548.3,8,12.5,TRUE,95.48397458,75.21067206,6.48422363,3.430826821,3.2018101,2.4281659947744263
240,MAXE.NS,Max Healthcare Institute Ltd,India,Health Care Providers & Services,2024,7.375484108,88.07031816,9.250545047,0.19785691,0.119213407,0.310917254,0.055315724,0.0368892,-37284961.97,0.053777032,0.00698085,0.418179261,26.81658866,125907548.3,8,12.5,TRUE,95.48397458,75.21067206,6.48422363,3.430826821,3.2018101,3.521043274996008
240,MAXE.NS,Max Healthcare Institute Ltd,India,Health Care Providers & Services,2023,9.417103858,70.60821016,9.15827347,0.108246375,0.104059687,0.347655771,0.03747067,0.077754555,-47344931.01,0.095611268,0.006653367,0.307591538,16.79387785,126891421.7,8,14.28571429,TRUE,79.62480945,70.46529367,9.19075493,3.403141173,2.591949545,2.478236741199724
240,MAXE.NS,Max Healthcare Institute Ltd,India,Health Care Providers & Services,2023,9.417103858,70.60821016,9.15827347,0.108246375,0.104059687,0.347655771,0.03747067,0.077754555,-47344931.01,0.095611268,0.006653367,0.307591538,16.79387785,126891421.7,8,14.28571429,TRUE,79.62480945,70.46529367,9.19075493,3.403141173,2.591949545,2.4281659947744263
240,MAXE.NS,Max Healthcare Institute Ltd,India,Health Care Providers & Services,2022,11.18008237,57.71364729,9.089740485,0.068201369,0.103502824,0.388361451,0.032412942,0.132727174,-32423320.35,0.138202715,0.007546143,0.22031905,7.213109174,134312317.4,8,12.5,TRUE,63.27834076,62.84235485,7.609364978,3.370596035,5.897141859,2.211231404143041
240,MAXE.NS,Max Healthcare Institute Ltd,India,Health Care Providers & Services,2022,11.18008237,57.71364729,9.089740485,0.068201369,0.103502824,0.388361451,0.032412942,0.132727174,-32423320.35,0.138202715,0.007546143,0.22031905,7.213109174,134312317.4,8,12.5,TRUE,63.27834076,62.84235485,7.609364978,3.370596035,5.897141859,2.2780169547929687
241,MAZG.NS,Mazagon Dock Shipbuilders Ltd,India,Aerospace & Defense,2024,3.68350346,29.65749219,9.526286635,0.000708172,0.690512169,0.954506102,0.0,0.56255286,7830310.123,0.544418679,0.158043899,0.054951072,17.79262084,266511410.2,9,10.0,TRUE,14.55053984,45.20660384,6.48422363,3.430826821,3.2018101,1.6774368667421415
241,MAZG.NS,Mazagon Dock Shipbuilders Ltd,India,Aerospace & Defense,2023,3.592108608,28.00818012,9.548162146,0.0000315802,0.768599818,0.975394026,0.155669591,0.362872048,198567486.5,0.475398847,0.317924561,0.030150285,19.21821485,217022195.6,10,11.11111111,TRUE,9.422785746,45.59793277,9.19075493,3.403141173,2.591949545,2.1609244568867103
241,MAZG.NS,Mazagon Dock Shipbuilders Ltd,India,Aerospace & Defense,2023,3.592108608,28.00818012,9.548162146,0.0000315802,0.768599818,0.975394026,0.155669591,0.362872048,198567486.5,0.475398847,0.317924561,0.030150285,19.21821485,217022195.6,10,11.11111111,TRUE,9.422785746,45.59793277,9.19075493,3.403141173,2.591949545,2.1609244568867103
241,MAZG.NS,Mazagon Dock Shipbuilders Ltd,India,Aerospace & Defense,2022,3.478273832,17.49857323,9.554619041,0.000205002,0.819322904,0.977202778,0.077399818,0.387534675,139721275.6,0.412302686,0.383096931,0.03626867,26.12219632,127321080.8,9,11.11111111,TRUE,16.40702819,6.28042279,7.609364978,3.370596035,5.897141859,2.00802932978898
241,MAZG.NS,Mazagon Dock Shipbuilders Ltd,India,Aerospace & Defense,2022,3.478273832,17.49857323,9.554619041,0.000205002,0.819322904,0.977202778,0.077399818,0.387534675,139721275.6,0.412302686,0.383096931,0.03626867,26.12219632,127321080.8,9,11.11111111,TRUE,16.40702819,6.28042279,7.609364978,3.370596035,5.897141859,2.00802932978898
242,MBFL.NS,Mphasis Ltd,India,IT Services,2024,3.576512874,66.25085851,9.241667376,0.12667002,0.298438366,0.842840776,0.172797058,0.014705941,21232416.62,0.23444344,0.001675765,0.05512742,4.048391342,199197074.3,5,25.0,TRUE,48.33498083,54.17976062,6.48422363,3.430826821,3.2018101,2.606336566288771
242,MBFL.NS,Mphasis Ltd,India,IT Services,2023,3.73841039,65.03450515,9.229243873,0.169040677,0.297562079,0.788026287,0.176725,0.004539556,-28698140.37,0.289279922,0.002479364,0.066186854,-5.052014563,186541091.8,5,25.0,TRUE,49.44369316,46.91587572,9.19075493,3.403141173,2.591949545,2.862292069061384
242,MBFL.NS,Mphasis Ltd,India,IT Services,2022,4.391989124,77.68256732,9.150151552,0.090681745,0.240996243,0.761394648,0.358701868,0.003678035,26444255.11,0.207956272,0.003290593,0.084178944,7.818513966,199357594.9,6,25.0,TRUE,76.10013727,48.1952606,7.609364978,3.370596035,5.897141859,2.3335821082794705
244,METB.NS,Metro Brands Ltd,India,Specialty Retail,2024,9.06290889,52.12678954,8.591312143,0.36800072,0.16229963,0.33296418,0.175246683,0.001805395,5490930.369,0.228465401,0.191006013,0.433921636,3.779392657,41290813.34,6,20.0,FALSE,55.85876098,40.69478369,6.48422363,3.430826821,3.2018101,2.493837267966169
244,METB.NS,Metro Brands Ltd,India,Specialty Retail,2023,8.852689663,48.15227406,8.6044865,0.32762745,0.150918072,0.339818801,0.091742757,0.019611177,1930413.917,0.287359629,0.211815622,0.396044359,9.212447367,49484103.18,5,22.22222222,FALSE,52.51348772,34.3132716,9.19075493,3.403141173,2.591949545,2.596255005721638
244,METB.NS,Metro Brands Ltd,India,Specialty Retail,2022,10.22059002,39.03164311,8.548690471,0.324445958,0.177169459,0.378996644,0.044084518,0.06046374,-3616175.755,0.266260729,0.222187815,0.396484274,46.32644021,44224866.11,10,22.22222222,FALSE,46.3082896,29.32952668,7.609364978,3.370596035,5.897141859,2.4716883880278804
245,METP.NS,Metropolis Healthcare Ltd,India,Health Care Providers & Services,2023,6.934002211,59.92690484,8.270842272,0.12672448,0.158112091,0.535782079,0.231862879,0.003830714,-745650.8698,0.08158974,0.027507446,0.216090336,3.680159509,15411589.68,7,28.57142857,FALSE,64.17784918,52.66209001,9.19075493,3.403141173,2.591949545,1.7309298111465563
245,METP.NS,Metropolis Healthcare Ltd,India,Health Care Providers & Services,2022,7.042258379,48.26100678,8.261896432,0.177399376,0.176457986,0.516133475,0.186534823,0.013240797,347224.927,0.064145737,0.033229289,0.206874959,-13.64378952,17453018.5,5,28.57142857,FALSE,76.79674889,17.46028992,7.609364978,3.370596035,5.897141859,2.0752771067083047
246,MGAS.NS,Mahanagar Gas Ltd,India,Gas Utilities,2024,1.493992996,34.90026934,8.98580447,0.024307726,0.226713711,0.784496429,0.080385286,0.000124543,2619075.483,0.188012636,0.007580219,0.663831995,12.41578883,121761263.9,11,12.5,TRUE,19.68866139,36.91860465,6.48422363,3.430826821,3.2018101,1.9123103292916244
246,MGAS.NS,Mahanagar Gas Ltd,India,Gas Utilities,2023,1.715061375,38.19978002,8.939636024,0.019498442,0.234342515,0.803682287,0.064155361,0.002801445,1374925.015,0.235007325,0.00696501,0.63447211,-1.546828564,154131973.6,11,12.5,TRUE,35.78516472,34.35064273,9.19075493,3.403141173,2.591949545,1.7067836367659706
246,MGAS.NS,Mahanagar Gas Ltd,India,Gas Utilities,2022,2.04454236,9.567156673,8.865823221,0.018999355,0.258801355,0.822495245,0.075520283,0.0,4311100.292,0.270188733,0.008850672,0.618200988,65.15739188,96159931.84,9,11.11111111,TRUE,10.47135568,9.037169433,7.609364978,3.370596035,5.897141859,1.475961061925637
247,MHSM.NS,Maharashtra Seamless Ltd,India,Metals & Mining,2024,1.22065641,34.60092766,8.915444605,0.0000142182,0.038575284,0.391320025,0.154104161,0.0,-1487419.544,0.334573093,0.194117664,0.266620315,-4.902581814,90971328.26,4,12.5,TRUE,51.54016061,23.39696495,6.48422363,3.430826821,3.2018101,1.0
247,MHSM.NS,Maharashtra Seamless Ltd,India,Metals & Mining,2023,1.287796104,38.57608488,8.897838098,0.0,0.065285336,0.501767485,0.126764166,0.0,13197.36053,0.206311477,0.242224702,0.29615732,-6.81205114,114176364.7,6,12.5,TRUE,67.55095541,17.53318068,9.19075493,3.403141173,2.591949545,1.0
247,MHSM.NS,Maharashtra Seamless Ltd,India,Metals & Mining,2022,1.437436881,38.11911468,8.853146485,0.041679335,0.092730985,0.500814149,0.10016159,0.0,-2015713.242,0.115585872,0.260691606,0.346256982,25.41367149,93429783.35,4,14.28571429,TRUE,76.83177427,13.27874894,7.609364978,3.370596035,5.897141859,1.4126501687221933
248,MINC.NS,Minda Corporation Ltd,India,Automobile Components,2024,2.3453838,51.88603349,8.756983551,0.329606193,0.401875858,0.731992987,0.017223808,0.008621572,-8917495.611,0.024988332,0.122463189,0.289119617,6.03814076,27992978.35,4,12.5,TRUE,68.6197123,37.75511336,6.48422363,3.430826821,3.2018101,2.106465402498541
248,MINC.NS,Minda Corporation Ltd,India,Automobile Components,2023,3.339562813,48.03036566,8.615526572,0.155626636,0.320558302,0.755896873,0.053610305,0.027042745,5302939.412,0.139957176,0.160046525,0.322099448,6.61834778,27018596.28,8,12.5,TRUE,72.62280637,32.74035753,9.19075493,3.403141173,2.591949545,1.0
248,MINC.NS,Minda Corporation Ltd,India,Automobile Components,2022,3.487204348,33.71355821,8.593775013,0.221164284,0.393542784,0.776798286,0.073055402,0.004714202,4515579.357,0.047450205,0.189808641,0.294544552,33.49025967,34627555.99,7,12.5,TRUE,37.76869096,12.25045372,7.609364978,3.370596035,5.897141859,1.6381151818741864
249,MINS.NS,Mindspace Business Parks REIT,India,Office REITs,2024,0.918691327,58.39650712,9.502222943,0.372797376,0.100020736,0.207280638,0.221744786,0.0,-2442363.956,0.033553724,0.000185086,0.006652571,4.69343394,60122410.77,7,12.5,FALSE,36.72978353,69.91201429,6.48422363,3.430826821,3.2018101,2.8167534954575464
249,MINS.NS,Mindspace Business Parks REIT,India,Office REITs,2023,1.021585711,62.20350469,9.456484437,0.292963606,0.136848595,0.337246918,0.103643774,0.0,-11481703.66,0.031051239,0.000184528,0.004734825,5.209094165,67330533.89,9,14.28571429,TRUE,56.62577937,60.96380755,9.19075493,3.403141173,2.591949545,1.2266320409066125
249,MINS.NS,Mindspace Business Parks REIT,India,Office REITs,2022,1.067968938,51.71530264,9.441807149,0.240556966,0.080521584,0.230429198,0.180740012,0.003872711,22650925.02,0.017626369,0.000316858,0.005703447,19.48323978,37548685.49,5,16.66666667,FALSE,36.64665822,60.26055776,7.609364978,3.370596035,5.897141859,1.756814827557034
250,MIRZ.NS,Mirza International Ltd,India,"Textiles, Apparel & Luxury Goods",2024,0.589992729,34.53351886,7.934149632,0.065056927,0.180802963,0.781308851,0.124661042,0.0,73727.32592,0.022477338,0.223620417,0.561080242,-10.05999395,-386190.7548,5,10.0,TRUE,51.59019216,26.80191959,6.48422363,3.430826821,3.2018101,1.3969822469174955
250,MIRZ.NS,Mirza International Ltd,India,"Textiles, Apparel & Luxury Goods",2024,0.589992729,34.53351886,7.934149632,0.065056927,0.180802963,0.781308851,0.124661042,0.0,73727.32592,0.022477338,0.223620417,0.561080242,-10.05999395,-386190.7548,5,10.0,TRUE,51.59019216,26.80191959,6.48422363,3.430826821,3.2018101,1.3969822469174955
250,MIRZ.NS,Mirza International Ltd,India,"Textiles, Apparel & Luxury Goods",2023,0.601741069,40.50274942,7.935865566,0.049285883,0.181081119,0.782229965,0.133783888,0.0,413917.2166,0.023561642,0.21544495,0.552700015,-4.845289564,1444511.098,6,8.333333333,TRUE,63.60957323,29.76597604,9.19075493,3.403141173,2.591949545,1.3969822469174955
250,MIRZ.NS,Mirza International Ltd,India,"Textiles, Apparel & Luxury Goods",2023,0.601741069,40.50274942,7.935865566,0.049285883,0.181081119,0.782229965,0.133783888,0.0,413917.2166,0.023561642,0.21544495,0.552700015,-4.845289564,1444511.098,6,8.333333333,TRUE,63.60957323,29.76597604,9.19075493,3.403141173,2.591949545,1.3969822469174955
250,MIRZ.NS,Mirza International Ltd,India,"Textiles, Apparel & Luxury Goods",2022,0.591465869,25.26223439,7.948186229,0.036162918,0.214358201,0.798314607,0.095771224,0.0,-4739532.619,0.009720091,0.225274273,0.539193637,-64.0633923,3216893.866,6,8.333333333,TRUE,37.98597556,19.25903343,7.609364978,3.370596035,5.897141859,1.0
250,MIRZ.NS,Mirza International Ltd,India,"Textiles, Apparel & Luxury Goods",2022,0.591465869,25.26223439,7.948186229,0.036162918,0.214358201,0.798314607,0.095771224,0.0,-4739532.619,0.009720091,0.225274273,0.539193637,-64.0633923,3216893.866,6,8.333333333,TRUE,37.98597556,19.25903343,7.609364978,3.370596035,5.897141859,1.0
251,MISR.NS,Mishra Dhatu Nigam Ltd,India,Metals & Mining,2024,2.386887927,20.65464922,8.532874806,0.120000696,0.235212932,0.457138824,0.0,0.01745724,-654745.4652,0.023993517,0.439496316,0.37612778,-2.327814926,12971023.99,8,16.66666667,TRUE,9.311799654,18.75914163,6.48422363,3.430826821,3.2018101,1.7643131789296471
251,MISR.NS,Mishra Dhatu Nigam Ltd,India,Metals & Mining,2023,2.393073246,17.58984916,8.542304439,0.14890924,0.266791548,0.488659801,0.021250904,1.41115e-6,262207.5585,0.00567323,0.452010005,0.382331172,21.26500371,11011613.68,7,16.66666667,TRUE,8.133589154,15.15878819,9.19075493,3.403141173,2.591949545,1.8780790425356384
251,MISR.NS,Mishra Dhatu Nigam Ltd,India,Metals & Mining,2022,2.408849455,15.84702569,8.54213164,0.170689467,0.279763428,0.507736221,0.017843607,0.0,537232.2298,0.004749985,0.428584602,0.380925469,-6.279256486,19019535.05,5,0.0,TRUE,6.114383783,7.36785135,7.609364978,3.370596035,5.897141859,1.7908587892112242
252,MMFO.NS,MM Forgings Ltd,India,Metals & Mining,2024,0.646420871,49.53263639,8.43916507,0.50457818,0.334815473,0.539533897,0.004580843,0.0,951749.5611,0.10760051,0.145465358,0.573769666,-4.821786046,14261205.38,5,20.0,TRUE,69.03949012,50.37509323,6.48422363,3.430826821,3.2018101,2.277845682420052
252,MMFO.NS,MM Forgings Ltd,India,Metals & Mining,2023,0.744379871,40.8740652,8.373343023,0.472741879,0.377419359,0.629633392,0.003382118,0.0,-766310.7379,0.124252406,0.175168709,0.527057564,5.394969273,16201511.7,5,28.57142857,TRUE,53.23099229,43.61813272,9.19075493,3.403141173,2.591949545,2.175204940376097
252,MMFO.NS,MM Forgings Ltd,India,Metals & Mining,2022,0.872049264,33.61849192,8.30547913,0.455329352,0.372966646,0.627252019,0.021903211,0.0,-969595.9104,0.142434903,0.184200687,0.522118789,18.50517458,15571884.13,6,28.57142857,TRUE,46.37009375,40.82953733,7.609364978,3.370596035,5.897141859,2.165366734453153
253,MOIL.NS,Moil Ltd,India,Metals & Mining,2024,2.008830458,29.5780156,8.574976142,0.0,0.136901311,0.766647752,0.0,0.28025476,-4348519.602,0.342027875,0.089836493,0.410272121,6.662316565,44662036.28,7,33.33333333,TRUE,21.72777092,26.20955407,6.48422363,3.430826821,3.2018101,0.0
253,MOIL.NS,Moil Ltd,India,Metals & Mining,2023,2.213400344,30.80052335,8.539815254,0.0,0.123256136,0.8171318,0.085570026,0.003288537,3229526.095,0.31095467,0.073552563,0.414860518,6.490896769,35193845.23,6,20.0,TRUE,21.24767713,34.8139478,9.19075493,3.403141173,2.591949545,1.520152896508619
253,MOIL.NS,Moil Ltd,India,Metals & Mining,2022,2.345364592,30.84922231,8.515363723,0.0,0.141130842,0.849145176,0.003291568,0.004383872,-1423795.034,0.31908626,0.063373401,0.398702708,-13.7059593,30500292.11,5,25.0,TRUE,18.36852754,33.59326227,7.609364978,3.370596035,5.897141859,1.4848060643393288
254,MRCO.NS,Marico Ltd,India,Food Products,2024,10.89688507,86.60282029,8.989349824,0.066442792,0.295154713,0.564061426,0.119057294,0.003358119,10883557.64,0.282598313,0.1694651,0.117534181,9.445973041,194031597.4,5,25.0,TRUE,77.77218821,98.17879609,6.48422363,3.430826821,3.2018101,1.2574794593900966
254,MRCO.NS,Marico Ltd,India,Food Products,2023,12.02344178,82.63983298,8.949556827,0.071149441,0.329335669,0.680969629,0.082242226,0.003638324,2519496.101,0.170294763,0.20441989,0.12841935,-2.548312951,180203959.2,6,27.27272727,TRUE,79.99382281,98.06106857,9.19075493,3.403141173,2.591949545,1.2574794593900966
254,MRCO.NS,Marico Ltd,India,Food Products,2022,12.84587758,72.28560307,8.927074348,0.087532393,0.349697668,0.771846203,0.080691643,0.001583645,-8398247.322,0.212674368,0.188597754,0.125971782,-5.170101642,160905550.1,5,10.0,TRUE,80.82844705,92.38687697,7.609364978,3.370596035,5.897141859,1.4139401945586083
255,MRF.NS,MRF Ltd,India,Automobile Components,2024,1.991926286,29.34513354,9.539095047,0.126902333,0.303026111,0.808732747,0.021273342,0.006089223,7907548.274,0.142704142,0.190238506,0.485950041,9.106697326,218758338.2,4,15.0,TRUE,29.29731701,19.18768229,6.48422363,3.430826821,3.2018101,1.453681409819863
255,MRF.NS,MRF Ltd,India,Automobile Components,2023,2.205880947,28.35422483,9.508029466,0.104739281,0.287158051,0.759875385,0.037322812,0.000570217,6545890.822,0.111096527,0.166431094,0.536510831,7.829130756,249697660.5,4,17.64705882,TRUE,35.17658934,16.71244737,9.19075493,3.403141173,2.591949545,1.6611522236268887
255,MRF.NS,MRF Ltd,India,Automobile Components,2022,2.415246748,33.44267502,9.472184584,0.123492526,0.307570844,0.775772505,0.026621945,0.002009486,-715676.7283,0.091590234,0.169928201,0.539113996,10.03840274,93592989.29,4,21.42857143,TRUE,39.3617835,19.81307234,7.609364978,3.370596035,5.897141859,2.167269646205075
256,NAAL.NS,Nava Limited,India,Industrial Conglomerates,2024,1.615686003,29.03562271,9.120280148,0.079240084,0.059672762,0.183748812,1.470992144,0.0,84678864.83,0.148061052,0.081990184,0.497166244,1.768726345,168019262.7,4,12.5,TRUE,45.34704076,12.41568915,6.48422363,3.430826821,3.2018101,2.097279066866415
256,NAAL.NS,Nava Limited,India,Industrial Conglomerates,2023,1.866269478,26.37933074,9.065780933,0.042653294,0.07033225,0.24453633,0.385584579,0.0,-15465494.9,0.067982629,0.073900125,0.525640076,6.673732058,150607702.5,4,11.11111111,TRUE,41.64961839,14.11975647,9.19075493,3.403141173,2.591949545,1.981291780228024
256,NAAL.NS,Nava Limited,India,Industrial Conglomerates,2022,1.602928383,26.11235991,9.133003029,0.275489069,0.172995302,0.376006188,0.203614603,0.0,8175645.083,0.071483334,0.072945204,0.46655286,-2.63689398,148511854.9,7,10.0,TRUE,42.72564879,15.04329634,7.609364978,3.370596035,5.897141859,2.93567208788712
257,NAFL.NS,Navin Fluorine International Ltd,India,Chemicals,2024,4.959497884,48.2299883,8.75226923,0.303648988,0.189355703,0.414971758,0.021450594,0.0000124214,1526038.619,0.110389854,0.069507989,0.609999627,10.9748701,33774136.92,9,16.66666667,0,69.23457164,43.74581524,6.48422363,3.430826821,3.2018101,2.325488072629348
257,NAFL.NS,Navin Fluorine International Ltd,India,Chemicals,2023,5.566328865,30.03032345,8.720270942,0.312725611,0.179698424,0.39438809,0.008378468,0.0000114233,-939412.1176,0.138665761,0.088179118,0.558592643,-2.015617903,32454709.06,8,16.66666667,TRUE,41.85621399,33.8133565,9.19075493,3.403141173,2.591949545,2.116497798622686
257,NAFL.NS,Navin Fluorine International Ltd,India,Chemicals,2022,6.868437939,35.44465184,8.633026915,0.244000918,0.147757764,0.387907821,0.027652067,0.0000141672,-7457400.195,0.019479668,0.152540596,0.505342434,32.04935373,45665774.1,8,16.66666667,TRUE,51.20388877,31.70015487,7.609364978,3.370596035,5.897141859,2.13206185696596
259,NALU.NS,National Aluminium Co Ltd,India,Metals & Mining,2024,1.456240788,46.01436318,9.427784951,0.007942432,0.152878924,0.689066957,0.034703562,0.231854423,9117612.639,0.304685338,0.083420009,0.512788565,24.53322821,616493856.1,7,12.5,TRUE,21.46073593,49.0179441,6.48422363,3.430826821,3.2018101,1.3354365622290532
259,NALU.NS,National Aluminium Co Ltd,India,Metals & Mining,2023,1.730174444,42.60771022,9.363187264,0.00501065,0.165202758,0.655605392,0.013686085,0.0,-2375524.895,0.150970987,0.124404797,0.570923466,-9.073693572,238567486.5,8,12.5,TRUE,17.47635394,49.0384005,9.19075493,3.403141173,2.591949545,1.3633727821195687
259,NALU.NS,National Aluminium Co Ltd,India,Metals & Mining,2022,1.851540194,48.50488269,9.331508365,0.005934777,0.163709868,0.641221357,0.021932667,5.67324e-7,-42540165.53,0.115238048,0.150533767,0.548111066,-7.135168707,174617818.9,5,12.5,TRUE,28.98471195,53.14604965,7.609364978,3.370596035,5.897141859,1.3002992892643752
260,NARY.NS,Narayana Hrudayalaya Ltd,India,Health Care Providers & Services,2024,4.845705269,63.01319418,8.929525285,0.334254412,0.164230728,0.32790544,0.249077854,0.022023312,24039906.38,0.278821637,0.02175683,0.565653076,9.366098188,92430544.18,5,33.33333333,TRUE,82.05053984,58.78199371,6.48422363,3.430826821,3.2018101,1.8403659668213928
260,NARY.NS,Narayana Hrudayalaya Ltd,India,Health Care Providers & Services,2023,6.342711358,61.27137325,8.829184571,0.289211587,0.19741595,0.405115838,0.189948144,0.009407279,11655548.89,0.292917439,0.02484914,0.518534092,6.533462128,94299820.04,8,23.07692308,TRUE,76.87322374,57.55911518,9.19075493,3.403141173,2.591949545,1.7107103646293995
260,NARY.NS,Narayana Hrudayalaya Ltd,India,Health Care Providers & Services,2022,8.326835827,58.22518659,8.704651454,0.212434174,0.237204638,0.486168398,0.156755815,0.0,-478821.8111,0.119871866,0.02632521,0.556388443,12.93514205,73827409.93,5,30.0,TRUE,89.73112792,42.1437659,7.609364978,3.370596035,5.897141859,1.9261309735837016
261,NATP.NS,Natco Pharma Ltd,India,Pharmaceuticals,2024,1.73105163,55.83479031,9.004338986,0.032372434,0.109317792,0.921566712,0.0,0.252120313,5804564.073,0.412030333,0.088728739,0.307885712,8.048454618,220409596.3,5,10.0,TRUE,35.89559339,59.52728698,6.48422363,3.430826821,3.2018101,1.8012754877856003
261,NATP.NS,Natco Pharma Ltd,India,Pharmaceuticals,2023,2.15912898,45.15496021,8.918339835,0.053748027,0.140856899,0.923661223,0.06589227,0.000912211,-7378524.295,0.24239715,0.114634464,0.352576633,45.60631503,166562687.5,6,10.0,TRUE,32.39564591,37.61195431,9.19075493,3.403141173,2.591949545,1.986111897719825
261,NATP.NS,Natco Pharma Ltd,India,Pharmaceuticals,2022,2.628509815,42.94959863,8.837956456,0.029465832,0.120744512,0.871745789,0.193090324,0.0,2531645.57,0.143407843,0.142980875,0.40714816,28.59340882,87061830.57,6,11.11111111,TRUE,36.22632995,23.74647616,7.609364978,3.370596035,5.897141859,1.843647610778392
262,NAVN.NS,Navneet Education Ltd,India,Media,2024,1.381673762,35.11323654,8.440070407,0.084830513,0.143623055,0.650797929,0.0,0.017830212,2043300.176,0.033323263,0.270108375,0.1455348,-0.577950038,94064365.13,5,9.090909091,TRUE,15.72917704,43.36036036,6.48422363,3.430826821,3.2018101,1.5948220723871147
262,NAVN.NS,Navneet Education Ltd,India,Media,2023,1.83065473,37.23300619,8.321441988,0.147382699,0.231756734,0.892270063,0.041266392,0.003113517,-151169.766,0.013471915,0.378383947,0.114690766,1.746716184,30202759.45,4,9.090909091,TRUE,16.55049437,44.60713642,9.19075493,3.403141173,2.591949545,1.3986771182914548
262,NAVN.NS,Navneet Education Ltd,India,Media,2022,1.973795351,40.58695897,8.304541497,0.173753728,0.280156229,0.916757205,0.050507445,0.000615741,-782619.2795,0.018256073,0.386311227,0.112813455,40.18711426,24800389.48,5,8.333333333,TRUE,25.80581107,46.71656816,7.609364978,3.370596035,5.897141859,1.2587180195968977
263,NAZA.NS,Nazara Technologies Ltd,India,Entertainment,2024,2.307619959,50.60411978,8.715227579,0.049343136,0.208751271,0.588843948,0.0,0.103296832,-31383265.07,0.235172959,0.000568147,0.027726487,39.15742636,7317729.666,12,14.28571429,TRUE,61.57171848,30.91622352,6.48422363,3.430826821,3.2018101,1.6484245623078595
263,NAZA.NS,Nazara Technologies Ltd,India,Entertainment,2023,3.562140704,50.88807241,8.520283476,0.010029763,0.138356422,0.50068136,0.496035173,0.136679967,50977804.44,0.825897666,0.011478105,0.008371413,2.844052418,10733053.39,9,14.28571429,TRUE,62.36884384,26.74250918,9.19075493,3.403141173,2.591949545,1.8190269570188773
263,NAZA.NS,Nazara Technologies Ltd,India,Entertainment,2022,5.924189245,39.57219065,8.316248089,0.022446821,0.196497826,0.560227844,0.327751196,0.008696674,-8033106.134,0.375676294,0.029968269,0.008696674,62.11874726,7716650.438,11,14.28571429,FALSE,40.90738078,20.68065288,7.609364978,3.370596035,5.897141859,1.6810342859886502
264,NCCL.NS,NCC Ltd,India,Construction & Engineering,2024,0.617939108,30.79708112,9.39063915,0.075861714,0.624954419,0.959464052,0.075005161,0.000177565,51078993.56,0.054775574,0.150391453,0.06595044,3.880235398,101609128.1,8,15.38461538,TRUE,32.3873061,16.42594994,6.48422363,3.430826821,3.2018101,2.1082823174959544
264,NCCL.NS,NCC Ltd,India,Construction & Engineering,2023,0.722264902,26.94229497,9.336710101,0.05415259,0.61421156,0.970145789,0.049573483,0.0000491784,32338332.33,0.038026589,0.187939912,0.071515877,32.10835111,88831433.71,6,9.090909091,TRUE,33.16355688,13.39822933,9.19075493,3.403141173,2.591949545,1.3157215666379083
264,NCCL.NS,NCC Ltd,India,Construction & Engineering,2022,0.774370726,23.28524093,9.304140716,0.058840661,0.597628899,0.952571873,0.028532489,0.0000108761,1929162.61,0.021062415,0.168662825,0.075705191,29.00582563,78652629.02,7,9.090909091,TRUE,42.0192776,4.308160975,7.609364978,3.370596035,5.897141859,1.173951571318566
265,NEFI.NS,Network18 Media & Investments Ltd,India,Media,2024,0.946686314,59.83074152,8.997587283,0.348302945,0.405939988,0.91862066,0.000788511,0.0,-565023990.6,0.002765748,0.001275645,0.059868246,-27.73670172,-207919251.0,6,33.33333333,TRUE,60.63684786,44.10746484,6.48422363,3.430826821,3.2018101,0.0
265,NEFI.NS,Network18 Media & Investments Ltd,India,Media,2023,0.203218687,58.12129915,9.679861089,0.204505347,0.268734332,0.434717586,0.028038491,0.113596529,552224355.1,0.567765763,0.25831861,0.036098338,47.27179318,-38943011.4,6,42.85714286,TRUE,50.29706669,45.38329238,9.19075493,3.403141173,2.591949545,1.0
265,NEFI.NS,Network18 Media & Investments Ltd,India,Media,2022,0.581176804,58.76901663,9.230975643,0.43398991,0.642531008,0.675121289,0.014494867,0.006995062,-13498052.58,0.035202637,0.434709296,0.042096945,-2.231916984,-1916991.237,6,37.5,TRUE,61.61340284,46.70120742,7.609364978,3.370596035,5.897141859,1.0
267,NEWG.NS,Newgen Software Technologies Ltd,India,Software,2024,6.00019117,66.54616761,8.378997873,0.026152935,0.211388581,0.817760915,0.240006042,6.79681e-6,-2434534.816,0.534294862,0.000268938,0.122044765,16.6027209,36892030.43,6,28.57142857,FALSE,70.78902971,54.33321223,6.48422363,3.430826821,3.2018101,1.3605717123595888
267,NEWG.NS,Newgen Software Technologies Ltd,India,Software,2023,7.298683515,67.9068881,8.306074973,0.028762611,0.225077997,0.81991306,0.291260284,0.008309568,1985902.819,0.543051323,0.00061329,0.14109461,25.88264542,30186562.69,6,28.57142857,FALSE,76.97465297,55.72820041,9.19075493,3.403141173,2.591949545,1.3605717123595888
267,NEWG.NS,Newgen Software Technologies Ltd,India,Software,2022,8.51594225,62.00230618,8.213979701,0.031762885,0.220431656,0.818366842,0.0,0.154935476,541613.9241,0.353874214,0.0,0.169994905,15.51087312,21544729.8,6,28.57142857,FALSE,73.50767455,49.51876265,7.609364978,3.370596035,5.897141859,1.7251079732372094
268,NIIT.NS,NIIT Ltd,India,Diversified Consumer Services,2024,1.215960537,43.4355543,8.148865721,0.005317041,0.090854041,0.875239063,0.0,0.047064247,-814160.3277,0.661947469,0.000876344,0.121693878,14.93486072,5794382.68,8,25.0,TRUE,33.75403892,42.22750127,6.48422363,3.430826821,3.2018101,1.302833031518337
268,NIIT.NS,NIIT Ltd,India,Diversified Consumer Services,2023,1.254921433,43.42727148,8.144836894,0.00711771,0.097563596,0.874323127,0.342254799,0.0,-1192201.56,0.62016878,0.000906797,0.1260267,-12.34013586,4788722.256,9,33.33333333,TRUE,36.11883581,43.78964386,9.19075493,3.403141173,2.591949545,1.2431934616269085
268,NIIT.NS,NIIT Ltd,India,Diversified Consumer Services,2022,1.26223926,38.66381067,8.142330128,0.01129777,0.113742463,0.898660587,0.376206705,0.0,-580209.3476,0.313049057,0.000609529,0.130365498,25.79155593,1353091.529,7,33.33333333,TRUE,35.99434685,32.8965151,7.609364978,3.370596035,5.897141859,1.6369949238357255
269,NKML.NS,Nilkamal Ltd,India,Containers & Packaging,2024,0.889812295,56.865263,8.473878253,0.208575252,0.241070285,0.580180717,0.176643687,0.012032838,6674066.706,0.061719563,0.282557276,0.3947307,1.095026684,12499157.4,4,8.333333333,TRUE,82.53402273,42.03969625,6.48422363,3.430826821,3.2018101,1.3562345016020383
269,NKML.NS,Nilkamal Ltd,India,Containers & Packaging,2023,1.004050017,49.16386286,8.425607247,0.182796433,0.203792802,0.558109268,0.16526119,0.003216203,7436208.758,0.055420684,0.278335806,0.362690647,0.632905119,14688890.22,4,8.333333333,TRUE,75.86807522,35.3896852,9.19075493,3.403141173,2.591949545,1.3059717471331316
269,NKML.NS,Nilkamal Ltd,India,Containers & Packaging,2022,1.070482837,48.2908615,8.402435313,0.169182137,0.178958798,0.487950033,0.041584423,0.002174117,-5523807.205,0.012753673,0.325843572,0.383890832,5.944519452,16309347.61,4,8.333333333,TRUE,72.07646494,41.80188049,7.609364978,3.370596035,5.897141859,1.2518469818936475
270,NMDC.NS,NMDC Ltd,India,Metals & Mining,2024,1.46124591,54.30271758,9.68114466,0.104270796,0.235774094,0.854766685,0.008772946,0.0,-2875365.711,0.268245949,0.091104956,0.217397178,9.433956555,765330602.7,8,10.0,TRUE,18.52649277,71.22498807,6.48422363,3.430826821,3.2018101,1.9456922292688563
270,NMDC.NS,NMDC Ltd,India,Metals & Mining,2023,1.658258516,44.545057,9.631288279,0.094186287,0.235686406,0.840051054,0.005123251,0.001860014,1966406.719,0.402068255,0.0775903,0.161268477,18.88706294,668535093.0,9,11.11111111,TRUE,14.71308165,44.94917126,9.19075493,3.403141173,2.591949545,1.9015631682321603
270,NMDC.NS,NMDC Ltd,India,Metals & Mining,2022,1.937518883,48.76114341,9.561778736,0.071040486,0.197195132,0.805577946,0.015745179,0.0,-3359298.929,0.247467414,0.088825397,0.146239499,-37.14144392,674099318.4,9,20.0,TRUE,21.6485371,51.02710631,7.609364978,3.370596035,5.897141859,0.0
271,NSEN.NS,Nesco Ltd,India,Real Estate Management & Development,2024,3.279265971,61.60383446,8.547662949,0.00032166,0.04857417,0.37931289,0.095099218,0.0,-954686.9514,0.097246485,0.00712871,0.348455199,5.283597141,43910228.2,4,33.33333333,TRUE,66.57774883,37.3994792,6.48422363,3.430826821,3.2018101,1.7275180634725062
271,NSEN.NS,Nesco Ltd,India,Real Estate Management & Development,2023,3.641894249,46.8497105,8.502392038,0.0000976487,0.056691997,0.424666799,0.147006656,0.0,1223335.333,0.15548462,0.008183968,0.106200472,22.43597018,43525326.93,5,20.0,TRUE,48.95207061,32.63879792,9.19075493,3.403141173,2.591949545,1.3712771090360898
271,NSEN.NS,Nesco Ltd,India,Real Estate Management & Development,2022,4.234636118,49.14465747,8.43994073,0.000180989,0.049579471,0.376379168,0.106006768,0.0,988948.3934,0.191903706,0.008656722,0.103784531,49.49954345,35374427.95,4,33.33333333,TRUE,45.3477014,40.38758618,7.609364978,3.370596035,5.897141859,1.0
272,NTPC.NS,NTPC Ltd,India,Independent Power and Renewable Electricity Producers,2024,0.601185129,55.07401987,10.78775561,0.47713286,0.192827142,0.297192333,0.00723842,0.001325824,65912229.37,0.009210004,0.042145617,0.707092652,3.2457435,2369950848.0,15,7.142857143,TRUE,26.65343561,59.21632714,6.48422363,3.430826821,3.2018101,1.8622908668334144
272,NTPC.NS,NTPC Ltd,India,Independent Power and Renewable Electricity Producers,2023,0.649229468,57.87769675,10.76051345,0.493820645,0.204925121,0.308007048,0.008753679,4.04001e-6,47713257.35,0.00876189,0.047459481,0.71818114,-0.516324661,2439382124.0,15,8.333333333,TRUE,21.3087684,62.56425634,9.19075493,3.403141173,2.591949545,2.013147992267313
272,NTPC.NS,NTPC Ltd,India,Independent Power and Renewable Electricity Producers,2022,0.686396874,50.04822395,10.73653348,0.497670386,0.191599891,0.285220869,0.004348047,0.000206513,-25574488.8,0.0048795,0.042026933,0.732461364,23.76147427,2134185735.0,15,8.333333333,TRUE,21.43777443,51.60521056,7.609364978,3.370596035,5.897141859,1.9935662148595843
274,OLEC.NS,Olectra Greentech Ltd,India,Machinery,2024,5.871963758,34.80985379,8.405028266,0.117365574,0.425302126,0.822983328,0.006134583,0.0,-141100.0585,0.033520485,0.133534294,0.243007319,52.28835275,16291398.48,7,33.33333333,TRUE,27.48452119,50.74061245,6.48422363,3.430826821,3.2018101,2.1205150324605366
274,OLEC.NS,Olectra Greentech Ltd,India,Machinery,2023,7.870216887,24.38283094,8.280102666,0.076010606,0.386290687,0.908980959,0.011196891,0.0,60911.81764,0.004350252,0.154825419,0.245837249,4.299461627,9436616.677,7,28.57142857,TRUE,20.7221792,31.93095151,9.19075493,3.403141173,2.591949545,2.132770183209838
274,OLEC.NS,Olectra Greentech Ltd,India,Machinery,2022,7.705645756,21.38235372,8.277599898,0.085875342,0.42703494,0.927071933,0.00957103,0.103316555,-1574683.544,0.129765583,0.107480539,0.222673718,69.85400314,8141808.666,8,28.57142857,TRUE,23.57358252,32.72061088,7.609364978,3.370596035,5.897141859,2.116953923277304
275,ONTE.NS,Orient Electric Ltd,India,Household Durables,2024,2.844404816,54.81392832,8.259928945,0.055593434,0.504927059,0.91238755,0.02456051,0.022371163,-1569338.795,0.045806936,0.276371987,0.277581239,7.308735596,9737858.397,7,16.66666667,TRUE,46.88413948,54.20542796,6.48422363,3.430826821,3.2018101,2.297855879461862
275,ONTE.NS,Orient Electric Ltd,India,Household Durables,2023,3.013396022,40.08579246,8.240758815,0.076899221,0.494648481,0.883838633,0.032296267,0.029297238,-11751649.67,0.080299509,0.217134508,0.306128919,9.600025155,9030593.881,5,16.66666667,0,40.13476908,44.18536699,9.19075493,3.403141173,2.591949545,2.2547164102241566
275,ONTE.NS,Orient Electric Ltd,India,Household Durables,2022,3.399830824,43.46236791,8.187303049,0.076899963,0.461447222,0.858189091,0.108283638,0.079430347,1662609.542,0.127318864,0.225077691,0.229450511,-4.568812448,9231986.368,5,16.66666667,TRUE,64.27211236,34.29352803,7.609364978,3.370596035,5.897141859,2.138453892779596
276,PAFO.NS,Patanjali Foods Ltd,India,Food Products,2024,4.100892305,41.83245106,9.259100697,0.05076156,0.264578178,0.990163978,0.0,0.019090822,-50119508.48,0.039604831,0.400220097,0.263190149,5.03187481,152218420.1,6,16.66666667,FALSE,57.36827687,36.81975623,6.48422363,3.430826821,3.2018101,1.0720014873276895
276,PAFO.NS,Patanjali Foods Ltd,India,Food Products,2023,4.698337253,40.73382529,9.201705794,0.079077444,0.228324932,0.990611789,0.037129295,0.032046288,-31873749.25,0.122801525,0.284102398,0.264652542,-0.812671403,91799748.05,11,16.66666667,FALSE,56.54522899,33.34017569,9.19075493,3.403141173,2.591949545,1.0769045616133777
276,PAFO.NS,Patanjali Foods Ltd,India,Food Products,2022,4.639939251,33.4469109,9.207345152,0.109818832,0.241902284,0.943077944,0.068077803,0.044172327,52110771.67,0.066045057,0.30731697,0.276558502,20.31724945,107892052.1,14,16.66666667,FALSE,56.69685447,22.71575214,7.609364978,3.370596035,5.897141859,1.1696362847832318
277,PAGE.NS,Page Industries Ltd,India,"Textiles, Apparel & Luxury Goods",2024,18.72985239,71.73789797,8.490386904,0.099058612,0.382328337,0.817677403,0.101914106,0.051193128,24002691.63,0.167847896,0.330013761,0.312336195,5.062755166,85329666.47,4,7.142857143,TRUE,56.46387767,63.08265074,6.48422363,3.430826821,3.2018101,1.3969822469174955
277,PAGE.NS,Page Industries Ltd,India,"Textiles, Apparel & Luxury Goods",2023,18.53759529,68.60654185,8.50764724,0.068907519,0.349733708,0.864170228,0.035372404,0.0,10694061.19,0.11493029,0.438856087,0.269270527,-4.198707589,68289502.1,5,7.692307692,TRUE,57.284861,63.64891539,9.19075493,3.403141173,2.591949545,1.699560978352631
277,PAGE.NS,Page Industries Ltd,India,"Textiles, Apparel & Luxury Goods",2022,17.79201897,76.34438568,8.515545281,0.150918929,0.443254073,0.90303625,0.00055295,0.0,-17638388.51,0.000292018,0.600688129,0.235084169,12.05776434,69528846.15,5,7.692307692,0,71.9797393,64.24279168,7.609364978,3.370596035,5.897141859,1.5713269159146357
278,PDSL.NS,PDS Ltd,India,"Textiles, Apparel & Luxury Goods",2024,0.934710997,57.46456242,8.743886491,0.260037836,0.589719813,0.904954506,0.123315683,0.019167237,11664622.59,0.13671749,0.121586504,0.104862177,18.28100971,28247489.76,6,30.0,FALSE,56.17972915,64.30197471,6.48422363,3.430826821,3.2018101,2.2545196154035008
278,PDSL.NS,PDS Ltd,India,"Textiles, Apparel & Luxury Goods",2023,1.072092165,34.82800352,8.687822051,0.259469193,0.655903627,0.920154942,0.173217282,0.0,-18937336.53,0.221218024,0.094495209,0.112946764,-3.332195121,24316832.63,8,22.22222222,FALSE,52.05903392,33.88718384,9.19075493,3.403141173,2.591949545,2.476078769284241
278,PDSL.NS,PDS Ltd,India,"Textiles, Apparel & Luxury Goods",2022,1.395453581,36.44777484,8.577965516,0.231263381,0.608454662,0.920378488,0.270257682,0.0,5242977.118,0.212646733,0.098554845,0.113917414,10.68255872,39772200.58,6,25.0,FALSE,59.66585629,34.66245559,7.609364978,3.370596035,5.897141859,2.368911506763758
279,PFIZ.NS,Pfizer Ltd,India,Pharmaceuticals,2024,4.768864161,61.19732429,8.759467595,0.022072403,0.115963601,0.820974485,0.008656564,0.100409072,44829724.99,0.643192996,0.099221968,0.036541637,1.464275683,89830310.12,5,42.85714286,TRUE,64.29929522,46.18822253,6.48422363,3.430826821,3.2018101,1.6106283611761034
279,PFIZ.NS,Pfizer Ltd,India,Pharmaceuticals,2023,5.627749269,57.15278232,8.705309488,0.02235633,0.129247679,0.86311667,0.016338554,0.025458879,9046190.762,0.501160932,0.104432011,0.035790464,-10.84240111,66146370.73,5,28.57142857,TRUE,58.48949433,42.0792961,9.19075493,3.403141173,2.591949545,1.6593075607652032
279,PFIZ.NS,Pfizer Ltd,India,Pharmaceuticals,2022,6.098392033,60.89235678,8.687478812,0.033611366,0.164307514,0.828491486,0.017950863,0.007173691,-3184031.159,0.43731911,0.10613813,0.04635654,-14.20679217,75940847.13,5,14.28571429,TRUE,64.77490493,45.78000313,7.609364978,3.370596035,5.897141859,1.208361478687908
280,PIIL.NS,PI Industries Ltd,India,Chemicals,2024,4.564360041,70.67346176,9.157369576,0.014995887,0.140730001,0.81506817,0.246454824,0.013562277,-34429490.93,0.340682588,0.084216443,0.301579415,1.512423749,194289057.9,7,20.0,TRUE,47.44759299,77.56534315,6.48422363,3.430826821,3.2018101,3.341004507424753
280,PIIL.NS,PI Industries Ltd,India,Chemicals,2023,5.225565419,67.17370044,9.111068085,0.017707172,0.158918618,0.841416626,0.25716123,0.041490152,1655668.866,0.459191059,0.125650316,0.290542549,16.39485929,201739652.1,7,22.22222222,TRUE,48.50858707,76.16040941,9.19075493,3.403141173,2.591949545,3.639242342265743
280,PIIL.NS,PI Industries Ltd,India,Chemicals,2022,6.505668574,54.81783439,9.013720057,0.005483685,0.139368138,0.922416485,0.319174141,0.058433671,63546738.07,0.38186854,0.170182907,0.301531894,13.17043119,149647030.2,4,18.18181818,TRUE,42.09260103,48.23660347,7.609364978,3.370596035,5.897141859,2.018453538993684
281,PIVI.NS,Privi Speciality Chemicals Ltd,India,Chemicals,2024,3.281632931,30.70974702,8.513970925,0.409542649,0.395399587,0.654010252,0.045016472,0.000033829,3016676.419,0.023861127,0.29437014,0.456134339,16.96792128,21620866.0,6,12.5,TRUE,79.40967885,16.06892751,6.48422363,3.430826821,3.2018101,1.852645666717453
281,PIVI.NS,Privi Speciality Chemicals Ltd,India,Chemicals,2023,3.810582609,24.41011829,8.448782672,0.430379192,0.382506894,0.631834301,0.026670452,0.0000378648,424403.1194,0.026196319,0.290760509,0.475198831,7.426100496,11449262.15,4,12.5,TRUE,55.91475732,11.18222304,9.19075493,3.403141173,2.591949545,2.374722681190726
281,PIVI.NS,Privi Speciality Chemicals Ltd,India,Chemicals,2022,3.730350232,23.40766136,8.463938925,0.451391319,0.460573962,0.705028721,0.018497615,0.001931907,-1469060.37,0.013507534,0.339271666,0.460340807,5.81476787,2589836.904,4,12.5,TRUE,49.25098018,15.07785695,7.609364978,3.370596035,5.897141859,2.547934212808629
282,PLMD.NS,Poly Medicure Ltd,India,Health Care Equipment & Supplies,2024,6.432950188,46.73203735,8.572412336,0.056459859,0.115951368,0.86732461,0.023499524,0.044681797,-392545.3482,0.638039003,0.089452459,0.354022309,18.38919714,39620503.22,5,16.66666667,TRUE,47.75495973,29.80924971,6.48422363,3.430826821,3.2018101,1.3969822469174955
282,PLMD.NS,Poly Medicure Ltd,India,Health Care Equipment & Supplies,2023,11.0075914,41.1313595,8.348297129,0.093697172,0.18897445,0.903821075,0.034315706,0.0,598764.2472,0.182701528,0.11891846,0.478264453,21.60302098,30984967.01,4,16.66666667,TRUE,52.22592083,19.767563,9.19075493,3.403141173,2.591949545,0.0
282,PLMD.NS,Poly Medicure Ltd,India,Health Care Equipment & Supplies,2022,12.51536293,38.40876034,8.283228871,0.094481315,0.185963029,0.874011717,0.024078886,0.0,-84591.04187,0.202156945,0.132293674,0.419968511,11.61506085,21821141.67,4,18.18181818,TRUE,59.1509494,13.20867371,7.609364978,3.370596035,5.897141859,0.0
283,POLC.NS,Polycab India Ltd,India,Electrical Equipment,2024,7.530118964,67.75567786,9.207308156,0.109540617,0.254861924,0.889159819,0.049205076,0.003243364,-6911059.099,0.200490163,0.274739166,0.263596209,21.16565973,239384084.3,5,18.18181818,TRUE,57.35380589,66.25138973,6.48422363,3.430826821,3.2018101,1.885888933932156
283,POLC.NS,Polycab India Ltd,India,Electrical Equipment,2023,8.386085208,64.12763304,9.161121206,0.167487245,0.296210726,0.919353761,0.085811909,4.13946e-7,18830233.95,0.232198327,0.329592866,0.233384889,26.04318164,216306778.6,5,20.0,TRUE,66.68487215,55.76315596,9.19075493,3.403141173,2.591949545,2.402667945501783
283,POLC.NS,Polycab India Ltd,India,Electrical Equipment,2022,10.66856794,60.55647841,9.059642861,0.141648337,0.278022139,0.939827183,0.058192911,0.0000273726,-267405.0633,0.254527028,0.345707845,0.243741218,6.795826014,156169182.1,4,20.0,TRUE,55.14562633,56.80853495,7.609364978,3.370596035,5.897141859,1.5724655317044105
284,PRAF.NS,Paras Defence and Space Technologies Ltd,India,Aerospace & Defense,2024,6.013269894,40.94671572,7.998706832,0.02819747,0.224203172,0.900912459,0.0,0.040462139,3685242.832,0.060184973,0.202073362,0.219864233,40.31632899,7196196.606,9,33.33333333,TRUE,48.42782175,14.18413006,6.48422363,3.430826821,3.2018101,1.601198007021824
284,PRAF.NS,Paras Defence and Space Technologies Ltd,India,Aerospace & Defense,2023,8.061242341,25.90861833,7.885090095,0.102861917,0.266883686,0.875041002,0.0,0.004660883,-1694733.053,0.005646301,0.277128344,0.285490016,12.34256872,3603827.235,9,33.33333333,TRUE,42.15848542,13.17706416,9.19075493,3.403141173,2.591949545,1.601198007021824
284,PRAF.NS,Paras Defence and Space Technologies Ltd,India,Aerospace & Defense,2022,9.96069647,28.71986447,7.801794345,0.028088288,0.159352735,0.773126569,0.0,0.032864475,1816893.866,0.034531205,0.209151137,0.287689649,12.55463295,4374440.117,13,28.57142857,TRUE,49.30921296,13.23034012,7.609364978,3.370596035,5.897141859,2.102078896023244
286,PROC.NS,Procter & Gamble Hygiene and Health Care Ltd,India,Personal Care Products,2024,23.66814169,37.93407928,8.312498234,0.001322141,0.513503502,0.885353823,0.062559652,0.23365418,-12557050.91,0.24478394,0.129159472,0.098066369,-21.73268511,74498537.16,4,18.18181818,TRUE,38.19352461,39.43538258,6.48422363,3.430826821,3.2018101,0.0
286,PROC.NS,Procter & Gamble Hygiene and Health Care Ltd,India,Personal Care Products,2023,21.93748635,39.95511978,8.34824493,0.001657197,0.527645059,0.904918335,0.059816858,0.277101627,-46807030.17,0.264336101,0.124655647,0.089806086,5.717974528,80981344.85,5,20.0,TRUE,47.23037793,41.07408467,9.19075493,3.403141173,2.591949545,1.4031203544036503
286,PROC.NS,Procter & Gamble Hygiene and Health Care Ltd,India,Personal Care Products,2022,18.99857153,37.81056081,8.415574004,0.001885539,0.507659125,0.910802575,0.074956453,0.412900268,41277362.93,0.550914099,0.104298842,0.090206427,-3.407614615,82608324.91,4,20.0,TRUE,60.20993252,28.85400183,7.609364978,3.370596035,5.897141859,1.0
287,PSPP.NS,PSP Projects Ltd,India,Construction & Engineering,2024,1.136295463,36.8200212,8.439921986,0.115394186,0.477173289,0.981378527,0.07100247,0.054446971,-3906237.566,0.373349697,0.137667257,0.131202456,-2.210890374,6782960.796,4,33.33333333,TRUE,22.76023428,36.02266528,6.48422363,3.430826821,3.2018101,1.572941356194222
287,PSPP.NS,PSP Projects Ltd,India,Construction & Engineering,2023,1.279960493,40.41125805,8.388031481,0.223439681,0.529036547,0.960456007,0.104965543,0.0,2278920.216,0.126749605,0.19709365,0.158896957,27.46441054,14811997.6,4,33.33333333,TRUE,35.33967491,36.68627868,9.19075493,3.403141173,2.591949545,2.045485005369392
287,PSPP.NS,PSP Projects Ltd,India,Construction & Engineering,2022,1.418010344,39.17746357,8.332182249,0.082123852,0.523513449,0.958320445,0.101824294,0.0,743111.0029,0.176202403,0.153391682,0.145089476,2.410030897,16387682.57,8,28.57142857,TRUE,45.65448895,28.19651842,7.609364978,3.370596035,5.897141859,1.8821452725083392
288,PTCI.NS,PTC India Ltd,India,Independent Power and Renewable Electricity Producers,2024,0.399642452,24.57423737,9.179411934,0.229363388,0.334519986,0.607616334,0.061373136,0.111850683,100477472.2,0.195137735,0.002208134,0.002867013,-6.989487886,99909888.82,8,13.33333333,TRUE,27.17945329,22.07974388,6.48422363,3.430826821,3.2018101,1.363145875370244
288,PTCI.NS,PTC India Ltd,India,Independent Power and Renewable Electricity Producers,2023,0.349587833,28.51716105,9.258730912,0.286128037,0.413135003,0.625969464,0.106758837,0.012762722,-11518896.22,0.12755608,0.001354894,0.002824846,6.763187878,58014397.12,10,20.0,TRUE,31.96773734,24.35512927,9.19075493,3.403141173,2.591949545,1.3845963975343158
288,PTCI.NS,PTC India Ltd,India,Independent Power and Renewable Electricity Producers,2022,0.314443091,29.14880266,9.306221372,0.393635445,0.352811854,0.505313129,0.08915277,0.026906841,-33617332.04,0.085421199,0.001723433,0.097195964,-12.78361968,59011684.52,11,33.33333333,TRUE,49.47258683,15.39978436,7.609364978,3.370596035,5.897141859,1.102972191029388
289,QUEC.NS,Quess Corp Ltd,India,Professional Services,2024,1.378389887,60.64420031,8.517276684,0.040146837,0.501658707,0.816790264,0.176599947,3.55641e-6,-31715272.09,0.041165738,0.010931323,0.03587595,6.602939305,5370275.015,6,12.5,TRUE,64.12763759,51.91045097,6.48422363,3.430826821,3.2018101,2.1694025869741766
289,QUEC.NS,Quess Corp Ltd,India,Professional Services,2023,0.61660014,57.10889987,8.875324695,0.133990126,0.419512384,0.75926795,0.197709053,0.000211509,9904139.172,0.096752504,0.007689156,0.09923353,-21.32382129,16245710.86,7,12.5,TRUE,59.890159,50.95725425,9.19075493,3.403141173,2.591949545,1.970106603985882
289,QUEC.NS,Quess Corp Ltd,India,Professional Services,2022,0.624443913,47.23782039,8.872003769,0.165283845,0.452088663,0.779214483,0.158184415,0.0,3299415.774,0.103508302,0.009889568,0.105535246,15.7726478,27131085.69,8,12.5,TRUE,48.95706306,32.93838097,7.609364978,3.370596035,5.897141859,2.066733066074747
290,RADC.NS,Radico Khaitan Ltd,India,Beverages,2024,8.174756063,45.05439843,8.734708196,0.237676123,0.332919038,0.819202129,0.026009702,0.0,-5392440.023,0.012650029,0.241825871,0.393854406,7.714112369,40446026.92,4,12.5,TRUE,30.66539081,64.52082804,6.48422363,3.430826821,3.2018101,2.2663363289387672
290,RADC.NS,Radico Khaitan Ltd,India,Beverages,2023,9.061283803,44.69675089,8.691346541,0.251678505,0.295976584,0.732176364,0.071160341,0.0,-4298044.391,0.025498823,0.201718522,0.426438554,19.76555958,30681079.78,4,12.5,TRUE,37.85235356,57.01951822,9.19075493,3.403141173,2.591949545,1.5347829419519303
290,RADC.NS,Radico Khaitan Ltd,India,Beverages,2022,9.788443236,44.12873656,8.655775966,0.202640083,0.296090157,0.728686397,0.110855013,0.0,2535370.01,0.042382871,0.199244734,0.417255657,-5.592143095,24874829.6,4,12.5,TRUE,35.83454435,60.14834736,7.609364978,3.370596035,5.897141859,1.8219223595196108
291,RAID.NS,Rain Industries Ltd,India,Chemicals,2024,0.243772778,56.95017998,9.345067901,0.448557684,0.212716187,0.32751529,0.26123144,0.014199759,-9814269.35,0.089170181,0.164064961,0.285638741,-17.59455809,-52591112.05,5,14.28571429,TRUE,90.17089907,23.88184274,6.48422363,3.430826821,3.2018101,2.3729616773147324
291,RAID.NS,Rain Industries Ltd,India,Chemicals,2023,0.23388759,54.95297428,9.381151959,0.43431571,0.162026847,0.255951889,0.394694535,0.006275209,28544536.6,0.097840898,0.162782161,0.275753522,-14.14811722,-95708498.62,4,14.28571429,TRUE,97.43042954,22.32946636,9.19075493,3.403141173,2.591949545,2.0169642841989406
291,RAID.NS,Rain Industries Ltd,India,Chemicals,2022,0.213599048,49.47586399,9.428353941,0.438760342,0.176934531,0.285351007,0.0,0.075322964,7805892.38,0.08219523,0.203554163,0.2521487,30.21059537,190637595.7,5,25.0,TRUE,92.38939472,27.48626859,7.609364978,3.370596035,5.897141859,1.720699379453976
292,RAIT.NS,Railtel Corporation of India Ltd,India,Diversified Telecommunication Services,2023,2.663433339,21.27512562,8.686504379,0.011265366,0.51705362,0.942182564,0.084232395,0.01802903,7181763.647,0.190585759,0.000743287,0.256061122,28.90990434,29539292.14,8,0.0,TRUE,10.25266127,17.55843313,9.19075493,3.403141173,2.591949545,1.911752711964704
292,RAIT.NS,Railtel Corporation of India Ltd,India,Diversified Telecommunication Services,2022,3.205679995,13.52974962,8.608974197,0.012515199,0.452942973,0.89479725,0.052411997,0.032984541,104673.8072,0.158007215,0.00027552,0.29132052,17.14541277,23012414.8,9,0.0,TRUE,15.00044155,2.790048826,7.609364978,3.370596035,5.897141859,2.053022893302085
293,RALL.NS,Rallis India Ltd,India,Chemicals,2024,2.335413187,57.63163698,8.541700446,0.021213721,0.325682722,0.905161459,0.003716167,0.00815602,141603.2768,0.142021014,0.26688945,0.236746467,-1.921318508,14643651.26,7,16.66666667,TRUE,80.15609687,41.30054084,6.48422363,3.430826821,3.2018101,2.2610912892138133
293,RALL.NS,Rallis India Ltd,India,Chemicals,2023,2.347916275,49.52635955,8.556714802,0.044515474,0.339050092,0.867423081,0.01536845,0.003662455,-2100779.844,0.096592093,0.274404435,0.268697664,-12.01243826,17740851.83,8,16.66666667,TRUE,80.8430906,26.956091,9.19075493,3.403141173,2.591949545,2.300425661749001
293,RALL.NS,Rallis India Ltd,India,Chemicals,2022,2.472377262,51.22828503,8.532141069,0.048860166,0.353428454,0.926134942,0.009263668,0.012510266,4098417.722,0.085234681,0.288568122,0.260773099,5.26240216,11190798.44,8,33.33333333,TRUE,89.20544107,29.45205611,7.609364978,3.370596035,5.897141859,2.071435462650106
294,RATE.NS,Rategain Travel Technologies Ltd,India,Software,2024,3.098511649,30.62047025,8.347979739,0.008428614,0.101249981,0.870588713,0.0,0.182424956,9344997.074,0.662671011,0.0,0.012505587,9.736257237,24450438.85,4,33.33333333,TRUE,30.77061351,29.65748707,6.48422363,3.430826821,3.2018101,1.5338142977179734
294,RATE.NS,Rategain Travel Technologies Ltd,India,Software,2023,3.420633465,36.80497224,8.31739322,0.009625033,0.143076833,0.882835002,0.750196837,0.047200849,20104859.03,1.104908643,0.000590985,0.012363901,66.9298513,17443671.27,6,33.33333333,TRUE,30.10425456,28.95264491,9.19075493,3.403141173,2.591949545,1.860622845223585
294,RATE.NS,Rategain Travel Technologies Ltd,India,Software,2022,5.814634279,40.80359143,8.060900958,0.01871505,0.203432415,0.816433017,0.519654084,0.0,8012658.228,0.3754843,0.000345929,0.024286932,42.41455686,8325340.798,23,33.33333333,0,39.57415654,27.62955795,7.609364978,3.370596035,5.897141859,1.949789471688232
295,REDY.NS,Dr Reddy's Laboratories Ltd,India,Pharmaceuticals,2024,2.074815136,87.00272453,9.76224867,0.094617069,0.263700113,0.820923348,0.092045298,0.005072168,87606787.6,0.144966596,0.155564008,0.196206091,13.67511754,670005851.4,6,36.36363636,FALSE,90.8246744,81.11035908,6.48422363,3.430826821,3.2018101,2.2033861121544858
295,REDY.NS,Dr Reddy's Laboratories Ltd,India,Pharmaceuticals,2023,2.616835378,88.36468657,9.668639658,0.051513233,0.246707733,0.903760958,0.045369212,0.00669003,15932813.44,0.248263386,0.163524926,0.195547013,11.92345864,669214157.2,8,33.33333333,FALSE,93.05053097,82.10346172,9.19075493,3.403141173,2.591949545,2.0465449092159584
295,REDY.NS,Dr Reddy's Laboratories Ltd,India,Pharmaceuticals,2022,3.099054295,88.31019303,9.594341705,0.041728228,0.265512574,0.952561396,0.031439204,0.009069199,-110430866.6,0.191436332,0.150750656,0.205339305,5.779788473,548600292.1,7,27.27272727,FALSE,96.33167882,82.0783546,7.609364978,3.370596035,5.897141859,2.684431466714299
296,RELI.NS,Reliance Industries Ltd,India,"Oil, Gas & Consumable Fuels",2024,0.937308351,62.38160369,11.35834949,0.189513881,0.232671203,0.409909108,0.102449216,0.0,1085664131.0,0.132645421,0.074898942,0.437312351,4.546492172,9454300761.0,7,14.28571429,TRUE,75.29164527,52.50876463,6.48422363,3.430826821,3.2018101,2.2701170222007647
296,RELI.NS,Reliance Industries Ltd,India,"Oil, Gas & Consumable Fuels",2023,1.035967716,79.57412424,11.32361544,0.197121162,0.226292806,0.412846687,0.18625603,0.0,3426634673.0,0.129581361,0.086999555,0.43193169,1.133717754,9480503899.0,6,15.38461538,TRUE,89.21938791,66.90829458,9.19075493,3.403141173,2.591949545,2.239650890333764
296,RELI.NS,Reliance Industries Ltd,India,"Oil, Gas & Consumable Fuels",2022,1.116180203,81.30337682,11.29147191,0.208028836,0.246195949,0.443877522,0.010036817,0.0,3953992210.0,0.099322818,0.087100473,0.427864089,14.74004361,8966650438.0,5,14.28571429,TRUE,90.01588934,67.565427,7.609364978,3.370596035,5.897141859,2.554305005380571
297,RESR.NS,Restaurant Brands Asia Ltd,India,"Hotels, Restaurants & Leisure",2024,1.275145707,38.11590507,8.607699163,0.529029758,0.224989611,0.305025254,0.685760495,0.0,58860503.22,0.201668482,0.018024814,0.725577452,2.09170559,-27243300.18,9,22.22222222,TRUE,44.19478906,40.26771337,6.48422363,3.430826821,3.2018101,1.6882982369732051
297,RESR.NS,Restaurant Brands Asia Ltd,India,"Hotels, Restaurants & Leisure",2023,1.632480126,38.22866397,8.511841034,0.527857636,0.239388749,0.311431065,0.048253345,0.0,-14846670.67,0.046057034,0.01675139,0.833812607,16.93950873,-28402879.42,8,12.5,TRUE,48.71952339,33.90744323,9.19075493,3.403141173,2.591949545,1.3302872141852906
297,RESR.NS,Restaurant Brands Asia Ltd,India,"Hotels, Restaurants & Leisure",2022,1.761312345,26.74024476,8.482098255,0.468286052,0.236870635,0.354107019,0.262521843,0.0,-3694498.539,0.117334982,0.014841114,0.768345935,27.34530834,-29430623.17,9,12.5,TRUE,28.97968606,16.89354621,7.609364978,3.370596035,5.897141859,1.3615174562753076
298,RLXO.NS,Relaxo Footwears Ltd,India,"Textiles, Apparel & Luxury Goods",2024,3.998149758,41.88494171,8.509585503,0.076931152,0.163194532,0.678537026,0.01637017,0.005426303,-2104154.476,0.104773524,0.204548828,0.501160194,-6.623296314,19933294.32,5,10.0,TRUE,40.01346733,31.65341783,6.48422363,3.430826821,3.2018101,2.087680318191824
298,RLXO.NS,Relaxo Footwears Ltd,India,"Textiles, Apparel & Luxury Goods",2023,4.064688752,47.27819977,8.512689837,0.075525718,0.19140281,0.728745791,0.025681009,0.009948746,3608878.224,0.066853045,0.228537424,0.509106787,3.222887414,24051589.68,5,10.0,TRUE,62.20957246,29.20635739,9.19075493,3.403141173,2.591949545,1.756853008673975
298,RLXO.NS,Relaxo Footwears Ltd,India,"Textiles, Apparel & Luxury Goods",2022,4.476688476,40.31656347,8.482373564,0.065769063,0.188653153,0.735689499,0.021820886,0.0,385832.5219,0.103084422,0.229382032,0.483904457,-3.108602016,18801119.77,4,14.28571429,TRUE,62.26269556,29.98343623,7.609364978,3.370596035,5.897141859,1.3648910767710654
299,RMT.NS,Ratnamani Metals and Tubes Ltd,India,Metals & Mining,2024,3.334812293,48.77987781,8.759012458,0.032082795,0.203258628,0.785845218,0.14911161,0.015289527,2144330.018,0.097850162,0.315920908,0.308440342,-0.001660716,63378630.78,5,14.28571429,TRUE,52.20892943,54.4136433,6.48422363,3.430826821,3.2018101,1.6266477152792564
299,RMT.NS,Ratnamani Metals and Tubes Ltd,India,Metals & Mining,2023,4.06401812,46.60946688,8.683302375,0.038029244,0.149270416,0.682405123,0.195993081,0.021145159,20728314.34,0.076128433,0.339000725,0.326082352,11.45323411,74997060.59,5,10.0,TRUE,50.03509826,56.56611246,9.19075493,3.403141173,2.591949545,2.438894787729321
299,RMT.NS,Ratnamani Metals and Tubes Ltd,India,Metals & Mining,2022,4.221942071,40.54110878,8.662863871,0.06269253,0.22769743,0.731703807,0.037898454,0.0,-1623636.806,0.053594609,0.33308978,0.318346968,31.69338604,62351314.51,4,16.66666667,TRUE,60.94996448,40.13188201,7.609364978,3.370596035,5.897141859,2.81204407384762
300,ROLE.NS,Rolex Rings Ltd,India,Machinery,2024,2.850834497,24.0487952,8.176246415,0.011034091,0.131185424,0.800600663,0.0,0.03812252,3511995.319,0.290288574,0.190257743,0.373097813,-7.802968228,20362434.17,7,16.66666667,TRUE,41.38755642,9.17092015,6.48422363,3.430826821,3.2018101,1.1384244313181366
300,ROLE.NS,Rolex Rings Ltd,India,Machinery,2023,3.242921239,24.58491339,8.128663202,0.016116442,0.143904256,0.724237948,0.09745014,0.002812014,-334013.1974,0.132550998,0.222809248,0.419323671,2.150961678,18720815.84,5,14.28571429,TRUE,41.97695818,9.616130039,9.19075493,3.403141173,2.591949545,1.1463614597872178
300,ROLE.NS,Rolex Rings Ltd,India,Machinery,2022,3.504036677,21.86402665,8.091057468,0.080460655,0.201939693,0.757141588,0.148585643,0.003944721,2179284.323,0.032250181,0.260426567,0.430316022,7.12501321,24110516.07,10,14.28571429,TRUE,36.56861637,5.026230235,7.609364978,3.370596035,5.897141859,1.1384244313181366
301,ROSB.NS,Rossari Biotech Ltd,India,Chemicals,2024,1.761544147,60.29304655,8.346168411,0.114966691,0.282974648,0.754953675,0.082378507,5.27375e-7,2227267.408,0.065181489,0.214165925,0.260376103,10.84976068,15959976.59,7,33.33333333,TRUE,88.20489899,55.97330837,6.48422363,3.430826821,3.2018101,1.610013558613736
301,ROSB.NS,Rossari Biotech Ltd,India,Chemicals,2023,2.098316929,42.28875082,8.275588652,0.075560172,0.270162981,0.80991299,0.028424649,0.008330625,-5282303.539,0.05104252,0.195159371,0.230196082,8.970563633,15679544.09,5,33.33333333,TRUE,82.27619584,33.60679195,9.19075493,3.403141173,2.591949545,1.5303400975252623
301,ROSB.NS,Rossari Biotech Ltd,India,Chemicals,2022,2.412097229,40.26521807,8.221287547,0.054058125,0.254838344,0.770355372,0.034303373,0.041857608,3860881.207,0.110454866,0.145421241,0.238879322,3.153731303,13054649.46,7,16.66666667,TRUE,78.10012187,37.75637647,7.609364978,3.370596035,5.897141859,1.8274307904273832
302,ROUT.NS,Route Mobile Ltd,India,Software,2024,1.381926072,72.11992443,8.651001114,0.121399371,0.338383363,0.92885228,0.502580027,0.052220236,36062024.58,0.32760436,0.070935667,0.015353973,10.93335531,39078993.56,9,14.28571429,TRUE,87.7345959,45.74067396,6.48422363,3.430826821,3.2018101,2.124454485146736
302,ROUT.NS,Route Mobile Ltd,India,Software,2023,1.509846267,72.35241956,8.619666607,0.107763959,0.298176236,0.782886528,0.441709732,0.024473349,7035392.921,0.233430738,0.057872544,0.018358612,11.11217005,46651469.71,11,14.28571429,TRUE,88.72792232,46.43831181,9.19075493,3.403141173,2.591949545,1.5794199724875455
302,ROUT.NS,Route Mobile Ltd,India,Software,2022,1.808322783,62.01309817,8.545535061,0.04820939,0.271428225,0.735423651,0.527414577,0.024454742,9284323.272,0.282071246,0.025113245,0.023539768,64.69989018,40544060.37,10,14.28571429,TRUE,83.75259249,36.3602695,7.609364978,3.370596035,5.897141859,1.88123953499802
303,RSPO.NS,Responsive Industries Ltd,India,Chemicals,2024,2.949851351,33.11558861,8.308307118,0.147444216,0.144577271,0.640158821,0.029877703,0.0,-1038759.508,0.018369577,0.109798296,0.458413527,27.24010769,23272287.89,6,33.33333333,TRUE,50.63249196,19.74792885,6.48422363,3.430826821,3.2018101,1.0
303,RSPO.NS,Responsive Industries Ltd,India,Chemicals,2023,3.304837698,32.69617548,8.268305571,0.138859099,0.240044347,0.907490323,0.044145941,0.0,-949610.078,0.020135772,0.081464755,0.526931331,10.04419718,19348050.39,10,16.66666667,TRUE,48.74966449,21.85669862,9.19075493,3.403141173,2.591949545,1.0
303,RSPO.NS,Responsive Industries Ltd,India,Chemicals,2022,3.794650896,28.62348417,8.210651964,0.194605244,0.241247346,0.88896375,0.0,0.018207828,-889240.5063,0.045688528,0.160667705,0.517972155,-18.48173251,2974318.403,8,40.0,TRUE,37.96110585,18.7500878,7.609364978,3.370596035,5.897141859,1.0
304,RSYS.NS,R Systems International Ltd,India,IT Services,2024,4.426170115,47.08620227,8.152542869,0.059956613,0.21341188,0.43855669,0.581838647,0.032206052,3826705.94,0.146540678,0.000645783,0.076727222,0.539155543,15333239.83,6,14.28571429,TRUE,22.77589827,41.08609666,6.48422363,3.430826821,3.2018101,1.5587369292766933
304,RSYS.NS,R Systems International Ltd,India,IT Services,2023,4.059000386,48.67408955,8.198736379,0.099781537,0.280149273,0.523739166,0.000244369,0.11962192,-5875706.215,0.217583259,0.001149362,0.094139697,10.49650007,16841687.7,11,14.28571429,TRUE,28.58117228,39.87280653,9.19075493,3.403141173,2.591949545,2.533909018065671
304,RSYS.NS,R Systems International Ltd,India,IT Services,2022,6.006457553,58.38210189,8.003075772,0.092580388,0.237649886,0.688416053,0.000449554,0.247453631,225104.8757,0.347632399,0.000839086,0.170905913,18.08580045,16886613.39,8,16.66666667,TRUE,55.78940226,37.50997958,7.609364978,3.370596035,5.897141859,1.684619515290925
305,RUCL.NS,Rupa & Company Ltd,India,"Textiles, Apparel & Luxury Goods",2024,0.987013305,45.28630035,8.247729442,0.157394526,0.305704074,0.935245244,0.045223922,0.0,681474.5465,0.132328445,0.300436797,0.158818896,-0.629140306,9747466.355,4,7.142857143,TRUE,41.92690094,35.80727756,6.48422363,3.430826821,3.2018101,1.406028220566358
305,RUCL.NS,Rupa & Company Ltd,India,"Textiles, Apparel & Luxury Goods",2023,1.037020028,38.83405268,8.239317348,0.162314563,0.314616003,0.932087714,0.03313267,0.0,1002831.434,0.156678298,0.297882632,0.16811653,4.904708997,8371613.677,4,7.142857143,0,40.08379662,23.63977343,9.19075493,3.403141173,2.591949545,1.1986937902886727
305,RUCL.NS,Rupa & Company Ltd,India,"Textiles, Apparel & Luxury Goods",2023,1.037020028,38.83405268,8.239317348,0.162314563,0.314616003,0.932087714,0.03313267,0.0,1002831.434,0.156678298,0.297882632,0.16811653,4.904708997,8371613.677,4,7.142857143,0,40.08379662,23.63977343,9.19075493,3.403141173,2.591949545,1.0
305,RUCL.NS,Rupa & Company Ltd,India,"Textiles, Apparel & Luxury Goods",2022,1.072028196,39.71608647,8.227698934,0.186038903,0.315825564,0.920609094,0.015322738,0.0,290871.4703,0.066725999,0.35367372,0.178639182,-28.36458556,6539897.76,4,8.333333333,0,46.67671195,18.16747706,7.609364978,3.370596035,5.897141859,1.347025790183695
305,RUCL.NS,Rupa & Company Ltd,India,"Textiles, Apparel & Luxury Goods",2022,1.072028196,39.71608647,8.227698934,0.186038903,0.315825564,0.920609094,0.015322738,0.0,290871.4703,0.066725999,0.35367372,0.178639182,-28.36458556,6539897.76,4,8.333333333,0,46.67671195,18.16747706,7.609364978,3.370596035,5.897141859,1.9202039035750893
306,SAFA.NS,Safari Industries (India) Ltd,India,"Textiles, Apparel & Luxury Goods",2024,7.675415461,60.35171309,8.188588699,0.094612522,0.209245207,0.754840298,0.041843278,0.0,-3211234.64,0.19468077,0.268934254,0.322073728,11.45638266,16711527.21,4,14.28571429,TRUE,81.48296594,53.48040947,6.48422363,3.430826821,3.2018101,1.0
306,SAFA.NS,Safari Industries (India) Ltd,India,"Textiles, Apparel & Luxury Goods",2023,8.794563611,48.56733997,8.13760393,0.127825069,0.202032826,0.720717069,0.060431717,0.021866424,4328734.253,0.483928678,0.237908794,0.255956022,26.46886602,21092981.4,5,10.0,TRUE,73.01345711,30.00369235,9.19075493,3.403141173,2.591949545,1.1487450443406912
306,SAFA.NS,Safari Industries (India) Ltd,India,"Textiles, Apparel & Luxury Goods",2022,12.40565698,48.00275667,7.959274841,0.186378062,0.325921118,0.756380943,0.000499984,0.003731663,88838.85102,0.170324386,0.358245885,0.245450085,58.19787073,15225158.23,4,12.5,TRUE,76.70896951,29.62035765,7.609364978,3.370596035,5.897141859,1.7011553829954171
307,SAMD.NS,Samvardhana Motherson International Ltd,India,Automobile Components,2024,1.030648584,72.4447899,10.03605721,0.185484123,0.453103106,0.725747408,0.122200459,0.005337797,-128800468.1,0.076762355,0.129751754,0.284724488,12.33898441,485160912.8,16,12.5,0,81.57420888,55.89592294,6.48422363,3.430826821,3.2018101,2.5499597044280327
307,SAMD.NS,Samvardhana Motherson International Ltd,India,Automobile Components,2023,1.121922525,72.44502006,10.00862418,0.234315475,0.490702962,0.708725462,0.144562372,0.008374333,264559088.2,0.123034274,0.120032886,0.283271212,23.61092637,362279544.1,12,10.0,0,77.68375861,58.57963844,9.19075493,3.403141173,2.591949545,2.354201269077769
307,SAMD.NS,Samvardhana Motherson International Ltd,India,Automobile Components,2022,1.527759377,68.84783192,9.87669121,0.222989829,0.444860853,0.698356861,0.152703577,0.005438816,-41321811.1,0.081032721,0.126476718,0.306940634,14.43215624,203213242.5,8,10.0,0,80.00940893,55.61487744,7.609364978,3.370596035,5.897141859,2.025904530310753
308,SANO.NS,Sanofi India Ltd,India,Pharmaceuticals,2024,7.121670997,50.59731121,8.275070832,0.01197419,0.446209207,0.957401491,0.056034483,0.151073334,-12939196.3,0.160927299,0.313004095,0.204305745,-1.930167853,36666900.44,6,25.0,TRUE,16.89544108,83.34254794,6.48422363,3.430826821,3.2018101,1.9366412738415808
308,SANO.NS,Sanofi India Ltd,India,Pharmaceuticals,2023,6.669691343,58.94526412,8.314142351,0.011080009,0.379811057,0.930960549,0.100721634,0.191800793,-73374203.63,0.189340619,0.38803359,0.188535106,-28.35093984,43827383.1,9,25.0,TRUE,30.85913485,86.95832311,9.19075493,3.403141173,2.591949545,2.204572289433736
308,SANO.NS,Sanofi India Ltd,India,Pharmaceuticals,2022,5.507737266,45.96076964,8.398732091,0.011391611,0.357484192,0.930518909,0.051039698,0.466814693,-64448662.31,0.295548391,0.199594536,0.1563933,-15.65254993,75026898.94,8,12.5,TRUE,21.21117409,48.14347943,7.609364978,3.370596035,5.897141859,2.0949746810579484
309,SAPI.NS,Sapphire Foods India Ltd,India,"Hotels, Restaurants & Leisure",2024,3.337593052,55.79796416,8.551302639,0.424886912,0.150847685,0.279213329,0.127023539,0.0,-4608777.063,0.078466176,0.037295774,0.712893639,8.35534489,1954827.384,4,22.22222222,TRUE,61.05597531,49.87587225,6.48422363,3.430826821,3.2018101,1.6986949474011914
309,SAPI.NS,Sapphire Foods India Ltd,India,"Hotels, Restaurants & Leisure",2023,3.516516383,54.63408125,8.532425122,0.409817537,0.156461735,0.296057138,0.179830049,0.006212851,5920575.885,0.068820947,0.037422524,0.708277334,12.87382816,6233473.305,4,22.22222222,TRUE,59.21906685,38.60032954,9.19075493,3.403141173,2.591949545,1.3743027831242849
309,SAPI.NS,Sapphire Foods India Ltd,India,"Hotels, Restaurants & Leisure",2023,3.516516383,54.63408125,8.532425122,0.409817537,0.156461735,0.296057138,0.179830049,0.006212851,5920575.885,0.068820947,0.037422524,0.708277334,12.87382816,6233473.305,4,22.22222222,TRUE,59.21906685,38.60032954,9.19075493,3.403141173,2.591949545,1.3743027831242849
309,SAPI.NS,Sapphire Foods India Ltd,India,"Hotels, Restaurants & Leisure",2022,3.811609276,40.1065036,8.499318582,0.371148789,0.205743982,0.398855248,0.064952755,0.003758981,-2017770.204,0.123094882,0.044025683,0.623387177,21.57447907,28382546.25,16,22.22222222,TRUE,40.15743241,31.12918964,7.609364978,3.370596035,5.897141859,1.3743027831242849
309,SAPI.NS,Sapphire Foods India Ltd,India,"Hotels, Restaurants & Leisure",2022,3.811609276,40.1065036,8.499318582,0.371148789,0.205743982,0.398855248,0.064952755,0.003758981,-2017770.204,0.123094882,0.044025683,0.623387177,21.57447907,28382546.25,16,22.22222222,TRUE,40.15743241,31.12918964,7.609364978,3.370596035,5.897141859,1.3743027831242849
310,SCHE.NS,Schaeffler India Ltd,India,Machinery,2024,8.741577222,69.42776857,8.905532402,0.008067797,0.216193127,0.960961969,0.052048332,0.05615204,46079668.98,0.209260965,0.217824702,0.329418328,10.39863386,109738878.4,6,33.33333333,TRUE,84.00922854,55.16405481,6.48422363,3.430826821,3.2018101,2.15999583742644
310,SCHE.NS,Schaeffler India Ltd,India,Machinery,2023,9.381086081,70.73573165,8.876954613,0.008154459,0.22423167,0.961667442,0.045269188,0.000973429,-11579516.77,0.275115733,0.214366529,0.282621427,4.983864745,108068277.4,5,30.0,TRUE,80.18357482,59.13664968,9.19075493,3.403141173,2.591949545,1.3084419470614863
310,SCHE.NS,Schaeffler India Ltd,India,Machinery,2022,10.20581223,68.87477551,8.840311174,0.010019697,0.240607189,0.956323482,0.060338634,0.014476,-4951823.688,0.285652051,0.221006091,0.239487874,11.18547761,106291330.7,4,30.0,TRUE,76.65117409,62.04608768,7.609364978,3.370596035,5.897141859,2.209522117563967
311,SEIN.NS,Schneider Electric Infrastructure Ltd,India,Electrical Equipment,2024,10.37726399,59.15919929,8.354438897,0.269874369,0.416973673,0.587892848,0.134551907,0.077614041,24708016.38,0.159388243,0.180199106,0.261424787,16.55114505,31350497.37,7,16.66666667,TRUE,71.62242052,38.83580193,6.48422363,3.430826821,3.2018101,1.4428244164779036
311,SEIN.NS,Schneider Electric Infrastructure Ltd,India,Electrical Equipment,2023,12.34425612,51.08948314,8.278174576,0.345757932,0.470737383,0.579202875,0.063533426,0.0,3328134.373,0.034382976,0.194000784,0.273809072,22.39433074,20639472.11,5,16.66666667,TRUE,68.9069453,37.45351827,9.19075493,3.403141173,2.591949545,1.575668539790429
311,SEIN.NS,Schneider Electric Infrastructure Ltd,India,Electrical Equipment,2022,14.27519805,46.8934783,8.21761207,0.350675496,0.568677915,0.63997975,0.025364715,0.0,-2014362.22,0.01544813,0.226910711,0.246209551,7.283909993,15046616.36,5,20.0,TRUE,83.31376873,31.06938584,7.609364978,3.370596035,5.897141859,1.9979655185769296
312,SEQU.NS,SeQuent Scientific Ltd,India,Pharmaceuticals,2024,2.646084901,35.99152563,8.272935805,0.3004115,0.315244084,0.562696106,0.124078225,0.0,-251609.1281,0.040022951,0.245565706,0.186917037,10.47744991,3775190.17,6,11.11111111,TRUE,43.63960813,23.36669991,6.48422363,3.430826821,3.2018101,1.2816729464412129
312,SEQU.NS,SeQuent Scientific Ltd,India,Pharmaceuticals,2023,2.699053652,33.50866988,8.266723395,0.316604821,0.407034869,0.709405945,0.10336688,0.0,2787762.448,0.044341068,0.229168831,0.202043776,-4.978070201,-3552849.43,5,12.5,TRUE,31.26406403,26.70505398,9.19075493,3.403141173,2.591949545,1.2816729464412129
312,SEQU.NS,SeQuent Scientific Ltd,India,Pharmaceuticals,2022,2.703774468,32.44033314,8.26978199,0.290097657,0.344031187,0.633551114,0.079028107,0.0,-1937925.998,0.02650238,0.230756453,0.230281017,-7.088383436,-14846275.56,6,11.11111111,TRUE,44.51605363,25.64794513,7.609364978,3.370596035,5.897141859,1.2816729464412129
313,SHAD.NS,Sharda Motor Industries Ltd,India,Automobile Components,2024,3.287076595,38.94995259,8.313023901,0.029388022,0.361423867,0.913625956,0.0,0.114634775,-6962504.389,0.548656427,0.117951098,0.14289584,-1.50937944,36564435.34,4,28.57142857,FALSE,71.14786477,26.47558092,6.48422363,3.430826821,3.2018101,2.040855682462299
313,SHAD.NS,Sharda Motor Industries Ltd,India,Automobile Components,2023,3.535593506,40.77248946,8.290707713,0.014537862,0.361224035,0.945430016,0.388528667,0.021017959,12129994.0,0.424389358,0.122545683,0.128407171,2.563703721,35380587.88,4,28.57142857,0,75.8503784,28.65643778,9.19075493,3.403141173,2.591949545,2.1435357551503103
313,SHAD.NS,Sharda Motor Industries Ltd,India,Automobile Components,2022,4.113113287,46.54091013,8.228018458,0.017741991,0.431043052,0.948684782,0.234276164,0.012239679,-4399245.375,0.490033766,0.149266703,0.150282308,10.59511171,25003079.36,4,25.0,FALSE,80.98049643,31.62453132,7.609364978,3.370596035,5.897141859,2.034198801324726
314,SHCR.NS,Sharda Cropchem Ltd,India,Chemicals,2024,1.801468586,29.08259555,8.742676106,0.001642316,0.420276099,0.892756213,0.06406315,0.0197119,4665909.889,0.125480385,0.206129289,0.002146332,33.21709216,35625231.13,5,25.0,TRUE,44.5735601,20.93328443,6.48422363,3.430826821,3.2018101,1.846607162311068
314,SHCR.NS,Sharda Cropchem Ltd,India,Chemicals,2023,2.080135247,21.51978528,8.685295384,0.004531535,0.391387622,0.877494396,0.055261038,0.00014246,-10680515.9,0.08177999,0.245887426,0.004497338,-22.92348974,3827978.404,4,25.0,TRUE,43.20245649,10.68420476,9.19075493,3.403141173,2.591949545,1.692826228869468
314,SHCR.NS,Sharda Cropchem Ltd,India,Chemicals,2022,1.875270518,23.00130278,8.723911474,0.000681411,0.452916007,0.930033003,0.089499907,0.0,14565603.7,0.05270035,0.261312037,0.001144012,4.392658858,41623989.78,4,25.0,TRUE,62.36270686,3.776672294,7.609364978,3.370596035,5.897141859,1.6612790047024992
315,SHEF.NS,Sheela Foam Ltd,India,Household Durables,2024,1.397704628,53.73428882,8.806048128,0.267481718,0.273790318,0.61549627,0.027430938,0.0000347531,-324166.1791,0.094580458,0.067168574,0.276768109,12.48559805,11316559.39,9,22.22222222,FALSE,78.46082278,45.14235624,6.48422363,3.430826821,3.2018101,1.3743027831242849
315,SHEF.NS,Sheela Foam Ltd,India,Household Durables,2023,1.376296659,42.35556049,8.80659824,0.279632702,0.211420834,0.4666088,0.038896615,0.000020601,209958.0084,0.024068545,0.066687393,0.290403293,2.31127087,22067186.56,7,22.22222222,TRUE,88.19550234,23.99023531,9.19075493,3.403141173,2.591949545,1.4622811137798402
315,SHEF.NS,Sheela Foam Ltd,India,Household Durables,2022,2.646037172,35.1696401,8.518436934,0.210700586,0.252083952,0.615403804,0.061666001,0.0000483621,177422.1032,0.293797592,0.129139033,0.30436569,-10.97873652,24715457.64,6,20.0,TRUE,68.44986383,12.47336304,7.609364978,3.370596035,5.897141859,1.6307207757920874
316,SHYE.NS,Shyam Metalics and Energy Ltd,India,Metals & Mining,2024,1.5658255,47.10210091,9.280891781,0.048384892,0.282210984,0.79906461,0.013710649,0.0,2774722.06,0.060022704,0.219705276,0.550179184,11.90025025,106408426.0,5,8.333333333,TRUE,22.68656945,51.01518727,6.48422363,3.430826821,3.2018101,2.089103488735033
316,SHYE.NS,Shyam Metalics and Energy Ltd,India,Metals & Mining,2022,2.112752018,27.17284608,9.151537238,0.100604814,0.303879429,0.809762962,0.021776415,0.00117803,-135102.2395,0.068247697,0.236013037,0.509549601,12.08038152,103263145.1,9,8.333333333,TRUE,22.02759564,31.12768429,7.609364978,3.370596035,5.897141859,2.121842594412432
317,SISI.NS,SIS Ltd,India,Commercial Services & Supplies,2024,0.824944272,46.47050967,8.854437028,0.269236219,0.408566906,0.674194425,0.242833297,0.018092559,29481568.17,0.172217211,0.004643036,0.062211549,4.921786743,1379520.187,5,27.27272727,TRUE,72.21695619,22.18198871,6.48422363,3.430826821,3.2018101,1.0
317,SISI.NS,SIS Ltd,India,Commercial Services & Supplies,2023,0.819858122,49.38285825,8.855294618,0.277583388,0.500026284,0.839065067,0.157335664,0.030397251,-6292981.404,0.120847636,0.00517369,0.062900776,6.52742132,22800239.95,7,20.0,TRUE,72.04064361,20.23306724,9.19075493,3.403141173,2.591949545,1.0
317,SISI.NS,SIS Ltd,India,Commercial Services & Supplies,2022,0.848550742,40.64479741,8.842181291,0.288391102,0.395754445,0.669000604,0.231244482,0.02499937,-23731499.51,0.131424205,0.005501423,0.057780169,4.199497515,42174050.63,4,16.66666667,TRUE,63.8671425,2.977975081,7.609364978,3.370596035,5.897141859,1.0
318,SNDO.NS,Sundrop Brands Ltd,India,Food Products,2024,1.668925947,32.10641133,8.320459145,0.008007534,0.130628942,0.669297501,0.201598568,0.0,3989233.47,0.071397664,0.108895407,0.225634403,15.41513546,-12861439.44,5,11.11111111,TRUE,47.88112096,17.25269054,6.48422363,3.430826821,3.2018101,1.7853990430308897
318,SNDO.NS,Sundrop Brands Ltd,India,Food Products,2023,4.66082592,35.10443113,7.887301992,0.065322436,0.181673263,0.818358869,0.111090185,0.0,750569.886,0.020011804,0.226743598,0.521649469,-11.87232319,1248950.21,4,11.11111111,TRUE,50.80042791,19.85527714,9.19075493,3.403141173,2.591949545,1.6070934452837475
318,SNDO.NS,Sundrop Brands Ltd,India,Food Products,2022,4.616111643,27.51606748,7.890982451,0.097046506,0.198903645,0.830270616,0.05286257,0.0,158836.4167,0.010036033,0.259849282,0.495881629,-14.36146625,1834956.183,4,14.28571429,TRUE,49.37101711,17.69846767,7.609364978,3.370596035,5.897141859,1.641998401597327
319,SNFS.NS,Sundram Fasteners Ltd,India,Automobile Components,2024,3.59815216,38.67590933,8.810837112,0.148971735,0.257474999,0.828705348,0.025694532,0.0000307539,1665301.346,0.015273114,0.20237854,0.440813277,2.519292736,63399648.92,5,50.0,TRUE,62.90689343,25.51817491,6.48422363,3.430826821,3.2018101,0.0
319,SNFS.NS,Sundram Fasteners Ltd,India,Automobile Components,2023,3.938762319,30.93090649,8.777066984,0.129605315,0.257151906,0.818222988,0.017508439,0.000010023,-4201559.688,0.014522412,0.194961241,0.451882619,-1.365745037,63064187.16,4,50.0,TRUE,72.07838741,14.48775925,9.19075493,3.403141173,2.591949545,1.773035301580985
319,SNFS.NS,Sundram Fasteners Ltd,India,Automobile Components,2022,4.265061601,27.29487708,8.750394023,0.157921369,0.275219002,0.791157968,0.044974543,0.000062711,2563291.139,0.018598665,0.205518998,0.450721068,6.718109234,60899464.46,6,44.44444444,TRUE,69.79934754,15.01782135,7.609364978,3.370596035,5.897141859,1.5015469395129717
320,SOBH.NS,Sobha Ltd,India,Real Estate Management & Development,2024,0.901045349,41.68723368,9.304347107,0.069223784,0.679937184,0.924860468,0.006035244,0.0,1501696.899,0.005032769,0.65340155,0.03072191,27.79025048,11080866.0,5,16.66666667,TRUE,61.72892673,12.00026782,6.48422363,3.430826821,3.2018101,2.627274934468289
320,SOBH.NS,Sobha Ltd,India,Real Estate Management & Development,2023,1.119369314,27.14414493,9.215703712,0.145432213,0.759700496,0.930499283,0.005392672,0.0,-19874625.07,0.004393852,0.684585052,0.034958078,-9.616823854,5892381.524,5,16.66666667,TRUE,15.72233973,12.66406235,9.19075493,3.403141173,2.591949545,2.233991005249816
320,SOBH.NS,Sobha Ltd,India,Real Estate Management & Development,2022,1.182279933,18.00279773,9.185304687,0.171709904,0.748648481,0.933680267,0.029645691,0.0,17078992.21,0.022362265,0.695964878,0.033628601,19.39293817,12683179.16,7,14.28571429,TRUE,13.53185596,16.52014939,7.609364978,3.370596035,5.897141859,2.3974335721613
321,SOFT.NS,Sonata Software Ltd,India,IT Services,2024,2.07479423,69.44529859,8.745452154,0.108518133,0.554032996,0.86399756,0.081533188,0.020016193,-26452896.43,0.129329259,0.009934492,0.021789008,15.0302878,49698069.05,6,14.28571429,TRUE,63.51807649,51.67965652,6.48422363,3.430826821,3.2018101,2.4419404343109687
321,SOFT.NS,Sonata Software Ltd,India,IT Services,2023,1.957279596,63.46428101,8.790827409,0.148658412,0.600739544,0.826454848,0.053380231,0.072031726,14231553.69,0.246656959,0.019032378,0.02577722,13.97440365,37012597.48,6,14.28571429,TRUE,54.83604757,45.04099518,9.19075493,3.403141173,2.591949545,2.4806311700133263
321,SOFT.NS,Sonata Software Ltd,India,IT Services,2022,2.235673546,66.59746675,8.724515168,0.135532767,0.496531922,0.707842669,0.121890789,0.035279833,-38496835.44,0.336286791,0.006614825,0.030211987,23.91894764,55002434.27,4,16.66666667,TRUE,80.81146033,42.84984113,7.609364978,3.370596035,5.897141859,2.401224383161707
322,SONB.NS,Sona BLW Precision Forgings Ltd,India,Automobile Components,2023,6.906335471,48.9345705,8.666234118,0.106634483,0.171848629,0.546836985,0.084063055,0.009100334,5626634.673,0.098754139,0.097429101,0.322418124,18.24063104,62120695.86,8,12.5,TRUE,79.92071106,20.9274091,9.19075493,3.403141173,2.591949545,1.7598293325329033
322,SONB.NS,Sona BLW Precision Forgings Ltd,India,Automobile Components,2023,6.906335471,48.9345705,8.666234118,0.106634483,0.171848629,0.546836985,0.084063055,0.009100334,5626634.673,0.098754139,0.097429101,0.322418124,18.24063104,62120695.86,8,12.5,TRUE,79.92071106,20.9274091,9.19075493,3.403141173,2.591949545,1.611616896769012
323,SPRC.NS,Sun Pharma Advanced Research Co Ltd,India,Pharmaceuticals,2024,13.45071117,34.44262031,7.59402382,0.801511921,1.115358973,0.677380691,0.005247698,0.0,-393867.7589,0.003719376,0.005822369,0.295813682,-7.337326201,-40083019.31,6,16.66666667,FALSE,53.42782175,24.23708084,6.48422363,3.430826821,3.2018101,1.8988151327437408
323,SPRC.NS,Sun Pharma Advanced Research Co Ltd,India,Pharmaceuticals,2023,8.67761231,29.89620403,7.79093721,0.118730077,0.51463317,0.680880523,0.020106935,0.0,569394.1212,0.186583003,0.002871998,0.210887574,-68.81367885,-46456376.72,5,16.66666667,FALSE,41.89606393,31.57737443,9.19075493,3.403141173,2.591949545,2.0295512504577613
323,SPRC.NS,Sun Pharma Advanced Research Co Ltd,India,Pharmaceuticals,2022,5.372880074,27.61962453,8.004483638,0.018883035,0.215564479,0.563873125,0.003261325,0.133702578,-77969.815,1.341252208,0.001283901,0.12923386,60.72321577,-27091467.87,7,16.66666667,FALSE,52.75242756,19.68492238,7.609364978,3.370596035,5.897141859,1.917032336591388
324,SPRL.NS,Supriya Lifescience Ltd,India,Pharmaceuticals,2024,4.643901929,45.78669847,8.114515336,0.004836764,0.073865833,0.711026879,0.0,0.068377275,491281.4511,0.084562573,0.106398913,0.538959323,19.11011118,21996138.09,4,40.0,FALSE,28.1718467,45.78215541,6.48422363,3.430826821,3.2018101,1.6773112431219923
325,STEN.NS,Sterling and Wilson Renewable Energy Ltd,India,Construction & Engineering,2024,1.078590115,51.1873626,8.818797871,0.166306692,0.717377558,0.873650215,0.142481152,0.0,32747805.73,0.130591546,0.063777749,0.007458233,102.5119476,10011702.75,6,25.0,0,78.44623796,43.11982344,6.48422363,3.430826821,3.2018101,1.1300941490413912
325,STEN.NS,Sterling and Wilson Renewable Energy Ltd,India,Construction & Engineering,2023,1.402804325,45.73356803,8.712614358,0.119911359,0.708181123,0.914208697,0.045436934,0.034365692,29721655.67,0.090329941,0.01559815,0.011954396,48.48728213,-25289742.05,6,25.0,0,75.96208155,32.07503945,9.19075493,3.403141173,2.591949545,1.2965175936295008
325,STEN.NS,Sterling and Wilson Renewable Energy Ltd,India,Construction & Engineering,2022,1.918718091,47.61886838,8.589180622,0.636167592,0.846403395,0.790624954,0.017738507,0.0,-49855160.66,0.024418064,0.016145463,0.012051894,-64.19433399,-143008763.4,9,16.66666667,0,82.9195546,32.83354321,7.609364978,3.370596035,5.897141859,1.4815637401675328
326,STYE.NS,Styrenix Performance Materials Ltd,India,Chemicals,2024,2.012316885,60.78444092,8.428375574,0.173370924,0.28829108,0.587826474,0.147826877,0.0,5052077.238,0.10184224,0.337149167,0.385060205,30.9136887,27520187.24,8,12.5,TRUE,31.03646077,60.10856234,6.48422363,3.430826821,3.2018101,1.8416712120452
326,STYE.NS,Styrenix Performance Materials Ltd,India,Chemicals,2023,4.357725122,59.91545013,8.095228985,0.02634292,0.247184082,0.8141284,0.045412022,0.041268006,-5794841.032,0.0864986,0.261675579,0.311586453,-7.664792221,20776244.75,7,12.5,0,47.51802751,58.58043978,9.19075493,3.403141173,2.591949545,1.5639325884787176
326,STYE.NS,Styrenix Performance Materials Ltd,India,Chemicals,2022,3.406617053,69.17830295,8.186664272,0.02778302,0.38030196,0.876304966,0.013949438,0.076086224,-7705245.862,0.077290842,0.27441897,0.254438393,0.575868679,22275073.03,5,14.28571429,TRUE,67.67978593,66.50458758,7.609364978,3.370596035,5.897141859,1.3047355548122264
327,SUMH.NS,Sumitomo Chemical India Ltd,India,Chemicals,2024,6.999550624,25.27928251,8.666468468,0.013089656,0.243459586,0.907733877,0.024226619,0.003745812,-983382.0948,0.370759582,0.188632761,0.125769468,7.98888241,59267758.92,5,11.11111111,TRUE,57.35906877,18.67051663,6.48422363,3.430826821,3.2018101,2.603858379908335
327,SUMH.NS,Sumitomo Chemical India Ltd,India,Chemicals,2024,6.999550624,25.27928251,8.666468468,0.013089656,0.243459586,0.907733877,0.024226619,0.003745812,-983382.0948,0.370759582,0.188632761,0.125769468,7.98888241,59267758.92,5,11.11111111,TRUE,57.35906877,18.67051663,6.48422363,3.430826821,3.2018101,2.534637627362859
327,SUMH.NS,Sumitomo Chemical India Ltd,India,Chemicals,2023,8.417648291,21.20847094,8.599350962,0.009129657,0.24166563,0.918552348,0.044168687,0.003401476,-30593.88122,0.260704934,0.191430334,0.150361516,-20.1546822,44360407.92,4,11.11111111,TRUE,46.32511035,13.40325437,9.19075493,3.403141173,2.591949545,2.2447363074960824
329,SUZL.NS,Suzlon Energy Ltd,India,Electrical Equipment,2024,5.876579263,62.77542877,9.180879195,0.024936746,0.456390982,0.862963552,0.188148391,0.0,80279695.73,0.182627602,0.249510208,0.0702746,62.91982561,242437682.9,6,12.5,FALSE,31.40018084,72.62706287,6.48422363,3.430826821,3.2018101,1.1600550924521742
329,SUZL.NS,Suzlon Energy Ltd,India,Electrical Equipment,2023,10.43435799,53.31778171,8.935159559,0.020927648,0.419117094,0.923325488,0.141861509,0.0,7142171.566,0.07766562,0.319304028,0.115018484,7.688851156,79226154.77,5,10.0,0,25.95030507,58.93795514,9.19075493,3.403141173,2.591949545,1.1967026411283617
329,SUZL.NS,Suzlon Energy Ltd,India,Electrical Equipment,2022,13.66039339,60.94977158,8.827544492,0.350857627,0.488974143,0.610452869,0.136000948,0.0,-16202531.65,0.052407293,0.330799257,0.141402547,-15.73808119,351422833.5,6,10.0,FALSE,48.85290248,57.65971773,7.609364978,3.370596035,5.897141859,1.1324215727825564
330,SYMP.NS,Symphony Ltd,India,Household Durables,2024,4.675181649,47.26195702,8.193456785,0.106196216,0.407806363,0.948613775,0.064555263,0.0,-740784.0843,0.153421137,0.229146053,0.087366196,32.94834663,24868344.06,4,25.0,TRUE,30.65081877,45.17461431,6.48422363,3.430826821,3.2018101,2.102366266205667
330,SYMP.NS,Symphony Ltd,India,Household Durables,2023,5.120569151,39.73860566,8.164616869,0.139531064,0.315312282,0.819264254,0.107959577,0.0,-1464907.019,0.128720354,0.202513037,0.096924404,-4.041511884,17772045.59,4,25.0,TRUE,31.01049095,39.18572822,9.19075493,3.403141173,2.591949545,2.169086823529959
330,SYMP.NS,Symphony Ltd,India,Household Durables,2022,4.408609365,43.73396977,8.232514852,0.165137026,0.284890764,0.76523054,0.134213752,0.0,-1247565.725,0.182913349,0.216719634,0.098925451,5.583470073,14104186.95,6,25.0,TRUE,38.57848504,42.32059152,7.609364978,3.370596035,5.897141859,1.380586881424421
331,SYNN.NS,Syngene International Ltd,India,Life Sciences Tools & Services,2024,3.740111338,80.20140944,8.900534913,0.085036566,0.205476832,0.674882799,0.201661415,0.012581115,32943241.66,0.221593627,0.022881443,0.589061052,1.842721895,58069046.23,6,44.44444444,TRUE,83.24409391,79.18643162,6.48422363,3.430826821,3.2018101,2.03855792563714
331,SYNN.NS,Syngene International Ltd,India,Life Sciences Tools & Services,2023,4.148932755,57.92627521,8.868082484,0.090252942,0.18600039,0.604182068,0.074899493,0.0,-467906.4187,0.182014714,0.038770401,0.588058391,7.701235662,61187762.45,5,40.0,TRUE,81.61238829,54.0,9.19075493,3.403141173,2.591949545,2.0406612048367707
331,SYNN.NS,Syngene International Ltd,India,Life Sciences Tools & Services,2022,4.325459206,57.04552921,8.851082611,0.139804493,0.203772938,0.536918211,0.07532402,0.0,-20971275.56,0.225169499,0.057074258,0.476281941,13.26620202,56523855.89,4,44.44444444,TRUE,77.59816393,54.45993837,7.609364978,3.370596035,5.897141859,1.4674827787769578
332,TABE.NS,Tasty Bite Eatables Ltd,India,Food Products,2024,5.282814079,43.56268781,7.7263251,0.15926967,0.171701899,0.543638451,0.042852206,0.026372061,796723.23,0.03351439,0.20056612,0.520731737,0.085147189,2996840.257,5,25.0,TRUE,35.66196811,36.7142714,6.48422363,3.430826821,3.2018101,1.6467068143216004
332,TABE.NS,Tasty Bite Eatables Ltd,India,Food Products,2023,5.267570377,45.1527741,7.729108404,0.193517768,0.183121483,0.510850898,0.031051345,0.013431894,-594001.1998,0.018260027,0.220267384,0.573886608,11.97124293,4981043.791,9,28.57142857,0,43.64505677,38.44947317,9.19075493,3.403141173,2.591949545,2.217644821059647
332,TABE.NS,Tasty Bite Eatables Ltd,India,Food Products,2022,5.096409625,45.47264339,7.749050857,0.291528836,0.271848177,0.576156566,0.007660084,0.027181564,1160053.554,0.02892955,0.2042294,0.564283716,18.09718914,3676971.762,7,28.57142857,0,36.37009375,41.72666602,7.609364978,3.370596035,5.897141859,1.419889060352642
333,TACN.NS,Tata Consumer Products Ltd,India,Food Products,2024,3.259235178,72.33571812,9.573134885,0.074823439,0.182661782,0.487709367,0.244881957,0.042728866,24092451.73,0.108256621,0.112575709,0.086968473,13.01779656,161534230.5,5,11.11111111,TRUE,51.40922161,90.70692907,6.48422363,3.430826821,3.2018101,2.942069708117594
333,TACN.NS,Tata Consumer Products Ltd,India,Food Products,2023,3.634841914,74.09807217,9.526577096,0.124093624,0.220945122,0.517470109,0.219736751,0.038434114,33768446.31,0.116344537,0.098831445,0.094729513,8.746861251,156087582.5,7,12.5,TRUE,72.75827161,84.19088445,9.19075493,3.403141173,2.591949545,2.1021657668841147
333,TACN.NS,Tata Consumer Products Ltd,India,Food Products,2022,4.424559558,64.11274989,9.443486369,0.070142952,0.1720511,0.600616428,0.18904726,0.034965826,-10555014.61,0.102316462,0.118436483,0.099724126,2.477571178,163889970.8,6,12.5,TRUE,52.13662618,69.19173075,7.609364978,3.370596035,5.897141859,1.6583304446611
335,TATV.NS,Tatva Chintan Pharma Chem Ltd,India,Chemicals,2024,2.83381418,56.4199716,7.990623544,0.043513355,0.114830631,0.9856505,0.0,0.016856223,-2800468.11,0.018105773,0.160184347,0.657533821,-5.13222058,668578.1159,5,16.66666667,TRUE,66.95385476,35.79187945,6.48422363,3.430826821,3.2018101,2.084247778525768
335,TATV.NS,Tatva Chintan Pharma Chem Ltd,India,Chemicals,2024,2.83381418,56.4199716,7.990623544,0.043513355,0.114830631,0.9856505,0.0,0.016856223,-2800468.11,0.018105773,0.160184347,0.657533821,-5.13222058,668578.1159,5,16.66666667,TRUE,66.95385476,35.79187945,6.48422363,3.430826821,3.2018101,1.345972363840033
335,TATV.NS,Tatva Chintan Pharma Chem Ltd,India,Chemicals,2023,2.930237567,59.84201385,7.992228735,0.01743091,0.097302124,0.975831741,0.257409337,0.0180746,952489.5021,0.059320783,0.18659172,0.6144631,-8.433687784,3641751.65,4,16.66666667,TRUE,73.5629425,40.16159026,9.19075493,3.403141173,2.591949545,0.0
335,TATV.NS,Tatva Chintan Pharma Chem Ltd,India,Chemicals,2023,2.930237567,59.84201385,7.992228735,0.01743091,0.097302124,0.975831741,0.257409337,0.0180746,952489.5021,0.059320783,0.18659172,0.6144631,-8.433687784,3641751.65,4,16.66666667,TRUE,73.5629425,40.16159026,9.19075493,3.403141173,2.591949545,0.0
335,TATV.NS,Tatva Chintan Pharma Chem Ltd,India,Chemicals,2023,2.930237567,59.84201385,7.992228735,0.01743091,0.097302124,0.975831741,0.257409337,0.0180746,952489.5021,0.059320783,0.18659172,0.6144631,-8.433687784,3641751.65,4,16.66666667,TRUE,73.5629425,40.16159026,9.19075493,3.403141173,2.591949545,1.7193027721777203
335,TATV.NS,Tatva Chintan Pharma Chem Ltd,India,Chemicals,2023,2.930237567,59.84201385,7.992228735,0.01743091,0.097302124,0.975831741,0.257409337,0.0180746,952489.5021,0.059320783,0.18659172,0.6144631,-8.433687784,3641751.65,4,16.66666667,TRUE,73.5629425,40.16159026,9.19075493,3.403141173,2.591949545,1.3913747998148276
335,TATV.NS,Tatva Chintan Pharma Chem Ltd,India,Chemicals,2023,2.930237567,59.84201385,7.992228735,0.01743091,0.097302124,0.975831741,0.257409337,0.0180746,952489.5021,0.059320783,0.18659172,0.6144631,-8.433687784,3641751.65,4,16.66666667,TRUE,73.5629425,40.16159026,9.19075493,3.403141173,2.591949545,1.354676505812788
336,TBEI.NS,Tube Investments of India Ltd,India,Automobile Components,2024,3.580001153,30.07828419,9.27144271,0.194021979,0.327691851,0.501635383,0.103401938,0.007231053,14101813.93,0.218461655,0.139295486,0.246551093,12.40923733,123380924.5,6,12.5,TRUE,32.12826727,31.15362277,6.48422363,3.430826821,3.2018101,2.119744236292016
336,TBEI.NS,Tube Investments of India Ltd,India,Automobile Components,2023,4.283074222,32.80126282,9.198207367,0.159916599,0.371914163,0.607741381,0.038524111,0.026409905,-40362327.53,0.253260688,0.135874494,0.229490402,11.25616243,143652069.6,7,14.28571429,TRUE,55.79196066,24.58879976,9.19075493,3.403141173,2.591949545,1.6935982081816348
336,TBEI.NS,Tube Investments of India Ltd,India,Automobile Components,2022,5.436379066,23.16872844,9.097658283,0.10945779,0.461475878,0.749159716,0.042767502,0.062186823,56127069.13,0.167468102,0.131507401,0.232950773,11.06533959,140995618.3,11,14.28571429,TRUE,35.28329285,15.78323788,7.609364978,3.370596035,5.897141859,1.5790398619157542
337,TCIE.NS,TCI Express Ltd,India,Air Freight & Logistics,2024,2.759701661,38.57951399,8.031438012,0.010733141,0.146693518,0.87370332,0.087192045,0.0,-615564.6577,0.183415357,0.0,0.520154575,-6.001194113,10042129.9,4,12.5,TRUE,45.10714477,43.97865087,6.48422363,3.430826821,3.2018101,2.033023529447203
337,TCIE.NS,TCI Express Ltd,India,Air Freight & Logistics,2023,2.952965564,31.91514434,8.008727861,0.012299805,0.151795583,0.88146125,0.131768534,0.0,385122.9754,0.143578567,0.0,0.544695562,-0.410227912,15797240.55,4,12.5,TRUE,43.77001327,38.05462667,9.19075493,3.403141173,2.591949545,1.7510183181601144
337,TCIE.NS,TCI Express Ltd,India,Air Freight & Logistics,2022,3.421946265,23.71461961,7.951591454,0.009619833,0.169047813,0.896586563,0.111075338,0.0,-236124.6349,0.06455226,0.0,0.588075217,6.010811835,16952288.22,4,12.5,TRUE,41.90718209,13.51553166,7.609364978,3.370596035,5.897141859,2.6270383246478004
338,TCS.NS,Tata Consultancy Services Ltd,India,IT Services,2024,6.979396021,68.89525145,10.27139973,0.058836427,0.332026136,0.816996285,0.064602555,0.030740028,-78876535.99,0.290664417,0.001547338,0.136560399,3.385824721,5710590989.0,5,25.0,TRUE,47.92457665,75.7041948,6.48422363,3.430826821,3.2018101,2.9523870868222764
338,TCS.NS,Tata Consultancy Services Ltd,India,IT Services,2023,7.383736587,69.14712964,10.24478081,0.05476992,0.314812665,0.823874196,0.060623807,0.042417497,227114577.1,0.3003466,0.001392976,0.128549871,5.320607746,5530773845.0,5,22.22222222,TRUE,47.894186,75.83915483,9.19075493,3.403141173,2.591949545,2.782180666028027
338,TCS.NS,Tata Consultancy Services Ltd,India,IT Services,2022,7.236962295,71.62009895,10.24264822,0.053518597,0.303221001,0.818344073,0.048762569,0.034799619,-652994157.7,0.308415794,0.000842319,0.132432075,8.620193954,5148855891.0,6,22.22222222,TRUE,53.55699647,73.98874376,7.609364978,3.370596035,5.897141859,2.931716582633911
339,TEGA.NS,Tega Industries Ltd,India,Machinery,2023,6.339328401,39.39666337,8.355588369,0.162958828,0.278338642,0.753378107,0.07540786,0.024678066,4870545.891,0.201842083,0.204078534,0.284893712,21.20562142,23258188.36,7,16.66666667,TRUE,60.95344504,16.8875207,9.19075493,3.403141173,2.591949545,2.1890056744652218
339,TEGA.NS,Tega Industries Ltd,India,Machinery,2022,7.180856584,24.15947104,8.298618997,0.220837977,0.240008127,0.670296747,0.106339145,0.002908017,757546.2512,0.184467461,0.188776962,0.300129184,17.8344835,22398977.6,10,14.28571429,TRUE,39.96196817,3.532598285,7.609364978,3.370596035,5.897141859,1.7791249143149828
340,TIME.NS,Time Technoplast Ltd,India,Containers & Packaging,2024,2.332413033,32.6799931,8.711617657,0.16641538,0.245957373,0.718105468,0.116811893,0.0,4118197.776,0.042012451,0.261045485,0.330073842,6.618514527,46160994.73,4,11.11111111,TRUE,38.56987686,30.38428023,6.48422363,3.430826821,3.2018101,1.9129906417492404
340,TIME.NS,Time Technoplast Ltd,India,Containers & Packaging,2024,2.332413033,32.6799931,8.711617657,0.16641538,0.245957373,0.718105468,0.116811893,0.0,4118197.776,0.042012451,0.261045485,0.330073842,6.618514527,46160994.73,4,11.11111111,TRUE,38.56987686,30.38428023,6.48422363,3.430826821,3.2018101,1.7818585981296846
340,TIME.NS,Time Technoplast Ltd,India,Containers & Packaging,2023,2.526732135,25.06209009,8.693357205,0.201585664,0.278495795,0.733859549,0.079590894,0.0,2631241.752,0.039344903,0.25530505,0.342591783,14.72870196,37899196.16,5,11.11111111,TRUE,45.72896641,20.26029748,9.19075493,3.403141173,2.591949545,2.0053024602664773
340,TIME.NS,Time Technoplast Ltd,India,Containers & Packaging,2023,2.526732135,25.06209009,8.693357205,0.201585664,0.278495795,0.733859549,0.079590894,0.0,2631241.752,0.039344903,0.25530505,0.342591783,14.72870196,37899196.16,5,11.11111111,TRUE,45.72896641,20.26029748,9.19075493,3.403141173,2.591949545,2.060894022761717
340,TIME.NS,Time Technoplast Ltd,India,Containers & Packaging,2022,2.672915083,27.13525422,8.668459426,0.235103475,0.28047809,0.688478593,0.064483878,0.0,97857.83836,0.025825666,0.259881528,0.378717062,8.571640105,27235455.21,5,12.5,TRUE,54.41718516,18.66040843,7.609364978,3.370596035,5.897141859,1.0
340,TIME.NS,Time Technoplast Ltd,India,Containers & Packaging,2022,2.672915083,27.13525422,8.668459426,0.235103475,0.28047809,0.688478593,0.064483878,0.0,97857.83836,0.025825666,0.259881528,0.378717062,8.571640105,27235455.21,5,12.5,TRUE,54.41718516,18.66040843,7.609364978,3.370596035,5.897141859,1.6937586389971704
341,TITN.NS,Titan Company Ltd,India,"Textiles, Apparel & Luxury Goods",2024,7.64968985,54.32224447,9.67731643,0.511157035,0.634560976,0.888708955,0.015779475,0.0,-234055.0029,0.069377241,0.697394642,0.091544271,15.4378023,390520772.4,9,16.66666667,TRUE,48.99811113,45.86036205,6.48422363,3.430826821,3.2018101,1.4624082383648602
341,TITN.NS,Titan Company Ltd,India,"Textiles, Apparel & Luxury Goods",2023,9.769599008,53.79024588,9.578093759,0.492171157,0.523898574,0.745994494,0.024744389,0.0,21235752.85,0.092652039,0.608652932,0.106751189,24.1026897,419436112.8,7,23.07692308,TRUE,38.91102918,49.64379,9.19075493,3.403141173,2.591949545,1.363138387478541
341,TITN.NS,Titan Company Ltd,India,"Textiles, Apparel & Luxury Goods",2022,11.18298149,59.16604063,9.517073131,0.346630648,0.490841135,0.874242025,0.017490953,0.0,1582278.481,0.118387593,0.620323428,0.102172224,30.15788311,398490749.8,9,15.38461538,TRUE,58.94985539,47.31278123,7.609364978,3.370596035,5.897141859,1.2914184119126615
342,TLSV.NS,TeamLease Services Ltd,India,Professional Services,2024,1.372368645,55.80869925,8.399634235,0.055049893,0.482458267,0.837255219,0.04337573,0.023323697,-9142188.414,0.1213344,0.013629581,0.036076658,16.73733653,12928028.09,5,30.0,TRUE,84.04476466,15.0583514,6.48422363,3.430826821,3.2018101,1.8296380887251
342,TLSV.NS,TeamLease Services Ltd,India,Professional Services,2023,1.508265486,48.18425276,8.366194868,0.054113079,0.491401075,0.835737806,0.149089075,0.013506327,872225.5549,0.187321326,0.010651205,0.041401849,16.75283466,13516496.7,6,30.0,TRUE,78.84820418,14.70033107,9.19075493,3.403141173,2.591949545,1.4805035458948854
342,TLSV.NS,TeamLease Services Ltd,India,Professional Services,2022,1.651092578,45.97929029,8.332768891,0.056635863,0.427996173,0.787999039,0.19752764,0.0,-2589106.621,0.26317312,0.009224597,0.049666235,12.20205227,13577142.16,5,22.22222222,TRUE,84.76962077,14.42809682,7.609364978,3.370596035,5.897141859,1.1805553087045006
343,TMIN.NS,3M India Ltd,India,Industrial Conglomerates,2024,11.08515293,68.07301013,8.547516432,0.033017838,0.345969174,0.89286914,0.031707192,0.298451694,-13049689.88,0.280108619,0.216371922,0.14153731,3.507476633,55712978.35,7,42.85714286,TRUE,78.20867912,70.33815982,6.48422363,3.430826821,3.2018101,1.1775461561618326
343,TMIN.NS,3M India Ltd,India,Industrial Conglomerates,2024,11.08515293,68.07301013,8.547516432,0.033017838,0.345969174,0.89286914,0.031707192,0.298451694,-13049689.88,0.280108619,0.216371922,0.14153731,3.507476633,55712978.35,7,42.85714286,TRUE,78.20867912,70.33815982,6.48422363,3.430826821,3.2018101,2.031445746915456
343,TMIN.NS,3M India Ltd,India,Industrial Conglomerates,2023,10.07264245,66.3729316,8.590740313,0.005596228,0.326172712,0.962010776,0.075285666,0.296939225,29524103.18,0.492185311,0.165325965,0.106034141,4.298225885,69996016.8,5,37.5,TRUE,70.5913152,66.06735305,9.19075493,3.403141173,2.591949545,1.57230659814384
343,TMIN.NS,3M India Ltd,India,Industrial Conglomerates,2023,10.07264245,66.3729316,8.590740313,0.005596228,0.326172712,0.962010776,0.075285666,0.296939225,29524103.18,0.492185311,0.165325965,0.106034141,4.298225885,69996016.8,5,37.5,TRUE,70.5913152,66.06735305,9.19075493,3.403141173,2.591949545,1.852788400456714
343,TMIN.NS,3M India Ltd,India,Industrial Conglomerates,2022,11.92845438,66.26073497,8.519017368,0.009853801,0.361160249,0.945405593,0.039991542,0.279617261,-64466784.32,0.245314426,0.230454947,0.133446841,9.650283394,54895228.82,6,37.5,TRUE,69.82502243,66.55366714,7.609364978,3.370596035,5.897141859,0.0
343,TMIN.NS,3M India Ltd,India,Industrial Conglomerates,2022,11.92845438,66.26073497,8.519017368,0.009853801,0.361160249,0.945405593,0.039991542,0.279617261,-64466784.32,0.245314426,0.230454947,0.133446841,9.650283394,54895228.82,6,37.5,TRUE,69.82502243,66.55366714,7.609364978,3.370596035,5.897141859,2.363541490958535
344,TORP.NS,Torrent Pharmaceuticals Ltd,India,Pharmaceuticals,2024,7.9382398,62.29690425,9.244082033,0.213634126,0.314694584,0.637539954,0.07249231,0.015445231,-30621416.03,0.044557554,0.173475324,0.255035111,4.709551594,223668812.2,5,18.18181818,0,46.09555355,77.34741617,6.48422363,3.430826821,3.2018101,2.0430914241784377
344,TORP.NS,Torrent Pharmaceuticals Ltd,India,Pharmaceuticals,2023,7.858074334,63.47055597,9.256936093,0.267050804,0.360228491,0.661258613,0.080337312,0.026512259,39185362.93,0.065925635,0.15430747,0.23755858,9.92216418,198725854.8,7,20.0,0,52.61911642,76.86406257,9.19075493,3.403141173,2.591949545,1.4120713918270165
344,TORP.NS,Torrent Pharmaceuticals Ltd,India,Pharmaceuticals,2022,7.81707288,67.23423662,9.261773786,0.357621479,0.362866669,0.618043564,0.086382244,0.002530001,13404333.01,0.050969628,0.151938635,0.230473926,4.457992841,151561587.1,5,28.57142857,0,57.8707827,79.26811598,7.609364978,3.370596035,5.897141859,1.9474421073597648
345,TVSM.NS,TVS Motor Company Ltd,India,Automobiles,2024,15.8120216,59.67064592,9.748957969,0.59679921,0.483417475,0.587660805,0.176035686,0.000743269,205874780.6,0.107126612,0.050411677,0.128346195,10.89942499,275002925.7,8,18.18181818,TRUE,68.71969691,62.54106062,6.48422363,3.430826821,3.2018101,1.2466527543954218
345,TVSM.NS,TVS Motor Company Ltd,India,Automobiles,2023,17.58326459,45.47730629,9.704617357,0.615950181,0.4992416,0.594808808,0.099904119,0.0059213,60541091.78,0.071171537,0.053253802,0.109712921,19.5508261,210387522.5,6,16.66666667,TRUE,59.10375499,45.17838168,9.19075493,3.403141173,2.591949545,1.0
345,TVSM.NS,TVS Motor Company Ltd,India,Automobiles,2022,4.175486575,48.40225251,9.632288084,0.635076126,0.545475807,0.646486753,0.0,0.052541502,49356134.37,0.070275139,0.054537363,0.127528779,21.28093292,159379260.0,6,16.66666667,TRUE,68.35006032,43.555598,7.609364978,3.370596035,5.897141859,1.0547880521886004
346,THYO.NS,Thyrocare Technologies Ltd,India,Health Care Providers & Services,2024,9.452455444,46.92694684,7.908864467,0.035626128,0.175878744,0.834520548,0.0,0.025521472,980690.4623,0.234857454,0.077647059,0.286264886,17.23750452,10620245.76,7,22.22222222,TRUE,58.45017152,35.46437659,6.48422363,3.430826821,3.2018101,1.0
346,THYO.NS,Thyrocare Technologies Ltd,India,Health Care Providers & Services,2024,9.452455444,46.92694684,7.908864467,0.035626128,0.175878744,0.834520548,0.0,0.025521472,980690.4623,0.234857454,0.077647059,0.286264886,17.23750452,10620245.76,7,22.22222222,TRUE,58.45017152,35.46437659,6.48422363,3.430826821,3.2018101,1.786463480236992
346,THYO.NS,Thyrocare Technologies Ltd,India,Health Care Providers & Services,2023,9.910369535,39.97825846,7.887899331,0.065757595,0.140523079,0.772606951,0.0,0.014443685,-1014997.001,0.227533226,0.081272908,0.316378828,7.033851665,8337132.573,4,12.5,TRUE,33.21255062,43.75286041,9.19075493,3.403141173,2.591949545,1.402357190725165
346,THYO.NS,Thyrocare Technologies Ltd,India,Health Care Providers & Services,2023,9.910369535,39.97825846,7.887899331,0.065757595,0.140523079,0.772606951,0.0,0.014443685,-1014997.001,0.227533226,0.081272908,0.316378828,7.033851665,8337132.573,4,12.5,TRUE,33.21255062,43.75286041,9.19075493,3.403141173,2.591949545,1.855336641352224
346,THYO.NS,Thyrocare Technologies Ltd,India,Health Care Providers & Services,2022,10.021214,28.74516173,7.886551132,0.036840941,0.121854849,0.783377362,0.0,0.028085093,503894.8393,0.212948132,0.047777848,0.307292325,-17.37416104,7833495.618,15,14.28571429,0,28.29716511,23.32620094,7.609364978,3.370596035,5.897141859,1.6186390990934705
346,THYO.NS,Thyrocare Technologies Ltd,India,Health Care Providers & Services,2022,10.021214,28.74516173,7.886551132,0.036840941,0.121854849,0.783377362,0.0,0.028085093,503894.8393,0.212948132,0.047777848,0.307292325,-17.37416104,7833495.618,15,14.28571429,0,28.29716511,23.32620094,7.609364978,3.370596035,5.897141859,1.7117380972031953
347,TRCE.NS,Ramco Cements Limited,India,Construction Materials,2024,1.472711763,42.93298978,9.28126082,0.286267798,0.264133011,0.485287218,0.039745801,0.0,8806319.485,0.010275902,0.066359656,0.802623473,-11.38285457,31379754.24,8,10.0,FALSE,52.7963068,29.02066487,6.48422363,3.430826821,3.2018101,1.43626104700039
347,TRCE.NS,Ramco Cements Limited,India,Construction Materials,2024,1.472711763,42.93298978,9.28126082,0.286267798,0.264133011,0.485287218,0.039745801,0.0,8806319.485,0.010275902,0.066359656,0.802623473,-11.38285457,31379754.24,8,10.0,FALSE,52.7963068,29.02066487,6.48422363,3.430826821,3.2018101,1.3849028892870665
347,TRCE.NS,Ramco Cements Limited,India,Construction Materials,2023,1.469733313,36.92249135,9.290554814,0.303360284,0.244054317,0.439568868,0.024119775,0.0,-4009598.08,0.006610776,0.064794905,0.790354169,13.30376248,47214157.17,5,14.28571429,0,38.73755411,35.10110416,9.19075493,3.403141173,2.591949545,1.5006110897020355
347,TRCE.NS,Ramco Cements Limited,India,Construction Materials,2023,1.469733313,36.92249135,9.290554814,0.303360284,0.244054317,0.439568868,0.024119775,0.0,-4009598.08,0.006610776,0.064794905,0.790354169,13.30376248,47214157.17,5,14.28571429,0,38.73755411,35.10110416,9.19075493,3.403141173,2.591949545,1.2834847480656515
347,TRCE.NS,Ramco Cements Limited,India,Construction Materials,2022,1.634900574,41.3027554,9.249535932,0.308817423,0.211589244,0.399304083,0.044266845,0.0,-991966.8939,0.011777969,0.064339618,0.815561634,25.52071416,41624878.29,4,16.66666667,FALSE,53.13988855,29.43927102,7.609364978,3.370596035,5.897141859,1.5349904727302626
347,TRCE.NS,Ramco Cements Limited,India,Construction Materials,2022,1.634900574,41.3027554,9.249535932,0.308817423,0.211589244,0.399304083,0.044266845,0.0,-991966.8939,0.011777969,0.064339618,0.815561634,25.52071416,41624878.29,4,16.66666667,FALSE,53.13988855,29.43927102,7.609364978,3.370596035,5.897141859,0.0
348,TRIE.NS,Trident Ltd,India,"Textiles, Apparel & Luxury Goods",2024,1.923807624,58.39218838,8.923244625,0.228361115,0.174497816,0.491993243,0.025689659,0.004781642,6716208.309,0.082610717,0.182534717,0.623374465,0.096009033,43385605.62,9,14.28571429,FALSE,57.0427749,57.20400769,6.48422363,3.430826821,3.2018101,2.581419160536649
348,TRIE.NS,Trident Ltd,India,"Textiles, Apparel & Luxury Goods",2023,1.809873603,44.1939265,8.957804575,0.281077786,0.225375763,0.524830119,0.000334393,0.004151638,-12037192.56,0.071167021,0.196733428,0.613087179,5.990899769,41990401.92,6,6.666666667,TRUE,26.15927651,48.32424984,9.19075493,3.403141173,2.591949545,2.738889606965041
348,TRIE.NS,Trident Ltd,India,"Textiles, Apparel & Luxury Goods",2022,2.000070802,45.58088451,8.919680147,0.211194159,0.214531524,0.555735535,0.002334503,0.018558328,-17565725.41,0.056127356,0.16205625,0.647987769,-16.40212134,53750000.0,5,12.5,TRUE,47.06544565,45.04640181,7.609364978,3.370596035,5.897141859,3.125666457232522
349,TRVT.NS,Triveni Turbine Ltd,India,Electrical Equipment,2024,8.135701285,26.30286773,8.373416938,0.019393591,0.369750655,0.930132359,0.093148956,0.014194395,8084142.774,0.582214769,0.11141941,0.166341583,18.29582697,41969104.74,7,0.0,TRUE,20.88638529,36.83795897,6.48422363,3.430826821,3.2018101,1.7558169969514092
349,TRVT.NS,Triveni Turbine Ltd,India,Electrical Equipment,2023,9.734671016,27.81372784,8.297541668,0.00188551,0.404334254,0.963639744,0.039058796,0.001814153,-71625.67487,0.631228642,0.146214104,0.167019419,30.68225398,32331973.61,6,10.0,TRUE,22.95147758,34.62009813,9.19075493,3.403141173,2.591949545,1.6974111906392673
349,TRVT.NS,Triveni Turbine Ltd,India,Electrical Equipment,2022,11.92053653,24.76324386,8.212406122,0.002773379,0.419530227,0.969956793,0.052858726,0.0,-343476.1441,0.459646202,0.161893361,0.198516735,35.23464037,23476144.11,6,10.0,TRUE,16.52989625,30.02154951,7.609364978,3.370596035,5.897141859,1.7316943012971966
350,UNOI.NS,UNO Minda Ltd,India,Automobile Components,2024,6.106047927,38.34809143,9.138085115,0.21057454,0.34570643,0.674801248,0.02882408,0.00688722,-5000585.138,0.020402866,0.159625461,0.416744937,16.61670039,119434757.2,7,20.0,TRUE,36.14766043,35.37835083,6.48422363,3.430826821,3.2018101,2.8987918650160385
350,UNOI.NS,UNO Minda Ltd,India,Automobile Components,2023,7.101541843,40.56560004,9.074860736,0.172304526,0.3709102,0.740515542,0.051090081,0.00534889,14075584.88,0.031837542,0.177178812,0.359464162,23.08620357,110943011.4,9,20.0,TRUE,40.94336376,31.70590928,9.19075493,3.403141173,2.591949545,2.4116448369484704
350,UNOI.NS,UNO Minda Ltd,India,Automobile Components,2022,8.25343852,37.4063545,9.004872648,0.167932408,0.35531792,0.710894231,0.038265989,0.001009785,-10428432.33,0.024191987,0.171033976,0.363076053,24.87118844,85227604.67,8,22.22222222,TRUE,53.17000492,25.09036468,7.609364978,3.370596035,5.897141859,1.971347782019703
351,USBL.NS,Usha Martin Ltd,India,Metals & Mining,2024,3.063530987,62.41841381,8.642080563,0.111183744,0.185429863,0.697729052,0.164493942,0.039061458,12983031.01,0.080298005,0.271381079,0.389531316,5.071928081,45466354.59,5,14.28571429,TRUE,36.96951875,64.58480644,6.48422363,3.430826821,3.2018101,1.8906606353239568
351,USBL.NS,Usha Martin Ltd,India,Metals & Mining,2023,3.377645945,60.7565039,8.601555583,0.109253993,0.184941729,0.647980978,0.170325388,0.013476951,-45590.88182,0.053555129,0.280580638,0.37733662,-2.711540831,49390521.9,5,14.28571429,TRUE,36.79397332,57.99804543,9.19075493,3.403141173,2.591949545,3.338943001726295
351,USBL.NS,Usha Martin Ltd,India,Metals & Mining,2022,3.499502096,42.83481507,8.574852282,0.134941024,0.229740543,0.671517986,0.142645628,0.01587389,-513631.9377,0.054559547,0.304577836,0.333776074,12.30495917,41243914.31,6,14.28571429,TRUE,54.07092478,29.84248451,7.609364978,3.370596035,5.897141859,2.209172802890379
352,VARB.NS,Varun Beverages Ltd,India,Beverages,2024,7.256752002,61.22734751,9.432196412,0.122116531,0.195490952,0.692434789,0.048844218,0.088372751,236584028.8,0.145100103,0.14613071,0.568287079,22.02265673,307909039.9,5,20.0,0,82.14345982,56.3669687,6.48422363,3.430826821,3.2018101,3.407997029873604
352,VARB.NS,Varun Beverages Ltd,India,Beverages,2023,10.91383885,57.6017508,9.261406102,0.357624584,0.273468226,0.503377841,0.043551112,0.004038603,10563769.68,0.020729024,0.15496409,0.642651175,21.19185051,252652121.6,6,20.0,TRUE,75.08560894,61.13085007,9.19075493,3.403141173,2.591949545,2.771161335233277
352,VARB.NS,Varun Beverages Ltd,India,Beverages,2022,14.24405963,42.08833862,9.147545681,0.33428583,0.341596746,0.609091075,0.025292573,0.004643731,433042.7844,0.014500196,0.193525906,0.59937729,34.56824614,187399688.1,4,20.0,TRUE,51.30596491,52.22420765,7.609364978,3.370596035,5.897141859,3.0573030506983816
353,VART.NS,Vardhman Textiles Ltd,India,"Textiles, Apparel & Luxury Goods",2024,0.903759378,43.60258672,9.162832428,0.099601837,0.109559125,0.53706902,0.0,0.007160496,2253949.678,0.054413359,0.302561916,0.353283033,0.417993954,103770626.1,5,30.0,TRUE,30.70615679,51.00088992,6.48422363,3.430826821,3.2018101,2.8045943755890894
353,VART.NS,Vardhman Textiles Ltd,India,"Textiles, Apparel & Luxury Goods",2023,0.949947276,48.32110025,9.157579852,0.149518521,0.172115528,0.715835954,0.016410615,0.0000383948,-4955008.998,0.024314803,0.356093379,0.31865261,-7.580867557,76388722.26,6,30.0,TRUE,49.53343582,53.2698334,9.19075493,3.403141173,2.591949545,1.5467388368327764
353,VART.NS,Vardhman Textiles Ltd,India,"Textiles, Apparel & Luxury Goods",2022,0.995895484,50.89231618,9.139667597,0.148036278,0.127494582,0.521768649,0.056712162,0.0000352965,1091772.152,0.125581399,0.225573922,0.351568401,-2.67170928,97949123.66,7,20.0,TRUE,49.80858115,56.71806683,7.609364978,3.370596035,5.897141859,1.8578293569656683
354,VEDN.NS,Vedant Fashions Ltd,India,"Textiles, Apparel & Luxury Goods",2024,6.540101135,50.50649567,8.507079396,0.17581679,0.145762632,0.416914081,0.042990099,0.0,-524985.3716,0.282290886,0.086761512,0.189798203,-1.105853075,45461907.55,6,33.33333333,TRUE,63.04108142,33.6643022,6.48422363,3.430826821,3.2018101,1.208361478687908
354,VEDN.NS,Vedant Fashions Ltd,India,"Textiles, Apparel & Luxury Goods",2022,8.191803685,35.4639744,8.42100123,0.135447291,0.183131611,0.517748807,0.024567268,0.0,746835.443,0.327656026,0.096994667,0.162713018,20.26017276,52228334.96,13,33.33333333,TRUE,39.94633207,22.54075989,7.609364978,3.370596035,5.897141859,1.5474213918142867
355,VIJA.NS,Vijaya Diagnostic Centre Ltd,India,Health Care Providers & Services,2024,7.93737457,45.04215674,8.173326576,0.250920685,0.127678946,0.34026613,0.042472973,0.004622506,-1105511.995,0.278892945,0.005816665,0.623397909,21.32858335,16827794.03,5,37.5,TRUE,63.63960813,21.16561892,6.48422363,3.430826821,3.2018101,1.3790036156455896
355,VIJA.NS,Vijaya Diagnostic Centre Ltd,India,Health Care Providers & Services,2023,10.16010973,37.68501033,8.071538642,0.263730947,0.074144696,0.223817596,0.139876129,0.012259849,-231457.7085,0.211838491,0.006141219,0.621089212,17.58656629,14353581.28,5,14.28571429,FALSE,40.1483425,22.01372998,9.19075493,3.403141173,2.591949545,1.3790036156455896
355,VIJA.NS,Vijaya Diagnostic Centre Ltd,India,Health Care Providers & Services,2022,11.56391441,41.60906012,8.016495719,0.290083195,0.077534761,0.214361915,0.183730374,0.014078864,1597736.125,0.330718506,0.004908327,0.636841347,-8.246392275,10370861.73,10,12.5,FALSE,52.96444995,22.42597733,7.609364978,3.370596035,5.897141859,1.6203732449411092
356,VMAR.NS,V-mart Retail Ltd,India,Broadline Retail,2024,2.349151884,54.3846493,8.455008002,0.321195777,0.479464256,0.718356026,0.0337474,0.0,1426565.243,0.021292292,0.415780055,0.411125341,13.9393261,5356348.742,5,16.66666667,TRUE,76.3686549,42.00005958,6.48422363,3.430826821,3.2018101,2.1112695281027065
356,VMAR.NS,V-mart Retail Ltd,India,Broadline Retail,2023,1.986447362,57.73872328,8.533227039,0.488959101,0.31356644,0.425193248,0.030520063,0.0,1100179.964,0.017557723,0.298281746,0.566995744,11.39992084,-11608878.22,6,16.66666667,TRUE,81.9484609,40.5466046,9.19075493,3.403141173,2.591949545,2.481312156157919
356,VMAR.NS,V-mart Retail Ltd,India,Broadline Retail,2022,2.034400156,55.641211,8.523490766,0.485559751,0.28195383,0.408372921,0.015301193,0.002271735,-1823271.665,0.012623971,0.328072945,0.544243692,36.66485363,-955331.0613,5,16.66666667,TRUE,81.30442603,35.26427317,7.609364978,3.370596035,5.897141859,2.66280811356131
357,VODA.NS,Vodafone Idea Ltd,India,Wireless Telecommunication Services,2024,0.358343473,50.50679573,10.36466042,1.178716873,0.281067649,0.207370012,0.004509664,0.0000303235,10415447.63,0.053585201,5.5593e-6,0.296498752,-0.354495785,-3204610884.0,8,8.333333333,FALSE,34.38485146,45.30898214,6.48422363,3.430826821,3.2018101,2.1367758046621472
357,VODA.NS,Vodafone Idea Ltd,India,Wireless Telecommunication Services,2023,0.412417703,50.29476194,10.34626072,1.317902871,0.292659314,0.187233564,0.003093757,1.62164e-6,-7318536.293,0.001153895,6.48657e-6,0.285488955,-0.318761054,-3747858428.0,11,7.692307692,TRUE,36.6058194,43.90181768,9.19075493,3.403141173,2.591949545,2.4298167179776384
357,VODA.NS,Vodafone Idea Ltd,India,Wireless Telecommunication Services,2022,0.347742708,54.03936171,10.40181881,1.147282872,0.289625159,0.21314743,0.003781903,8.68547e-6,-149026290.2,0.00375283,0.0000786517,0.290101412,1.16529699,-3566346154.0,13,7.692307692,TRUE,58.14653129,35.6409872,7.609364978,3.370596035,5.897141859,2.698234981350472
358,VOTL.NS,Voltamp Transformers Ltd,India,Electrical Equipment,2024,4.387023358,24.21927887,8.317647989,0.001198202,0.090358802,0.853253734,0.240587834,0.0,1097320.07,0.104117605,0.136521329,0.068007407,16.73484667,38082293.74,4,33.33333333,TRUE,25.3431072,18.33793187,6.48422363,3.430826821,3.2018101,1.6604524139823784
358,VOTL.NS,Voltamp Transformers Ltd,India,Electrical Equipment,2023,5.118752962,25.66551493,8.261245481,0.002113174,0.096781188,0.879066257,0.198523078,0.0,1380227.954,0.048862315,0.15354184,0.050566881,15.02006635,36875908.82,4,33.33333333,TRUE,34.73570995,17.16729017,9.19075493,3.403141173,2.591949545,1.0
358,VOTL.NS,Voltamp Transformers Ltd,India,Electrical Equipment,2022,6.401337126,22.65068038,8.172593695,0.0,0.083433755,0.884726777,0.173734056,0.0,538084.2259,0.074006564,0.145381471,0.054967515,13.51867754,24335783.84,5,28.57142857,TRUE,30.63793079,11.74086936,7.609364978,3.370596035,5.897141859,1.4073937391242717
359,VRLL.NS,VRL Logistics Ltd,India,Ground Transportation,2024,1.829476776,28.45178559,8.480862709,0.474053943,0.151426665,0.260831747,0.135695658,0.0,4080702.165,0.023408099,0.018874532,0.872724274,6.738336368,21408180.22,5,15.38461538,TRUE,46.00081609,26.33384913,6.48422363,3.430826821,3.2018101,1.9477957035290112
359,VRLL.NS,VRL Logistics Ltd,India,Ground Transportation,2023,2.109562311,18.72050557,8.424264872,0.468087506,0.174551741,0.304730592,0.047252538,0.0,809970.006,0.009515166,0.020636925,0.868530223,7.508235362,10685182.96,6,16.66666667,TRUE,25.04288718,20.2372702,9.19075493,3.403141173,2.591949545,1.2689101206233078
359,VRLL.NS,VRL Logistics Ltd,India,Ground Transportation,2022,2.423937229,16.2398152,8.362197825,0.380456822,0.161838387,0.334271261,0.03792537,0.0,361441.0906,0.017877636,0.029294251,0.803253336,13.09003688,20221214.7,5,16.66666667,TRUE,24.12632644,12.33211799,7.609364978,3.370596035,5.897141859,1.0972630814819966
360,VST.NS,VST Tillers Tractors Ltd,India,Machinery,2024,3.589189908,34.87097798,8.170437196,0.001552359,0.16061132,0.771713471,0.232086193,0.01897767,3218162.668,0.463847193,0.082887208,0.179061551,0.212705883,10879637.21,7,11.11111111,FALSE,55.44378332,16.03274436,6.48422363,3.430826821,3.2018101,1.9996460834993817
360,VST.NS,VST Tillers Tractors Ltd,India,Machinery,2024,3.589189908,34.87097798,8.170437196,0.001552359,0.16061132,0.771713471,0.232086193,0.01897767,3218162.668,0.463847193,0.082887208,0.179061551,0.212705883,10879637.21,7,11.11111111,FALSE,55.44378332,16.03274436,6.48422363,3.430826821,3.2018101,1.2591847817418
360,VST.NS,VST Tillers Tractors Ltd,India,Machinery,2023,3.776472458,32.19064783,8.146107454,0.001160823,0.160583152,0.770381907,0.081232028,0.024381994,3929502.1,0.435234733,0.103408877,0.198240263,-5.187594847,14525134.97,5,11.11111111,FALSE,67.33887611,12.45418673,9.19075493,3.403141173,2.591949545,2.4599880567333754
360,VST.NS,VST Tillers Tractors Ltd,India,Machinery,2023,3.776472458,32.19064783,8.146107454,0.001160823,0.160583152,0.770381907,0.081232028,0.024381994,3929502.1,0.435234733,0.103408877,0.198240263,-5.187594847,14525134.97,5,11.11111111,FALSE,67.33887611,12.45418673,9.19075493,3.403141173,2.591949545,1.2611556720637702
360,VST.NS,VST Tillers Tractors Ltd,India,Machinery,2022,3.962796237,34.02499964,8.123081314,0.001731128,0.198221658,0.811814761,0.045872578,0.000916765,-1737353.944,0.392740501,0.101487314,0.227184939,8.88995781,11241260.95,5,10.0,FALSE,59.7126607,14.45611601,7.609364978,3.370596035,5.897141859,2.154282871416524
360,VST.NS,VST Tillers Tractors Ltd,India,Machinery,2022,3.962796237,34.02499964,8.123081314,0.001731128,0.198221658,0.811814761,0.045872578,0.000916765,-1737353.944,0.392740501,0.101487314,0.227184939,8.88995781,11241260.95,5,10.0,FALSE,59.7126607,14.45611601,7.609364978,3.370596035,5.897141859,1.1131303610625745
361,WCKH.NS,Wockhardt Ltd,India,Pharmaceuticals,2024,2.86417645,45.4060378,8.97864549,0.248432698,0.251014136,0.539925965,0.054848188,0.0,-45991808.07,0.068097338,0.101167793,0.274247081,5.002779299,-6670567.583,5,27.27272727,TRUE,69.7687821,44.00885817,6.48422363,3.430826821,3.2018101,2.293579172968949
361,WCKH.NS,Wockhardt Ltd,India,Pharmaceuticals,2023,2.929119558,39.1478946,8.962699057,0.308014119,0.364884299,0.650582751,0.180938732,0.0,49790041.99,0.064791103,0.089815662,0.301869525,4.038195002,-56628674.27,6,20.0,TRUE,48.0157345,41.10139258,9.19075493,3.403141173,2.591949545,2.1457088516809626
361,WCKH.NS,Wockhardt Ltd,India,Pharmaceuticals,2022,2.943771389,44.49689421,8.970870403,0.284263959,0.44709098,0.793485793,0.026200873,0.0,-34079844.21,0.010086641,0.094494338,0.317063647,-24.17776859,-75584225.9,6,27.27272727,TRUE,57.28422118,42.261202,7.609364978,3.370596035,5.897141859,2.409360269556504
362,WEST.NS,Westlife Foodworld Ltd,India,"Hotels, Restaurants & Leisure",2024,4.11546492,60.84303337,8.484579533,0.622409414,0.0,0.0,0.0,0.01288391,5214043.3,0.025034786,0.030968548,0.763770446,1.485033517,1421533.06,4,25.0,TRUE,59.74802875,47.88982823,6.48422363,3.430826821,3.2018101,2.145824799967124
362,WEST.NS,Westlife Foodworld Ltd,India,"Hotels, Restaurants & Leisure",2023,4.584296443,52.83754211,8.438130534,0.59608564,0.0,0.0,0.0,0.0,703659.2681,0.006627488,0.027666158,0.776737923,3.863920638,8303659.268,4,28.57142857,TRUE,41.64961839,49.91202808,9.19075493,3.403141173,2.591949545,2.1779887815661008
362,WEST.NS,Westlife Foodworld Ltd,India,"Hotels, Restaurants & Leisure",2022,4.876972326,51.46328515,8.407334007,0.573155248,0.0,0.0,0.0,0.0,-1810613.437,0.004239963,0.034030472,0.758287266,33.50144914,13580817.92,4,25.0,TRUE,64.15761162,38.93588109,7.609364978,3.370596035,5.897141859,1.867752888129288
363,WGSR.NS,Welspun Corp Ltd,India,Metals & Mining,2024,1.472704153,59.62672154,9.25118512,0.072426711,0.414920469,0.813216794,0.071547316,0.045599111,38430661.21,0.144738622,0.289658277,0.3306285,-21.37055574,222619075.5,6,36.36363636,TRUE,78.81641392,68.09953987,6.48422363,3.430826821,3.2018101,2.0068202359431915
363,WGSR.NS,Welspun Corp Ltd,India,Metals & Mining,2023,1.877079669,63.76104494,9.152821175,0.164433095,0.335591799,0.637933634,0.096888484,0.036574818,-23709658.07,0.094673827,0.205597697,0.376926017,75.15745918,136292741.5,9,37.5,TRUE,84.94737829,75.89948658,9.19075493,3.403141173,2.591949545,2.526657301627381
363,WGSR.NS,Welspun Corp Ltd,India,Metals & Mining,2022,1.435764824,65.21130808,9.271146809,0.219158426,0.532303173,0.769770093,0.057638585,0.0355758,45780185.0,0.208802064,0.376414009,0.298999437,38.57979316,24241723.47,9,37.5,TRUE,85.97702247,70.94578339,7.609364978,3.370596035,5.897141859,3.053147741323452
364,ZENT.NS,Zensar Technologies Ltd,India,IT Services,2024,3.446820832,74.03077236,8.782022016,0.024203058,0.170542636,0.799673677,0.148265699,0.027064123,-20175541.25,0.418602599,0.001449864,0.036536566,5.078136252,76044470.45,8,11.11111111,TRUE,71.07659897,53.63048827,6.48422363,3.430826821,3.2018101,2.2604179639939947
364,ZENT.NS,Zensar Technologies Ltd,India,IT Services,2023,3.771913437,81.55415155,8.746341827,0.040126511,0.183742846,0.786444424,0.267330211,0.046236929,-3743251.35,0.328319144,0.002302164,0.049270623,-0.335900643,79784043.19,5,10.0,TRUE,88.13590828,52.78335881,9.19075493,3.403141173,2.591949545,2.335685535772784
364,ZENT.NS,Zensar Technologies Ltd,India,IT Services,2022,4.11116398,58.51634673,8.700342184,0.066246057,0.208250425,0.749650594,0.341412258,0.044018442,-3773125.609,0.282115882,0.001310362,0.079155545,5.53948599,39873417.72,9,9.090909091,TRUE,57.01531199,46.39428312,7.609364978,3.370596035,5.897141859,2.5972146897194177
365,ZYDU.NS,Zydus Lifesciences Ltd,India,Pharmaceuticals,2024,2.606007576,61.02923776,9.638850719,0.086372397,0.243042657,0.682457014,0.091443992,0.0,48425980.11,0.259969438,0.110067551,0.197837733,15.97615089,540058513.8,5,20.0,TRUE,58.06809271,64.23423102,6.48422363,3.430826821,3.2018101,2.569645274900433
365,ZYDU.NS,Zydus Lifesciences Ltd,India,Pharmaceuticals,2023,3.346002531,63.16223271,9.545677334,0.027465097,0.182436955,0.565202671,0.077313315,0.0,-8974205.159,0.051780646,0.122868911,0.23615475,11.78204917,459676064.8,5,20.0,TRUE,67.81888628,55.98169301,9.19075493,3.403141173,2.591949545,3.062267266222606
365,ZYDU.NS,Zydus Lifesciences Ltd,India,Pharmaceuticals,2022,3.63445372,56.84666917,9.496224731,0.046392353,0.214731096,0.671152586,0.088198601,0.0,-20691333.98,0.039471771,0.138959637,0.265048687,5.390029366,243658714.7,8,12.5,TRUE,66.9555514,47.71060727,7.609364978,3.370596035,5.897141859,2.9327121773900786
366,ADVA.KL,Advance Synergy Bhd,Malaysia,Industrial Conglomerates,2024,0.315696444,48.82,8.124116123,0.192216358,0.145232305,0.359908143,0.756820603,0.0,-2958146.82,0.139371042,0.106699226,0.389885067,-3.363655674,-16927484.33,7,55.56,0,61.32,33.82,5.114155478,4.074350408,0.782509892,1.6070934452837475
366,ADVA.KL,Advance Synergy Bhd,Malaysia,Industrial Conglomerates,2023,0.239581439,43.52,8.211747962,0.221318066,0.182362362,0.417107848,0.477879677,0.0,5296514.16,0.13406688,0.060229084,0.383797178,13.39371806,-17565359.48,5,37.5,0,54.33,28.92,3.555487154,4.056107349,-1.872255625,1.6245129641957523
366,ADVA.KL,Advance Synergy Bhd,Malaysia,Industrial Conglomerates,2022,0.20627124,36.07,8.277690982,0.219754736,0.153482734,0.370364583,1.368013562,0.0,10556363.64,0.217406308,0.043154503,0.379747397,97.84399775,-10097954.55,7,44.44,0,28.55,30.2,8.861821876,4.069967336,6.403485118,1.8777309330306529
367,ADVE.KL,Adventa Bhd,Malaysia,Health Care Equipment & Supplies,2024,0.489827808,24.3,7.400823856,0.083145692,0.128788424,1.000320509,0.311194759,0.0,-869964.19,0.07191137,0.133505875,0.471617786,60.57664034,486025.07,5,16.67,0,31.5,24.92,5.114155478,4.074350408,0.782509892,1.6633104948473385
367,ADVE.KL,Adventa Bhd,Malaysia,Health Care Equipment & Supplies,2023,0.542006432,23.07,7.356862853,0.074113455,0.065109106,0.544151791,5.018831824,0.0,5056254.9,0.439793427,0.118828668,0.285840182,-39.39808067,-1995331.15,8,16.67,0,46.53,13.19,3.555487154,4.056107349,-1.872255625,1.4073937391242717
367,ADVE.KL,Adventa Bhd,Malaysia,Health Care Equipment & Supplies,2022,0.709532597,22.75,7.227858494,0.00816796,0.153111478,1.001141435,0.719862656,0.0,335831.82,0.104911751,0.265578574,0.189945098,-42.77984477,-1183000.0,6,20.0,FALSE,46.57,13.07,8.861821876,4.069967336,6.403485118,1.3712771090360898
368,AEOM.KL,AEON CO (M) Bhd,Malaysia,Consumer Staples Distribution & Retail,2024,0.343442271,54.26,9.100762181,0.409376337,0.272520085,0.415307402,0.041970324,0.021403932,60771262.31,0.073033754,0.108991884,0.756975764,6.026806774,28655326.77,6,36.36,0,87.39,28.56,5.114155478,4.074350408,0.782509892,1.867227737766908
368,AEOM.KL,AEON CO (M) Bhd,Malaysia,Consumer Staples Distribution & Retail,2023,0.383522973,52.62,9.056152489,0.391285953,0.287071629,0.445687973,0.033229723,0.0,-29987799.56,0.017635634,0.105938632,0.796653153,-4.418513183,25017864.92,8,18.18,0,67.02,26.15,3.555487154,4.056107349,-1.872255625,1.7196061198203871
368,AEOM.KL,AEON CO (M) Bhd,Malaysia,Consumer Staples Distribution & Retail,2022,0.365495396,48.83,9.091052965,0.419655631,0.353842003,0.530506908,0.02456849,0.0,9979772.73,0.038332538,0.111581821,0.767162589,7.950078183,25280000.0,5,12.5,TRUE,66.81,18.19,8.861821876,4.069967336,6.403485118,2.053146447590514
369,AJIY.KL,Ajiya Bhd,Malaysia,Building Products,2024,1.018544003,45.26,8.236639722,0.020657682,0.07910731,0.623772821,0.692967988,0.0,1898643.69,0.213156516,0.097524592,0.269081196,30.4287982,14199071.17,5,14.29,0,76.18,43.75,5.114155478,4.074350408,0.782509892,2.404928843613077
369,AJIY.KL,Ajiya Bhd,Malaysia,Building Products,2023,1.408856766,45.49,8.095752676,0.008606697,0.106290121,0.618430076,0.52184373,0.0,-2136523.51,0.434741562,0.12915289,0.26154379,-1.10308282,12173364.83,5,14.29,FALSE,73.59,37.05,3.555487154,4.056107349,-1.872255625,1.389645519744968
369,AJIY.KL,Ajiya Bhd,Malaysia,Building Products,2022,1.5955401,43.45,8.039051095,0.025256016,0.1090121,0.601603034,0.933120719,0.0,2520220.57,0.338409393,0.139851307,0.303076309,3.522131298,6960927.3,5,14.29,FALSE,65.35,39.48,8.861821876,4.069967336,6.403485118,1.0
370,ALDR.KL,Aldrich Resources Bhd,Malaysia,Software,2024,0.670002568,20.76,6.896933457,0.072947972,0.275718789,0.836008731,0.343148867,0.0,56542.08,0.113106764,0.0,0.057226453,32.98309082,350333.48,5,33.33,0,17.98,20.01,5.114155478,4.074350408,0.782509892,0.0
370,ALDR.KL,Aldrich Resources Bhd,Malaysia,Software,2023,0.800969747,15.76,6.819393812,0.013054951,0.277929291,1.060532139,0.366130113,0.0,-644370.37,0.106569455,0.0,0.04178773,40.75171739,-249082.79,5,16.67,0,10.43,6.75,3.555487154,4.056107349,-1.872255625,1.3712771090360898
370,ALDR.KL,Aldrich Resources Bhd,Malaysia,Software,2022,0.840635294,22.36,6.799330836,0.020222314,0.159330403,1.052371475,1.367416578,0.0,917163.64,0.245171138,0.0,0.078300093,28.52893739,-100070.45,6,12.5,TRUE,25.24,7.91,8.861821876,4.069967336,6.403485118,1.0
371,AMRY.KL,AmanahRaya Real Estate Investment Trust,Malaysia,Diversified REITs,2024,0.176321811,17.09,8.467104255,0.420434222,0.433158777,0.966056763,0.006984978,0.0,-2903672.78,0.00291024,0.0,0.0,9.99501842,403484.78,6,37.5,0,3.9,7.04,5.114155478,4.074350408,0.782509892,1.2464049218634343
371,AMRY.KL,AmanahRaya Real Estate Investment Trust,Malaysia,Diversified REITs,2023,0.169598767,19.8,8.483987601,0.399178256,0.076790544,0.159627514,0.157659353,0.0,-3296928.1,0.018068698,0.0,0.0,-10.85913672,1098015.25,8,22.22,FALSE,5.09,8.58,3.555487154,4.056107349,-1.872255625,1.2480320691791436
371,AMRY.KL,AmanahRaya Real Estate Investment Trust,Malaysia,Diversified REITs,2022,0.163509765,16.52,8.506472262,0.450428209,0.038951544,0.081316454,0.128511729,0.0,-385950.0,0.027462584,0.0,0.0,-14.88946538,2795579.55,6,0.0,FALSE,2.07,10.27,8.861821876,4.069967336,6.403485118,1.3743027831242849
372,ANCM.KL,Ancom Nylex Bhd,Malaysia,Chemicals,2024,0.859812302,36.29,8.46881389,0.305437452,0.401347419,0.771384087,0.237361583,0.0,4374794.26,0.136749474,0.146628735,0.319040269,3.851473856,15313190.69,4,12.5,TRUE,67.66,19.51,5.114155478,4.074350408,0.782509892,1.5587420599766058
372,ANCM.KL,Ancom Nylex Bhd,Malaysia,Chemicals,2023,0.974744909,36.38,8.416719383,0.291784714,0.461342202,0.833256849,0.18698247,0.0,-6653911.56,0.112729689,0.178227102,0.272342824,-4.176695901,17186437.07,4,12.5,TRUE,68.0,19.41,3.555487154,4.056107349,-1.872255625,2.2855797399418583
372,ANCM.KL,Ancom Nylex Bhd,Malaysia,Chemicals,2022,0.973969434,36.27,8.416903387,0.338463978,0.480082542,0.810929118,0.182740687,0.0,9463689.57,0.142955442,0.175224658,0.265383217,-3.694910053,16654454.8,5,0.0,TRUE,74.61,18.76,8.861821876,4.069967336,6.403485118,2.61414397375823
373,ANCO.KL,Ancom Logistics Bhd,Malaysia,Ground Transportation,2024,0.451471154,23.48,7.350041916,0.592972212,0.170401798,0.206450792,0.276593121,0.0,36679.99,0.10984115,0.0,0.828264477,17.42866395,166235.6,5,14.29,FALSE,38.45,7.18,5.114155478,4.074350408,0.782509892,1.0
373,ANCO.KL,Ancom Logistics Bhd,Malaysia,Ground Transportation,2023,0.933409506,15.44,7.0580808,0.287162225,0.229380149,0.341246127,0.373601428,0.0,-286989.8,0.117572898,0.0,0.663126965,0.882564521,-625425.17,5,0.0,FALSE,35.0,7.31,3.555487154,4.056107349,-1.872255625,0.0
373,ANCO.KL,Ancom Logistics Bhd,Malaysia,Ground Transportation,2022,1.116626962,22.46,6.98117344,0.083829489,0.252507187,0.489103266,0.533889187,0.0,43572.51,0.130340281,0.0,0.527086682,-3.167541759,108822.89,4,0.0,FALSE,54.88,9.31,8.861821876,4.069967336,6.403485118,0.0
374,ANNJ.KL,Ann Joo Resources Bhd,Malaysia,Metals & Mining,2024,0.173868267,60.87,8.833759432,0.469036604,0.567080221,0.852734395,0.034275251,0.0,-2162936.44,0.034703953,0.265051111,0.385468531,3.392365037,-66393464.64,5,16.67,0,80.99,47.04,5.114155478,4.074350408,0.782509892,1.4249940486115062
374,ANNJ.KL,Ann Joo Resources Bhd,Malaysia,Metals & Mining,2023,0.170207756,52.88,8.839864698,0.472602902,0.530117829,0.851836123,0.037310138,0.0,-2926579.52,0.041731542,0.305641649,0.377418913,-20.78243434,-1551198.26,7,11.11,0,62.01,49.16,3.555487154,4.056107349,-1.872255625,1.281920574540446
374,ANNJ.KL,Ann Joo Resources Bhd,Malaysia,Metals & Mining,2022,0.191782012,41.11,8.792100417,0.466065408,0.533449663,0.948403312,0.07709821,0.0,12709772.73,0.047932353,0.334294511,0.318106604,19.88906552,-30259318.18,5,11.11,0,41.15,43.42,8.861821876,4.069967336,6.403485118,1.4979646338793735
376,APER.KL,Apex Healthcare Bhd,Malaysia,Pharmaceuticals,2024,1.893292522,58.89,8.353728974,0.056329887,0.161577595,0.743450511,0.533620766,0.0,-37623587.74,0.195849405,0.131187178,0.262537852,5.540792111,17131743.51,4,14.29,TRUE,72.18,50.08,5.114155478,4.074350408,0.782509892,3.7733408436812894
376,APER.KL,Apex Healthcare Bhd,Malaysia,Pharmaceuticals,2023,1.747944477,56.53,8.388419061,0.009380748,0.169780453,0.932738268,0.456039996,0.0,47016969.5,0.49260351,0.113121119,0.183170198,2.241656373,86707814.81,5,12.5,TRUE,76.42,52.45,3.555487154,4.056107349,-1.872255625,1.3085882104803472
376,APER.KL,Apex Healthcare Bhd,Malaysia,Pharmaceuticals,2022,2.529423788,36.25,8.228853626,0.021468327,0.22891186,0.913122518,0.616731789,0.0,13784668.18,0.242762518,0.14831034,0.262195796,7.772473351,22947990.91,4,12.5,TRUE,76.01,9.32,8.861821876,4.069967336,6.403485118,1.6346192426559971
377,APMA.KL,APM Automotive Holdings Bhd,Malaysia,Automobile Components,2024,0.279853399,41.42,8.732552493,0.148683171,0.232905839,0.577130068,0.247531762,0.0,11130259.62,0.306453674,0.15142596,0.28281962,10.88003129,25974709.04,5,22.22,TRUE,38.36,21.92,5.114155478,4.074350408,0.782509892,1.5073041039574515
377,APMA.KL,APM Automotive Holdings Bhd,Malaysia,Automobile Components,2023,0.325465421,36.22,8.669718262,0.062975178,0.213157978,0.639179595,0.44851126,0.0,27360130.72,0.236699216,0.173607978,0.333835001,6.181873462,18824836.6,5,22.22,TRUE,36.79,16.42,3.555487154,4.056107349,-1.872255625,1.751862754388226
377,APMA.KL,APM Automotive Holdings Bhd,Malaysia,Automobile Components,2022,0.342831696,22.07,8.648070681,0.073051716,0.224802422,0.657668891,0.387889604,0.0,12298636.36,0.182581087,0.191484012,0.320580714,34.45442114,9473409.09,6,22.22,TRUE,21.85,7.0,8.861821876,4.069967336,6.403485118,1.3873253028544497
379,ASPY.KL,Asia Poly Holdings Bhd,Malaysia,Chemicals,2024,0.840049755,32.04,7.664318377,0.317823742,0.264263869,0.638726839,0.107553155,0.0,-2060731.87,0.103452952,0.174329688,0.547788519,8.459962575,-2512003.13,5,20.0,0,30.42,44.84,5.114155478,4.074350408,0.782509892,1.649045848862858
379,ASPY.KL,Asia Poly Holdings Bhd,Malaysia,Chemicals,2023,0.834415353,13.27,7.6672411,0.285031878,0.24650605,0.615455917,0.242026981,0.0,-698333.33,0.114426115,0.180076999,0.538297193,15.43997036,-2480483.66,6,0.0,0,28.77,4.95,3.555487154,4.056107349,-1.872255625,1.720621144785308
379,ASPY.KL,Asia Poly Holdings Bhd,Malaysia,Chemicals,2022,0.724658316,13.79,7.729418637,0.285621971,0.238757665,0.59692348,0.281908923,0.0,-5010972.73,0.126670778,0.177685121,0.477991137,3.511525529,-2274706.82,5,0.0,0,27.67,7.54,8.861821876,4.069967336,6.403485118,2.102815825501938
381,AXIA.KL,Axiata Group Bhd,Malaysia,Wireless Telecommunication Services,2024,0.345786793,67.56,10.22120245,0.460299152,0.218901664,0.306166387,0.136015198,0.0,34263652.64,0.063674411,0.001649673,0.474709341,2.805515143,357846687.6,18,27.27,TRUE,84.1,60.43,5.114155478,4.074350408,0.782509892,2.470475401696332
381,AXIA.KL,Axiata Group Bhd,Malaysia,Wireless Telecommunication Services,2023,0.329173427,72.49,10.23260186,0.47111963,0.193492876,0.269251143,0.146671234,0.0,-640003268.0,0.05415497,0.002791318,0.489458571,6.864008523,-142642047.9,30,22.22,FALSE,86.44,65.41,3.555487154,4.056107349,-1.872255625,2.372215285748122
381,AXIA.KL,Axiata Group Bhd,Malaysia,Wireless Telecommunication Services,2022,0.304916561,74.47,10.26845421,0.439480668,0.258121991,0.365185384,0.13998275,0.0,3150909.09,0.097202605,0.002650038,0.447261515,-5.240990954,-548715909.1,23,20.0,TRUE,88.68,69.42,8.861821876,4.069967336,6.403485118,2.1184058016998
382,AXSR.KL,Axis Real Estate Investment Trust,Malaysia,Diversified REITs,2024,0.818965877,68.14,9.070753504,0.332875286,0.17730431,0.475827038,0.015162517,0.0,15437108.33,0.027412642,0.0,0.000211465,14.75001068,47002238.14,4,50.0,TRUE,68.01,74.43,5.114155478,4.074350408,0.782509892,2.6909821817692428
382,AXSR.KL,Axis Real Estate Investment Trust,Malaysia,Diversified REITs,2023,0.992772624,59.75,8.993603628,0.343800749,0.19396236,0.516987243,0.00888209,0.0,1786710.24,0.011649215,0.0,0.000307547,-2.812075852,47444880.17,4,33.33,TRUE,60.04,63.69,3.555487154,4.056107349,-1.872255625,2.5639225533364622
382,AXSR.KL,Axis Real Estate Investment Trust,Malaysia,Diversified REITs,2022,1.013599478,41.52,8.985515573,0.363284491,0.203777405,0.515021077,0.02588877,0.0,-33313409.09,0.010727686,0.0,0.000436829,9.349503441,43265227.27,4,14.29,TRUE,24.05,47.11,8.861821876,4.069967336,6.403485118,2.487340274377286
383,BATO.KL,British American Tobacco (Malaysia) Bhd,Malaysia,Tobacco,2024,1.186854033,79.82,8.427732747,0.49800638,0.653691834,0.967395244,0.045248088,0.0,1686660.7,0.030836989,0.008808709,0.042044911,2.926343073,40989704.57,6,28.57,0,74.42,82.58,5.114155478,4.074350408,0.782509892,1.431087413523878
383,BATO.KL,British American Tobacco (Malaysia) Bhd,Malaysia,Tobacco,2023,1.237359747,82.3,8.409634073,0.501913781,0.650756096,0.957397046,0.036303174,0.0,2442919.39,0.019640816,0.027629371,0.055727008,-14.68231862,42428758.17,5,28.57,0,85.57,82.19,3.555487154,4.056107349,-1.872255625,1.3090578717673833
383,BATO.KL,British American Tobacco (Malaysia) Bhd,Malaysia,Tobacco,2022,1.061684499,82.0,8.489837399,0.536161522,0.70661136,0.977961174,0.01732121,0.0,-1179772.73,0.011309743,0.041181677,0.041407542,-6.823450416,59663409.09,5,28.57,0,79.29,86.16,8.861821876,4.069967336,6.403485118,1.27914749688887
385,BESH.KL,Beshom Holdings Bhd,Malaysia,Consumer Staples Distribution & Retail,2024,0.579007423,71.72,7.919195783,0.029972653,0.081236225,0.604464583,0.0,0.088057588,-692718.0,0.292607545,0.208881179,0.234655426,13.54642808,2012523.19,6,33.33,0,72.7,51.5,5.114155478,4.074350408,0.782509892,1.0
385,BESH.KL,Beshom Holdings Bhd,Malaysia,Consumer Staples Distribution & Retail,2023,0.655788043,67.14,7.86511642,0.012715164,0.069149891,0.610976453,0.423154535,0.0,-134700.21,0.274326733,0.219929803,0.241590744,-18.93031569,2301681.34,5,37.5,0,76.92,34.76,3.555487154,4.056107349,-1.872255625,1.0
385,BESH.KL,Beshom Holdings Bhd,Malaysia,Consumer Staples Distribution & Retail,2022,0.608064677,68.77,7.89885867,0.010830078,0.080090035,0.649948507,0.388382108,0.0,-4982169.13,0.252207941,0.247824763,0.261865252,-18.83487326,3762895.92,6,25.0,0,79.53,37.3,8.861821876,4.069967336,6.403485118,1.0
386,BGRO.KL,Berjaya Corporation Bhd,Malaysia,Industrial Conglomerates,2024,0.086403287,38.46,9.678845832,0.36649885,0.286149239,0.397416282,0.138599937,0.0,4415058.32,0.086871309,0.073436986,0.236720946,3.835903583,84462142.1,6,100.0,TRUE,24.29,30.02,5.114155478,4.074350408,0.782509892,1.547322173684611
386,BGRO.KL,Berjaya Corporation Bhd,Malaysia,Industrial Conglomerates,2023,0.086707375,40.23,9.677320059,0.378047758,0.29184183,0.403825042,0.160701709,0.0,75460021.44,0.081618416,0.086693745,0.26395677,11.31949253,4093247.59,5,100.0,TRUE,26.56,24.97,3.555487154,4.056107349,-1.872255625,1.349797682902769
386,BGRO.KL,Berjaya Corporation Bhd,Malaysia,Industrial Conglomerates,2022,0.089052014,39.54,9.666660882,0.350178831,0.240577523,0.342141795,0.146721906,0.0,31060145.26,0.06828309,0.076239936,0.248621994,2.903893147,5332047.21,6,57.14,TRUE,29.87,26.2,8.861821876,4.069967336,6.403485118,1.8352035005704976
387,BONI.KL,Bonia Corporation Bhd,Malaysia,Specialty Retail,2024,0.335466048,30.53,8.208699812,0.228221894,0.0,0.0,0.0,0.0,0.0,0.171377044,0.140477803,0.357009494,2.15767702,1875534.44,6,22.22,TRUE,30.39,19.75,5.114155478,4.074350408,0.782509892,1.644420079209956
387,BONI.KL,Bonia Corporation Bhd,Malaysia,Specialty Retail,2023,0.381811206,22.09,8.180528438,0.238141223,0.132392273,0.341070849,0.936551228,0.0,-2524496.29,0.204383912,0.128516906,0.332056939,-3.505778978,8467444.33,6,22.22,TRUE,15.24,17.81,3.555487154,4.056107349,-1.872255625,1.4086972668048006
387,BONI.KL,Bonia Corporation Bhd,Malaysia,Specialty Retail,2022,0.389770604,27.12,8.172496558,0.241857858,0.151427559,0.394527789,1.070093635,0.0,-4596998.93,0.209182156,0.135651933,0.314133508,8.487957116,13418006.43,5,11.11,0,19.95,15.79,8.861821876,4.069967336,6.403485118,1.896594053200129
389,BPPL.KL,BP Plastics Holding Bhd,Malaysia,Containers & Packaging,2024,0.707483943,50.54,7.888930487,0.0,0.182192918,0.811666334,0.198469747,0.0,-1541141.45,0.148828736,0.284978285,0.417475092,6.686060179,4833531.78,5,28.57,TRUE,60.3,42.87,5.114155478,4.074350408,0.782509892,1.1767221932190688
389,BPPL.KL,BP Plastics Holding Bhd,Malaysia,Containers & Packaging,2023,0.743114419,45.35,7.880634243,0.0,0.203791601,0.835137927,0.272949654,0.0,-3054769.06,0.227310386,0.253918163,0.393430185,-10.43251622,7676139.43,5,28.57,TRUE,67.91,37.43,3.555487154,4.056107349,-1.872255625,1.3626626691467307
389,BPPL.KL,BP Plastics Holding Bhd,Malaysia,Containers & Packaging,2022,0.807156649,49.53,7.84308321,0.0,0.158909028,0.794576761,0.685946347,0.0,1354588.64,0.19614363,0.226155119,0.40815665,6.376130804,6940343.18,5,28.57,TRUE,81.61,39.87,8.861821876,4.069967336,6.403485118,1.586122196554277
390,CABC.KL,CAB Cakaran Corporation Bhd,Malaysia,Food Products,2024,0.321476245,22.58,8.577750194,0.23835581,0.304719752,0.54216165,0.155938916,0.0,5756728.95,0.144235838,0.140275009,0.480939327,16.48321949,22613038.1,5,16.67,0,19.97,12.73,5.114155478,4.074350408,0.782509892,1.0
390,CABC.KL,CAB Cakaran Corporation Bhd,Malaysia,Food Products,2023,0.363487284,22.87,8.51539304,0.273884655,0.336565842,0.55950606,0.184866233,0.0,11798427.61,0.119526814,0.140271852,0.485333942,13.494625,30122200.92,5,12.5,0,23.87,10.89,3.555487154,4.056107349,-1.872255625,0.0
390,CABC.KL,CAB Cakaran Corporation Bhd,Malaysia,Food Products,2022,0.385758556,21.77,8.487447533,0.347800346,0.368369537,0.570309496,0.145890786,0.0,11369702.27,0.084187839,0.056050883,0.528214668,2.65775043,12152705.5,6,12.5,0,20.26,8.74,8.861821876,4.069967336,6.403485118,1.3467861420455534
391,CAPI.KL,Capital A Berhad,Malaysia,Passenger Airlines,2024,0.118261017,57.74,9.83753626,0.051713769,0.044643494,0.03472937,0.0,0.014028596,62717770.81,0.015298911,0.004798292,0.020570958,36.14274878,-197334601.6,12,16.67,TRUE,82.58,29.66,5.114155478,4.074350408,0.782509892,1.0
391,CAPI.KL,Capital A Berhad,Malaysia,Passenger Airlines,2023,0.128153501,60.89,9.79988996,0.825408373,0.521700493,0.40012256,0.042582609,0.002058569,40377342.05,0.033808774,0.010174553,0.51276544,-80.78801497,-183202396.5,11,16.67,TRUE,83.28,41.31,3.555487154,4.056107349,-1.872255625,2.227003743443206
391,CAPI.KL,Capital A Berhad,Malaysia,Passenger Airlines,2022,0.182292383,72.4,9.656000773,0.903001772,0.515770069,0.400661695,0.044211324,0.000781833,-191175681.8,0.022205659,0.010260128,0.555262973,231.7641611,-889958409.1,7,16.67,TRUE,89.49,57.88,8.861821876,4.069967336,6.403485118,2.7124998534764
392,CBIP.KL,CB Industrial Product Holding Bhd,Malaysia,Machinery,2024,0.48332937,36.25,8.417551974,0.129722111,0.210447904,0.61964957,0.0,0.053394752,-1702775.29,0.076684541,0.02890301,0.419779086,-9.713810014,-6286257.83,5,28.57,0,75.78,14.08,5.114155478,4.074350408,0.782509892,1.8675426836881777
392,CBIP.KL,CB Industrial Product Holding Bhd,Malaysia,Machinery,2023,0.467020856,31.4,8.428418907,0.13969332,0.171132279,0.52871062,0.0,0.081029307,5908932.46,0.079342675,0.079049495,0.428098381,-8.522944774,16393464.05,6,28.57,0,65.56,12.99,3.555487154,4.056107349,-1.872255625,1.0
392,CBIP.KL,CB Industrial Product Holding Bhd,Malaysia,Machinery,2022,0.45827854,32.5,8.437554193,0.145228226,0.193111518,0.551996186,0.0,0.04978279,-13383409.09,0.056683275,0.104835049,0.475567505,37.62668678,-2913181.82,5,14.29,0,69.24,13.98,8.861821876,4.069967336,6.403485118,1.0
393,CBMS.KL,Carlsberg Brewery Malaysia Bhd,Malaysia,Beverages,2024,4.685094031,64.87,8.404264679,0.081313868,0.72396518,0.959475577,0.103016092,0.0,-2351835.27,0.085358421,0.109719019,0.346813883,7.979197646,76263205.01,4,28.57,0,62.3,52.66,5.114155478,4.074350408,0.782509892,2.6553081735792694
393,CBMS.KL,Carlsberg Brewery Malaysia Bhd,Malaysia,Beverages,2023,5.394922944,65.59,8.345641055,0.12910113,0.756912095,0.976913571,0.123420972,0.0,824618.74,0.086092335,0.095875303,0.333764208,-10.16198833,72953812.64,4,28.57,0,49.22,59.82,3.555487154,4.056107349,-1.872255625,2.150620509434056
393,CBMS.KL,Carlsberg Brewery Malaysia Bhd,Malaysia,Beverages,2022,5.018740449,61.04,8.381110977,0.118859562,0.839302961,0.975406766,0.102743705,0.0,3560227.27,0.106833515,0.117597029,0.299989605,28.78170723,73832045.45,4,25.0,0,37.12,55.63,8.861821876,4.069967336,6.403485118,1.868126205622488
394,CELC.KL,CelcomDigi Bhd,Malaysia,Wireless Telecommunication Services,2024,1.26073529,69.92,9.906328264,0.362461838,0.194366064,0.351098297,0.015155691,0.0,-39080125.34,0.006693658,0.007255151,0.325158717,2.708227792,311085049.2,12,30.0,FALSE,90.58,39.42,5.114155478,4.074350408,0.782509892,2.4657020390008126
394,CELC.KL,CelcomDigi Bhd,Malaysia,Wireless Telecommunication Services,2023,1.280393031,66.09,9.899608872,0.356796176,0.203741526,0.369620683,0.033738809,0.0,-179589106.8,0.010138904,0.006771188,0.345119732,79.48654338,341381045.8,18,30.0,FALSE,81.42,39.48,3.555487154,4.056107349,-1.872255625,2.065831009295501
394,CELC.KL,CelcomDigi Bhd,Malaysia,Wireless Telecommunication Services,2022,1.216460512,64.05,9.931032765,0.39657724,0.222631696,0.391860591,0.12221194,0.0,230401136.4,0.147368229,0.004378299,0.36393891,1.173375211,173561136.4,18,30.0,FALSE,67.34,42.61,8.861821876,4.069967336,6.403485118,2.093512356446237
395,CITR.KL,Citra Nusa Holdings Bhd,Malaysia,Distributors,2024,0.463262817,34.44,7.265780525,0.027318614,0.188092552,0.933080661,0.0,0.188235281,323243.06,0.364539125,0.128277498,0.325190876,-3.889928003,-443784.69,4,16.67,TRUE,39.59,21.81,5.114155478,4.074350408,0.782509892,1.740207060718253
395,CITR.KL,Citra Nusa Holdings Bhd,Malaysia,Distributors,2023,0.422574369,37.0,7.259947328,0.032737809,0.170017078,0.891189368,0.0,0.162554509,79919.39,0.291183615,0.132659332,0.345486046,-22.96550105,-353566.45,5,16.67,TRUE,42.81,20.15,3.555487154,4.056107349,-1.872255625,1.0
395,CITR.KL,Citra Nusa Holdings Bhd,Malaysia,Distributors,2022,0.4345846,30.47,7.294462168,0.024309757,0.179158688,0.893351235,0.0,0.150187144,625338.64,0.246999155,0.162618732,0.339620156,-1.514619636,-508965.91,5,16.67,TRUE,49.49,6.3,8.861821876,4.069967336,6.403485118,1.9919762393966955
396,CJCE.KL,CJ Century Logistics Holdings Bhd,Malaysia,Air Freight & Logistics,2024,0.137190289,38.8,8.216056574,0.21755278,0.27675112,0.696180128,0.0,0.103123158,-2543867.5,0.1236147,0.044576695,0.569747455,-3.652731172,-1707923.01,4,11.11,TRUE,14.16,34.68,5.114155478,4.074350408,0.782509892,1.8843427812054063
396,CJCE.KL,CJ Century Logistics Holdings Bhd,Malaysia,Air Freight & Logistics,2023,0.137484239,28.13,8.215127031,0.222649555,0.257296705,0.639551345,0.0,0.109002179,2725708.06,0.117348735,0.031779579,0.576870127,-24.11548498,2571459.69,4,11.11,TRUE,8.56,24.75,3.555487154,4.056107349,-1.872255625,1.4622811137798402
396,CJCE.KL,CJ Century Logistics Holdings Bhd,Malaysia,Air Freight & Logistics,2022,0.125448751,31.71,8.24205385,0.229822833,0.264196747,0.626534921,0.0,0.090588176,6013863.64,0.119790927,0.048846935,0.556834497,4.444835582,6400681.82,4,11.11,TRUE,9.32,28.24,8.861821876,4.069967336,6.403485118,1.8736385608826205
398,CNON.KL,Can-One Bhd,Malaysia,Containers & Packaging,2024,0.091758695,35.83,8.9929706,0.42524812,0.290204819,0.493219768,0.173784328,0.025750728,5526633.84,0.09747978,0.16233329,0.583892141,7.400209288,-5762981.2,4,11.11,0,41.24,13.51,5.114155478,4.074350408,0.782509892,1.2408139865986658
398,CNON.KL,Can-One Bhd,Malaysia,Containers & Packaging,2024,0.091758695,35.83,8.9929706,0.42524812,0.290204819,0.493219768,0.173784328,0.025750728,5526633.84,0.09747978,0.16233329,0.583892141,7.400209288,-5762981.2,4,11.11,0,41.24,13.51,5.114155478,4.074350408,0.782509892,2.804798500139177
398,CNON.KL,Can-One Bhd,Malaysia,Containers & Packaging,2023,0.092902578,34.12,8.989777947,0.393043982,0.313598065,0.534222304,0.231049034,0.005461246,193899.78,0.087026459,0.178800043,0.578809991,-7.579298731,6235947.71,4,10.0,0,40.69,10.69,3.555487154,4.056107349,-1.872255625,1.063868003235477
398,CNON.KL,Can-One Bhd,Malaysia,Containers & Packaging,2023,0.092902578,34.12,8.989777947,0.393043982,0.313598065,0.534222304,0.231049034,0.005461246,193899.78,0.087026459,0.178800043,0.578809991,-7.579298731,6235947.71,4,10.0,0,40.69,10.69,3.555487154,4.056107349,-1.872255625,2.0794854162239536
398,CNON.KL,Can-One Bhd,Malaysia,Containers & Packaging,2022,0.095260205,35.84,8.986321027,0.375992624,0.319366644,0.558737841,0.164703964,0.034242407,31215000.0,0.092233882,0.202383306,0.545875021,11.29156057,19974545.45,6,20.0,0,48.26,12.53,8.861821876,4.069967336,6.403485118,1.405016582188913
398,CNON.KL,Can-One Bhd,Malaysia,Containers & Packaging,2022,0.095260205,35.84,8.986321027,0.375992624,0.319366644,0.558737841,0.164703964,0.034242407,31215000.0,0.092233882,0.202383306,0.545875021,11.29156057,19974545.45,6,20.0,0,48.26,12.53,8.861821876,4.069967336,6.403485118,2.098053241369839
399,COMF.KL,Comfort Gloves Bhd,Malaysia,Health Care Equipment & Supplies,2024,0.122161748,28.97,8.321172627,0.053200117,0.117977278,0.903644782,0.51672238,0.0,-18827446.28,0.175325876,0.116124745,0.46192593,9.310771263,-12508563.12,5,33.33,TRUE,9.16,25.51,5.114155478,4.074350408,0.782509892,1.9974705836741984
399,COMF.KL,Comfort Gloves Bhd,Malaysia,Health Care Equipment & Supplies,2023,0.118552932,33.0,8.322296343,0.043944252,0.083456549,0.852620266,1.754732031,0.0,1442178.65,0.238764005,0.08847344,0.449487933,-48.50776275,-8020233.12,5,33.33,TRUE,17.73,26.96,3.555487154,4.056107349,-1.872255625,0.0
399,COMF.KL,Comfort Gloves Bhd,Malaysia,Health Care Equipment & Supplies,2022,0.110840447,29.06,8.352438904,0.036034559,0.085413137,0.85863962,1.590407585,0.0,-19723990.91,0.190331224,0.110726936,0.449226508,-58.71442358,-9614436.36,5,33.33,TRUE,25.26,7.73,8.861821876,4.069967336,6.403485118,1.0
400,CSTH.KL,CSC Steel Holdings Bhd,Malaysia,Metals & Mining,2024,0.440837352,36.24,8.336116546,0.0,0.054578188,0.771455251,0.450334857,0.0,5738898.84,0.393161782,0.31788545,0.160168703,-0.274626097,7644845.57,5,42.86,0,70.46,24.76,5.114155478,4.074350408,0.782509892,1.0
400,CSTH.KL,CSC Steel Holdings Bhd,Malaysia,Metals & Mining,2023,0.448455918,36.63,8.328675172,0.0,0.064370355,0.807548969,0.309579186,0.0,15986882.35,0.356246049,0.33853467,0.162742826,-12.0197791,10779488.02,5,25.0,0,73.0,29.82,3.555487154,4.056107349,-1.872255625,1.0
400,CSTH.KL,CSC Steel Holdings Bhd,Malaysia,Metals & Mining,2022,0.449092435,30.45,8.328987723,0.0,0.063428717,0.772928119,0.983406152,0.0,9517304.55,0.246202127,0.354839825,0.174065282,9.049870885,3319997.73,5,25.0,0,73.96,15.42,8.861821876,4.069967336,6.403485118,0.0
401,CTPB.KL,Chin Teck Plantations Bhd,Malaysia,Food Products,2024,0.940960418,24.66,8.349277388,0.011018372,0.020932879,0.34582267,3.492186567,0.0,-1832248.73,0.506568725,0.020708803,0.207963806,38.28989809,20228263.08,5,14.29,0,49.44,28.52,5.114155478,4.074350408,0.782509892,2.284651940779959
401,CTPB.KL,Chin Teck Plantations Bhd,Malaysia,Food Products,2023,1.048002145,20.07,8.293438442,0.012128091,0.017337303,0.300855019,4.244898098,0.0,1248222.99,0.433690117,0.018787843,0.206550981,-23.76127303,11509519.09,6,12.5,0,56.5,10.83,3.555487154,4.056107349,-1.872255625,1.8335223344894136
401,CTPB.KL,Chin Teck Plantations Bhd,Malaysia,Food Products,2022,1.096794199,22.54,8.279151628,0.0,0.019799788,0.403278135,4.072098914,0.0,13357981.67,0.475725169,0.024591679,0.149637858,32.2988559,24031238.27,5,0.0,0,62.97,12.85,8.861821876,4.069967336,6.403485118,1.8335223344894136
402,CYLC.KL,CYL Corp Bhd,Malaysia,Containers & Packaging,2024,0.26606073,10.06,7.462208051,0.001851255,0.047004824,0.3341764,0.174358275,0.0,-370973.03,0.083046737,0.042429247,0.804506767,19.01083567,-91224.72,6,25.0,0,30.22,1.51,5.114155478,4.074350408,0.782509892,0.0
402,CYLC.KL,CYL Corp Bhd,Malaysia,Containers & Packaging,2023,0.505069748,6.47,7.183837473,0.0,0.072331193,0.481665414,0.242197766,0.0,-418544.53,0.08948742,0.059932783,0.71144593,-13.64700267,-332104.93,6,37.5,0,23.36,1.06,3.555487154,4.056107349,-1.872255625,0.0
402,CYLC.KL,CYL Corp Bhd,Malaysia,Containers & Packaging,2022,0.448230673,8.26,7.236615788,0.0,0.057321568,0.415818542,0.589306909,0.0,526722.97,0.120684693,0.071097458,0.690809947,-10.84105541,-41222.14,6,37.5,0,28.82,1.69,8.861821876,4.069967336,6.403485118,0.0
403,CHIN.KL,Chin Hin Group Property Bhd,Malaysia,Machinery,2024,1.454401754,28.15,8.402102467,0.355389457,0.388114061,0.61176038,0.058581199,0.0,434149.51,0.07122779,0.524975233,0.046878457,21.81717989,5781342.88,6,28.57,0,26.9,18.97,5.114155478,4.074350408,0.782509892,2.5922572811529165
403,CHIN.KL,Chin Hin Group Property Bhd,Malaysia,Machinery,2023,1.365048585,26.64,8.422150726,0.321720186,0.470716858,0.657755778,0.068718886,0.0,-6467516.34,0.158230856,0.405124229,0.064892275,76.46066559,7957244.01,5,28.57,0,19.25,11.54,3.555487154,4.056107349,-1.872255625,1.302833031518337
403,CHIN.KL,Chin Hin Group Property Bhd,Malaysia,Machinery,2022,2.030914847,32.14,8.246742663,0.332017261,0.425548683,0.584315014,0.176713778,0.0,8994193.18,0.139131691,0.29643704,0.07594025,147.924635,2419954.55,5,28.57,0,31.16,11.62,8.861821876,4.069967336,6.403485118,1.659613719139947
404,DEHB.KL,Dayang Enterprise Holdings Bhd,Malaysia,Energy Equipment & Services,2024,0.796322465,36.06,8.785812704,0.047849524,0.178738081,0.571303226,0.362798833,0.0,25601835.27,0.299921251,0.002926504,0.379249569,35.51173344,81601163.83,6,40.0,0,23.35,29.48,5.114155478,4.074350408,0.782509892,1.222650653696988
404,DEHB.KL,Dayang Enterprise Holdings Bhd,Malaysia,Energy Equipment & Services,2023,0.879657516,35.54,8.737652836,0.098398555,0.169263994,0.495935225,0.362000146,0.0,-9023093.68,0.219395204,0.003064816,0.429368737,8.406225539,51237037.04,5,33.33,0,17.42,29.8,3.555487154,4.056107349,-1.872255625,1.1965290883695
404,DEHB.KL,Dayang Enterprise Holdings Bhd,Malaysia,Energy Equipment & Services,2022,0.907917102,31.9,8.729784006,0.173984287,0.158131313,0.407806735,0.726949225,0.0,-5993181.82,0.184447405,0.003194645,0.449759396,39.48551565,28485681.82,5,18.18,0,61.63,15.52,8.861821876,4.069967336,6.403485118,1.1586106234449562
405,DELM.KL,DKSH Holdings (Malaysia) Bhd,Malaysia,Trading Companies & Distributors,2024,0.231479311,39.04,8.891556548,0.191666391,0.687635478,0.960161715,0.039073396,0.0,12196732.32,0.031285268,0.312983646,0.039522226,8.45176817,27556848.7,4,33.33,0,39.82,13.7,5.114155478,4.074350408,0.782509892,3.4835534134433286
405,DELM.KL,DKSH Holdings (Malaysia) Bhd,Malaysia,Trading Companies & Distributors,2023,0.269533424,42.82,8.8254561,0.192587764,0.643742498,0.907122919,0.0,0.012708236,2475381.26,0.012763704,0.283409999,0.047817887,0.700338041,24077342.05,4,50.0,0,44.84,13.31,3.555487154,4.056107349,-1.872255625,1.8948868525864289
405,DELM.KL,DKSH Holdings (Malaysia) Bhd,Malaysia,Trading Companies & Distributors,2022,0.270726442,34.58,8.823564624,0.175796739,0.612956967,0.855738206,5.0095e-6,0.012253114,-18593863.64,0.012684551,0.269515969,0.054574021,0.595372594,23685000.0,4,33.33,0,37.19,18.34,8.861821876,4.069967336,6.403485118,2.4519733170469693
406,DIAL.KL,Dialog Group Bhd,Malaysia,Energy Equipment & Services,2024,1.220734391,57.42,9.314584526,0.185340608,0.179724359,0.638108107,0.0,0.192233257,23027315.91,0.204865712,0.008484004,0.304369228,-11.11213021,73564370.55,7,33.33,0,49.09,60.05,5.114155478,4.074350408,0.782509892,1.4390604158250215
406,DIAL.KL,Dialog Group Bhd,Malaysia,Energy Equipment & Services,2023,1.286938328,60.49,9.287003065,0.189334977,0.112165172,0.381107634,0.894214535,0.0,-31499469.78,0.167830442,0.010373269,0.306029466,3.896925575,128390880.2,10,37.5,0,59.85,59.23,3.555487154,4.056107349,-1.872255625,1.707473971703989
406,DIAL.KL,Dialog Group Bhd,Malaysia,Energy Equipment & Services,2022,1.251166159,60.82,9.300174343,0.234624936,0.135966655,0.391177442,0.599863989,0.0,-25656162.92,0.186324485,0.007609082,0.29534069,22.2448808,111601929.3,9,44.44,0,55.33,69.25,8.861821876,4.069967336,6.403485118,1.3457990724349085
407,DLEU.KL,Deleum Bhd,Malaysia,Energy Equipment & Services,2024,0.882914584,65.71,8.214973782,0.020617139,0.297625039,0.808184143,0.099787486,0.0,-2191642.79,0.323445581,0.061967887,0.124598391,17.71053464,22595011.19,12,12.5,TRUE,64.88,62.1,5.114155478,4.074350408,0.782509892,1.537386094830946
407,DLEU.KL,Deleum Bhd,Malaysia,Energy Equipment & Services,2023,1.064149964,61.83,8.131022997,0.00388327,0.258805908,0.775047168,0.076161757,0.0,6471407.41,0.289911502,0.028577382,0.146857882,8.761354561,13802019.61,11,14.29,TRUE,68.71,51.63,3.555487154,4.056107349,-1.872255625,1.5025732161884648
407,DLEU.KL,Deleum Bhd,Malaysia,Energy Equipment & Services,2022,0.900607364,64.63,8.210133352,0.012310168,0.396795887,0.871338346,0.016595202,0.0,-3372434.09,0.270896445,0.056057083,0.154508828,18.3108165,11581409.09,11,14.29,TRUE,76.79,51.26,8.861821876,4.069967336,6.403485118,1.531643890571785
408,DOVT.KL,D & O Green Technologies Bhd,Malaysia,Semiconductors & Semiconductor Equipment,2024,1.249973858,44.93,8.610847378,0.278682151,0.361335285,0.721484534,0.303020738,0.0,-4981423.46,0.138195792,0.33470415,0.318171001,8.748053262,9576544.32,5,20.0,0,54.58,56.47,5.114155478,4.074350408,0.782509892,1.377110598167122
408,DOVT.KL,D & O Green Technologies Bhd,Malaysia,Semiconductors & Semiconductor Equipment,2023,1.288646206,32.38,8.58770632,0.276765161,0.364636035,0.727209956,0.208909275,0.0,1597603.49,0.156609179,0.325956434,0.29971103,-0.86427457,10390413.94,5,20.0,0,52.86,22.65,3.555487154,4.056107349,-1.872255625,1.377110598167122
408,DOVT.KL,D & O Green Technologies Bhd,Malaysia,Semiconductors & Semiconductor Equipment,2022,1.216638274,35.04,8.560361564,0.269113764,0.333716103,0.687713392,0.079239837,0.0,-7024090.91,0.186185116,0.278693005,0.323692799,9.893975248,18964545.45,6,10.0,0,48.89,27.12,8.861821876,4.069967336,6.403485118,1.2249883932450114
409,DUFU.KL,Dufu Technology Corp Bhd,Malaysia,Machinery,2024,1.502376342,61.23,8.000484073,0.142994399,0.117799936,0.508849336,1.708790055,0.0,-359518.8,0.25006046,0.158509124,0.404624976,17.06477312,5046078.78,4,33.33,FALSE,78.05,34.59,5.114155478,4.074350408,0.782509892,1.7104541901062915
409,DUFU.KL,Dufu Technology Corp Bhd,Malaysia,Machinery,2023,1.625535373,61.28,7.958713247,0.113428438,0.077448906,0.420076313,1.608726319,0.0,-990355.12,0.233104327,0.163954666,0.35483939,-28.17086953,5304647.06,4,16.67,0,76.47,33.6,3.555487154,4.056107349,-1.872255625,1.8250248918511844
409,DUFU.KL,Dufu Technology Corp Bhd,Malaysia,Machinery,2022,1.522265504,56.05,7.984321389,0.134647956,0.081956703,0.415552527,1.441083861,0.0,5204731.82,0.264467043,0.224295799,0.328983226,-18.43143593,15230304.55,4,16.67,FALSE,71.09,20.99,8.861821876,4.069967336,6.403485118,1.260019697895941
410,DUOP.KL,Duopharma Biotech Bhd,Malaysia,Pharmaceuticals,2024,1.014125514,62.05,8.489083418,0.372371688,0.129177484,0.266173258,0.580369132,0.093442384,-1333258.73,0.202038067,0.180390512,0.411893894,18.61517601,14020814.68,10,50.0,0,95.79,24.1,5.114155478,4.074350408,0.782509892,2.6980609042574626
410,DUOP.KL,Duopharma Biotech Bhd,Malaysia,Pharmaceuticals,2023,1.028194563,61.87,8.466953188,0.406927186,0.123948897,0.253381397,0.592857828,0.120281607,24589324.62,0.212211079,0.180701565,0.432941675,-3.037345993,11469498.91,12,40.0,0,93.72,23.51,3.555487154,4.056107349,-1.872255625,2.318863904493898
410,DUOP.KL,Duopharma Biotech Bhd,Malaysia,Pharmaceuticals,2022,1.095582257,57.87,8.443589741,0.35164524,0.216537266,0.466900301,0.254116731,0.064275946,4467500.0,0.128148743,0.192466931,0.474596925,3.156042346,15934545.45,17,40.0,0,78.88,19.74,8.861821876,4.069967336,6.403485118,1.9131590467019863
411,ECOW.KL,Eco World Development Group Bhd,Malaysia,Real Estate Management & Development,2024,0.741759781,72.73,9.309542618,0.255715634,0.230913996,0.511350385,0.272095694,0.0,31550171.43,0.16586164,0.130793423,0.014651245,10.3781047,69380342.86,7,36.36,TRUE,67.72,79.51,5.114155478,4.074350408,0.782509892,1.6662951785210165
411,ECOW.KL,Eco World Development Group Bhd,Malaysia,Real Estate Management & Development,2023,0.820617406,79.45,9.271739324,0.286240249,0.23045234,0.496857349,0.236574789,0.0,-117609197.8,0.141116856,0.111171454,0.016208306,8.145415132,39757034.86,6,33.33,TRUE,79.43,83.51,3.555487154,4.056107349,-1.872255625,1.5688206151857709
411,ECOW.KL,Eco World Development Group Bhd,Malaysia,Real Estate Management & Development,2022,0.758698476,65.88,9.298621477,0.299557774,0.271939735,0.548384287,0.424948135,0.0,101719847.7,0.118215199,0.101879459,0.015956423,-12.38622478,33264705.88,9,30.77,TRUE,56.66,60.38,8.861821876,4.069967336,6.403485118,1.8779466887847336
412,EKOV.KL,Ekovest Bhd,Malaysia,Construction & Engineering,2024,0.110875572,28.77,9.388015189,0.580595404,0.159130776,0.198726351,0.039256038,0.018209423,-5941463.41,0.041934166,0.016558723,0.066327245,1.600421648,-25070625.66,6,33.33,0,69.33,7.02,5.114155478,4.074350408,0.782509892,1.3399648515029698
412,EKOV.KL,Ekovest Bhd,Malaysia,Construction & Engineering,2023,0.111001016,26.26,9.387524109,0.600595725,0.128467731,0.161080306,0.058222566,0.027476348,-917041.8,0.056809958,0.019086572,0.074914369,30.47599306,-23434941.05,7,37.5,0,70.14,4.36,3.555487154,4.056107349,-1.872255625,1.6606421470599724
412,EKOV.KL,Ekovest Bhd,Malaysia,Construction & Engineering,2022,0.107932898,17.58,9.406229635,0.611252211,0.125938908,0.160328915,0.055497012,0.015146782,-27028824.33,0.077664451,0.028921548,0.075809264,-43.7713669,-28017703.13,9,33.33,0,48.86,0.0,8.861821876,4.069967336,6.403485118,1.917979766765392
414,ELSR.KL,Elsoft Research Bhd,Malaysia,Semiconductors & Semiconductor Equipment,2024,1.907388708,17.5,7.406135712,0.0,0.033145114,0.781961685,1.112702897,0.0,-1203265.44,0.561858244,0.023348222,0.158381853,-11.23923817,494039.84,5,22.22,TRUE,31.38,1.42,5.114155478,4.074350408,0.782509892,1.3790036156455896
414,ELSR.KL,Elsoft Research Bhd,Malaysia,Semiconductors & Semiconductor Equipment,2023,1.561780026,14.72,7.485531037,0.0,0.032483088,0.762332545,2.073680261,0.0,-380274.51,0.619597633,0.02234059,0.133058803,-45.1587279,1530324.62,4,25.0,TRUE,31.28,1.77,3.555487154,4.056107349,-1.872255625,0.0
414,ELSR.KL,Elsoft Research Bhd,Malaysia,Semiconductors & Semiconductor Equipment,2022,1.391388203,13.08,7.536631115,0.0,0.076002741,0.923418328,0.973624375,0.0,-372154.55,0.576428915,0.024063494,0.127004248,-8.887696051,9765704.55,5,28.57,TRUE,24.68,0.26,8.861821876,4.069967336,6.403485118,1.0
415,ENOB.KL,Eastern & Oriental Bhd,Malaysia,Real Estate Management & Development,2024,0.486402229,54.97,9.013514086,0.380949144,0.146896676,0.297522088,0.204403358,0.0,-41597745.21,0.073350662,0.125151497,0.049618211,86.62886471,40971138.67,5,16.67,0,38.07,72.87,5.114155478,4.074350408,0.782509892,1.6911741701490972
415,ENOB.KL,Eastern & Oriental Bhd,Malaysia,Real Estate Management & Development,2023,0.582631517,60.65,8.932522859,0.372621798,0.108714327,0.232455918,0.757295978,0.0,-38676760.19,0.091557111,0.114452758,0.055923236,24.13941862,29880995.24,5,16.67,0,55.22,63.19,3.555487154,4.056107349,-1.872255625,1.0
415,ENOB.KL,Eastern & Oriental Bhd,Malaysia,Real Estate Management & Development,2022,0.570794058,64.37,8.95009837,0.395605329,0.149715095,0.308485748,0.783305809,0.0,94141043.08,0.160017235,0.101159233,0.061487439,115.7642806,11740136.05,6,16.67,0,67.21,50.77,8.861821876,4.069967336,6.403485118,1.405016582188913
416,EPMB.KL,EP Manufacturing Bhd,Malaysia,Automobile Components,2024,0.178147572,25.46,8.166910487,0.24805351,0.388161193,0.869015166,0.0,0.137548939,8163607.88,0.155323775,0.078021156,0.389476379,-6.023751839,3896374.22,7,14.29,FALSE,57.12,11.65,5.114155478,4.074350408,0.782509892,1.377110598167122
416,EPMB.KL,EP Manufacturing Bhd,Malaysia,Automobile Components,2023,0.186867283,20.0,8.128898118,0.316665182,0.427739413,0.846106789,0.0,0.087381093,-1491503.27,0.089115458,0.10311445,0.357390241,20.6990927,4405446.62,7,12.5,FALSE,49.89,4.46,3.555487154,4.056107349,-1.872255625,1.826725625487894
416,EPMB.KL,EP Manufacturing Bhd,Malaysia,Automobile Components,2022,0.181069582,20.27,8.14351442,0.298833586,0.475544827,0.886518841,0.0,0.09972824,5218636.36,0.113414906,0.066561708,0.345258238,41.55564425,90681.82,5,11.11,FALSE,52.94,5.56,8.861821876,4.069967336,6.403485118,1.674669872147481
417,ESCM.KL,ES Ceramics Technology Bhd,Malaysia,Building Products,2024,0.19797189,23.73,7.905915281,0.101179511,0.323541561,0.761876514,0.0,0.223499904,-2003388.2,0.263001663,0.030766835,0.298069086,42.07780567,1514808.37,4,20.0,TRUE,34.43,13.06,5.114155478,4.074350408,0.782509892,1.0
417,ESCM.KL,ES Ceramics Technology Bhd,Malaysia,Building Products,2023,0.232961784,30.78,7.835234127,0.099744375,0.32635345,0.768627098,0.0,0.264103927,9188358.84,0.279384448,0.027698605,0.311405154,33.19566656,125977.89,5,20.0,TRUE,65.99,10.91,3.555487154,4.056107349,-1.872255625,1.0
417,ESCM.KL,ES Ceramics Technology Bhd,Malaysia,Building Products,2022,0.246398026,30.33,7.811810118,0.096752263,0.35983417,0.779703081,0.0,0.170338514,-4187357.47,0.316728151,0.032578544,0.353166283,122.0935899,4945629.74,5,0.0,0,65.46,7.0,8.861821876,4.069967336,6.403485118,1.0
418,ETEX.KL,Engtex Group Bhd,Malaysia,Trading Companies & Distributors,2024,0.306305658,41.67,8.545582571,0.37365311,0.42236706,0.887720539,0.208180385,0.0,10987690.24,0.088544636,0.304115371,0.299901928,2.138930219,2280886.3,5,37.5,0,37.88,38.11,5.114155478,4.074350408,0.782509892,1.4140646623328763
418,ETEX.KL,Engtex Group Bhd,Malaysia,Trading Companies & Distributors,2023,0.29762901,40.82,8.542550163,0.404821053,0.457054335,0.920480006,0.050844886,0.0,-10060566.45,0.047928062,0.338832965,0.289729807,-2.423541755,2220043.57,5,37.5,0,37.84,35.27,3.555487154,4.056107349,-1.872255625,1.0
418,ETEX.KL,Engtex Group Bhd,Malaysia,Trading Companies & Distributors,2022,0.304152029,43.05,8.541888574,0.383668637,0.43936824,0.91419167,0.090410804,0.0,455454.55,0.085829565,0.334101029,0.286371845,15.96122573,7800909.09,5,28.57,0,48.62,39.69,8.861821876,4.069967336,6.403485118,1.2704335208780608
419,EVGN.KL,Evergreen Fibreboard Bhd,Malaysia,Paper & Forest Products,2024,0.109625442,44.01,8.506020122,0.187923859,0.21660257,0.696476499,0.37427405,0.016100584,-11654691.14,0.101094712,0.149608498,0.672711604,11.70869621,456376.45,5,37.5,TRUE,67.95,26.23,5.114155478,4.074350408,0.782509892,1.5659423633189018
419,EVGN.KL,Evergreen Fibreboard Bhd,Malaysia,Paper & Forest Products,2023,0.113951848,40.85,8.501444561,0.164747529,0.226763782,0.717609179,0.53329378,0.013476668,16466869.28,0.148467324,0.128840367,0.636017144,-23.4041326,-8120971.68,5,33.33,TRUE,53.73,26.94,3.555487154,4.056107349,-1.872255625,1.7323468408833675
419,EVGN.KL,Evergreen Fibreboard Bhd,Malaysia,Paper & Forest Products,2022,0.121356323,27.42,8.475032058,0.114228059,0.176359691,0.768293664,0.391489277,0.019029466,5506109.09,0.080111385,0.165938011,0.669314647,11.60313097,-5927906.82,5,37.5,TRUE,55.27,9.15,8.861821876,4.069967336,6.403485118,1.4072338962368458
421,FMHB.KL,FM Global Logistics Holdings Bhd,Malaysia,Marine Transportation,2024,0.369341358,52.03,8.310732657,0.281581328,0.279164436,0.553756802,0.402501175,0.0,1223990.5,0.131365352,0.0,0.551788977,30.53190943,8349643.71,5,37.5,0,51.37,32.27,5.114155478,4.074350408,0.782509892,1.7731429374363716
421,FMHB.KL,FM Global Logistics Holdings Bhd,Malaysia,Marine Transportation,2023,0.435586612,60.09,8.242879066,0.278457317,0.246194638,0.517262723,0.444981213,0.0,-6026086.96,0.132397471,0.0,0.559510343,-14.71516618,7149734.89,5,37.5,0,70.79,41.29,3.555487154,4.056107349,-1.872255625,1.4236551684651853
421,FMHB.KL,FM Global Logistics Holdings Bhd,Malaysia,Marine Transportation,2022,0.517003812,48.96,8.169388374,0.218900982,0.218551216,0.493711764,0.702122997,0.0,3069882.1,0.155138322,0.0,0.513807031,-22.31128459,10107609.86,5,37.5,0,71.1,23.86,8.861821876,4.069967336,6.403485118,1.769657281136756
422,FRAS.KL,Fraser & Neave Holdings Bhd,Malaysia,Beverages,2024,1.755917524,71.08,9.123340021,0.138999214,0.202702651,0.584519202,0.0,0.207301994,25075467.12,0.252861097,0.136078752,0.382652078,19.45500798,132081533.6,7,27.27,FALSE,75.05,66.08,5.114155478,4.074350408,0.782509892,2.312680568003428
422,FRAS.KL,Fraser & Neave Holdings Bhd,Malaysia,Beverages,2023,2.092268895,69.13,9.037061484,0.15022174,0.166398813,0.480976489,0.0,0.201801896,121369340.6,0.243084432,0.149499072,0.381841989,10.48845268,115484819.4,7,36.36,FALSE,80.04,62.59,3.555487154,4.056107349,-1.872255625,2.514196296528215
422,FRAS.KL,Fraser & Neave Holdings Bhd,Malaysia,Beverages,2022,2.624080754,70.28,8.956229579,0.074004147,0.198858883,0.689793205,0.0,0.110218989,-20171089.54,0.114832811,0.215093435,0.377145441,-2.292625087,82474433.66,7,36.36,FALSE,76.57,69.97,8.861821876,4.069967336,6.403485118,2.0647658095495847
423,FRKN.KL,Frontken Corporation Bhd,Malaysia,Commercial Services & Supplies,2024,7.599218878,59.45,8.344882554,0.029115911,0.189983788,0.700827747,1.88062929,0.0,23101886.75,0.601690713,0.021482841,0.260380134,16.91444234,33814115.94,5,33.33,TRUE,34.76,68.49,5.114155478,4.074350408,0.782509892,1.4358833699095293
423,FRKN.KL,Frontken Corporation Bhd,Malaysia,Commercial Services & Supplies,2023,8.578182847,58.74,8.285338972,0.037414439,0.187948168,0.681303864,1.89991681,0.0,16760420.48,0.499228902,0.025219772,0.306565634,-7.296557205,27089128.54,5,20.0,TRUE,34.26,49.76,3.555487154,4.056107349,-1.872255625,1.436962256116297
423,FRKN.KL,Frontken Corporation Bhd,Malaysia,Commercial Services & Supplies,2022,8.997888001,30.79,8.262785657,0.065319966,0.230695807,0.722354926,1.707152126,0.0,5700461.36,0.451041646,0.026410645,0.32864197,8.711370356,30719895.45,6,16.67,TRUE,13.78,37.46,8.861821876,4.069967336,6.403485118,1.6040541225146543
424,GADA.KL,Gadang Holdings Bhd,Malaysia,Construction & Engineering,2024,0.14317078,46.75,8.512177666,0.144836252,0.351743324,0.858630372,0.269467933,0.0,17351046.32,0.206037999,0.289912534,0.016596031,52.31932931,1645426.76,6,33.33,0,58.88,24.63,5.114155478,4.074350408,0.782509892,1.940277096154872
424,GADA.KL,Gadang Holdings Bhd,Malaysia,Construction & Engineering,2023,0.154549004,39.94,8.470011005,0.135303727,0.316092385,0.735764274,0.191886989,0.0,-9653273.81,0.120999422,0.385558719,0.022438492,15.36595054,105229.59,6,33.33,TRUE,46.87,17.93,3.555487154,4.056107349,-1.872255625,2.3504089091288174
424,GADA.KL,Gadang Holdings Bhd,Malaysia,Construction & Engineering,2022,0.151786402,27.31,8.478772879,0.163282759,0.235752494,0.54883438,0.391204912,0.0,-16254064.6,0.132601428,0.407633894,0.026261668,-27.80691138,-8930414.05,6,33.33,TRUE,37.84,11.53,8.861821876,4.069967336,6.403485118,2.2593909464262087
425,GAMU.KL,Gamuda Bhd,Malaysia,Construction & Engineering,2024,1.329196414,79.55,9.763821774,0.298003321,0.296154103,0.516249645,0.211285523,0.0,-50784189.9,0.13836358,0.212228072,0.069979211,59.3549813,205360627.2,4,42.86,0,81.61,84.7,5.114155478,4.074350408,0.782509892,2.4186140854139
425,GAMU.KL,Gamuda Bhd,Malaysia,Construction & Engineering,2023,1.452845994,73.09,9.723640302,0.292317663,0.288035159,0.526010974,0.250404533,0.0,204604393.2,0.203456604,0.194117071,0.076465586,65.49739043,185649434.2,8,57.14,0,67.92,78.63,3.555487154,4.056107349,-1.872255625,1.8573008537504248
425,GAMU.KL,Gamuda Bhd,Malaysia,Construction & Engineering,2022,1.709589964,76.2,9.658533093,0.236417844,0.313367905,0.613036914,0.130197421,0.0,134473246.4,0.17990105,0.131635546,0.057978428,32.16696105,166684802.2,8,42.86,0,82.27,79.44,8.861821876,4.069967336,6.403485118,1.8573008537504248
426,GENM.KL,Genting Malaysia Bhd,Malaysia,"Hotels, Restaurants & Leisure",2024,0.436371689,70.85,9.805757551,0.466220237,0.116993496,0.20077735,0.613248758,0.052402389,-77954341.99,0.125135352,0.006538922,0.52092245,10.01383571,36280214.86,5,22.22,TRUE,41.33,86.85,5.114155478,4.074350408,0.782509892,1.99771776749015
426,GENM.KL,Genting Malaysia Bhd,Malaysia,"Hotels, Restaurants & Leisure",2023,0.450947455,65.82,9.802319025,0.446534551,0.108029949,0.193105565,0.858301011,0.040726748,183267973.9,0.130091939,0.006151257,0.524725237,13.53733067,78627450.98,4,10.0,TRUE,30.82,77.51,3.555487154,4.056107349,-1.872255625,1.9640974789466727
426,GENM.KL,Genting Malaysia Bhd,Malaysia,"Hotels, Restaurants & Leisure",2022,0.434033863,68.03,9.81338384,0.450560581,0.13092103,0.234346769,0.571443816,0.014005798,-363022727.3,0.094738126,0.005260033,0.566085711,95.86610445,-151681818.2,6,16.67,TRUE,35.86,82.04,8.861821876,4.069967336,6.403485118,1.17903883145513
427,GENP.KL,Genting Plantations Bhd,Malaysia,Food Products,2024,0.490340205,57.52,9.333255491,0.328116186,0.232403246,0.514269042,0.373656736,0.074087759,186173008.1,0.225483567,0.03579693,0.565516892,1.740918873,74967547.0,4,20.0,TRUE,35.9,73.49,5.114155478,4.074350408,0.782509892,2.753373157438688
427,GENP.KL,Genting Plantations Bhd,Malaysia,Food Products,2023,0.559044788,55.29,9.271020796,0.244707394,0.117263347,0.310755202,0.587838416,0.039402397,-114857952.1,0.114329991,0.026336121,0.655446719,-10.85106343,57905882.35,4,10.0,TRUE,31.13,65.83,3.555487154,4.056107349,-1.872255625,2.811543935784192
427,GENP.KL,Genting Plantations Bhd,Malaysia,Food Products,2022,0.536139435,56.93,9.300625815,0.27631863,0.130174501,0.319483476,0.126842993,0.140435751,-12399772.73,0.170157563,0.03284271,0.608509689,-3.561380744,109847954.6,4,11.11,TRUE,35.36,69.68,8.861821876,4.069967336,6.403485118,2.1605923506843743
428,GENT.KL,Genting Bhd,Malaysia,"Hotels, Restaurants & Leisure",2024,0.111082935,70.17,10.37146063,0.384518474,0.103543528,0.149391613,0.431669684,0.168482201,-281154879.1,0.217395556,0.009465902,0.561731038,4.99738372,452394807.5,4,12.5,TRUE,31.45,84.49,5.114155478,4.074350408,0.782509892,1.6342862303541383
428,GENT.KL,Genting Bhd,Malaysia,"Hotels, Restaurants & Leisure",2023,0.110675442,71.43,10.3668964,0.372792718,0.09604442,0.140259747,0.507046234,0.17276445,379302832.2,0.223516554,0.008114466,0.561062547,16.13827729,493943355.1,5,12.5,TRUE,31.14,85.0,3.555487154,4.056107349,-1.872255625,1.6616918688133742
428,GENT.KL,Genting Bhd,Malaysia,"Hotels, Restaurants & Leisure",2022,0.113972162,72.42,10.36731186,0.389375239,0.087383035,0.126458152,0.581450388,0.163013025,-150704545.5,0.20488483,0.008151432,0.575652427,56.56986383,10113636.36,5,12.5,TRUE,29.85,90.11,8.861821876,4.069967336,6.403485118,1.6851756926128223
429,GESH.KL,GE-SHEN Corporation Bhd,Malaysia,Containers & Packaging,2024,1.86978383,13.54,7.914145632,0.347865574,0.242832519,0.503574499,0.420829777,0.0,3782229.19,0.146394292,0.12232174,0.328438646,10.24712239,2872426.14,6,40.0,FALSE,16.44,5.41,5.114155478,4.074350408,0.782509892,0.0
429,GESH.KL,GE-SHEN Corporation Bhd,Malaysia,Containers & Packaging,2023,2.294474852,10.84,7.830648761,0.338892357,0.31219553,0.592492626,0.234535073,0.0,2522657.95,0.100667577,0.15912879,0.465944412,-3.116600304,1982788.67,5,33.33,TRUE,13.46,0.39,3.555487154,4.056107349,-1.872255625,0.0
429,GESH.KL,GE-SHEN Corporation Bhd,Malaysia,Containers & Packaging,2022,2.473351044,16.11,7.796285696,0.369767163,0.345429907,0.627260313,0.120401338,0.0,875454.55,0.072516861,0.139644042,0.484470876,0.083563348,2180454.55,5,28.57,0,28.86,0.44,8.861821876,4.069967336,6.403485118,1.0
430,GKMS.KL,George Kent (Malaysia) Bhd,Malaysia,Construction & Engineering,2024,0.259551821,49.68,8.230311229,0.269530364,0.328984186,0.958399363,0.0,0.32594456,-5252536.64,0.381692462,0.094660951,0.178908096,8.906038751,979706.88,4,33.33,0,63.34,28.5,5.114155478,4.074350408,0.782509892,1.9321259736050904
430,GKMS.KL,George Kent (Malaysia) Bhd,Malaysia,Construction & Engineering,2023,0.269044013,49.71,8.221242844,0.263013591,0.17810877,0.490264129,0.0,0.349026573,6432609.85,0.359944617,0.105491701,0.176700348,-49.17777315,-5475489.68,5,33.33,0,68.98,25.04,3.555487154,4.056107349,-1.872255625,1.8322398570677565
430,GKMS.KL,George Kent (Malaysia) Bhd,Malaysia,Construction & Engineering,2022,0.24146192,50.32,8.262615191,0.247219556,0.172597497,0.497442177,0.549618211,0.0,-8578231.29,0.309670496,0.131337053,0.161859699,-33.71949955,162131.52,9,16.67,0,61.17,27.01,8.861821876,4.069967336,6.403485118,1.581251309864881
431,GOLD.KL,Golden Land Bhd,Malaysia,Real Estate Management & Development,2024,0.087461091,25.4,8.124047817,0.318522462,0.242134885,0.520940901,0.315493537,0.0,960294.8,0.07415487,0.113728458,0.621710747,55.51743317,-3366965.01,6,33.33,TRUE,38.49,6.66,5.114155478,4.074350408,0.782509892,1.598747623367749
431,GOLD.KL,Golden Land Bhd,Malaysia,Real Estate Management & Development,2023,0.084899814,23.56,8.136955969,0.314292432,0.225207334,0.564193845,0.296182042,0.0,-5869702.04,0.061961715,0.143759079,0.642743576,32.20698071,-3081858.52,5,33.33,TRUE,31.44,7.57,3.555487154,4.056107349,-1.872255625,1.8746088685049744
431,GOLD.KL,Golden Land Bhd,Malaysia,Real Estate Management & Development,2022,0.079034634,19.31,8.16897379,0.319809401,0.234960688,0.557536951,0.454637119,0.0,-237044.94,0.10914196,0.156834827,0.571905041,-33.37898054,-5117076.71,5,33.33,TRUE,23.18,7.92,8.861821876,4.069967336,6.403485118,1.312369311765645
432,GOPK.KL,Gopeng Bhd,Malaysia,Food Products,2024,0.446797983,31.43,8.157101991,0.00056272,0.294034929,0.773684383,0.0,0.0,5819997.76,0.080053302,0.000376087,0.558606093,3066.085744,5307981.2,5,12.5,0,49.33,45.58,5.114155478,4.074350408,0.782509892,2.135284383222934
432,GOPK.KL,Gopeng Bhd,Malaysia,Food Products,2023,0.49748659,30.28,8.110431817,0.0,0.274946153,0.760159334,0.0,0.0,1168640.52,0.20129664,0.000553071,0.609780215,-33.27264396,-155960.78,5,0.0,0,59.3,27.18,3.555487154,4.056107349,-1.872255625,2.361789092845881
432,GOPK.KL,Gopeng Bhd,Malaysia,Food Products,2022,0.933165918,19.89,7.831651991,0.006697694,0.013555598,0.132009362,0.0,0.0,-783875.0,0.210419949,0.004137333,0.72430957,-15.32307121,-831115.91,5,0.0,0,44.78,15.56,8.861821876,4.069967336,6.403485118,2.2594843781109084
433,HAPS.KL,Hap Seng Consolidated Bhd,Malaysia,Industrial Conglomerates,2024,0.345300278,43.35,9.629451695,0.382801683,0.219156551,0.377311187,0.29905891,0.092963709,-88234556.85,0.199767125,0.097307639,0.255968459,-4.956439212,172787824.5,7,11.11,0,41.91,61.3,5.114155478,4.074350408,0.782509892,2.10492178911868
433,HAPS.KL,Hap Seng Consolidated Bhd,Malaysia,Industrial Conglomerates,2023,0.350417191,40.31,9.608880914,0.373620382,0.236087149,0.408678168,0.271323988,0.061475068,183530065.4,0.174549141,0.093087399,0.249331149,-17.94964529,197928540.3,6,11.11,0,35.7,56.16,3.555487154,4.056107349,-1.872255625,1.7440779626554348
433,HAPS.KL,Hap Seng Consolidated Bhd,Malaysia,Industrial Conglomerates,2022,0.350531078,42.6,9.627325,0.386443729,0.227870225,0.387114838,0.103598026,0.076333617,46823409.09,0.15323245,0.115930288,0.255244798,11.91402228,241564318.2,6,10.0,0,36.93,57.39,8.861821876,4.069967336,6.403485118,1.8718290437524576
434,HEIN.KL,Heineken Malaysia Bhd,Malaysia,Beverages,2024,5.159188457,52.93,8.457160588,0.070556824,0.562320534,0.971689276,0.045127216,0.0,-2424350.94,0.026753458,0.118809112,0.47033092,8.924953851,104464861.2,5,42.86,0,75.29,37.51,5.114155478,4.074350408,0.782509892,1.8170459908819347
434,HEIN.KL,Heineken Malaysia Bhd,Malaysia,Beverages,2023,5.507831715,51.77,8.434203151,0.115378911,0.600570453,0.949809637,0.057821399,0.0,-2012200.44,0.029487474,0.09664999,0.477231169,-11.43622075,84270152.51,6,42.86,0,78.07,34.79,3.555487154,4.056107349,-1.872255625,1.6513989130759112
434,HEIN.KL,Heineken Malaysia Bhd,Malaysia,Beverages,2022,4.817186135,50.39,8.50521814,0.124944167,0.626654481,0.959446295,0.059553434,0.0,-5437500.0,0.045705228,0.135407724,0.370254385,36.5060462,93823636.36,4,42.86,0,71.59,31.74,8.861821876,4.069967336,6.403485118,2.321934922984116
435,HEKR.KL,Hektar Real Estate Investment Trust,Malaysia,Retail REITs,2024,0.243858042,44.25,8.506443146,0.417198541,0.038073473,0.078908041,0.341140359,0.0,-9709357.65,0.014552426,0.0,0.000327038,14.99117132,5509218.89,7,20.0,TRUE,18.75,42.88,5.114155478,4.074350408,0.782509892,2.0256351967680564
435,HEKR.KL,Hektar Real Estate Investment Trust,Malaysia,Retail REITs,2023,0.273222765,40.24,8.457063347,0.427598959,0.020182242,0.04132657,2.385650619,0.0,10809191.72,0.049118734,0.0,0.000315047,-8.994873275,10687886.71,6,50.0,TRUE,25.6,40.74,3.555487154,4.056107349,-1.872255625,1.0
435,HEKR.KL,Hektar Real Estate Investment Trust,Malaysia,Retail REITs,2022,0.279329196,36.13,8.448392428,0.446330068,0.033418362,0.064761862,0.560757555,0.0,-10611770.45,0.017803631,0.0,0.0000368594,15.06033446,16964920.45,5,25.0,TRUE,21.88,36.91,8.861821876,4.069967336,6.403485118,1.0
436,HENY.KL,Hengyuan Refining Company Bhd,Malaysia,"Oil, Gas & Consumable Fuels",2024,0.106990413,51.39,8.926885581,0.381851789,0.596348079,0.857592398,0.301600879,0.0,-78227394.81,0.123741837,0.105938193,0.558120841,14.82170758,-80027081.47,5,33.33,FALSE,76.7,29.43,5.114155478,4.074350408,0.782509892,1.4166131827445372
436,HENY.KL,Hengyuan Refining Company Bhd,Malaysia,"Oil, Gas & Consumable Fuels",2023,0.073029079,52.13,9.089301448,0.305398433,0.661708401,0.880840802,0.275699361,0.0,-46583878.0,0.148890086,0.24678894,0.390120681,-30.17881886,-106442265.8,5,28.57,FALSE,76.53,32.5,3.555487154,4.056107349,-1.872255625,1.2185038596369022
436,HENY.KL,Hengyuan Refining Company Bhd,Malaysia,"Oil, Gas & Consumable Fuels",2022,0.060203384,46.46,9.177538074,0.244193014,0.683753336,0.862735358,0.294806056,0.0,147516363.6,0.230385972,0.226798936,0.311701377,66.65192923,-35827272.73,5,16.67,FALSE,62.56,23.17,8.861821876,4.069967336,6.403485118,1.2249883932450114
437,HEVE.KL,HeveaBoard Bhd,Malaysia,Paper & Forest Products,2024,0.270743186,35.74,8.039324454,0.039904323,0.120567521,0.697062821,0.346180585,0.0,-3038719.79,0.217347172,0.181823386,0.509100573,13.42286737,-1145031.33,5,25.0,0,81.8,19.19,5.114155478,4.074350408,0.782509892,1.8602498611406229
437,HEVE.KL,HeveaBoard Bhd,Malaysia,Paper & Forest Products,2023,0.271407656,29.31,8.038259895,0.037532592,0.130542162,0.760762658,0.285251463,0.0,-8444226.58,0.228541349,0.1867034,0.475609002,-31.13533944,-818736.38,5,25.0,0,76.59,12.64,3.555487154,4.056107349,-1.872255625,1.6142271209120995
437,HEVE.KL,HeveaBoard Bhd,Malaysia,Paper & Forest Products,2022,0.251040025,27.27,8.06308333,0.018082223,0.13922329,0.85360857,0.3509988,0.0,2713181.82,0.217633042,0.206188444,0.448366409,5.299234909,2121136.36,5,22.22,0,77.41,7.03,8.861821876,4.069967336,6.403485118,1.9404294392209205
438,HEXR.KL,Hextar Healthcare Bhd,Malaysia,Household Products,2024,0.199493151,53.54,8.081576573,0.006913884,0.050674191,0.879698196,0.337384617,0.0,-3771821.84,0.016420687,0.118455443,0.328284705,-2.456180396,-3115508.06,4,33.33,0,56.19,34.16,5.114155478,4.074350408,0.782509892,0.0
438,HEXR.KL,Hextar Healthcare Bhd,Malaysia,Household Products,2023,0.202876056,55.02,8.099097351,0.009777212,0.053148633,0.895668946,0.850202298,0.0,-14526880.17,0.03608852,0.099357146,0.329954027,-15.20815466,-14025464.05,5,33.33,0,61.46,30.04,3.555487154,4.056107349,-1.872255625,1.811516745728408
438,HEXR.KL,Hextar Healthcare Bhd,Malaysia,Household Products,2022,0.15335235,35.77,8.196742659,0.009801295,0.105131242,0.830658526,1.275274487,0.0,-46826204.55,0.132041213,0.118663461,0.306756006,-67.53002465,-12655779.55,4,0.0,0,24.1,32.97,8.861821876,4.069967336,6.403485118,1.8961896722710407
439,HEXT.KL,Hextar Global Bhd,Malaysia,Chemicals,2024,4.477430828,43.03,8.266634705,0.529896639,0.495462799,0.681232034,0.121012081,0.0,-7320396.15,0.079506471,0.167066604,0.20672338,41.00261102,16041900.18,5,16.67,0,42.45,36.71,5.114155478,4.074350408,0.782509892,1.305398255728141
439,HEXT.KL,Hextar Global Bhd,Malaysia,Chemicals,2023,4.32174375,44.57,8.282004577,0.477832875,0.50689595,0.715445217,0.171891694,0.0,2166296.3,0.166216025,0.213825615,0.195947573,7.805453651,14741603.49,9,16.67,0,42.31,39.62,3.555487154,4.056107349,-1.872255625,1.1344897310294195
439,HEXT.KL,Hextar Global Bhd,Malaysia,Chemicals,2022,5.928056182,49.6,8.150559575,0.442465172,0.320947492,0.492560969,0.250796232,0.0,-1553511.36,0.081404815,0.22417045,0.205117356,21.30547044,13398922.73,6,16.67,0,51.32,41.0,8.861821876,4.069967336,6.403485118,1.215501024502236
440,HLIB.KL,Hong Leong Industries Bhd,Malaysia,Industrial Conglomerates,2024,1.303730309,60.33,8.886453748,0.033954521,0.185050459,0.641421243,0.0,0.113215056,-129785035.6,0.804585926,0.07538878,0.13667018,28.51461924,157181947.7,4,33.33,0,46.59,78.3,5.114155478,4.074350408,0.782509892,1.9340436841305948
440,HLIB.KL,Hong Leong Industries Bhd,Malaysia,Industrial Conglomerates,2023,1.659766517,55.47,8.774808521,0.002072091,0.171493412,0.686846855,0.0,0.325355349,80223117.71,0.641776881,0.074564289,0.073284772,-9.892604855,109189183.5,4,28.57,0,52.36,56.0,3.555487154,4.056107349,-1.872255625,1.6611212227050889
440,HLIB.KL,Hong Leong Industries Bhd,Malaysia,Industrial Conglomerates,2022,1.693169656,54.31,8.762960495,0.002745312,0.179373603,0.718351556,0.0,0.194601576,-157781993.6,0.547535849,0.124502135,0.080924926,30.82629814,84362915.33,4,28.57,0,53.98,46.97,8.861821876,4.069967336,6.403485118,1.4473579403658472
441,HOME.KL,Homeritz Corporation Bhd,Malaysia,Household Durables,2024,0.695765222,39.82,7.893258646,0.001524068,0.074226295,0.845812425,1.473502214,0.447808262,4996961.56,0.664607388,0.131356606,0.226185347,51.6762281,7909094.49,5,40.0,0,90.76,10.18,5.114155478,4.074350408,0.782509892,1.4086972668048006
441,HOME.KL,Homeritz Corporation Bhd,Malaysia,Household Durables,2023,0.838294297,31.66,7.816689657,0.000953831,0.05897676,0.789609431,1.754959668,0.456430269,-23016678.89,0.577845738,0.110889121,0.228917335,-35.49935846,5605751.56,5,40.0,0,85.83,2.59,3.555487154,4.056107349,-1.872255625,0.0
442,HSIB.KL,Hup Seng Industries Bhd,Malaysia,Food Products,2024,3.141952393,56.88,7.749678804,0.002313633,0.316264077,0.909853632,0.095828039,0.0,-1655626.68,0.35780554,0.12702298,0.355295401,13.67972061,12894122.65,9,33.33,0,78.82,37.6,5.114155478,4.074350408,0.782509892,1.6810933296880868
442,HSIB.KL,Hup Seng Industries Bhd,Malaysia,Food Products,2023,3.377915096,59.27,7.715888459,0.001107969,0.293108027,0.915086158,0.075728061,0.0,6114276.69,0.407637926,0.12625415,0.314117732,7.632926394,9822568.63,8,33.33,0,81.45,47.45,3.555487154,4.056107349,-1.872255625,1.654645584265631
442,HSIB.KL,Hup Seng Industries Bhd,Malaysia,Food Products,2022,3.638089759,55.35,7.68459231,0.00231117,0.304851084,0.904483015,0.108532292,0.0,-730050.0,0.285260849,0.140678678,0.366146227,1.789761562,5927479.55,7,33.33,0,76.56,39.12,8.861821876,4.069967336,6.403485118,1.405016582188913
443,HTVE.KL,Hiap Teck Venture Bhd,Malaysia,Metals & Mining,2024,0.259002124,32.81,8.659319359,0.271449785,0.331651287,0.976503085,0.0,0.044797778,-8805313.59,0.051143148,0.234805994,0.146252115,4.216612331,23379573.17,5,0.0,0,45.75,26.76,5.114155478,4.074350408,0.782509892,1.5949394747029468
443,HTVE.KL,Hiap Teck Venture Bhd,Malaysia,Metals & Mining,2023,0.281511064,36.12,8.623127217,0.287102464,0.313418671,0.978518058,0.0,0.070975709,-3493676.5,0.06713335,0.234677723,0.150238743,-1.188771524,7062347.46,4,11.11,0,51.55,28.03,3.555487154,4.056107349,-1.872255625,1.3124487758621797
443,HTVE.KL,Hiap Teck Venture Bhd,Malaysia,Metals & Mining,2022,0.259792769,32.09,8.658924158,0.302533211,0.362822704,0.973920778,0.0,0.073991,-1904226.62,0.095387566,0.316406308,0.129325112,38.77019488,35153776.98,4,0.0,0,45.74,28.55,8.861821876,4.069967336,6.403485118,1.414088961403546
444,HTHB.KL,Hartalega Holdings Bhd,Malaysia,Health Care Equipment & Supplies,2024,0.935586663,63.08,9.029117562,0.001444584,0.051069658,0.576305789,1.087386457,0.013195666,-122078917.7,0.186959746,0.071346548,0.627631975,49.7877903,16777903.04,5,33.33,TRUE,67.1,42.25,5.114155478,4.074350408,0.782509892,1.4078017927659645
444,HTHB.KL,Hartalega Holdings Bhd,Malaysia,Health Care Equipment & Supplies,2023,0.876719814,67.81,9.046616897,0.013572692,0.073243082,0.631416705,0.914366736,0.011461088,-62912016.94,0.251260013,0.073346931,0.55742888,-28.76557519,4189094.76,5,37.5,TRUE,76.16,41.05,3.555487154,4.056107349,-1.872255625,1.0
444,HTHB.KL,Hartalega Holdings Bhd,Malaysia,Health Care Equipment & Supplies,2022,0.826694085,64.62,9.080240004,0.029104697,0.066753354,0.532628118,1.339847114,0.0,-148221995.5,0.258928793,0.043806529,0.546598373,-70.88704084,-54151927.44,6,37.5,TRUE,69.29,38.97,8.861821876,4.069967336,6.403485118,2.0985996095606767
445,HUMC.KL,Hume Cement Industries Bhd,Malaysia,Construction Materials,2024,2.112183053,46.2,8.413629311,0.250456587,0.243964547,0.467873626,0.299528428,0.0,12013785.79,0.090332811,0.103535519,0.604664712,17.56517956,44737857.9,4,25.0,0,37.04,40.51,5.114155478,4.074350408,0.782509892,2.3343579245606945
445,HUMC.KL,Hume Cement Industries Bhd,Malaysia,Construction Materials,2023,2.166518696,44.34,8.405321282,0.43772977,0.47743671,0.747754183,0.069620644,0.0,-2703965.7,0.037600216,0.107192383,0.654523828,31.85529749,12869024.65,4,20.0,0,59.71,30.94,3.555487154,4.056107349,-1.872255625,1.567148291253936
445,HUMC.KL,Hume Cement Industries Bhd,Malaysia,Construction Materials,2022,1.886278172,44.72,8.469112409,0.483751372,0.447313139,0.624394248,0.016092548,0.003853125,3107807.54,0.050030341,0.12609737,0.638258603,13.17736097,707671.36,4,20.0,0,62.66,30.38,8.861821876,4.069967336,6.403485118,1.684078769820206
446,IBHD.KL,I-Bhd,Malaysia,Real Estate Management & Development,2024,0.257300511,35.63,8.622912891,0.156475337,0.172085113,0.514034562,0.083377237,6.39965e-6,349373.32,0.015095669,0.364098689,0.152941139,30.00046917,6544538.94,4,28.57,TRUE,43.85,7.99,5.114155478,4.074350408,0.782509892,1.413115415187746
446,IBHD.KL,I-Bhd,Malaysia,Real Estate Management & Development,2023,0.276110221,22.65,8.601044979,0.16560118,0.189007673,0.529027053,0.073201659,6.55124e-6,1295642.7,0.012663024,0.355360062,0.148400351,40.70026661,2632461.87,5,33.33,TRUE,28.61,5.56,3.555487154,4.056107349,-1.872255625,1.0
446,IBHD.KL,I-Bhd,Malaysia,Real Estate Management & Development,2022,0.248066762,31.66,8.639713493,0.162180636,0.225362782,0.576446507,0.030469621,5.73095e-6,2283863.64,0.009349609,0.390286459,0.140918817,41.12396727,6205681.82,4,33.33,TRUE,51.44,2.85,8.861821876,4.069967336,6.403485118,1.5414695748628806
447,IFCA.KL,IFCA MSC Bhd,Malaysia,Software,2024,1.149507552,21.2,7.568726975,0.006830213,0.225470688,0.909950566,0.662027835,0.0,-1482773.05,0.50594123,0.000056067,0.041677104,39.50171212,4264301.7,5,16.67,TRUE,24.88,7.79,5.114155478,4.074350408,0.782509892,1.0
447,IFCA.KL,IFCA MSC Bhd,Malaysia,Software,2023,1.233269083,13.2,7.530756942,0.010002261,0.197823657,0.897552957,0.90896977,0.0,-2596906.32,0.507785389,0.0,0.04834565,-0.816444154,581198.26,5,16.67,TRUE,19.87,2.1,3.555487154,4.056107349,-1.872255625,1.0
447,IFCA.KL,IFCA MSC Bhd,Malaysia,Software,2022,1.218898434,15.67,7.52922266,0.003108756,0.191175786,0.939203028,1.062014924,0.0,-1504461.36,0.428812064,0.0,0.044821089,-10.53007911,-953861.36,5,16.67,TRUE,25.16,2.71,8.861821876,4.069967336,6.403485118,0.0
448,IJMS.KL,IJM Corporation Bhd,Malaysia,Construction & Engineering,2024,0.52550088,65.22,9.690951459,0.271304754,0.253748955,0.519071657,0.341644604,0.0,-89280270.57,0.13577173,0.296453805,0.067508735,12.47651595,105357609.9,6,27.27,TRUE,84.3,51.79,5.114155478,4.074350408,0.782509892,2.262054940218577
448,IJMS.KL,IJM Corporation Bhd,Malaysia,Construction & Engineering,2023,0.563814215,64.25,9.654519951,0.263387705,0.235266292,0.489197187,0.37430119,0.0,8030915.83,0.133979359,0.295428833,0.063664013,20.87848989,140855902.6,5,27.27,TRUE,82.37,48.35,3.555487154,4.056107349,-1.872255625,2.6004510144702806
448,IJMS.KL,IJM Corporation Bhd,Malaysia,Construction & Engineering,2022,0.557658969,66.12,9.66753967,0.265018738,0.234063907,0.488927911,0.375438001,0.0,-18062358.28,0.128436228,0.325324497,0.059118665,-1.159493736,47980952.38,6,18.18,TRUE,76.53,51.12,8.861821876,4.069967336,6.403485118,1.869834642975324
449,INNY.KL,Innity Corporation Bhd,Malaysia,Media,2024,0.506245229,27.82,7.19542918,0.080913465,0.542791129,0.995949352,0.474785239,0.0,-2401698.75,0.226914568,3.28253e-6,0.071061549,1.0685033,-2170579.68,6,11.11,0,30.07,27.85,5.114155478,4.074350408,0.782509892,1.1251409493360038
449,INNY.KL,Innity Corporation Bhd,Malaysia,Media,2024,0.506245229,27.82,7.19542918,0.080913465,0.542791129,0.995949352,0.474785239,0.0,-2401698.75,0.226914568,3.28253e-6,0.071061549,1.0685033,-2170579.68,6,11.11,0,30.07,27.85,5.114155478,4.074350408,0.782509892,1.0
449,INNY.KL,Innity Corporation Bhd,Malaysia,Media,2023,0.445752074,28.55,7.25069675,0.057990378,0.476385276,0.914254781,0.841690024,0.0,-1929211.33,0.396872914,0.000145926,0.072513078,-8.323877514,-472599.13,6,11.11,0,31.89,30.44,3.555487154,4.056107349,-1.872255625,1.5408051860340055
449,INNY.KL,Innity Corporation Bhd,Malaysia,Media,2022,0.442143102,23.85,7.2551558,0.03829577,0.443331364,0.885800855,1.009589656,0.0,312861.36,0.402905269,0.000435849,0.059843352,-5.958743872,-143254.55,6,11.11,0,23.1,17.49,8.861821876,4.069967336,6.403485118,1.151660132345122
450,IOIB.KL,IOI Corporation Bhd,Malaysia,Food Products,2024,1.512926429,53.09,9.580393996,0.209823767,0.088105138,0.252378824,0.474190283,0.0,-11304347.83,0.126885551,0.07109496,0.514379508,-17.97372998,236755037.1,6,37.5,TRUE,43.96,69.85,5.114155478,4.074350408,0.782509892,1.9964688235622468
450,IOIB.KL,IOI Corporation Bhd,Malaysia,Food Products,2023,1.523600383,53.87,9.576214158,0.217285959,0.095296868,0.268032826,0.610862429,0.0,-68145766.35,0.113449178,0.06590869,0.511617061,-29.77161502,242229367.6,9,33.33,TRUE,50.52,62.77,3.555487154,4.056107349,-1.872255625,1.992198327294815
450,IOIB.KL,IOI Corporation Bhd,Malaysia,Food Products,2022,1.322775021,54.07,9.638527776,0.263347906,0.195724079,0.456171496,0.325034652,0.0,119836586.5,0.139446504,0.086775738,0.454366177,30.41173531,401475261.0,6,16.67,TRUE,52.13,62.4,8.861821876,4.069967336,6.403485118,1.875271991718464
452,JCYI.KL,JCY International Bhd,Malaysia,"Technology Hardware, Storage & Peripherals",2024,0.785448555,23.77,8.274707973,0.04199786,0.133292512,0.977786814,0.263223049,0.185501399,16498908.03,0.245679389,0.226140539,0.31917033,45.35393917,6989808.3,8,20.0,TRUE,63.98,1.59,5.114155478,4.074350408,0.782509892,1.8642200853582096
452,JCYI.KL,JCY International Bhd,Malaysia,"Technology Hardware, Storage & Peripherals",2023,0.874795292,16.81,8.227919281,0.056270257,0.136259062,0.987953239,0.612930085,0.04648281,-11290721.21,0.107215225,0.290096198,0.349245709,-43.48404583,-19240225.84,6,0.0,TRUE,34.43,2.59,3.555487154,4.056107349,-1.872255625,1.6897143678758832
452,JCYI.KL,JCY International Bhd,Malaysia,"Technology Hardware, Storage & Peripherals",2022,0.698070672,21.81,8.31161489,0.075766078,0.169403003,0.962564829,0.810218071,0.027102628,-23004314.99,0.128894586,0.347635626,0.338456485,-28.92740734,-19240776.7,0,0.0,0,50.71,1.41,8.861821876,4.069967336,6.403485118,1.960399544115481
453,JENT.KL,Jentayu Sustainables Bhd,Malaysia,Trading Companies & Distributors,2024,0.887247758,24.94,7.650782233,0.123000507,0.22631771,0.696159902,0.0,0.01992502,-134040.3,0.021095383,0.014616737,0.497613642,-49.04871651,-4220360.55,7,33.33,TRUE,14.54,25.19,5.114155478,4.074350408,0.782509892,1.979799701381113
453,JENT.KL,Jentayu Sustainables Bhd,Malaysia,Trading Companies & Distributors,2023,0.964412903,13.59,7.625993594,0.19570223,0.209279208,0.564309451,0.0,0.026712718,346409.43,0.033757759,0.022589414,0.456611486,-51.38859237,-1104608.79,7,16.67,TRUE,19.82,8.52,3.555487154,4.056107349,-1.872255625,1.4073937391242717
453,JENT.KL,Jentayu Sustainables Bhd,Malaysia,Trading Companies & Distributors,2022,1.237231439,10.34,7.524338067,0.208596576,0.247881054,0.590437397,0.073149365,0.0,-1665002.27,0.023295043,0.03245092,0.206689694,158.2464071,6534725.37,7,16.67,TRUE,9.86,9.74,8.861821876,4.069967336,6.403485118,1.613411191373698
454,JHMC.KL,JHM Consolidation Bhd,Malaysia,"Electronic Equipment, Instruments & Components",2024,0.492567898,44.69,7.977195349,0.113161521,0.224543773,0.76866614,0.0,0.159201562,-1021689.79,0.155694192,0.23951884,0.348595529,-26.86093492,-5123196.06,4,28.57,TRUE,65.28,31.02,5.114155478,4.074350408,0.782509892,1.55959282100897
454,JHMC.KL,JHM Consolidation Bhd,Malaysia,"Electronic Equipment, Instruments & Components",2023,0.465116826,39.84,8.008729982,0.149401149,0.226234197,0.715609377,0.0,0.15458062,2295906.32,0.153148864,0.217232915,0.326979166,-16.27422837,3113956.43,4,28.57,TRUE,62.31,22.69,3.555487154,4.056107349,-1.872255625,1.0
454,JHMC.KL,JHM Consolidation Bhd,Malaysia,"Electronic Equipment, Instruments & Components",2022,0.418686344,25.23,8.048701189,0.178684738,0.298487676,0.789670819,0.0,0.125843117,3258179.55,0.142949624,0.193435236,0.302860551,13.52625411,4777043.18,4,28.57,TRUE,60.25,2.4,8.861821876,4.069967336,6.403485118,1.0
455,JOEH.KL,Joe Holding Bhd,Malaysia,Distributors,2024,0.071325921,13.4,7.706624465,0.270167883,0.289964687,0.865728308,0.386137555,0.0,-2002931.23,0.43070562,0.007421586,0.077361726,-28.89453228,-2456144.31,5,25.0,0,31.39,4.61,5.114155478,4.074350408,0.782509892,1.3589064800622104
455,JOEH.KL,Joe Holding Bhd,Malaysia,Distributors,2023,0.071378969,10.35,7.706301582,0.266817964,0.28603552,0.867823934,0.496185762,0.0,-9325780.84,0.369309722,0.012996315,0.077228341,3.430617053,-4228268.93,5,0.0,0,26.31,2.68,3.555487154,4.056107349,-1.872255625,0.0
455,JOEH.KL,Joe Holding Bhd,Malaysia,Distributors,2022,0.062781411,9.38,7.762969312,0.229321749,0.244898438,0.823515477,1.050564132,0.0,-15332879.82,0.52749984,0.021181167,0.030746351,6.876979555,-8769161.0,6,0.0,0,21.21,1.73,8.861821876,4.069967336,6.403485118,0.0
456,JTIA.KL,Jaya Tiasa Holdings Bhd,Malaysia,Paper & Forest Products,2024,0.688184872,29.54,8.622943468,0.098153222,0.073834735,0.288687577,1.938287067,0.0,10621208.91,0.143363389,0.031836277,0.774627496,17.5614871,27352279.96,4,33.33,TRUE,42.62,24.31,5.114155478,4.074350408,0.782509892,1.5771593903236862
456,JTIA.KL,Jaya Tiasa Holdings Bhd,Malaysia,Paper & Forest Products,2023,0.672843995,29.62,8.622184027,0.178238936,0.069375799,0.235617014,1.714797744,0.0,-7318327.97,0.106300033,0.032189307,0.796226145,-0.405144294,32540621.65,4,37.5,TRUE,52.4,13.89,3.555487154,4.056107349,-1.872255625,1.3517273336589268
456,JTIA.KL,Jaya Tiasa Holdings Bhd,Malaysia,Paper & Forest Products,2022,0.627190251,26.42,8.67107153,0.277278729,0.077082886,0.200311446,1.552402542,0.0,65805038.58,0.119883857,0.03209883,0.802013329,5.56466349,30506808.9,6,42.86,0,42.92,6.88,8.861821876,4.069967336,6.403485118,1.3523416986077683
457,KELG.KL,Kelington Group Bhd,Malaysia,Construction & Engineering,2023,3.873177349,72.72,8.36810977,0.175681024,0.620135943,0.899336972,0.350907402,0.0,1697167.76,0.244510321,0.023755563,0.163820977,21.01776508,23097603.49,5,25.0,TRUE,81.86,54.93,3.555487154,4.056107349,-1.872255625,1.5403770621914468
458,KESM.KL,KESM Industries Bhd,Malaysia,Semiconductors & Semiconductor Equipment,2024,0.25785116,22.36,8.009170963,0.156204691,0.148200426,0.597525855,0.379909648,0.0,-5437064.46,0.499351633,0.003377399,0.349498934,4.487192283,40940.77,5,20.0,TRUE,29.14,15.15,5.114155478,4.074350408,0.782509892,2.0911104024890856
458,KESM.KL,KESM Industries Bhd,Malaysia,Semiconductors & Semiconductor Equipment,2023,0.250394294,27.5,8.031899846,0.193198241,0.134103424,0.49918653,0.359755254,0.0,3788551.14,0.54417249,0.003067719,0.37021674,-8.69001489,-694475.26,5,20.0,TRUE,43.73,11.69,3.555487154,4.056107349,-1.872255625,2.271030824566404
458,KESM.KL,KESM Industries Bhd,Malaysia,Semiconductors & Semiconductor Equipment,2022,0.273658629,22.17,7.980879697,0.064100817,0.089159434,0.599677643,0.665638998,0.0,3773606.12,0.431506224,0.004386315,0.40069589,-5.751854444,374550.36,5,20.0,TRUE,25.29,11.03,8.861821876,4.069967336,6.403485118,1.388003570787466
459,KIML.KL,Kim Loong Resources Bhd,Malaysia,Food Products,2024,1.731178678,33.03,8.489083941,0.116951023,0.101245453,0.283387458,0.754454341,0.0,16399635.96,0.44313238,0.032640762,0.543553682,17.21436522,43726467.42,5,14.29,0,35.2,34.7,5.114155478,4.074350408,0.782509892,2.859745950539418
459,KIML.KL,Kim Loong Resources Bhd,Malaysia,Food Products,2023,1.999268143,30.95,8.424654155,0.040943069,0.118946453,0.38152192,0.62095936,0.0,-12597861.22,0.298895946,0.037861938,0.583231654,-27.8783512,37626145.55,5,14.29,0,31.09,30.54,3.555487154,4.056107349,-1.872255625,2.14490574262253
459,KIML.KL,Kim Loong Resources Bhd,Malaysia,Food Products,2022,1.812798193,31.3,8.471897261,0.046246248,0.135570351,0.399112464,0.659980712,0.0,-17264855.74,0.310405206,0.050459752,0.583654135,9.999459045,46841283.13,5,14.29,0,37.7,28.42,8.861821876,4.069967336,6.403485118,2.090318499453347
460,KKBE.KL,KKB Engineering Berhad,Malaysia,Construction & Engineering,2024,0.479656394,45.66,8.265452399,0.0000518393,0.425925186,0.85588357,0.121168658,0.0,3934650.85,0.348799672,0.064941617,0.156858235,38.34692544,9056172.78,4,22.22,0,66.74,43.96,5.114155478,4.074350408,0.782509892,2.376052259390754
460,KKBE.KL,KKB Engineering Berhad,Malaysia,Construction & Engineering,2023,0.621753911,42.33,8.145978122,0.000161073,0.263775755,0.721736518,0.089759614,0.0,1977762.53,0.400963975,0.08017859,0.210698551,16.70934339,7482721.13,4,22.22,0,74.71,28.39,3.555487154,4.056107349,-1.872255625,1.7627481227967825
460,KKBE.KL,KKB Engineering Berhad,Malaysia,Construction & Engineering,2022,0.713007052,43.33,8.100898929,0.000421961,0.188948656,0.668991453,0.064727568,0.0,-4213772.73,0.405506032,0.085854266,0.243220879,-6.521863104,4196959.09,4,25.0,0,69.94,29.99,8.861821876,4.069967336,6.403485118,1.377110598167122
461,KLCC.KL,KLCCP Stapled Group,Malaysia,Diversified REITs,2024,0.886138926,62.3,9.620874737,0.231334883,0.038682006,0.144625985,0.023405219,0.0,31618621.31,0.024458289,0.000111931,0.029063331,8.548399067,236621083.3,5,50.0,TRUE,39.67,65.44,5.114155478,4.074350408,0.782509892,2.139966586330884
461,KLCC.KL,KLCCP Stapled Group,Malaysia,Diversified REITs,2023,0.924561924,47.81,9.601434071,0.128953256,0.074083601,0.271944841,0.005056633,0.0,4725708.06,0.018807654,0.0000876535,0.030013705,6.365445253,232327233.1,8,50.0,TRUE,47.26,48.69,3.555487154,4.056107349,-1.872255625,1.9141183382148508
461,KLCC.KL,KLCCP Stapled Group,Malaysia,Diversified REITs,2022,0.901264588,42.95,9.614452776,0.131338718,0.017822179,0.064839066,0.039956623,0.0,33246590.91,0.016940323,0.0000860324,0.03174264,17.92622067,207171363.6,12,50.0,TRUE,28.02,49.33,8.861821876,4.069967336,6.403485118,1.832867781121714
462,KOBA.KL,Kobay Technology Bhd,Malaysia,Machinery,2024,0.736851126,18.28,8.111289226,0.205596388,0.259943957,0.693451003,0.200578258,0.0,3708330.86,0.101663284,0.251022762,0.294994052,4.240462104,2460133.62,4,33.33,TRUE,25.75,10.97,5.114155478,4.074350408,0.782509892,1.5445620723550393
462,KOBA.KL,Kobay Technology Bhd,Malaysia,Machinery,2023,0.787617725,22.75,8.082353496,0.179661178,0.206602362,0.634117116,0.186527162,0.0,-7744227.22,0.079022762,0.254199704,0.322958115,-16.34802314,5485519.83,5,20.0,TRUE,33.81,10.17,3.555487154,4.056107349,-1.872255625,1.6013130285388972
462,KOBA.KL,Kobay Technology Bhd,Malaysia,Machinery,2022,0.721156478,18.83,8.110844134,0.126170543,0.246792114,0.683207483,0.329934888,0.0,6139632.32,0.236567748,0.205954482,0.324552023,112.4963837,12002857.47,4,20.0,TRUE,20.95,5.08,8.861821876,4.069967336,6.403485118,1.798448351898755
463,KPJH.KL,KPJ Healthcare Bhd,Malaysia,Health Care Providers & Services,2024,1.750384274,69.06,9.219308723,0.495972642,0.175169091,0.266474403,0.386199616,0.0,9355640.11,0.087044809,0.010806213,0.619886479,17.86178372,81639435.99,7,18.18,0,77.83,62.21,5.114155478,4.074350408,0.782509892,1.7916800461414295
463,KPJH.KL,KPJ Healthcare Bhd,Malaysia,Health Care Providers & Services,2023,1.782724772,71.76,9.198295354,0.527476062,0.193420324,0.288208015,0.383013867,0.0,29550544.66,0.107623098,0.010075403,0.601743516,14.24841723,65925272.33,11,20.0,0,74.19,64.47,3.555487154,4.056107349,-1.872255625,1.764614792758752
463,KPJH.KL,KPJ Healthcare Bhd,Malaysia,Health Care Providers & Services,2022,1.842038687,71.15,9.20127705,0.536172092,0.239271977,0.351070297,0.226651704,0.0,33384772.73,0.071565485,0.00941827,0.620134411,4.817593192,45894090.91,9,16.67,0,79.17,55.87,8.861821876,4.069967336,6.403485118,1.6716524545538511
464,KPSB.KL,Kumpulan Perangsang Selangor Bhd,Malaysia,Trading Companies & Distributors,2024,0.213165756,61.23,8.55502513,0.120700406,0.215132477,0.669841597,0.563323865,0.0,-12195613.25,0.187364938,0.075065658,0.28168063,4.5579682,4271262.31,6,37.5,TRUE,68.79,54.68,5.114155478,4.074350408,0.782509892,1.616558598629356
464,KPSB.KL,Kumpulan Perangsang Selangor Bhd,Malaysia,Trading Companies & Distributors,2023,0.164742835,64.68,8.663301747,0.234215812,0.168049323,0.337852437,0.450009007,0.0,18241830.07,0.195205908,0.059185089,0.226894779,-13.66458338,294553.38,7,37.5,TRUE,69.2,59.76,3.555487154,4.056107349,-1.872255625,1.854059777457445
464,KPSB.KL,Kumpulan Perangsang Selangor Bhd,Malaysia,Trading Companies & Distributors,2022,0.154641326,58.19,8.691711249,0.262694156,0.201144423,0.395659756,0.378454581,0.0,841590.91,0.226355894,0.085211933,0.222432269,-17.23589882,14063409.09,7,25.0,TRUE,61.0,55.1,8.861821876,4.069967336,6.403485118,2.254004976776649
465,KREJ.KL,Kerjaya Prospek Group Bhd,Malaysia,Construction & Engineering,2024,1.328604992,37.06,8.697180095,0.012568309,0.486005256,0.992730639,0.123962829,0.000183827,10756327.22,0.185182769,0.112207141,0.043784308,28.02894165,35873491.5,6,37.5,TRUE,31.44,37.42,5.114155478,4.074350408,0.782509892,1.3527204236810626
465,KREJ.KL,Kerjaya Prospek Group Bhd,Malaysia,Construction & Engineering,2023,1.806867532,36.79,8.551640754,0.018749358,0.262471101,0.890592686,0.150506215,0.056007725,-13443296.3,0.13215899,0.132118207,0.057329089,25.81085362,28691958.61,5,37.5,TRUE,44.95,22.98,3.555487154,4.056107349,-1.872255625,1.5727297092790826
465,KREJ.KL,Kerjaya Prospek Group Bhd,Malaysia,Construction & Engineering,2022,1.942675612,39.26,8.508744873,0.008431636,0.174708803,0.831106965,0.095378936,0.139501789,10273947.73,0.175089337,0.141972699,0.064316332,8.696881946,26100875.0,5,37.5,TRUE,55.41,25.41,8.861821876,4.069967336,6.403485118,1.675777546902754
466,KRIB.KL,Kossan Rubber Industries Bhd,Malaysia,Health Care Equipment & Supplies,2024,0.818714936,39.02,8.963473183,0.01921568,0.074553089,0.661677611,3.187533675,0.0,-66068710.83,0.407452817,0.059512857,0.383154035,23.72340594,27031557.74,6,22.22,TRUE,29.28,25.26,5.114155478,4.074350408,0.782509892,1.6661481635467803
466,KRIB.KL,Kossan Rubber Industries Bhd,Malaysia,Health Care Equipment & Supplies,2023,0.7889588,37.48,8.961676848,0.004125812,0.050856621,0.583373596,5.948656161,0.0,-16707407.41,0.463896769,0.056927548,0.324626088,-34.9259212,3554684.1,5,11.11,TRUE,29.62,18.65,3.555487154,4.056107349,-1.872255625,1.2867381651917285
466,KRIB.KL,Kossan Rubber Industries Bhd,Malaysia,Health Care Equipment & Supplies,2022,0.748426299,28.25,8.992749073,0.019309254,0.065805237,0.630698455,4.734028917,0.0,-274944318.2,0.386121577,0.066342311,0.328159564,-66.55258392,36184545.45,4,11.11,TRUE,25.23,8.23,8.861821876,4.069967336,6.403485118,1.3977562783907769
467,KWNF.KL,Kawan Food Bhd,Malaysia,Food Products,2024,0.843692723,47.58,8.010266229,0.006047638,0.113264823,0.763860444,1.069390586,0.0,-7336880.04,0.178140324,0.081749766,0.462719815,13.58006383,7031781.56,7,40.0,FALSE,40.01,25.24,5.114155478,4.074350408,0.782509892,1.480778583804618
467,KWNF.KL,Kawan Food Bhd,Malaysia,Food Products,2023,0.860580596,53.22,8.001658983,0.007726464,0.11846866,0.807581932,1.159414919,0.0,1246193.9,0.236196779,0.079064633,0.462034725,0.205397003,6563971.68,7,25.0,0,52.43,29.84,3.555487154,4.056107349,-1.872255625,1.302833031518337
467,KWNF.KL,Kawan Food Bhd,Malaysia,Food Products,2022,0.843159347,38.72,8.020069577,0.013885907,0.111195086,0.80134186,0.861075706,0.0,2268427.27,0.220580357,0.091217129,0.493573061,3.278750484,8744940.91,6,25.0,FALSE,40.29,32.38,8.861821876,4.069967336,6.403485118,1.0
468,LAND.KL,Land & General Bhd,Malaysia,Real Estate Management & Development,2024,0.21578364,63.39,8.593682829,0.135828273,0.158992339,0.466502546,0.19114883,0.0,2823675.31,0.08514037,0.254166262,0.077796851,41.35572324,7980157.84,6,30.0,0,56.57,76.48,5.114155478,4.074350408,0.782509892,1.7259914031228645
468,LAND.KL,Land & General Bhd,Malaysia,Real Estate Management & Development,2023,0.234551294,44.51,8.557463511,0.126175974,0.136605088,0.40717608,0.173324344,0.0,-5967813.66,0.10118818,0.241383134,0.080222286,-18.81500117,4633986.24,8,11.11,0,50.6,23.35,3.555487154,4.056107349,-1.872255625,1.766626092589404
468,LAND.KL,Land & General Bhd,Malaysia,Real Estate Management & Development,2022,0.225049513,47.7,8.576351799,0.137968014,0.118786125,0.368570842,0.347067014,0.0,7152834.47,0.066714209,0.196767131,0.081771432,23.09657836,6010204.08,7,11.11,0,52.6,28.09,8.861821876,4.069967336,6.403485118,1.4412935235712496
469,LBSB.KL,Lbs Bina Group Bhd,Malaysia,Real Estate Management & Development,2024,0.177298793,66.19,8.988081989,0.220313663,0.314250524,0.547656165,0.161288161,0.0,-9699254.7,0.090421607,0.160848269,0.06572024,-18.39853756,24277551.48,6,37.5,TRUE,39.89,85.22,5.114155478,4.074350408,0.782509892,2.566009613582562
469,LBSB.KL,Lbs Bina Group Bhd,Malaysia,Real Estate Management & Development,2023,0.18943913,62.69,8.968658102,0.179893976,0.397797006,0.655436555,0.092053293,0.0,63899346.41,0.052825227,0.131702801,0.10089318,0.435836515,36455124.18,6,37.5,TRUE,57.14,69.98,3.555487154,4.056107349,-1.872255625,2.7243449758477163
469,LBSB.KL,Lbs Bina Group Bhd,Malaysia,Real Estate Management & Development,2022,0.184592771,49.27,8.97619673,0.220208028,0.382396525,0.62131937,0.065901616,0.0,18805297.73,0.027931658,0.129912328,0.100514912,19.44994403,31253300.0,7,25.0,TRUE,29.95,58.3,8.861821876,4.069967336,6.403485118,1.5502149778421532
470,LCBH.KL,Luxchem Corporation Bhd,Malaysia,Trading Companies & Distributors,2024,0.538496785,28.98,8.264516395,0.100663813,0.162632008,0.518750667,0.51152288,0.0,-698247.54,0.358755339,0.123229804,0.152343606,25.02818927,13207862.58,5,33.33,TRUE,42.76,21.55,5.114155478,4.074350408,0.782509892,1.387512943579886
470,LCBH.KL,Luxchem Corporation Bhd,Malaysia,Trading Companies & Distributors,2023,0.62169659,25.68,8.207653513,0.069768078,0.115246409,0.41251202,0.675864659,0.0,-17249882.35,0.337475835,0.089847586,0.163506441,-21.96093951,9480089.32,5,33.33,TRUE,41.46,20.38,3.555487154,4.056107349,-1.872255625,1.3605717123595888
470,LCBH.KL,Luxchem Corporation Bhd,Malaysia,Trading Companies & Distributors,2022,0.616114468,25.94,8.212499123,0.078269688,0.115427437,0.404122437,0.910371257,0.0,224213.64,0.268154228,0.094684025,0.164295425,-17.80455994,11659606.82,5,33.33,TRUE,52.64,11.02,8.861821876,4.069967336,6.403485118,0.0
470,LCBH.KL,Luxchem Corporation Bhd,Malaysia,Trading Companies & Distributors,2022,0.616114468,25.94,8.212499123,0.078269688,0.115427437,0.404122437,0.910371257,0.0,224213.64,0.268154228,0.094684025,0.164295425,-17.80455994,11659606.82,5,33.33,TRUE,52.64,11.02,8.861821876,4.069967336,6.403485118,1.0
471,LHEN.KL,Lii Hen Industries Bhd,Malaysia,Household Durables,2024,0.323065991,26.88,8.178191554,0.060223594,0.122497812,0.596886289,0.576709813,0.0,-1606094.45,0.296834985,0.163088843,0.405056145,-1.754830818,3938634.74,5,11.11,0,32.12,33.85,5.114155478,4.074350408,0.782509892,2.278466327061425
471,LHEN.KL,Lii Hen Industries Bhd,Malaysia,Household Durables,2023,0.314155693,30.06,8.184585533,0.054677904,0.147921194,0.640016291,0.706163547,0.0,-1941498.91,0.322104114,0.164324627,0.386255863,-12.28222492,13113801.74,6,0.0,0,48.09,27.98,3.555487154,4.056107349,-1.872255625,1.5777218814509073
471,LHEN.KL,Lii Hen Industries Bhd,Malaysia,Household Durables,2022,0.338515344,29.72,8.15308064,0.051743896,0.141704948,0.643992716,0.851047679,0.0,15552897.73,0.343273487,0.15316274,0.382786838,-7.686010195,17321604.55,5,0.0,0,49.31,24.31,8.861821876,4.069967336,6.403485118,1.3173173765627384
472,LLBM.KL,Lion Industries Corporation Bhd,Malaysia,Metals & Mining,2024,0.040364924,30.76,8.739314304,0.102587626,0.377482944,0.6331046,0.0,0.058792768,9386526.41,0.057890427,0.091037437,0.332385605,-10.8583982,-19002909.58,5,33.33,0,50.11,26.26,5.114155478,4.074350408,0.782509892,1.6604524139823784
472,LLBM.KL,Lion Industries Corporation Bhd,Malaysia,Metals & Mining,2023,0.039081351,27.77,8.753348872,0.070860823,0.404318205,0.700974795,0.0,0.044041679,-23057298.47,0.036320128,0.120282478,0.338364101,-28.83169485,-87671895.42,5,40.0,0,43.79,19.75,3.555487154,4.056107349,-1.872255625,1.6322121251465682
472,LLBM.KL,Lion Industries Corporation Bhd,Malaysia,Metals & Mining,2022,0.032457391,23.61,8.84592875,0.058016518,0.355943183,0.691458094,0.0,0.067485402,-117454545.5,0.056718594,0.123247795,0.299706698,-38.0096518,-70418409.09,7,40.0,0,28.39,15.88,8.861821876,4.069967336,6.403485118,1.6481471222053443
473,LTER.KL,Luster Industries Bhd,Malaysia,Chemicals,2024,0.282844772,18.22,8.103118686,0.119576573,0.261532718,0.533190529,0.511407366,0.0,2108372.87,0.144000799,0.322828881,0.228471901,20.04222026,1292594.0,4,14.29,0,26.08,6.93,5.114155478,4.074350408,0.782509892,1.0
473,LTER.KL,Luster Industries Bhd,Malaysia,Chemicals,2023,0.304522967,21.11,8.07104679,0.110411426,0.245047249,0.521227261,0.545113069,0.0,-2398721.13,0.124458375,0.375315111,0.240771577,-13.494026,361997.82,4,12.5,0,34.3,7.43,3.555487154,4.056107349,-1.872255625,0.0
473,LTER.KL,Luster Industries Bhd,Malaysia,Chemicals,2022,0.284338902,16.21,8.101759092,0.124857646,0.276026129,0.558536662,0.422555484,0.0,2247540.91,0.130549766,0.361858909,0.230139902,-2.700671383,-4228790.91,4,0.0,0,35.88,0.0,8.861821876,4.069967336,6.403485118,0.0
474,MAGM.KL,Magnum Bhd,Malaysia,"Hotels, Restaurants & Leisure",2024,0.612389825,41.17,8.896409881,0.206929802,0.1289098,0.440494994,0.122523372,0.0,3386750.22,0.06288847,0.0001966,0.023376908,6.113474783,34544986.57,5,28.57,0,72.27,23.54,5.114155478,4.074350408,0.782509892,1.3843004333330349
474,MAGM.KL,Magnum Bhd,Malaysia,"Hotels, Restaurants & Leisure",2023,0.625938939,26.17,8.883792643,0.222614609,0.120597789,0.394089435,0.100979959,0.0,-3322222.22,0.053827013,0.000245131,0.022571675,1.940687238,27558823.53,5,16.67,0,48.49,9.35,3.555487154,4.056107349,-1.872255625,1.5470259763049152
474,MAGM.KL,Magnum Bhd,Malaysia,"Hotels, Restaurants & Leisure",2022,0.601007086,28.59,8.902373551,0.255945453,0.111913728,0.350246285,0.065949294,0.0,-316590.91,0.057672186,0.000280292,0.021121462,52.6060915,22971818.18,5,16.67,0,47.36,16.26,8.861821876,4.069967336,6.403485118,2.039752721805748
475,MAHS.KL,Mah Sing Group Bhd,Malaysia,Real Estate Management & Development,2024,0.416874589,58.52,9.228021442,0.26997074,0.281113474,0.586440191,0.053348429,0.0000447489,65508504.92,0.112000625,0.207985608,0.068704479,-0.541427197,53513652.64,4,28.57,TRUE,40.12,70.95,5.114155478,4.074350408,0.782509892,1.7269789608980128
475,MAHS.KL,Mah Sing Group Bhd,Malaysia,Real Estate Management & Development,2023,0.504106699,56.6,9.145504396,0.211348404,0.201796104,0.476825618,0.07465937,0.0,65483224.4,0.093668733,0.238332347,0.070867019,7.691335038,48405010.89,4,42.86,TRUE,35.76,69.08,3.555487154,4.056107349,-1.872255625,1.7937439784358762
475,MAHS.KL,Mah Sing Group Bhd,Malaysia,Real Estate Management & Development,2022,0.494711915,52.9,9.162027044,0.222073719,0.224112629,0.505830789,0.075428943,0.0,-7209090.91,0.043911175,0.264709597,0.070435509,25.02674302,42454090.91,4,42.86,TRUE,36.35,57.87,8.861821876,4.069967336,6.403485118,1.649500164050017
477,MATE.KL,Magni-Tech Industries Bhd,Malaysia,"Textiles, Apparel & Luxury Goods",2024,0.891183352,22.3,8.387061131,0.0,0.153925687,0.957284322,2.559492545,0.0,-21063311.69,0.434242092,0.291181092,0.060822842,22.53373928,32182977.74,5,20.0,0,21.27,12.93,5.114155478,4.074350408,0.782509892,2.3343579245606945
477,MATE.KL,Magni-Tech Industries Bhd,Malaysia,"Textiles, Apparel & Luxury Goods",2024,0.891183352,22.3,8.387061131,0.0,0.153925687,0.957284322,2.559492545,0.0,-21063311.69,0.434242092,0.291181092,0.060822842,22.53373928,32182977.74,5,20.0,0,21.27,12.93,5.114155478,4.074350408,0.782509892,1.6947483246752628
477,MATE.KL,Magni-Tech Industries Bhd,Malaysia,"Textiles, Apparel & Luxury Goods",2023,0.98693243,21.51,8.344794182,0.0,0.144719744,0.952162609,0.778808263,0.0,20379442.35,0.570932265,0.299800025,0.051143036,3.381058604,26920272.54,5,20.0,0,21.05,16.33,3.555487154,4.056107349,-1.872255625,1.1925875376617754
477,MATE.KL,Magni-Tech Industries Bhd,Malaysia,"Textiles, Apparel & Luxury Goods",2022,1.116478708,24.69,8.2962376,0.0,0.071197976,0.901287486,0.112605755,0.0,-2684546.88,0.480027372,0.297499895,0.065071263,19.67562994,21393261.55,5,20.0,0,29.52,15.91,8.861821876,4.069967336,6.403485118,1.2450770591674385
478,MAYB.KL,Maybulk Bhd,Malaysia,Marine Transportation,2024,0.465625115,29.08,8.166661559,0.214887047,0.011916652,0.046996494,11.9197697,0.0,-9696956.13,0.512859579,0.010094464,0.452253338,-24.27219234,633616.83,7,16.67,0,24.16,38.48,5.114155478,4.074350408,0.782509892,1.711205786009633
478,MAYB.KL,Maybulk Bhd,Malaysia,Marine Transportation,2023,0.593372156,20.68,8.068104176,0.002668882,0.025437255,0.934135833,10.66459218,0.0,-14835076.25,0.466666199,0.014782215,0.224154404,-20.59463348,10816122.0,6,20.0,0,20.44,28.92,3.555487154,4.056107349,-1.872255625,1.558650209297053
478,MAYB.KL,Maybulk Bhd,Malaysia,Marine Transportation,2022,0.478774421,27.49,8.16222893,0.05179534,0.238107454,1.0,0.377034964,0.0,39119318.18,0.571927385,0.005243514,0.378154008,-29.25309728,21177500.0,6,14.29,0,55.9,23.38,8.861821876,4.069967336,6.403485118,1.5734860636304666
479,MBMR.KL,MBM Resources Bhd,Malaysia,Distributors,2024,0.760787349,47.83,8.787662124,0.020629117,0.065410874,0.348844587,0.600615948,0.0,13328334.83,0.102213569,0.041679744,0.074372408,5.682483033,83493733.21,11,28.57,0,66.71,39.72,5.114155478,4.074350408,0.782509892,1.9409682545682296
479,MBMR.KL,MBM Resources Bhd,Malaysia,Distributors,2023,0.810111303,42.47,8.752539679,0.007869706,0.063119804,0.35,0.572661203,0.0,-19174074.07,0.074776891,0.062025163,0.073396025,0.370881221,80235511.98,7,16.67,FALSE,64.74,35.28,3.555487154,4.056107349,-1.872255625,1.8946794645876104
479,MBMR.KL,MBM Resources Bhd,Malaysia,Distributors,2022,0.805544216,33.98,8.759425911,0.001477107,0.070992106,0.378669142,0.502361985,0.0,8968636.36,0.114140649,0.045736539,0.070504878,42.85945309,67523409.09,8,14.29,FALSE,44.25,29.84,8.861821876,4.069967336,6.403485118,1.3743027831242849
481,MEGA.KL,Mega First Corporation Bhd,Malaysia,Independent Power and Renewable Electricity Producers,2024,0.71616565,54.13,9.059271717,0.226241297,0.162814919,0.464057555,0.134871131,0.0,-52491047.45,0.060985564,0.03635698,0.240337762,35.8070708,109896598.0,5,25.0,0,44.71,57.1,5.114155478,4.074350408,0.782509892,1.9412197080956493
481,MEGA.KL,Mega First Corporation Bhd,Malaysia,Independent Power and Renewable Electricity Producers,2023,0.845297541,50.06,8.992210815,0.203457271,0.135307318,0.420268508,0.268625178,0.0,-4322222.22,0.117878139,0.029220273,0.143788355,-5.713692557,98396514.16,5,25.0,0,42.82,49.67,3.555487154,4.056107349,-1.872255625,1.2171226033231193
481,MEGA.KL,Mega First Corporation Bhd,Malaysia,Independent Power and Renewable Electricity Producers,2022,0.870456742,47.55,8.988905699,0.170833544,0.11166226,0.311316609,0.282663983,0.0,51997272.73,0.12158494,0.034479181,0.140055206,38.60492766,108119772.7,5,18.18,0,38.42,51.51,8.861821876,4.069967336,6.403485118,2.318063456196002
482,MGBB.KL,MGB Bhd,Malaysia,Construction & Engineering,2024,0.273337988,60.65,8.400868336,0.076700847,0.406568419,0.875527264,0.170611019,0.0,11075881.83,0.083229701,0.067535452,0.128481652,9.088026359,13856725.6,5,28.57,TRUE,66.56,59.84,5.114155478,4.074350408,0.782509892,1.890499725607764
482,MGBB.KL,MGB Bhd,Malaysia,Construction & Engineering,2023,0.272576266,48.66,8.388577822,0.083747526,0.456807579,0.899851409,0.054187052,0.0,257093.68,0.037233037,0.116708375,0.113532381,52.02319667,10993921.57,5,16.67,TRUE,24.78,52.22,3.555487154,4.056107349,-1.872255625,1.5763005802101562
482,MGBB.KL,MGB Bhd,Malaysia,Construction & Engineering,2022,0.32076933,54.47,8.318801554,0.124278322,0.385739279,0.863832976,0.071085169,0.0,301411.36,0.032593315,0.088638321,0.114046886,-2.328574533,3229913.64,5,12.5,TRUE,41.04,53.01,8.861821876,4.069967336,6.403485118,1.3085882104803472
483,MISC.KL,MISC Bhd,Malaysia,Marine Transportation,2024,0.594395041,82.69,10.13117612,0.256378999,0.150168712,0.397505013,0.282510797,0.0,-276455908.7,0.074413522,0.001752425,0.38852504,-4.713727057,276018128.9,11,44.44,TRUE,86.93,74.58,5.114155478,4.074350408,0.782509892,0.0
483,MISC.KL,MISC Bhd,Malaysia,Marine Transportation,2023,0.558249454,83.26,10.15150182,0.269673577,0.122095893,0.308197663,0.318884199,0.0,30318518.52,0.05966303,0.00142765,0.391072345,-1.341898997,426785838.8,10,40.0,TRUE,89.53,77.61,3.555487154,4.056107349,-1.872255625,1.312634579753318
483,MISC.KL,MISC Bhd,Malaysia,Marine Transportation,2022,0.573933632,81.42,10.15356711,0.285035256,0.13990724,0.347827334,0.328261502,0.0,-133685909.1,0.049800449,0.001561959,0.38786071,22.97187364,417043636.4,13,41.67,TRUE,85.15,73.25,8.861821876,4.069967336,6.403485118,1.6937794176349443
484,MLTO.KL,Malton Bhd,Malaysia,Real Estate Management & Development,2024,0.086186327,38.38,8.682882472,0.251413766,0.444323785,0.763708956,0.210080038,0.0,11688441.15,0.096367238,0.196806542,0.010355806,-18.56509831,5490562.04,5,14.29,0,22.67,48.16,5.114155478,4.074350408,0.782509892,1.2638383493127414
484,MLTO.KL,Malton Bhd,Malaysia,Real Estate Management & Development,2023,0.075537719,29.8,8.740156982,0.303425377,0.507721283,0.791884646,0.107544224,0.0,-802357.98,0.076968551,0.20023864,0.010798059,21.77296713,-21184780.28,6,14.29,0,20.27,22.6,3.555487154,4.056107349,-1.872255625,1.2949809586513028
484,MLTO.KL,Malton Bhd,Malaysia,Real Estate Management & Development,2022,0.071731248,24.91,8.763540993,0.225568581,0.501652293,0.825907677,0.11001516,0.0,17048116.21,0.07549559,0.198146036,0.011763026,-39.17461456,17198819.79,5,14.29,0,25.29,4.73,8.861821876,4.069967336,6.403485118,1.5644576758986166
485,MPIM.KL,Malaysian Pacific Industries Bhd,Malaysia,Semiconductors & Semiconductor Equipment,2024,1.882259687,56.51,8.853969891,0.040771376,0.133048476,0.431252573,0.0,0.155529535,-148617102.1,0.413004909,0.052322595,0.444615221,13.92709978,47437054.63,5,40.0,0,54.01,49.14,5.114155478,4.074350408,0.782509892,1.5390945246543524
485,MPIM.KL,Malaysian Pacific Industries Bhd,Malaysia,Semiconductors & Semiconductor Equipment,2023,2.140422002,49.66,8.797828207,0.037505523,0.152688874,0.520011045,0.217419874,0.006756474,8565641.57,0.359179064,0.049389823,0.457591641,1.365477058,49469353.13,4,33.33,0,42.08,35.03,3.555487154,4.056107349,-1.872255625,1.2179497895946425
485,MPIM.KL,Malaysian Pacific Industries Bhd,Malaysia,Semiconductors & Semiconductor Equipment,2022,2.08717392,56.29,8.810019324,0.091838913,0.180444545,0.5449943,0.340490397,0.0,18921757.77,0.31890795,0.049645249,0.48588216,-20.07035897,23182851.02,4,33.33,0,55.99,37.57,8.861821876,4.069967336,6.403485118,1.896130509132525
486,MSCB.KL,Malaysia Smelting Corporation Bhd,Malaysia,Metals & Mining,2024,0.737927297,43.72,8.484649622,0.275171978,0.358548449,0.74691688,0.153960516,0.100129927,-11722023.28,0.156387479,0.451552164,0.14745593,21.05161965,20934198.75,4,28.57,TRUE,68.15,43.93,5.114155478,4.074350408,0.782509892,1.139104446042824
486,MSCB.KL,Malaysia Smelting Corporation Bhd,Malaysia,Metals & Mining,2024,0.737927297,43.72,8.484649622,0.275171978,0.358548449,0.74691688,0.153960516,0.100129927,-11722023.28,0.156387479,0.451552164,0.14745593,21.05161965,20934198.75,4,28.57,TRUE,68.15,43.93,5.114155478,4.074350408,0.782509892,1.0
486,MSCB.KL,Malaysia Smelting Corporation Bhd,Malaysia,Metals & Mining,2024,0.737927297,43.72,8.484649622,0.275171978,0.358548449,0.74691688,0.153960516,0.100129927,-11722023.28,0.156387479,0.451552164,0.14745593,21.05161965,20934198.75,4,28.57,TRUE,68.15,43.93,5.114155478,4.074350408,0.782509892,1.406028220566358
486,MSCB.KL,Malaysia Smelting Corporation Bhd,Malaysia,Metals & Mining,2023,0.749515091,44.89,8.481709224,0.261828626,0.325192006,0.709881191,0.151827995,0.0,24618954.25,0.193960968,0.427730479,0.136276753,-8.466190761,21179956.43,4,25.0,TRUE,62.87,42.54,3.555487154,4.056107349,-1.872255625,1.292340250623837
486,MSCB.KL,Malaysia Smelting Corporation Bhd,Malaysia,Metals & Mining,2023,0.749515091,44.89,8.481709224,0.261828626,0.325192006,0.709881191,0.151827995,0.0,24618954.25,0.193960968,0.427730479,0.136276753,-8.466190761,21179956.43,4,25.0,TRUE,62.87,42.54,3.555487154,4.056107349,-1.872255625,1.0
486,MSCB.KL,Malaysia Smelting Corporation Bhd,Malaysia,Metals & Mining,2023,0.749515091,44.89,8.481709224,0.261828626,0.325192006,0.709881191,0.151827995,0.0,24618954.25,0.193960968,0.427730479,0.136276753,-8.466190761,21179956.43,4,25.0,TRUE,62.87,42.54,3.555487154,4.056107349,-1.872255625,1.406028220566358
486,MSCB.KL,Malaysia Smelting Corporation Bhd,Malaysia,Metals & Mining,2022,0.774050292,40.42,8.472441947,0.262494123,0.309290319,0.688436849,0.141195084,0.0,6510227.27,0.108838872,0.437038903,0.13388097,32.1750619,23055454.55,4,28.57,TRUE,61.38,42.5,8.861821876,4.069967336,6.403485118,1.6219080328942126
486,MSCB.KL,Malaysia Smelting Corporation Bhd,Malaysia,Metals & Mining,2022,0.774050292,40.42,8.472441947,0.262494123,0.309290319,0.688436849,0.141195084,0.0,6510227.27,0.108838872,0.437038903,0.13388097,32.1750619,23055454.55,4,28.57,TRUE,61.38,42.5,8.861821876,4.069967336,6.403485118,1.0
486,MSCB.KL,Malaysia Smelting Corporation Bhd,Malaysia,Metals & Mining,2022,0.774050292,40.42,8.472441947,0.262494123,0.309290319,0.688436849,0.141195084,0.0,6510227.27,0.108838872,0.437038903,0.13388097,32.1750619,23055454.55,4,28.57,TRUE,61.38,42.5,8.861821876,4.069967336,6.403485118,1.301053287103834
487,MUHI.KL,Muhibbah Engineering (M) Bhd,Malaysia,Construction & Engineering,2024,0.11532728,39.98,8.906768853,0.226768312,0.386533315,0.619387297,0.149721755,0.0,38499104.74,0.169370135,0.069565999,0.297063061,58.75674594,32100268.58,4,25.0,0,61.47,44.39,5.114155478,4.074350408,0.782509892,2.28204559192927
487,MUHI.KL,Muhibbah Engineering (M) Bhd,Malaysia,Construction & Engineering,2023,0.122120505,38.08,8.877834399,0.231989591,0.400010449,0.637462564,0.187675929,0.0,23848148.15,0.113439097,0.096252849,0.321306766,34.17095143,7931808.28,4,25.0,0,48.42,44.19,3.555487154,4.056107349,-1.872255625,2.0504810394664865
487,MUHI.KL,Muhibbah Engineering (M) Bhd,Malaysia,Construction & Engineering,2022,0.125471243,34.75,8.879127954,0.252930461,0.403216887,0.64831987,0.134353683,0.0,-35655454.55,0.086501797,0.09001707,0.340187136,-15.43959405,1300000.0,4,10.0,0,37.24,45.4,8.861821876,4.069967336,6.403485118,1.990600628011628
488,MUIB.KL,Malayan United Industries Bhd,Malaysia,Industrial Conglomerates,2024,0.087842252,26.77,8.718393011,0.3772857,0.358491852,0.533329149,0.220084861,0.0,12304984.09,0.079141315,0.020770867,0.669788766,-7.61861644,-31986850.48,7,33.33,TRUE,49.87,18.13,5.114155478,4.074350408,0.782509892,0.0
488,MUIB.KL,Malayan United Industries Bhd,Malaysia,Industrial Conglomerates,2023,0.081040837,15.35,8.753392555,0.345532633,0.331025627,0.53586191,0.158563158,0.0,-4257449.09,0.10642751,0.022031889,0.666298775,18.04227481,4041157.56,6,20.0,TRUE,28.62,7.74,3.555487154,4.056107349,-1.872255625,0.0
488,MUIB.KL,Malayan United Industries Bhd,Malaysia,Industrial Conglomerates,2022,0.140184604,21.08,8.516324682,0.605627825,0.54581041,0.569473573,0.21328585,0.0,-1463458.92,0.123517665,0.076821996,0.435800449,76.84011988,-5794598.28,6,16.67,TRUE,45.07,6.59,8.861821876,4.069967336,6.403485118,2.176900101292449
489,NCHB.KL,Naim Holdings Bhd,Malaysia,Construction & Engineering,2023,0.275747183,28.02,8.594977918,0.109042614,0.218525906,0.791402765,0.0,0.122276274,-5858387.8,0.121094248,0.304063604,0.071008574,-17.56375179,7693464.05,5,28.57,0,43.81,13.61,3.555487154,4.056107349,-1.872255625,0.0
489,NCHB.KL,Naim Holdings Bhd,Malaysia,Construction & Engineering,2022,0.259305109,24.7,8.612735706,0.129144029,0.226400931,0.757498808,0.097381863,0.113012529,-6134772.73,0.133538662,0.309466127,0.065262779,-17.3957054,5698181.82,6,25.0,0,37.76,6.1,8.861821876,4.069967336,6.403485118,1.4073937391242717
490,NESM.KL,Nestle (Malaysia) Bhd,Malaysia,Food Products,2024,6.411825722,89.49,8.912148525,0.360173525,0.66240015,0.779316476,0.004649264,0.0,-52528648.16,0.003235134,0.227782926,0.566530255,-9.306152926,93022157.56,5,25.0,TRUE,77.56,89.5,5.114155478,4.074350408,0.782509892,2.1097315287616447
490,NESM.KL,Nestle (Malaysia) Bhd,Malaysia,Food Products,2023,6.61956076,90.29,8.890760876,0.258645161,0.598977592,0.73864658,0.005163049,0.0,37028540.31,0.002977225,0.232945723,0.556773437,1.423551694,143762527.2,5,28.57,TRUE,78.3,90.28,3.555487154,4.056107349,-1.872255625,1.6647077582607694
490,NESM.KL,Nestle (Malaysia) Bhd,Malaysia,Food Products,2022,6.420867446,91.55,8.907266091,0.262920402,0.635611707,0.771586863,0.003617134,0.0,-39755454.55,0.002590678,0.31375339,0.521635696,9.991400063,140985000.0,6,28.57,TRUE,78.52,94.58,8.861821876,4.069967336,6.403485118,1.5151456497485696
491,NETX.KL,NetX Holdings Bhd,Malaysia,Software,2024,0.265801766,35.57,7.466996562,0.192916456,0.215082414,0.69922782,1.982941396,7.68373e-7,-2142450.45,0.384863885,0.001000149,0.025835731,-23.05775182,-6703461.71,5,20.0,0,48.08,8.49,5.114155478,4.074350408,0.782509892,0.0
491,NETX.KL,NetX Holdings Bhd,Malaysia,Software,2023,0.239855376,27.73,7.511604966,0.184284791,0.12978714,0.541352135,3.311730108,6.61039e-7,456220.74,0.385035261,0.001333108,0.036930093,17.61113443,-3065286.67,6,20.0,0,37.62,5.97,3.555487154,4.056107349,-1.872255625,0.0
491,NETX.KL,NetX Holdings Bhd,Malaysia,Software,2022,0.215323399,32.8,7.559391729,0.210522516,0.072763266,0.338457807,5.365222808,0.043869568,-341159.13,0.36454761,0.000238376,0.029079557,10.10588995,-3622174.21,5,25.0,0,46.05,6.76,8.861821876,4.069967336,6.403485118,0.0
492,NEXT.KL,Nextgreen Global Bhd,Malaysia,Commercial Services & Supplies,2024,1.662630155,56.18,8.112817922,0.121199421,0.129632496,0.54781162,0.12128994,0.0,739509.85,0.020114047,0.16242817,0.32555873,92.18616239,5161524.17,5,37.5,0,94.16,41.69,5.114155478,4.074350408,0.782509892,1.205210660920202
492,NEXT.KL,Nextgreen Global Bhd,Malaysia,Commercial Services & Supplies,2023,2.139606359,53.72,8.005857118,0.150458683,0.133759754,0.488779245,0.093281385,0.0,315703.7,0.014034812,0.030776006,0.31599476,5.802933615,2013588.24,5,25.0,0,90.69,46.78,3.555487154,4.056107349,-1.872255625,1.2166609000298196
492,NEXT.KL,Nextgreen Global Bhd,Malaysia,Commercial Services & Supplies,2022,2.383297849,47.1,7.954770974,0.176846419,0.158286315,0.515047218,0.069326314,0.0,-831506.82,0.013949181,0.02613076,0.339363945,-39.24112763,2849393.18,4,12.5,0,91.28,39.95,8.861821876,4.069967336,6.403485118,1.066533133647931
493,NTPM.KL,NTPM Holdings Bhd,Malaysia,Household Products,2024,0.238683378,16.6,8.400122906,0.328638069,0.498716117,0.926454602,0.082870495,0.0,-2516001.86,0.048563484,0.215532678,0.513150802,7.229146869,-8259276.44,6,33.33,TRUE,22.02,16.7,5.114155478,4.074350408,0.782509892,1.4140122500262209
493,NTPM.KL,NTPM Holdings Bhd,Malaysia,Household Products,2023,0.292930117,23.41,8.330066401,0.330442398,0.432431238,0.856750083,0.064759049,0.0,2409071.28,0.048065914,0.2151103,0.571608464,-2.534795666,-1654792.45,4,33.33,TRUE,47.83,13.04,3.555487154,4.056107349,-1.872255625,1.6116442168877465
493,NTPM.KL,NTPM Holdings Bhd,Malaysia,Household Products,2022,0.258721994,21.36,8.384925607,0.370823438,0.471665666,0.89308125,0.040469338,0.0,-1125314.04,0.040704805,0.246496615,0.551868274,10.8176532,-1319293.41,4,0.0,TRUE,42.42,11.42,8.861821876,4.069967336,6.403485118,1.6116442168877465
495,NVTE.KL,Notion VTec Bhd,Malaysia,"Electronic Equipment, Instruments & Components",2024,0.466355231,26.98,8.147725451,0.050723061,0.21357151,0.782397449,0.0,0.107885802,3099733.07,0.13902424,0.111735104,0.489338003,60.96718529,10420043.68,5,12.5,0,34.61,12.15,5.114155478,4.074350408,0.782509892,1.7232870272044676
495,NVTE.KL,Notion VTec Bhd,Malaysia,"Electronic Equipment, Instruments & Components",2023,0.60095657,26.96,8.037599217,0.070987407,0.188389883,0.737273944,0.0,0.09710724,6727602.0,0.089021246,0.104239002,0.55112887,2.037638748,-9591136.68,6,12.5,0,36.3,7.14,3.555487154,4.056107349,-1.872255625,2.376355817374906
495,NVTE.KL,Notion VTec Bhd,Malaysia,"Electronic Equipment, Instruments & Components",2022,0.541578732,33.86,8.07535716,0.098974469,0.15640168,0.666661513,0.201628241,0.0,-988996.76,0.029665169,0.156245692,0.586471839,-14.51067798,2023516.72,8,25.0,0,46.87,9.54,8.861821876,4.069967336,6.403485118,1.7930505116639686
496,OMES.KL,Omesti Bhd,Malaysia,"Electronic Equipment, Instruments & Components",2024,0.410451177,28.77,7.867594533,0.580234564,0.44550985,0.549250761,0.204923926,0.0,-4556192.69,0.047680834,0.031096101,0.128022834,-6.678915292,-54581816.83,7,16.67,0,29.24,18.55,5.114155478,4.074350408,0.782509892,1.0
496,OMES.KL,Omesti Bhd,Malaysia,"Electronic Equipment, Instruments & Components",2023,0.215331618,27.96,8.149700669,0.340412703,0.304192599,0.649118214,0.260331797,0.0,-9230013.61,0.068907712,0.019619522,0.046352428,-16.61769876,-14154929.71,5,16.67,0,31.15,13.45,3.555487154,4.056107349,-1.872255625,1.0
496,OMES.KL,Omesti Bhd,Malaysia,"Electronic Equipment, Instruments & Components",2022,0.177504199,30.47,8.210108697,0.424148013,0.369394322,0.517021298,0.387161285,0.0,-13115308.11,0.1702439,0.021651633,0.077759865,-44.30283237,-8187608.85,7,22.22,0,32.98,6.83,8.861821876,4.069967336,6.403485118,0.0
497,PARB.KL,PA Resources Bhd,Malaysia,Metals & Mining,2024,0.808994555,17.44,7.875278562,0.033337971,0.053214711,0.512454341,3.848767256,0.0,8866990.46,0.239987001,0.182819412,0.281327792,21.04823388,9699563.1,5,0.0,0,24.97,9.28,5.114155478,4.074350408,0.782509892,0.0
497,PARB.KL,PA Resources Bhd,Malaysia,Metals & Mining,2023,0.947919751,10.98,7.806452588,0.018737531,0.052070767,0.833032648,1.970601073,0.0,5602430.87,0.108351518,0.251661412,0.298024482,5.982948596,6725296.89,5,14.29,0,26.19,6.39,3.555487154,4.056107349,-1.872255625,0.0
497,PARB.KL,PA Resources Bhd,Malaysia,Metals & Mining,2022,1.032598621,10.3,7.782810278,0.078035107,0.15852011,0.939741096,0.10669346,0.0,-3127569.22,0.022173075,0.235623033,0.323988094,38.19032273,9874979.57,5,0.0,0,18.27,7.73,8.861821876,4.069967336,6.403485118,0.0
498,PARW.KL,Parkwood Holdings Bhd,Malaysia,Real Estate Management & Development,2024,0.374125398,20.76,7.597634627,0.127318795,0.073529464,0.38952519,0.918039416,0.0,-1103030.44,0.1140905,0.367267236,0.003955217,-31.60570361,-1210239.48,5,40.0,0,25.32,24.16,5.114155478,4.074350408,0.782509892,0.0
498,PARW.KL,Parkwood Holdings Bhd,Malaysia,Real Estate Management & Development,2023,0.37254921,26.78,7.599468173,0.136608588,0.05509454,0.299381567,1.631674052,0.0,972224.4,0.141568138,0.383508278,0.003870853,42.76259913,-915104.58,5,40.0,0,54.08,12.38,3.555487154,4.056107349,-1.872255625,1.0
498,PARW.KL,Parkwood Holdings Bhd,Malaysia,Real Estate Management & Development,2022,0.350693825,20.22,7.626652232,0.141158968,0.053821749,0.302559828,1.211313287,0.0,-1830543.18,0.118797947,0.398209754,0.006664512,75.936054,533425.0,5,16.67,0,29.33,13.08,8.861821876,4.069967336,6.403485118,1.4092368940597062
499,PDNI.KL,Padini Holdings Berhad,Malaysia,Specialty Retail,2024,0.999770412,58.92,8.687725912,0.344594871,0.130020476,0.307836678,2.740897944,0.0,-14263182.9,0.463171177,0.18875975,0.399366712,13.09416274,36766508.31,5,50.0,0,75.07,48.7,5.114155478,4.074350408,0.782509892,1.4086972668048006
499,PDNI.KL,Padini Holdings Berhad,Malaysia,Specialty Retail,2023,1.237450863,46.07,8.588788755,0.300900538,0.147475535,0.375653956,2.932297381,0.0,40067232.24,0.487560204,0.157558416,0.341621297,4.191233197,31091198.3,5,40.0,0,58.1,24.36,3.555487154,4.056107349,-1.872255625,1.3712771090360898
499,PDNI.KL,Padini Holdings Berhad,Malaysia,Specialty Retail,2022,1.37992764,48.05,8.552854369,0.2769316,0.148238511,0.394521996,2.450836697,0.0,-44315112.54,0.382661414,0.260024644,0.305047839,30.46536459,47736548.77,5,33.33,0,59.05,26.07,8.861821876,4.069967336,6.403485118,0.0
500,PESO.KL,Pesona Metro Holdings Bhd,Malaysia,Construction & Engineering,2024,0.304914255,44.31,8.24498757,0.300202457,0.491124386,0.630398069,0.132744979,0.0,5306978.51,0.159950013,0.127450258,0.055329444,2.026844573,4993460.16,6,40.0,0,75.37,18.59,5.114155478,4.074350408,0.782509892,1.0
500,PESO.KL,Pesona Metro Holdings Bhd,Malaysia,Construction & Engineering,2023,0.376070013,44.83,8.153896593,0.248165105,0.54001687,0.71032082,0.069818838,0.0,-1749620.92,0.099129941,0.0,0.071885947,34.16366256,2699128.54,5,20.0,0,61.23,23.86,3.555487154,4.056107349,-1.872255625,1.0
500,PESO.KL,Pesona Metro Holdings Bhd,Malaysia,Construction & Engineering,2022,0.434076779,44.35,8.112122832,0.289048937,0.441252442,0.595220336,0.09551386,0.0,1370963.64,0.090441787,0.0,0.092234816,-44.01520624,-677272.73,8,20.0,0,58.38,29.93,8.861821876,4.069967336,6.403485118,1.0
501,PETR.KL,Petronas Dagangan Bhd,Malaysia,"Oil, Gas & Consumable Fuels",2024,2.149183068,65.07,9.395822871,0.009712586,0.434809296,0.939429256,0.437407424,0.0,127453446.7,0.18906688,0.015161735,0.359425244,3.828776578,249917636.5,6,30.0,TRUE,54.75,46.41,5.114155478,4.074350408,0.782509892,1.8706735847809417
501,PETR.KL,Petronas Dagangan Bhd,Malaysia,"Oil, Gas & Consumable Fuels",2023,2.072447448,72.26,9.398392385,0.013251462,0.473604546,0.9513367,0.277017747,0.0,-298956427.0,0.128329096,0.012949032,0.358395899,-2.051457261,210627015.3,5,30.0,TRUE,80.85,47.32,3.555487154,4.056107349,-1.872255625,2.3594369105674047
501,PETR.KL,Petronas Dagangan Bhd,Malaysia,"Oil, Gas & Consumable Fuels",2022,2.105357749,70.77,9.407990707,0.016372409,0.462430903,0.94397631,0.55498534,0.0,220095454.6,0.284788357,0.012395162,0.365563622,54.53150446,179054090.9,7,33.33,TRUE,66.7,55.26,8.861821876,4.069967336,6.403485118,2.001782036640214
502,PGAS.KL,Petronas Gas Bhd,Malaysia,Gas Utilities,2024,2.080699505,55.37,9.622996008,0.09850363,0.081059432,0.316306149,0.063552382,0.0,-208647717.1,0.060404298,0.001918777,0.741995629,4.209973861,430538943.6,5,33.33,TRUE,46.72,46.49,5.114155478,4.074350408,0.782509892,1.1767221932190688
502,PGAS.KL,Petronas Gas Bhd,Malaysia,Gas Utilities,2023,2.075043307,63.68,9.624178206,0.163177371,0.123745101,0.414742612,0.038973658,0.0,-108562309.4,0.030045744,0.002001628,0.705538737,0.299390761,414169716.8,6,37.5,TRUE,71.61,52.33,3.555487154,4.056107349,-1.872255625,1.1586106234449562
502,PGAS.KL,Petronas Gas Bhd,Malaysia,Gas Utilities,2022,1.99809792,60.1,9.650757792,0.194822414,0.069914257,0.21046374,0.086332728,0.0,55406136.36,0.006960515,0.002162339,0.681032468,3.20724597,399651818.2,7,30.0,TRUE,55.86,55.75,8.861821876,4.069967336,6.403485118,1.099762923488399
503,PGFC.KL,PGF Capital Bhd,Malaysia,Building Products,2024,0.910413379,26.89,7.967362619,0.203572906,0.110680661,0.303265148,0.0,0.091620006,2697612.11,0.127368069,0.08026569,0.288394501,28.11596977,7609096.41,5,33.33,TRUE,16.87,36.83,5.114155478,4.074350408,0.782509892,1.6878661002592326
503,PGFC.KL,PGF Capital Bhd,Malaysia,Building Products,2024,0.910413379,26.89,7.967362619,0.203572906,0.110680661,0.303265148,0.0,0.091620006,2697612.11,0.127368069,0.08026569,0.288394501,28.11596977,7609096.41,5,33.33,TRUE,16.87,36.83,5.114155478,4.074350408,0.782509892,1.6878661002592326
503,PGFC.KL,PGF Capital Bhd,Malaysia,Building Products,2023,1.258738421,12.0,7.824292371,0.149413151,0.116873466,0.353551775,0.0,0.082497887,1247794.18,0.085308108,0.089646683,0.251131347,33.54100772,2205014.76,5,16.67,0,13.04,14.58,3.555487154,4.056107349,-1.872255625,1.0
503,PGFC.KL,PGF Capital Bhd,Malaysia,Building Products,2023,1.258738421,12.0,7.824292371,0.149413151,0.116873466,0.353551775,0.0,0.082497887,1247794.18,0.085308108,0.089646683,0.251131347,33.54100772,2205014.76,5,16.67,0,13.04,14.58,3.555487154,4.056107349,-1.872255625,1.0
503,PGFC.KL,PGF Capital Bhd,Malaysia,Building Products,2022,1.304402139,8.11,7.809744888,0.119863256,0.134210201,0.445459989,0.0,0.066461955,-607502.79,0.067973288,0.099811037,0.2143404,48.10280008,3628107.02,4,0.0,0,12.12,7.22,8.861821876,4.069967336,6.403485118,1.934611916407384
503,PGFC.KL,PGF Capital Bhd,Malaysia,Building Products,2022,1.304402139,8.11,7.809744888,0.119863256,0.134210201,0.445459989,0.0,0.066461955,-607502.79,0.067973288,0.099811037,0.2143404,48.10280008,3628107.02,4,0.0,0,12.12,7.22,8.861821876,4.069967336,6.403485118,1.934611916407384
504,PIEN.KL,PIE Industrial Bhd,Malaysia,Electrical Equipment,2024,1.581018855,33.56,8.281885209,0.066148771,0.22312421,0.86800104,0.510649585,0.004678015,11821873.32,0.132579569,0.249459049,0.322697351,-17.6541298,11675962.4,6,28.57,0,39.42,19.25,5.114155478,4.074350408,0.782509892,1.6750537416545346
504,PIEN.KL,PIE Industrial Bhd,Malaysia,Electrical Equipment,2023,1.556053515,31.98,8.296576346,0.074330911,0.315934401,0.957408784,0.118209445,0.016508295,-75586.06,0.068108614,0.305573212,0.22963184,0.108528469,16028703.7,5,16.67,0,42.66,20.5,3.555487154,4.056107349,-1.872255625,1.6750537416545346
504,PIEN.KL,PIE Industrial Bhd,Malaysia,Electrical Equipment,2022,1.502186193,33.7,8.314088638,0.116411288,0.367919822,0.963212664,0.130464026,0.00661622,-3434143.18,0.074037157,0.31735557,0.205937786,7.566576763,15916031.82,5,16.67,0,50.42,19.48,8.861821876,4.069967336,6.403485118,0.0
505,PLSB.KL,PLS Plantations Bhd,Malaysia,Food Products,2024,0.340405524,38.34,8.024206987,0.178856912,0.135238412,0.293312799,0.0,0.013457646,-3036267.23,0.022137493,0.021669839,0.697968214,-3.897805609,-4545917.29,8,11.11,TRUE,29.03,44.82,5.114155478,4.074350408,0.782509892,2.510294323773027
505,PLSB.KL,PLS Plantations Bhd,Malaysia,Food Products,2023,0.341367833,29.74,8.047454761,0.17570619,0.115200351,0.251203721,0.0,0.030968766,-5547052.52,0.038032066,0.05178116,0.671681115,-39.30383385,-8253161.84,6,12.5,TRUE,7.91,30.33,3.555487154,4.056107349,-1.872255625,2.3524316325478507
505,PLSB.KL,PLS Plantations Bhd,Malaysia,Food Products,2022,0.326577997,31.26,8.073527825,0.189219019,0.107394009,0.22593675,0.0,0.081853752,860190.65,0.085398759,0.050718362,0.650263853,28.53597817,7935088.52,5,11.11,0,21.0,32.59,8.861821876,4.069967336,6.403485118,1.895295822580012
506,PMAS.KL,Pentamaster Corporation Bhd,Malaysia,Machinery,2024,2.061730046,46.43,8.480773418,0.0,0.190377566,0.42626211,0.956618531,0.0,-9447558.19,0.349887697,0.090104648,0.338334756,-7.501784513,23250501.34,5,33.33,0,56.94,52.82,5.114155478,4.074350408,0.782509892,1.5493007364216334
506,PMAS.KL,Pentamaster Corporation Bhd,Malaysia,Machinery,2023,2.184169427,28.3,8.458066438,0.0,0.229795186,0.489683602,0.431898853,0.0,15173130.72,0.406429443,0.144630976,0.214006704,10.44220179,30604265.8,4,33.33,0,40.54,19.66,3.555487154,4.056107349,-1.872255625,1.993076057701057
506,PMAS.KL,Pentamaster Corporation Bhd,Malaysia,Machinery,2022,2.381166216,33.75,8.420319395,0.0,0.225931119,0.492426167,0.463281582,0.0,-12958206.82,0.405112415,0.147590029,0.146790906,11.79896997,29668259.09,4,20.0,0,52.2,22.55,8.861821876,4.069967336,6.403485118,2.717041590457
507,PMBT.KL,PMB Technology Bhd,Malaysia,Metals & Mining,2024,0.983530325,37.22,8.73535422,0.329617742,0.311546532,0.721820001,0.0,0.040050255,1378245.3,0.047287808,0.214573549,0.6282408,-6.325090892,12994404.66,6,37.5,TRUE,37.69,34.57,5.114155478,4.074350408,0.782509892,1.4060282205663577
507,PMBT.KL,PMB Technology Bhd,Malaysia,Metals & Mining,2023,1.171024386,34.55,8.66321032,0.415857581,0.363629181,0.662958963,0.0,0.046399013,1394335.51,0.054778855,0.179012974,0.630166715,-19.81987579,9749891.07,4,28.57,TRUE,49.59,37.64,3.555487154,4.056107349,-1.872255625,1.4663250165892865
507,PMBT.KL,PMB Technology Bhd,Malaysia,Metals & Mining,2022,1.39702058,31.54,8.591106111,0.323889791,0.320878424,0.680901786,0.0,0.074571544,367045.45,0.083100979,0.157538557,0.55864591,22.60833975,25080681.82,4,14.29,TRUE,39.38,42.47,8.861821876,4.069967336,6.403485118,1.7208692563352364
508,PMET.KL,Press Metal Aluminium Holdings Bhd,Malaysia,Metals & Mining,2024,2.998883546,80.28,9.570889042,0.245542274,0.200089021,0.407981416,0.428051003,0.0,64705013.43,0.100865364,0.157581505,0.450525246,10.95227785,475539391.2,6,30.0,TRUE,83.45,76.72,5.114155478,4.074350408,0.782509892,1.6869391023302502
508,PMET.KL,Press Metal Aluminium Holdings Bhd,Malaysia,Metals & Mining,2023,3.288209246,80.45,9.524761483,0.301165616,0.179456351,0.326984613,0.354638852,0.0,150499346.4,0.07685778,0.167014524,0.500921422,-15.61996996,330717211.3,7,30.0,TRUE,85.84,76.85,3.555487154,4.056107349,-1.872255625,1.550788319514441
508,PMET.KL,Press Metal Aluminium Holdings Bhd,Malaysia,Metals & Mining,2022,3.236743117,75.67,9.541700677,0.332542389,0.205276124,0.362251502,0.100451104,0.0,3287727.27,0.040223007,0.182426061,0.501843006,34.9835972,401486590.9,6,30.0,TRUE,78.08,79.18,8.861821876,4.069967336,6.403485118,1.304406793948693
509,PNTE.KL,Pantech Group Holdings Bhd,Malaysia,Metals & Mining,2024,0.424652413,49.43,8.527506107,0.151490216,0.172933986,0.531303639,1.012466771,0.0,1257717.49,0.227472703,0.269492078,0.29897006,6.409090165,18499511.21,5,33.33,0,75.31,32.07,5.114155478,4.074350408,0.782509892,1.4098499361299657
509,PNTE.KL,Pantech Group Holdings Bhd,Malaysia,Metals & Mining,2024,0.424652413,49.43,8.527506107,0.151490216,0.172933986,0.531303639,1.012466771,0.0,1257717.49,0.227472703,0.269492078,0.29897006,6.409090165,18499511.21,5,33.33,0,75.31,32.07,5.114155478,4.074350408,0.782509892,1.6020328672547823
509,PNTE.KL,Pantech Group Holdings Bhd,Malaysia,Metals & Mining,2023,0.54627695,39.44,8.421196059,0.202541352,0.248939141,0.852234521,0.817938401,0.0,17281615.35,0.216205462,0.331174604,0.279047211,-13.73156346,22257703.5,5,33.33,0,68.33,14.19,3.555487154,4.056107349,-1.872255625,1.4141608345540488
509,PNTE.KL,Pantech Group Holdings Bhd,Malaysia,Metals & Mining,2022,0.565075474,35.06,8.407431008,0.203256902,0.232415524,0.819977067,0.665624055,0.0,-279627.65,0.144010768,0.353780986,0.30006584,29.20703502,25782173.91,5,33.33,0,70.15,15.39,8.861821876,4.069967336,6.403485118,1.0
510,POHK.KL,Poh Kong Holdings Bhd,Malaysia,"Textiles, Apparel & Luxury Goods",2024,0.417275732,17.39,8.376638805,0.141827991,0.165185918,0.81619644,0.151302964,0.0,1542184.23,0.034649096,0.773195274,0.141469673,9.582452126,25462521.78,6,62.5,0,19.5,8.74,5.114155478,4.074350408,0.782509892,1.7049031981561793
510,POHK.KL,Poh Kong Holdings Bhd,Malaysia,"Textiles, Apparel & Luxury Goods",2024,0.417275732,17.39,8.376638805,0.141827991,0.165185918,0.81619644,0.151302964,0.0,1542184.23,0.034649096,0.773195274,0.141469673,9.582452126,25462521.78,6,62.5,0,19.5,8.74,5.114155478,4.074350408,0.782509892,1.7049031981561793
510,POHK.KL,Poh Kong Holdings Bhd,Malaysia,"Textiles, Apparel & Luxury Goods",2023,0.438382902,18.24,8.346608154,0.176761746,0.189770179,0.794227848,0.075989762,0.0,-1391546.48,0.031560363,0.75428793,0.157431322,6.510246647,17404213.45,6,50.0,0,19.43,8.79,3.555487154,4.056107349,-1.872255625,1.3969822469174955
510,POHK.KL,Poh Kong Holdings Bhd,Malaysia,"Textiles, Apparel & Luxury Goods",2023,0.438382902,18.24,8.346608154,0.176761746,0.189770179,0.794227848,0.075989762,0.0,-1391546.48,0.031560363,0.75428793,0.157431322,6.510246647,17404213.45,6,50.0,0,19.43,8.79,3.555487154,4.056107349,-1.872255625,1.3969822469174955
510,POHK.KL,Poh Kong Holdings Bhd,Malaysia,"Textiles, Apparel & Luxury Goods",2022,0.496609586,16.55,8.297696567,0.155469675,0.163572741,0.735811838,0.131291815,0.0,3314874.1,0.04042906,0.729391868,0.168416861,43.07946532,20726468.08,5,50.0,0,20.72,6.29,8.861821876,4.069967336,6.403485118,1.3969822469174955
510,POHK.KL,Poh Kong Holdings Bhd,Malaysia,"Textiles, Apparel & Luxury Goods",2022,0.496609586,16.55,8.297696567,0.155469675,0.163572741,0.735811838,0.131291815,0.0,3314874.1,0.04042906,0.729391868,0.168416861,43.07946532,20726468.08,5,50.0,0,20.72,6.29,8.861821876,4.069967336,6.403485118,1.3969822469174955
512,PRKN.KL,Parkson Holdings Bhd,Malaysia,Broadline Retail,2024,0.034415814,50.01,9.269898285,0.538054093,0.268752757,0.317671856,0.616890492,0.0,-20699194.27,0.171087396,0.040151568,0.457535517,-7.696704897,-28465980.3,4,16.67,0,73.93,36.48,5.114155478,4.074350408,0.782509892,1.9388524066906347
512,PRKN.KL,Parkson Holdings Bhd,Malaysia,Broadline Retail,2023,0.035226522,43.21,9.268929943,0.494080012,0.294228078,0.353788836,0.588891374,0.0,39429847.49,0.163863136,0.041912294,0.434330873,2.666478694,9541612.2,4,33.33,0,81.81,12.7,3.555487154,4.056107349,-1.872255625,1.872767408786565
512,PRKN.KL,Parkson Holdings Bhd,Malaysia,Broadline Retail,2022,0.032566514,35.32,9.303956977,0.517581956,0.286621301,0.342178763,0.508087979,0.0,100937045.5,0.1347194,0.043662803,0.451512945,-42.76498987,-42005000.0,4,33.33,0,74.53,10.79,8.861821876,4.069967336,6.403485118,1.5837693979505416
513,PRMS.KL,Paramount Corporation Bhd,Malaysia,Real Estate Management & Development,2024,0.234835495,71.57,8.836296626,0.330241832,0.289356361,0.55992325,0.199683143,0.0,-4033572.07,0.086679239,0.174802454,0.045495479,5.562931905,25725828.11,5,25.0,TRUE,76.44,54.78,5.114155478,4.074350408,0.782509892,1.9677053713988983
513,PRMS.KL,Paramount Corporation Bhd,Malaysia,Real Estate Management & Development,2023,0.241524091,61.35,8.811979278,0.280758727,0.246939461,0.545444496,0.222072444,0.0,-33755991.29,0.068528076,0.094282336,0.046318385,14.50049808,20713725.49,5,25.0,TRUE,71.31,48.48,3.555487154,4.056107349,-1.872255625,1.959409968599304
513,PRMS.KL,Paramount Corporation Bhd,Malaysia,Real Estate Management & Development,2022,0.227285328,48.94,8.851417496,0.328381243,0.226750759,0.485080251,0.308753946,0.0,39428863.64,0.111863698,0.093289751,0.040777308,17.70865717,17076818.18,6,28.57,TRUE,44.21,37.66,8.861821876,4.069967336,6.403485118,1.0
515,PSHL.KL,Pos Malaysia Bhd,Malaysia,Air Freight & Logistics,2024,0.101460351,51.91,8.651813158,0.28481607,0.727568843,0.851772364,0.083246922,0.0,-10210832.59,0.06528848,0.005250652,0.443541643,1.755472109,-45110116.38,8,25.0,FALSE,53.65,39.31,5.114155478,4.074350408,0.782509892,2.367593374976161
515,PSHL.KL,Pos Malaysia Bhd,Malaysia,Air Freight & Logistics,2024,0.101460351,51.91,8.651813158,0.28481607,0.727568843,0.851772364,0.083246922,0.0,-10210832.59,0.06528848,0.005250652,0.443541643,1.755472109,-45110116.38,8,25.0,FALSE,53.65,39.31,5.114155478,4.074350408,0.782509892,1.0
515,PSHL.KL,Pos Malaysia Bhd,Malaysia,Air Freight & Logistics,2024,0.101460351,51.91,8.651813158,0.28481607,0.727568843,0.851772364,0.083246922,0.0,-10210832.59,0.06528848,0.005250652,0.443541643,1.755472109,-45110116.38,8,25.0,FALSE,53.65,39.31,5.114155478,4.074350408,0.782509892,2.388451634329991
515,PSHL.KL,Pos Malaysia Bhd,Malaysia,Air Freight & Logistics,2024,0.101460351,51.91,8.651813158,0.28481607,0.727568843,0.851772364,0.083246922,0.0,-10210832.59,0.06528848,0.005250652,0.443541643,1.755472109,-45110116.38,8,25.0,FALSE,53.65,39.31,5.114155478,4.074350408,0.782509892,0.0
515,PSHL.KL,Pos Malaysia Bhd,Malaysia,Air Freight & Logistics,2023,0.100004509,60.89,8.675464034,0.284589478,0.67307089,0.871601825,0.116298347,0.0,-2001089.32,0.087593198,0.003150749,0.442962698,-8.542315943,-34562962.96,6,14.29,FALSE,70.8,45.12,3.555487154,4.056107349,-1.872255625,2.305718246304483
515,PSHL.KL,Pos Malaysia Bhd,Malaysia,Air Freight & Logistics,2023,0.100004509,60.89,8.675464034,0.284589478,0.67307089,0.871601825,0.116298347,0.0,-2001089.32,0.087593198,0.003150749,0.442962698,-8.542315943,-34562962.96,6,14.29,FALSE,70.8,45.12,3.555487154,4.056107349,-1.872255625,2.305718246304483
515,PSHL.KL,Pos Malaysia Bhd,Malaysia,Air Freight & Logistics,2022,0.087923995,47.34,8.732304735,0.344958331,0.591434355,0.812465954,0.116332849,0.0,-15735000.0,0.080863809,0.002121226,0.445785816,-15.42310893,-38106818.18,7,0.0,0,56.83,30.06,8.861821876,4.069967336,6.403485118,1.945454590435632
515,PSHL.KL,Pos Malaysia Bhd,Malaysia,Air Freight & Logistics,2022,0.087923995,47.34,8.732304735,0.344958331,0.591434355,0.812465954,0.116332849,0.0,-15735000.0,0.080863809,0.002121226,0.445785816,-15.42310893,-38106818.18,7,0.0,0,56.83,30.06,8.861821876,4.069967336,6.403485118,1.945454590435632
516,PTAR.KL,Prestar Resources Bhd,Malaysia,Metals & Mining,2024,0.228464085,17.93,8.099839472,0.123093477,0.178880629,0.82986939,0.290939641,0.0,4323858.55,0.080047613,0.152737071,0.266488227,-7.355169319,2742837.96,4,10.0,0,12.95,22.64,5.114155478,4.074350408,0.782509892,0.0
516,PTAR.KL,Prestar Resources Bhd,Malaysia,Metals & Mining,2023,0.229641824,20.13,8.104339804,0.173458408,0.213681145,0.85959362,0.20676743,0.0,-2421786.49,0.037876843,0.204029812,0.253532083,-16.6306186,5642265.8,4,11.11,0,22.16,22.93,3.555487154,4.056107349,-1.872255625,1.0
516,PTAR.KL,Prestar Resources Bhd,Malaysia,Metals & Mining,2022,0.200325182,24.78,8.171214357,0.29001425,0.32889386,0.908985424,0.174254354,0.0,-1852272.73,0.045813441,0.256184975,0.224076429,6.631599461,3452500.0,4,0.0,0,29.63,27.25,8.861821876,4.069967336,6.403485118,1.0
517,PTMR.KL,Petron Malaysia Refining & Marketing Bhd,Malaysia,"Oil, Gas & Consumable Fuels",2024,0.222083084,51.28,9.017660954,0.267615785,0.428345482,0.871013314,0.017602143,0.023788853,6628916.74,0.031882939,0.272738662,0.327130467,-5.495518711,4037153.09,5,44.44,TRUE,59.43,47.44,5.114155478,4.074350408,0.782509892,1.3924114594995118
517,PTMR.KL,Petron Malaysia Refining & Marketing Bhd,Malaysia,"Oil, Gas & Consumable Fuels",2023,0.23039484,57.31,9.010044303,0.217179355,0.42617843,0.879526076,0.058028061,0.0,-18454901.96,0.023373903,0.22334405,0.314319386,-10.06234446,59272549.02,5,33.33,TRUE,77.1,48.46,3.555487154,4.056107349,-1.872255625,1.4477891756559549
517,PTMR.KL,Petron Malaysia Refining & Marketing Bhd,Malaysia,"Oil, Gas & Consumable Fuels",2022,0.220596241,50.7,9.034542595,0.24207841,0.493944493,0.923717008,0.085360044,0.0,-12090909.09,0.044257701,0.228886009,0.318133485,89.1186194,68315681.82,5,33.33,TRUE,62.0,40.44,8.861821876,4.069967336,6.403485118,1.957681378232648
518,PTRD.KL,Perdana Petroleum Bhd,Malaysia,Energy Equipment & Services,2024,0.418262496,44.38,8.332084775,0.018061381,0.100562803,0.553263443,1.228937881,0.0,11633393.02,0.134278106,0.004562228,0.695698649,44.03113734,32704565.8,9,25.0,0,47.66,54.31,5.114155478,4.074350408,0.782509892,2.7801372764161023
518,PTRD.KL,Perdana Petroleum Bhd,Malaysia,Energy Equipment & Services,2023,0.467816956,43.72,8.296046869,0.03024483,0.13618548,0.512738391,0.312673959,0.0,4622222.22,0.077646816,0.0047084,0.767771097,53.03963828,9697385.62,6,12.5,0,47.01,54.06,3.555487154,4.056107349,-1.872255625,1.946443299387672
518,PTRD.KL,Perdana Petroleum Bhd,Malaysia,Energy Equipment & Services,2022,0.495708816,35.42,8.271824716,0.063883136,0.102623097,0.355607124,0.0,0.05521362,4996590.91,0.052227152,0.003431101,0.845497151,21.25106804,2587500.0,7,12.5,0,49.14,33.71,8.861821876,4.069967336,6.403485118,1.6825310548810894
519,PTRE.KL,Petra Energy Bhd,Malaysia,Energy Equipment & Services,2024,0.346870192,32.48,8.272075969,0.119973635,0.329351517,0.701055682,0.683216684,0.0,-2925022.38,0.285709722,0.067985937,0.437458656,-7.313097089,15798119.96,5,33.33,TRUE,34.81,11.84,5.114155478,4.074350408,0.782509892,1.2314523209415942
519,PTRE.KL,Petra Energy Bhd,Malaysia,Energy Equipment & Services,2023,0.445608425,27.45,8.168369083,0.085029407,0.388864904,0.979892851,0.855361861,0.0,8661437.91,0.342314279,0.007062744,0.283404252,43.13044492,11486274.51,6,28.57,TRUE,34.65,6.47,3.555487154,4.056107349,-1.872255625,1.0
519,PTRE.KL,Petra Energy Bhd,Malaysia,Energy Equipment & Services,2022,0.47560878,28.89,8.155892698,0.167098143,0.324578933,0.842623383,0.903842298,0.0,9223181.82,0.317334036,0.011399873,0.433792005,8.840831397,2971818.18,6,14.29,TRUE,36.22,4.86,8.861821876,4.069967336,6.403485118,1.205210660920202
520,PHUA.KL,Poh Huat Resources Holdings Bhd,Malaysia,Household Durables,2024,0.398923353,44.58,8.138007164,0.02705681,0.105693759,0.741382778,2.099359834,0.0,3118948.57,0.518759904,0.105868141,0.235360073,20.94582711,6709945.14,4,0.0,TRUE,80.13,27.94,5.114155478,4.074350408,0.782509892,1.4098499361299657
520,PHUA.KL,Poh Huat Resources Holdings Bhd,Malaysia,Household Durables,2023,0.443334989,38.92,8.112605776,0.029007384,0.094677053,0.711337728,2.045061196,0.0,-8096568.67,0.492803809,0.089988063,0.254620345,-39.57571544,5609162.12,4,0.0,TRUE,75.84,24.52,3.555487154,4.056107349,-1.872255625,1.335544716769518
520,PHUA.KL,Poh Huat Resources Holdings Bhd,Malaysia,Household Durables,2022,0.4379137,43.95,8.118877783,0.029907224,0.12150936,0.75814449,1.813620011,0.0,11970158.7,0.391757826,0.135224624,0.262541802,11.0101162,17785069.83,4,11.11,TRUE,82.14,26.56,8.861821876,4.069967336,6.403485118,1.7251079732372094
521,QRES.KL,QL Resources Bhd,Malaysia,Food Products,2024,2.701123205,58.92,9.124159736,0.212256994,0.302678622,0.652025253,0.238295855,0.034461138,61287485.91,0.133653789,0.196386896,0.494147121,12.81562437,112076662.9,6,36.36,TRUE,53.62,44.01,5.114155478,4.074350408,0.782509892,1.873644439420504
521,QRES.KL,QL Resources Bhd,Malaysia,Food Products,2023,3.114837171,60.2,9.064356739,0.236301228,0.330220641,0.713665903,0.193421285,0.005050191,10416728.43,0.070288412,0.20644852,0.523650116,-0.492208271,100238009.5,6,33.33,0,44.95,49.52,3.555487154,4.056107349,-1.872255625,2.4826402918640427
521,QRES.KL,QL Resources Bhd,Malaysia,Food Products,2022,3.020689469,61.38,9.078614537,0.277353934,0.338058568,0.679691203,0.180816523,0.001485119,-29168480.73,0.066619144,0.228402912,0.51663176,13.62806157,82063945.58,6,33.33,0,55.41,51.66,8.861821876,4.069967336,6.403485118,2.272862815717453
522,RGTB.KL,RGT Bhd,Malaysia,Chemicals,2024,0.473665278,42.36,7.701832622,0.251984269,0.154406789,0.402354361,0.214065886,0.049401401,-2696468.72,0.076711359,0.080673658,0.534513305,1.77374181,990833.51,5,16.67,TRUE,52.53,30.65,5.114155478,4.074350408,0.782509892,1.3239109431580696
522,RGTB.KL,RGT Bhd,Malaysia,Chemicals,2023,0.425210333,29.38,7.733188196,0.238734225,0.146114476,0.367491616,0.133183133,0.0,1400709.54,0.143416141,0.078323944,0.512140627,-16.39253771,532379.42,5,16.67,TRUE,42.96,16.08,3.555487154,4.056107349,-1.872255625,1.0
522,RGTB.KL,RGT Bhd,Malaysia,Chemicals,2022,0.438025842,36.65,7.729046141,0.244643422,0.158523809,0.385970884,0.0,0.128151855,-6155463.0,0.157976906,0.081500115,0.522687891,-12.40511859,2676207.44,5,16.67,TRUE,56.22,20.24,8.861821876,4.069967336,6.403485118,0.0
523,RIMB.KL,Rimbunan Sawit Bhd,Malaysia,Food Products,2024,0.531327767,26.65,8.227111366,0.308116238,0.296367957,0.703912665,0.026525442,0.0,5543229.63,0.033017482,0.034386278,0.877711996,10.16221607,5469876.9,5,14.29,0,23.88,28.46,5.114155478,4.074350408,0.782509892,1.573352422427681
523,RIMB.KL,Rimbunan Sawit Bhd,Malaysia,Food Products,2023,0.469114269,17.12,8.269296012,0.398569958,0.356664711,0.683203842,0.00873431,0.0,-1115037.04,0.002993596,0.02597488,0.787531234,-27.98774175,2836211.33,5,14.29,0,17.83,15.02,3.555487154,4.056107349,-1.872255625,1.3749938261411665
523,RIMB.KL,Rimbunan Sawit Bhd,Malaysia,Food Products,2022,0.464312973,12.94,8.286591592,0.410492986,0.347893717,0.632104684,0.01745956,0.0,-1647613.64,0.011174348,0.041212932,0.904659498,18.12767518,-1322206.82,6,12.5,0,21.51,3.56,8.861821876,4.069967336,6.403485118,0.0
524,ROHA.KL,Rohas Tecnic Bhd,Malaysia,Construction & Engineering,2024,0.166307779,33.37,8.161378057,0.234013537,0.329825383,0.654318215,0.284256002,0.0,-4952611.91,0.138333428,0.137989921,0.160991812,-7.431183997,-1217009.85,8,28.57,FALSE,35.58,23.25,5.114155478,4.074350408,0.782509892,2.3110265301361803
524,ROHA.KL,Rohas Tecnic Bhd,Malaysia,Construction & Engineering,2024,0.166307779,33.37,8.161378057,0.234013537,0.329825383,0.654318215,0.284256002,0.0,-4952611.91,0.138333428,0.137989921,0.160991812,-7.431183997,-1217009.85,8,28.57,FALSE,35.58,23.25,5.114155478,4.074350408,0.782509892,0.0
524,ROHA.KL,Rohas Tecnic Bhd,Malaysia,Construction & Engineering,2023,0.167801298,35.82,8.167479525,0.213683141,0.378164097,0.735721143,0.30033574,0.0,6964470.59,0.150414975,0.155543178,0.107656096,-19.92646988,1500640.52,7,28.57,FALSE,45.85,21.39,3.555487154,4.056107349,-1.872255625,2.438162969173583
524,ROHA.KL,Rohas Tecnic Bhd,Malaysia,Construction & Engineering,2022,0.164673672,36.59,8.176579204,0.16718884,0.424734195,0.844125949,0.145520751,0.0,-2729545.45,0.101785423,0.197160419,0.09559673,89.13751665,4645763.64,9,30.0,TRUE,61.81,18.25,8.861821876,4.069967336,6.403485118,1.930703092932205
524,ROHA.KL,Rohas Tecnic Bhd,Malaysia,Construction & Engineering,2022,0.164673672,36.59,8.176579204,0.16718884,0.424734195,0.844125949,0.145520751,0.0,-2729545.45,0.101785423,0.197160419,0.09559673,89.13751665,4645763.64,9,30.0,TRUE,61.81,18.25,8.861821876,4.069967336,6.403485118,1.930703092932205
525,SAEG.KL,SAM Engineering & Equipment (M) Bhd,Malaysia,Machinery,2024,1.375147466,37.44,8.656368113,0.131559207,0.225589762,0.776032362,0.061701771,0.0,-1862908.68,0.014328588,0.218340112,0.334059923,5.284223619,20726268.32,6,25.0,TRUE,74.9,6.65,5.114155478,4.074350408,0.782509892,1.638537512462855
525,SAEG.KL,SAM Engineering & Equipment (M) Bhd,Malaysia,Machinery,2023,1.43017766,37.19,8.643781737,0.152698157,0.275612835,0.887084167,0.063238707,0.0,3218422.45,0.021053037,0.19217591,0.347055387,-3.254890375,22992271.04,4,28.57,TRUE,75.06,7.27,3.555487154,4.056107349,-1.872255625,1.6033127789773274
525,SAEG.KL,SAM Engineering & Equipment (M) Bhd,Malaysia,Machinery,2022,1.784210754,32.38,8.561749404,0.31703239,0.422747175,0.857274403,0.030965652,0.0,-2271655.33,0.01661516,0.299267185,0.3202147,20.02968386,20147165.53,4,20.0,TRUE,56.37,4.49,8.861821876,4.069967336,6.403485118,1.527412581063844
526,SAHB.KL,Samchem Holdings Bhd,Malaysia,Trading Companies & Distributors,2024,0.350491968,36.36,8.128519162,0.342981529,0.414197598,0.787409998,0.268772559,0.0,-760966.88,0.143076563,0.244737083,0.196297437,7.377059712,4465756.49,5,16.67,FALSE,50.79,32.8,5.114155478,4.074350408,0.782509892,1.8293977990224148
526,SAHB.KL,Samchem Holdings Bhd,Malaysia,Trading Companies & Distributors,2023,0.399438531,21.66,8.071747277,0.293265146,0.344159778,0.732892579,0.352720209,0.0,-517647.06,0.139416568,0.212534075,0.191972696,-15.69828531,7697385.62,5,16.67,TRUE,33.16,24.97,3.555487154,4.056107349,-1.872255625,1.3520908735881818
526,SAHB.KL,Samchem Holdings Bhd,Malaysia,Trading Companies & Distributors,2022,0.394638873,24.47,8.077925902,0.271000008,0.406886544,0.821812072,0.366667289,0.0,-1606590.91,0.1136782,0.260997652,0.189700955,-11.00510832,10321136.36,6,14.29,TRUE,65.88,13.11,8.861821876,4.069967336,6.403485118,2.017755447295045
527,SCGB.KL,SCGM Bhd,Malaysia,Containers & Packaging,2024,1.014932746,24.57,7.415440596,0.0,0.009332372,1.0,107.087739,0.0,-2450008.95,0.938358905,0.0,0.000141109,0.0,-686732.32,4,60.0,0,22.67,15.14,5.114155478,4.074350408,0.782509892,0.0
527,SCGB.KL,SCGM Bhd,Malaysia,Containers & Packaging,2024,1.014932746,24.57,7.415440596,0.0,0.009332372,1.0,107.087739,0.0,-2450008.95,0.938358905,0.0,0.000141109,0.0,-686732.32,4,60.0,0,22.67,15.14,5.114155478,4.074350408,0.782509892,0.0
527,SCGB.KL,SCGM Bhd,Malaysia,Containers & Packaging,2023,0.977819357,34.11,7.442803398,0.0,0.070432618,1.0,14.19016836,0.0,3951283.22,0.381215358,0.00011396,0.0,-100.0,1448189.54,5,50.0,0,35.64,27.72,3.555487154,4.056107349,-1.872255625,1.0
527,SCGB.KL,SCGM Bhd,Malaysia,Containers & Packaging,2023,0.977819357,34.11,7.442803398,0.0,0.070432618,1.0,14.19016836,0.0,3951283.22,0.381215358,0.00011396,0.0,-100.0,1448189.54,5,50.0,0,35.64,27.72,3.555487154,4.056107349,-1.872255625,1.0
527,SCGB.KL,SCGM Bhd,Malaysia,Containers & Packaging,2022,0.364260434,35.8,7.861394391,0.204727261,0.195031743,0.567327663,0.151362507,0.0,-990629.6,0.028619513,0.151004016,0.653694329,8.620271978,7092228.86,4,42.86,0,35.66,31.4,8.861821876,4.069967336,6.403485118,1.6110104934867162
527,SCGB.KL,SCGM Bhd,Malaysia,Containers & Packaging,2022,0.364260434,35.8,7.861394391,0.204727261,0.195031743,0.567327663,0.151362507,0.0,-990629.6,0.028619513,0.151004016,0.653694329,8.620271978,7092228.86,4,42.86,0,35.66,31.4,8.861821876,4.069967336,6.403485118,1.6110104934867162
528,SETI.KL,S P Setia Bhd,Malaysia,Real Estate Management & Development,2023,0.204050051,75.74,9.800680817,0.351209999,0.194886931,0.388353871,0.352748045,0.0,-44594117.65,0.078386971,0.147052659,0.029610246,-5.878372879,77802396.51,11,33.33,TRUE,92.82,62.81,3.555487154,4.056107349,-1.872255625,2.3680983036726166
528,SETI.KL,S P Setia Bhd,Malaysia,Real Estate Management & Development,2022,0.1944344,77.71,9.830497508,0.38272233,0.232426351,0.440803332,0.265219632,0.0,-109609545.5,0.079208827,0.136318661,0.02858301,12.03319119,81503409.09,14,25.0,TRUE,91.04,60.32,8.861821876,4.069967336,6.403485118,2.473447386055132
529,SIME.KL,Sime Darby Bhd,Malaysia,Industrial Conglomerates,2024,0.272841879,57.09,10.05165198,0.201826349,0.326507371,0.572728618,0.0,0.064090938,10213776.72,0.07393303,0.255309277,0.317333446,16.88165359,567220902.6,11,27.27,TRUE,91.66,34.89,5.114155478,4.074350408,0.782509892,1.7069338167945602
529,SIME.KL,Sime Darby Bhd,Malaysia,Industrial Conglomerates,2023,0.23839215,56.56,10.04103247,0.275056926,0.379143993,0.628233413,0.052728013,0.0,-34358430.54,0.07324305,0.284415885,0.307089653,37.54991261,314528101.8,12,25.0,TRUE,94.67,35.52,3.555487154,4.056107349,-1.872255625,2.6071083214108848
529,SIME.KL,Sime Darby Bhd,Malaysia,Industrial Conglomerates,2022,0.338864987,56.22,9.89981933,0.228239741,0.394006479,0.725564284,0.057969028,0.0,274383708.5,0.09885657,0.309233261,0.287769978,7.305676253,286602358.0,11,27.27,TRUE,95.24,30.04,8.861821876,4.069967336,6.403485118,1.98581301360528
530,SKOU.KL,Sern Kou Resources Bhd,Malaysia,Household Durables,2024,2.475935843,54.22,7.897885573,0.297985929,0.312194042,0.75531801,0.529122356,0.0,-3802135.74,0.182389049,0.05665505,0.309875464,28.3479825,-3229533.4,5,37.5,0,91.59,24.5,5.114155478,4.074350408,0.782509892,1.30310127469826
530,SKOU.KL,Sern Kou Resources Bhd,Malaysia,Household Durables,2023,2.739150706,46.48,7.870714726,0.227443556,0.230160141,0.702236197,0.992076173,0.0,4901573.42,0.235747142,0.083158526,0.316237769,6.276960751,268544.48,5,25.0,0,91.89,25.76,3.555487154,4.056107349,-1.872255625,1.4069948698485104
530,SKOU.KL,Sern Kou Resources Bhd,Malaysia,Household Durables,2022,2.811348596,37.25,7.863067343,0.231310571,0.257588284,0.698545928,0.680893028,0.0,6411659.1,0.183209848,0.095254604,0.363923626,-1.874324925,2230183.84,5,14.29,0,67.35,17.71,8.861821876,4.069967336,6.403485118,1.1286065047359106
535,SPOR.KL,Sports Toto Bhd,Malaysia,"Hotels, Restaurants & Leisure",2024,0.499652706,60.31,8.976790926,0.429355387,0.404583655,0.57257868,0.0,0.198052329,3682660.33,0.223517172,0.1428192,0.214020577,13.84396777,56411876.48,5,14.29,TRUE,33.5,67.39,5.114155478,4.074350408,0.782509892,1.2450700530559682
535,SPOR.KL,Sports Toto Bhd,Malaysia,"Hotels, Restaurants & Leisure",2023,0.56389622,64.94,8.924259987,0.419408881,0.417363646,0.589371862,0.149571339,0.124785882,23329162.25,0.186368666,0.134205075,0.210808489,3.09927022,46773700.95,5,14.29,TRUE,52.39,62.99,3.555487154,4.056107349,-1.872255625,2.0441358430149563
535,SPOR.KL,Sports Toto Bhd,Malaysia,"Hotels, Restaurants & Leisure",2022,0.562558952,51.63,8.926219661,0.440677647,0.39478175,0.542562284,0.147574616,0.102127537,15861521.97,0.182855815,0.165661242,0.214951068,10.16727049,49585852.09,5,12.5,TRUE,36.13,42.78,8.861821876,4.069967336,6.403485118,1.70904200479781
536,STAR.KL,Star Media Group Bhd,Malaysia,Media,2024,0.393955613,59.19,8.239310684,0.012921527,0.071814638,0.880537762,0.278560138,0.0,-319382.27,0.481742551,0.056019081,0.143256478,15.62834398,14952327.66,10,16.67,FALSE,55.59,60.18,5.114155478,4.074350408,0.782509892,1.6307207757920874
536,STAR.KL,Star Media Group Bhd,Malaysia,Media,2023,0.405610006,62.48,8.226649317,0.016387784,0.143524977,0.916715523,0.166929389,0.0,-146623.09,0.450227088,0.046500143,0.154696233,-4.10892387,1631808.28,6,25.0,0,63.88,62.68,3.555487154,4.056107349,-1.872255625,1.0
536,STAR.KL,Star Media Group Bhd,Malaysia,Media,2022,0.393713769,52.86,8.246038393,0.018357155,0.143937225,0.90593975,0.11733871,0.0,4940909.09,0.452840756,0.023988248,0.216808669,11.23830277,1564545.45,10,14.29,FALSE,50.51,57.01,8.861821876,4.069967336,6.403485118,1.0
537,STIK.KL,Scientex Bhd,Malaysia,Chemicals,2024,0.868102665,48.82,9.12712943,0.152921146,0.311511142,0.806299565,0.09649261,0.010951099,18716681.18,0.044991293,0.139624277,0.248374089,7.747502885,123951437.3,4,16.67,TRUE,50.35,48.75,5.114155478,4.074350408,0.782509892,1.636278144066305
537,STIK.KL,Scientex Bhd,Malaysia,Chemicals,2023,0.952387733,40.03,9.086886726,0.153282297,0.305305969,0.795445994,0.095107317,0.0,-5495007.77,0.029999252,0.152513571,0.283952398,0.958728587,99609718.22,4,14.29,TRUE,46.88,37.99,3.555487154,4.056107349,-1.872255625,1.562048056107336
537,STIK.KL,Scientex Bhd,Malaysia,Chemicals,2022,0.980284311,42.72,9.090184045,0.215057662,0.32551011,0.75351116,0.089054406,0.0,-11720098.92,0.035548517,0.15146601,0.268272398,3.371931079,97256519.78,5,16.67,TRUE,47.34,41.89,8.861821876,4.069967336,6.403485118,2.0482764869162304
538,SUNW.KL,Sunway Real Estate Investment Trust,Malaysia,Retail REITs,2024,0.685735664,72.72,9.383415091,0.413559922,0.192406661,0.42154908,0.019130216,0.0,-30336392.12,0.031840614,0.0,0.001595727,10.11670403,117446732.3,11,42.86,TRUE,77.26,76.96,5.114155478,4.074350408,0.782509892,2.3733437152374512
538,SUNW.KL,Sunway Real Estate Investment Trust,Malaysia,Retail REITs,2023,0.817362949,71.19,9.317672999,0.381376431,0.199932737,0.47409873,0.010647151,0.0,37923093.68,0.050298184,0.0,0.00189954,5.313952255,73679956.43,11,42.86,TRUE,78.9,69.55,3.555487154,4.056107349,-1.872255625,2.5582602347749823
538,SUNW.KL,Sunway Real Estate Investment Trust,Malaysia,Retail REITs,2022,0.818495229,72.25,9.330292499,0.375809898,0.20056322,0.485916354,0.015486426,0.0,-8932954.55,0.027142271,0.0,0.001760899,-8.741395194,73535909.09,14,42.86,TRUE,80.49,70.65,8.861821876,4.069967336,6.403485118,2.2700162756031594
539,SUPM.KL,Supermax Corporation Bhd,Malaysia,Health Care Equipment & Supplies,2024,0.36279617,46.5,9.019684718,0.03372437,0.067657584,0.915875387,2.906474168,0.0,-110884323.0,0.200393908,0.043305294,0.651763638,35.51143626,-38979572.45,7,28.57,0,59.52,17.3,5.114155478,4.074350408,0.782509892,2.784592545314711
539,SUPM.KL,Supermax Corporation Bhd,Malaysia,Health Care Equipment & Supplies,2023,0.369712605,49.88,9.011483154,0.026919873,0.065690946,0.812866939,4.19165434,0.0,-172403117.7,0.251427273,0.037574566,0.55655756,-22.1380651,-38840517.5,5,25.0,0,65.27,16.83,3.555487154,4.056107349,-1.872255625,1.0
539,SUPM.KL,Supermax Corporation Bhd,Malaysia,Health Care Equipment & Supplies,2022,0.341759912,35.87,9.050963943,0.019908014,0.094859079,0.772248375,4.312479409,0.0,-189224132.9,0.340244558,0.029968806,0.427549433,-71.14106377,-36745551.98,5,14.29,0,42.03,19.2,8.861821876,4.069967336,6.403485118,0.0
541,SYML.KL,Symphony Life Bhd,Malaysia,Real Estate Management & Development,2024,0.102970843,45.27,8.421894635,0.124900139,0.126231624,0.617424448,0.0,0.011681222,-10848252.54,0.013200764,0.165125501,0.010308768,-53.38057455,-1399549.04,5,14.29,TRUE,20.18,40.41,5.114155478,4.074350408,0.782509892,1.474435455825465
541,SYML.KL,Symphony Life Bhd,Malaysia,Real Estate Management & Development,2023,0.106285458,37.94,8.408135058,0.140975024,0.13345683,0.596731949,0.0,0.050511803,-11118051.88,0.100796381,0.12646649,0.010508262,-48.94421168,-2040656.43,6,12.5,TRUE,21.75,26.75,3.555487154,4.056107349,-1.872255625,1.6391294783965948
541,SYML.KL,Symphony Life Bhd,Malaysia,Real Estate Management & Development,2022,0.100830673,33.4,8.431944769,0.151387158,0.11782245,0.53612414,0.0,0.043313143,-12092970.52,0.081436139,0.133352177,0.012133752,-58.70445897,-18205215.42,9,0.0,TRUE,17.11,30.05,8.861821876,4.069967336,6.403485118,1.9087466183280568
542,SYST.KL,Systech Bhd,Malaysia,Software,2023,2.476175529,27.1,6.93094984,0.035722265,0.415584739,0.669024498,0.177110089,0.059528834,74325.04,0.150688024,0.000198595,0.074051088,34.49491059,-1166754.9,4,28.57,TRUE,28.33,0.0,3.555487154,4.056107349,-1.872255625,0.0
542,SYST.KL,Systech Bhd,Malaysia,Software,2022,2.808682862,30.58,6.877157094,0.010952309,0.296073417,0.76635514,0.354878046,0.0,-42857.14,0.088224419,0.00024071,0.024040921,1.51984185,66439.91,5,33.33,TRUE,33.33,0.0,8.861821876,4.069967336,6.403485118,0.0
543,TAAN.KL,Ta Ann Holdings Bhd,Malaysia,Food Products,2024,0.719878981,33.4,8.776913778,0.052249409,0.119162303,0.382105693,1.125128931,0.005339663,-25450611.01,0.163458562,0.108477006,0.556801035,0.842545023,51731537.6,5,28.57,TRUE,28.75,33.72,5.114155478,4.074350408,0.782509892,1.950460790723816
543,TAAN.KL,Ta Ann Holdings Bhd,Malaysia,Food Products,2023,0.70297078,34.44,8.774271021,0.070142159,0.150022043,0.446377054,1.056092845,0.019759016,-8114326.8,0.171767865,0.087042729,0.560842948,-26.34671241,43964651.42,5,25.0,TRUE,38.46,31.64,3.555487154,4.056107349,-1.872255625,1.903806474844559
543,TAAN.KL,Ta Ann Holdings Bhd,Malaysia,Food Products,2022,0.664002994,32.07,8.802154674,0.105094271,0.16963352,0.458503257,0.950848032,0.026384673,15610820.45,0.181110355,0.098135271,0.556116489,9.295120174,89765336.36,5,22.22,TRUE,35.78,27.86,8.861821876,4.069967336,6.403485118,1.6793828211181916
544,TAFI.KL,TAFI Industries Bhd,Malaysia,Commercial Services & Supplies,2023,1.918468226,20.01,7.395755074,0.0736242,0.263409887,0.961715108,0.162385777,0.0,-668009.09,0.058328898,0.164492209,0.144547848,58.24685683,2280686.36,5,0.0,TRUE,7.21,1.96,3.555487154,4.056107349,-1.872255625,1.1063785294407082
544,TAFI.KL,TAFI Industries Bhd,Malaysia,Commercial Services & Supplies,2022,2.646456522,19.87,7.261051365,0.058994418,0.154575939,0.976675686,0.649074991,0.0,660002.4,0.168712214,0.24912107,0.252618226,43.0340289,1319164.27,8,0.0,TRUE,6.14,1.54,8.861821876,4.069967336,6.403485118,1.3517273336589268
545,TANC.KL,Tanco Holdings Bhd,Malaysia,Industrial Conglomerates,2024,9.165277781,16.68,8.041264551,0.078661979,0.327402087,0.790229029,0.031680579,0.0,1236691.41,0.0352249,0.101624503,0.233376471,82.94276814,3301590.67,6,22.22,0,17.58,5.5,5.114155478,4.074350408,0.782509892,1.0
545,TANC.KL,Tanco Holdings Bhd,Malaysia,Industrial Conglomerates,2023,11.22249111,13.1,7.953320913,0.058208421,0.38145169,0.887110741,0.019416443,0.0,416934.62,0.026749624,0.136874642,0.178270002,518.774618,4484887.46,6,33.33,0,17.95,0.96,3.555487154,4.056107349,-1.872255625,0.0
545,TANC.KL,Tanco Holdings Bhd,Malaysia,Industrial Conglomerates,2022,15.73967893,14.97,7.813333209,0.15881842,0.354760053,0.88727774,0.0,0.024212762,243077.62,0.023734307,0.231941591,0.252861334,205.0572118,-2961416.25,6,33.33,0,19.89,1.24,8.861821876,4.069967336,6.403485118,0.0
546,TASC.KL,TASCO Bhd,Malaysia,Air Freight & Logistics,2024,0.221643035,38.76,8.609434977,0.176921442,0.466469099,0.720884898,0.189738707,0.0,-1671887.26,0.101610247,0.000239506,0.43473473,0.420471997,6678295.38,4,12.5,TRUE,41.61,28.94,5.114155478,4.074350408,0.782509892,0.0
546,TASC.KL,TASCO Bhd,Malaysia,Air Freight & Logistics,2024,0.221643035,38.76,8.609434977,0.176921442,0.466469099,0.720884898,0.189738707,0.0,-1671887.26,0.101610247,0.000239506,0.43473473,0.420471997,6678295.38,4,12.5,TRUE,41.61,28.94,5.114155478,4.074350408,0.782509892,2.0856022591037475
546,TASC.KL,TASCO Bhd,Malaysia,Air Freight & Logistics,2023,0.254456049,39.7,8.549476286,0.23312571,0.419592819,0.672515285,0.237980327,0.0,-15675239.81,0.10165081,0.000103801,0.460670747,-37.65722091,13712152.46,5,11.11,TRUE,36.1,29.61,3.555487154,4.056107349,-1.872255625,2.623616823983048
546,TASC.KL,TASCO Bhd,Malaysia,Air Freight & Logistics,2023,0.254456049,39.7,8.549476286,0.23312571,0.419592819,0.672515285,0.237980327,0.0,-15675239.81,0.10165081,0.000103801,0.460670747,-37.65722091,13712152.46,5,11.11,TRUE,36.1,29.61,3.555487154,4.056107349,-1.872255625,0.0
546,TASC.KL,TASCO Bhd,Malaysia,Air Freight & Logistics,2022,0.259587065,41.93,8.541734548,0.184288226,0.425670328,0.695537292,0.369000072,0.0,34848068.03,0.167379512,0.0,0.390257759,3.375033653,20920462.59,4,11.11,TRUE,39.27,33.78,8.861821876,4.069967336,6.403485118,1.500315646295926
550,TLMM.KL,Telekom Malaysia Bhd,Malaysia,Diversified Telecommunication Services,2024,1.35170638,67.08,9.675453807,0.24528293,0.297001772,0.568147304,0.090433233,0.119447135,61593554.16,0.150240775,0.00953101,0.595969285,2.9256162,456333930.2,17,27.27,TRUE,75.54,68.98,5.114155478,4.074350408,0.782509892,0.0
550,TLMM.KL,Telekom Malaysia Bhd,Malaysia,Diversified Telecommunication Services,2023,1.380031664,65.54,9.674404817,0.305276214,0.270851489,0.469001749,0.126195908,0.102079962,77037037.04,0.125618772,0.009433832,0.602197539,-7.52434838,410675381.3,16,30.77,TRUE,63.84,69.53,3.555487154,4.056107349,-1.872255625,2.2361632984128508
550,TLMM.KL,Telekom Malaysia Bhd,Malaysia,Diversified Telecommunication Services,2022,1.236066982,68.47,9.720747365,0.304513797,0.235927077,0.359155764,0.148681582,0.076433231,105522727.3,0.109852478,0.01320289,0.635532806,-0.527980035,260045454.6,18,33.33,TRUE,73.83,68.86,8.861821876,4.069967336,6.403485118,2.5923551437855403
551,TMCN.KL,TMC Life Sciences Bhd,Malaysia,Health Care Providers & Services,2024,0.72079674,55.1,8.40196416,0.172505701,0.082893245,0.326892926,0.608426283,0.108066331,-1922799.58,0.158542734,0.00976866,0.603732129,10.05045107,8620996.82,19,37.5,TRUE,66.06,32.44,5.114155478,4.074350408,0.782509892,2.109517203141843
551,TMCN.KL,TMC Life Sciences Bhd,Malaysia,Health Care Providers & Services,2023,0.704601539,57.1,8.401849166,0.186148819,0.083761403,0.313083637,0.880704069,0.025294125,3792282.96,0.135379521,0.011363067,0.607709924,20.66575517,8415219.72,8,42.86,TRUE,69.17,37.27,3.555487154,4.056107349,-1.872255625,1.7665769148202888
551,TMCN.KL,TMC Life Sciences Bhd,Malaysia,Health Care Providers & Services,2022,0.652499129,53.37,8.410127916,0.18576334,0.079694576,0.295558858,0.736215414,0.065911639,-1461870.18,0.125382526,0.00960233,0.643022465,14.2202423,9393781.21,6,33.33,TRUE,66.67,18.01,8.861821876,4.069967336,6.403485118,1.9174374229407407
552,TMEI.KL,Tomei Consolidated Bhd,Malaysia,Specialty Retail,2024,0.293203918,34.47,8.275208211,0.394840728,0.294855929,0.60092799,0.146588044,0.0,-2348925.69,0.050810445,0.788224242,0.077119492,18.35591525,13802820.05,5,50.0,0,25.91,37.95,5.114155478,4.074350408,0.782509892,1.3743027831242849
552,TMEI.KL,Tomei Consolidated Bhd,Malaysia,Specialty Retail,2023,0.340575312,32.09,8.204963624,0.378562653,0.305072653,0.62504281,0.203433698,0.0,2681263.62,0.06668278,0.771469691,0.073423409,-10.49795299,10707843.14,6,30.0,0,39.57,10.85,3.555487154,4.056107349,-1.872255625,0.0
552,TMEI.KL,Tomei Consolidated Bhd,Malaysia,Specialty Retail,2022,0.368924588,40.69,8.1737761,0.382475921,0.336782987,0.688835994,0.183803342,0.0,-1728863.64,0.074807673,0.791741242,0.068247699,25.27111429,15331136.36,6,37.5,0,62.21,17.52,8.861821876,4.069967336,6.403485118,0.0
553,TSCP.KL,Teo Seng Capital Bhd,Malaysia,Food Products,2024,0.725543582,20.16,8.277332362,0.117300654,0.191028543,0.709830895,0.784737598,0.0,6246045.21,0.184902408,0.08904883,0.51998397,1.756957815,41038628.02,6,33.33,0,16.53,23.54,5.114155478,4.074350408,0.782509892,1.49243632385262
553,TSCP.KL,Teo Seng Capital Bhd,Malaysia,Food Products,2023,0.908828858,17.53,8.186212521,0.166688559,0.205936532,0.637499494,0.681705089,0.0,12600549.02,0.152927832,0.101583765,0.555787683,11.88938473,33943995.64,5,33.33,0,19.04,22.31,3.555487154,4.056107349,-1.872255625,1.7475939509528535
553,TSCP.KL,Teo Seng Capital Bhd,Malaysia,Food Products,2022,0.982003189,16.5,8.149055921,0.293596811,0.333641836,0.724552826,0.198631961,0.0,-1799236.36,0.062495205,0.114407973,0.611071564,16.38395977,4918006.82,5,33.33,0,28.26,15.44,8.861821876,4.069967336,6.403485118,1.759570269660014
556,TXCY.KL,Tex Cycle Technology (M) Bhd,Malaysia,Commercial Services & Supplies,2024,1.354864015,31.06,7.721792632,0.132456233,0.080915305,0.387819124,0.0,0.08949516,655960.16,0.12101905,0.001955712,0.476386519,5.975549691,3655091.76,6,16.67,FALSE,26.74,18.91,5.114155478,4.074350408,0.782509892,1.0
556,TXCY.KL,Tex Cycle Technology (M) Bhd,Malaysia,Commercial Services & Supplies,2023,1.797858132,29.93,7.590738442,0.181085951,0.044652762,0.197890451,0.0,0.101417628,1828111.11,0.10799199,0.001571595,0.544440855,6.917356908,3429553.38,3,20.0,FALSE,29.08,19.02,3.555487154,4.056107349,-1.872255625,1.0
556,TXCY.KL,Tex Cycle Technology (M) Bhd,Malaysia,Commercial Services & Supplies,2022,1.918501071,27.71,7.563460346,0.176114781,0.047341183,0.200764614,0.0,0.060547601,704784.09,0.163732774,0.001756231,0.568720712,3.618389149,2213684.09,5,0.0,0,43.07,19.05,8.861821876,4.069967336,6.403485118,1.0
557,THEA.KL,Three-A Resources Bhd,Malaysia,Food Products,2024,0.696825709,26.55,8.078452437,0.00611851,0.069775306,0.65063935,0.667853701,0.0,5874440.47,0.171229059,0.175738565,0.450088835,-5.222333255,9724485.23,4,22.22,0,60.62,12.71,5.114155478,4.074350408,0.782509892,2.010746338837708
557,THEA.KL,Three-A Resources Bhd,Malaysia,Food Products,2023,0.763051247,28.71,8.04204935,0.009682319,0.064042526,0.588030215,1.658102768,0.0,7122004.36,0.10111677,0.158136628,0.478728958,-12.11997975,9837690.63,4,33.33,0,74.29,8.51,3.555487154,4.056107349,-1.872255625,1.5289589266549302
557,THEA.KL,Three-A Resources Bhd,Malaysia,Food Products,2022,0.728157838,31.15,8.063306059,0.039774245,0.125147334,0.716272585,0.329733463,0.0,-7748636.36,0.042883091,0.207076739,0.467460829,20.89865889,7975909.09,5,33.33,0,76.13,9.82,8.861821876,4.069967336,6.403485118,1.222650653696988
558,UCHI.KL,Uchi Technologies Bhd,Malaysia,"Electronic Equipment, Instruments & Components",2024,7.061348791,59.97,7.704098532,0.0,0.133843085,0.986179479,0.156806992,0.0,-1152439.57,0.634146351,0.079955987,0.161507657,-5.920891215,25451441.36,4,14.29,0,78.21,27.49,5.114155478,4.074350408,0.782509892,1.262526675161455
558,UCHI.KL,Uchi Technologies Bhd,Malaysia,"Electronic Equipment, Instruments & Components",2023,6.818740831,63.07,7.723284755,0.0,0.163197845,0.98646343,0.082954984,0.0,-12711793.03,0.476943201,0.129140393,0.153791728,8.472043537,29462098.04,4,14.29,0,83.22,32.38,3.555487154,4.056107349,-1.872255625,1.262526675161455
558,UCHI.KL,Uchi Technologies Bhd,Malaysia,"Electronic Equipment, Instruments & Components",2022,4.995016113,58.23,7.849982802,0.0,0.296279348,0.988641777,0.032272532,0.0,7151527.27,0.741794495,0.114332652,0.122621044,20.36379144,28376945.45,4,14.29,0,85.66,33.23,8.861821876,4.069967336,6.403485118,1.5303400975252623
559,UNSM.KL,Unisem (M) Bhd,Malaysia,Semiconductors & Semiconductor Equipment,2024,1.573428488,56.37,8.810995763,0.064884373,0.15774096,0.708429053,0.43328444,0.0,-45353178.16,0.0963631,0.085815373,0.742455657,12.8050966,13578334.83,5,33.33,0,52.99,35.26,5.114155478,4.074350408,0.782509892,2.607974144841908
559,UNSM.KL,Unisem (M) Bhd,Malaysia,Semiconductors & Semiconductor Equipment,2024,1.573428488,56.37,8.810995763,0.064884373,0.15774096,0.708429053,0.43328444,0.0,-45353178.16,0.0963631,0.085815373,0.742455657,12.8050966,13578334.83,5,33.33,0,52.99,35.26,5.114155478,4.074350408,0.782509892,1.0784479634840978
559,UNSM.KL,Unisem (M) Bhd,Malaysia,Semiconductors & Semiconductor Equipment,2023,1.564253491,50.64,8.81353564,0.077083706,0.117626209,0.583195185,0.363452187,0.0,-16351416.12,0.153225933,0.075578574,0.690781912,-22.54676605,17853159.04,5,36.36,0,41.76,33.92,3.555487154,4.056107349,-1.872255625,1.6236574335238134
559,UNSM.KL,Unisem (M) Bhd,Malaysia,Semiconductors & Semiconductor Equipment,2022,1.498447396,48.07,8.83638296,0.065084277,0.15032319,0.753311321,0.435531747,0.0,-22707954.55,0.189595373,0.089432621,0.645800049,7.479250996,55320681.82,6,33.33,0,28.77,28.63,8.861821876,4.069967336,6.403485118,2.014104283679788
560,UPAB.KL,UPA Corporation Bhd,Malaysia,Paper & Forest Products,2024,0.561417257,25.07,7.833258715,0.027636036,0.070695156,0.670593736,2.95431307,0.0,-2822068.04,0.213158285,0.148237714,0.21300875,-11.8553894,338630.26,6,14.29,0,43.24,20.47,5.114155478,4.074350408,0.782509892,1.0
560,UPAB.KL,UPA Corporation Bhd,Malaysia,Paper & Forest Products,2023,0.556251355,16.19,7.837273391,0.04176662,0.081257942,0.681008153,0.0,0.241390784,5045098.04,0.246684398,0.173724423,0.192855309,-9.786715592,1829193.9,5,14.29,0,21.59,13.29,3.555487154,4.056107349,-1.872255625,1.0
560,UPAB.KL,UPA Corporation Bhd,Malaysia,Paper & Forest Products,2022,0.545243748,11.15,7.846882309,0.030003104,0.077091713,0.694353029,0.0,0.170295666,-573863.64,0.176806692,0.217309906,0.210057297,-2.568970193,2421363.64,6,14.29,0,25.52,1.81,8.861821876,4.069967336,6.403485118,0.0
561,UTPS.KL,United Plantations Bhd,Malaysia,Food Products,2024,4.531308185,62.7,8.860866459,0.004146466,0.068511342,0.501051943,0.738509174,0.0,-33779095.79,0.15323905,0.089930021,0.513196972,12.09254381,161013652.6,4,11.11,TRUE,55.57,54.25,5.114155478,4.074350408,0.782509892,2.6690413020293167
561,UTPS.KL,United Plantations Bhd,Malaysia,Food Products,2023,4.596822018,69.41,8.851884904,0.003893854,0.057236093,0.452109932,0.737355189,0.0,10611328.98,0.183009976,0.091129594,0.506842587,-23.22000159,154906536.0,4,11.11,TRUE,72.89,58.38,3.555487154,4.056107349,-1.872255625,2.8401111127970653
561,UTPS.KL,United Plantations Bhd,Malaysia,Food Products,2022,4.397647146,67.02,8.877528405,0.00368115,0.063009823,0.488514648,0.630766509,0.0,53937045.45,0.233958139,0.07990599,0.496510486,17.03682863,137628181.8,4,18.18,TRUE,68.29,49.45,8.861821876,4.069967336,6.403485118,2.865088359617288
562,VSDY.KL,VisDynamics Holdings Bhd,Malaysia,Semiconductors & Semiconductor Equipment,2024,0.962213021,39.32,7.163840375,0.001112702,0.092656435,1.0,0.0,0.293811551,-1157426.29,0.353538827,0.288570458,0.225999288,-66.89997057,-1763309.71,5,42.86,TRUE,41.93,21.04,5.114155478,4.074350408,0.782509892,1.0
562,VSDY.KL,VisDynamics Holdings Bhd,Malaysia,Semiconductors & Semiconductor Equipment,2023,0.917891426,40.56,7.193865609,0.002341224,0.07893562,0.95523165,0.0,0.319950557,-1400035.7,0.413629436,0.248749497,0.171501192,-48.2274453,595527.09,5,42.86,TRUE,54.63,17.88,3.555487154,4.056107349,-1.872255625,1.0
562,VSDY.KL,VisDynamics Holdings Bhd,Malaysia,Semiconductors & Semiconductor Equipment,2022,0.816190333,42.29,7.236248689,0.003541175,0.178211277,0.987806224,0.0,0.374293742,3142310.62,0.398150607,0.244840714,0.159830277,-6.561617913,2690490.9,5,42.86,TRUE,54.09,20.31,8.861821876,4.069967336,6.403485118,1.0
563,VSTE.KL,VSTECS Bhd,Malaysia,"Electronic Equipment, Instruments & Components",2024,1.621713132,43.87,8.293342768,0.00501753,0.425355556,0.994423777,0.0,0.121161105,-9955461.06,0.132850837,0.282194774,0.008941569,9.30494901,15793643.69,4,42.86,TRUE,78.53,17.43,5.114155478,4.074350408,0.782509892,2.010485617540485
563,VSTE.KL,VSTECS Bhd,Malaysia,"Electronic Equipment, Instruments & Components",2023,1.78771192,38.04,8.253341701,0.047703745,0.440284,0.989207867,0.416544019,0.0,22713725.49,0.202532554,0.244125782,0.011522914,-5.642034975,14689760.35,4,42.86,TRUE,74.1,12.92,3.555487154,4.056107349,-1.872255625,1.5116820025459918
563,VSTE.KL,VSTECS Bhd,Malaysia,"Electronic Equipment, Instruments & Components",2022,2.01011455,36.03,8.210240669,0.022026857,0.423769454,0.998983082,0.15399844,0.0,-5922045.45,0.06406761,0.354623021,0.007284395,-0.145084694,13563636.36,4,28.57,TRUE,70.44,11.57,8.861821876,4.069967336,6.403485118,1.3370686312150497
564,VTRX.KL,ViTrox Corporation Bhd,Malaysia,Semiconductors & Semiconductor Equipment,2024,6.55832799,66.26,8.432292301,0.039996956,0.12240703,0.789423708,0.700573715,0.0,-10935317.82,0.299567698,0.166613452,0.248693486,-1.309741565,20013652.64,5,33.33,TRUE,79.59,71.48,5.114155478,4.074350408,0.782509892,1.260825277629494
564,VTRX.KL,ViTrox Corporation Bhd,Malaysia,Semiconductors & Semiconductor Equipment,2023,7.00070253,65.96,8.4050419,0.053898299,0.132310088,0.743707623,0.515379482,0.0,4050326.8,0.328309756,0.170243283,0.248817963,-26.54125686,27796732.03,5,44.44,TRUE,77.23,68.63,3.555487154,4.056107349,-1.872255625,1.5576330917028494
564,VTRX.KL,ViTrox Corporation Bhd,Malaysia,Semiconductors & Semiconductor Equipment,2022,7.083757559,50.04,8.412747589,0.064027476,0.176341121,0.760765985,0.9675391,0.0,26013863.64,0.37041496,0.178100992,0.198488427,4.393959307,45527272.73,5,28.57,TRUE,73.24,31.62,8.861821876,4.069967336,6.403485118,1.4094262436497749
565,WASC.KL,Wasco Bhd,Malaysia,Energy Equipment & Services,2024,0.272951243,69.17,8.810730726,0.262216656,0.550160037,0.776703369,0.151624926,0.0,-15804834.38,0.122895227,0.10290171,0.285203941,25.55134273,37224709.04,4,25.0,TRUE,84.17,65.54,5.114155478,4.074350408,0.782509892,1.7737898960264054
565,WASC.KL,Wasco Bhd,Malaysia,Energy Equipment & Services,2023,0.274979257,56.56,8.807515868,0.315557328,0.5795595,0.761765315,0.179863201,0.0,17686492.37,0.144966033,0.063232484,0.285155685,5.568121999,32706535.95,4,22.22,TRUE,62.79,59.18,3.555487154,4.056107349,-1.872255625,1.4662754276856844
565,WASC.KL,Wasco Bhd,Malaysia,Energy Equipment & Services,2022,0.279393028,48.99,8.790069147,0.37832759,0.619535646,0.787960474,0.164138033,0.0,19850454.55,0.139534543,0.08232877,0.284965266,56.66100793,8172500.0,4,0.0,TRUE,34.06,50.44,8.861821876,4.069967336,6.403485118,1.3458207879658552
566,WAVE.KL,WAVEFRONT Bhd,Malaysia,"Electronic Equipment, Instruments & Components",2024,0.533035921,36.8,8.118475365,0.172304059,0.284930604,0.79679745,0.0,0.35090577,-6987373.17,0.380367966,0.08298518,0.123929365,-29.01121642,-993235.63,5,33.33,TRUE,61.38,17.31,5.114155478,4.074350408,0.782509892,1.4516129212921731
566,WAVE.KL,WAVEFRONT Bhd,Malaysia,"Electronic Equipment, Instruments & Components",2023,0.539603596,38.58,8.104202164,0.18607115,0.259321881,0.702942757,0.0,0.39217535,-4336262.57,0.283207954,0.078521359,0.081075048,-58.23803012,-22239491.79,7,33.33,TRUE,75.31,22.79,3.555487154,4.056107349,-1.872255625,1.5249793512049623
566,WAVE.KL,WAVEFRONT Bhd,Malaysia,"Electronic Equipment, Instruments & Components",2022,0.398642285,32.49,8.24557701,0.191013494,0.255229139,0.677395422,0.0,0.329656372,12693877.55,0.165685371,0.103116808,0.267130849,-66.45822378,-57738548.75,5,40.0,TRUE,51.4,17.33,8.861821876,4.069967336,6.403485118,1.405016582188913
567,WCAL.KL,Wellcall Holdings Bhd,Malaysia,Machinery,2024,3.618813902,32.23,7.627866175,0.0,0.159381761,0.876020287,1.370399993,0.085297351,-1255852.95,0.449698443,0.14717832,0.318665485,9.823767589,11384110.65,5,30.0,0,76.9,12.78,5.114155478,4.074350408,0.782509892,0.0
567,WCAL.KL,Wellcall Holdings Bhd,Malaysia,Machinery,2023,4.112129636,28.48,7.572365628,0.0,0.177128589,0.879235244,1.375778582,0.082288732,2691511.67,0.460943815,0.145179408,0.265959861,21.36379876,11776610.21,5,25.0,0,73.53,3.3,3.555487154,4.056107349,-1.872255625,0.0
567,WCAL.KL,Wellcall Holdings Bhd,Malaysia,Machinery,2022,4.510594756,30.22,7.536455089,0.0,0.189582692,0.867577978,1.212527007,0.087692212,254970.87,0.363453138,0.182291438,0.296893794,1.61126974,7182584.68,5,20.0,0,83.62,1.98,8.861821876,4.069967336,6.403485118,1.0
568,WCEH.KL,WCE Holdings Bhd,Malaysia,Transportation Infrastructure,2024,0.307069921,50.58,9.25172138,0.550959202,0.083435179,0.094810433,0.089249953,0.0,-696505.07,0.030104207,0.0,0.000721774,8.973788361,-40292220.97,5,25.0,FALSE,65.85,54.2,5.114155478,4.074350408,0.782509892,1.3517273336589268
568,WCEH.KL,WCE Holdings Bhd,Malaysia,Transportation Infrastructure,2023,0.323789743,48.29,9.19983883,0.574349686,0.058981692,0.06782058,0.119741034,0.0,-59350555.85,0.058380921,0.0,0.00071466,13.27492287,-33373213.34,6,0.0,FALSE,53.99,50.82,3.555487154,4.056107349,-1.872255625,1.405016582188913
568,WCEH.KL,WCE Holdings Bhd,Malaysia,Transportation Infrastructure,2022,0.334080752,31.46,9.216035734,0.568034918,0.056627188,0.066847792,0.022606629,0.0,6736961.45,0.110175094,0.0,0.00050329,-20.41949532,16461224.49,4,0.0,FALSE,43.79,31.78,8.861821876,4.069967336,6.403485118,1.723683080263357
569,WCTE.KL,WCT Holdings Bhd,Malaysia,Construction & Engineering,2024,0.151629995,49.41,9.309279769,0.417599748,0.450350919,0.778004918,0.032714521,0.0,30855416.29,0.062690318,0.066225163,0.058020049,9.073971749,71903088.63,4,12.5,0,15.83,55.02,5.114155478,4.074350408,0.782509892,1.894173947485355
569,WCTE.KL,WCT Holdings Bhd,Malaysia,Construction & Engineering,2023,0.16073307,47.31,9.276087027,0.385201607,0.34796519,0.609179905,0.04321908,0.0,36504357.3,0.042875491,0.068375887,0.063337939,-21.33252366,-45620479.3,5,12.5,0,17.55,48.36,3.555487154,4.056107349,-1.872255625,1.7409465599627771
569,WCTE.KL,WCT Holdings Bhd,Malaysia,Construction & Engineering,2022,0.161175684,33.0,9.275821275,0.368834468,0.322966122,0.617136982,0.033960418,0.0,-14798636.36,0.025254166,0.085143641,0.062718937,17.19762533,39270681.82,5,10.0,0,13.62,36.67,8.861821876,4.069967336,6.403485118,1.26517633709622
570,WGZH.KL,Wang-Zheng Bhd,Malaysia,Paper & Forest Products,2024,0.227812171,36.98,7.825628624,0.224318782,0.328061682,0.997892966,0.3896209,0.0,-6604245.75,0.31487553,0.260973559,0.174834854,12.31617897,239805.28,6,11.11,TRUE,58.01,28.83,5.114155478,4.074350408,0.782509892,1.1133195522342765
570,WGZH.KL,Wang-Zheng Bhd,Malaysia,Paper & Forest Products,2023,0.232483856,38.99,7.822207777,0.286901813,0.324568298,0.98100145,0.62905365,0.0,2740383.44,0.434835312,0.227098568,0.11970101,0.903876805,1467895.42,5,11.11,TRUE,60.22,28.65,3.555487154,4.056107349,-1.872255625,1.224284491502189
570,WGZH.KL,Wang-Zheng Bhd,Malaysia,Paper & Forest Products,2022,0.251189456,26.15,7.789527704,0.204216483,0.244781462,0.929074358,0.793725024,0.0,-3084968.18,0.377551373,0.210927123,0.145021426,12.7010614,1477825.0,5,22.22,TRUE,66.28,12.84,8.861821876,4.069967336,6.403485118,1.0
572,YINS.KL,Yinson Holdings Berhad,Malaysia,Energy Equipment & Services,2023,0.290253247,84.19,9.78317522,0.572459222,0.159452112,0.213296657,0.563715847,0.0,327057330.2,0.146896185,0.002683675,0.16921093,66.07897463,241590861.0,6,36.36,TRUE,74.59,82.71,3.555487154,4.056107349,-1.872255625,1.48111222532287
572,YINS.KL,Yinson Holdings Berhad,Malaysia,Energy Equipment & Services,2022,0.395866016,85.16,9.654918401,0.502258684,0.186406355,0.269216348,0.385236769,0.0,-317382125.3,0.107151439,0.001298094,0.221766447,72.07669737,137931034.5,7,36.36,TRUE,74.46,85.34,8.861821876,4.069967336,6.403485118,1.7034538189310755
573,YSPS.KL,YSP Southeast Asia Holding Bhd,Malaysia,Pharmaceuticals,2024,0.600164694,46.66,8.073131466,0.100805117,0.118810083,0.524715591,0.93495702,0.0,1911145.93,0.273957939,0.239061321,0.313014073,6.684406998,6039838.85,5,37.5,0,71.3,17.79,5.114155478,4.074350408,0.782509892,1.0
573,YSPS.KL,YSP Southeast Asia Holding Bhd,Malaysia,Pharmaceuticals,2023,0.62009394,45.81,8.054808253,0.102020202,0.131510927,0.544891074,1.15235898,0.0,179520.7,0.26355109,0.25234666,0.310538849,1.810696807,8240740.74,6,33.33,0,70.51,13.79,3.555487154,4.056107349,-1.872255625,1.4142099666435564
573,YSPS.KL,YSP Southeast Asia Holding Bhd,Malaysia,Pharmaceuticals,2022,0.638721094,46.48,8.032366894,0.068073706,0.138649284,0.645093536,0.0,0.273193473,2069318.18,0.273723049,0.247358373,0.28419032,12.22598196,7902954.55,5,33.33,0,69.5,11.44,8.861821876,4.069967336,6.403485118,1.3490814977311223
574,YTLR.KL,YTL Hospitality REIT,Malaysia,Hotel & Resort REITs,2024,0.347351983,18.09,9.111427359,0.426970156,0.212094899,0.461262377,0.104896499,0.0,8321140.14,0.055259232,0.000116147,0.35198851,10.66198224,35288361.05,5,12.5,TRUE,2.44,24.78,5.114155478,4.074350408,0.782509892,2.357376906411428
574,YTLR.KL,YTL Hospitality REIT,Malaysia,Hotel & Resort REITs,2024,0.347351983,18.09,9.111427359,0.426970156,0.212094899,0.461262377,0.104896499,0.0,8321140.14,0.055259232,0.000116147,0.35198851,10.66198224,35288361.05,5,12.5,TRUE,2.44,24.78,5.114155478,4.074350408,0.782509892,2.357376906411428
574,YTLR.KL,YTL Hospitality REIT,Malaysia,Hotel & Resort REITs,2023,0.392155336,13.61,9.062634057,0.425578328,0.247393453,0.545552933,0.090935809,0.0,10626086.96,0.045096585,0.000125953,0.388994135,12.7751995,37753340.4,4,25.0,TRUE,2.94,14.92,3.555487154,4.056107349,-1.872255625,2.2917983790843626
574,YTLR.KL,YTL Hospitality REIT,Malaysia,Hotel & Resort REITs,2023,0.392155336,13.61,9.062634057,0.425578328,0.247393453,0.545552933,0.090935809,0.0,10626086.96,0.045096585,0.000125953,0.388994135,12.7751995,37753340.4,4,25.0,TRUE,2.94,14.92,3.555487154,4.056107349,-1.872255625,2.2917983790843626
574,YTLR.KL,YTL Hospitality REIT,Malaysia,Hotel & Resort REITs,2022,0.413033711,14.16,9.041035217,0.402978539,0.063759367,0.14726595,0.333236467,0.0,21428938.91,0.035372658,0.000138475,0.406799865,26.36867832,30272454.45,4,0.0,TRUE,1.86,17.1,8.861821876,4.069967336,6.403485118,2.224578994839918
574,YTLR.KL,YTL Hospitality REIT,Malaysia,Hotel & Resort REITs,2022,0.413033711,14.16,9.041035217,0.402978539,0.063759367,0.14726595,0.333236467,0.0,21428938.91,0.035372658,0.000138475,0.406799865,26.36867832,30272454.45,4,0.0,TRUE,1.86,17.1,8.861821876,4.069967336,6.403485118,2.224578994839918
575,ZETR.KL,Zetrix AI Bhd,Malaysia,Professional Services,2024,1.680436982,56.28,8.977932793,0.303934282,0.056364495,0.170635885,0.0,0.082312272,64647269.47,0.119464883,0.000583519,0.105503992,34.92436546,158471351.8,5,28.57,0,51.64,34.83,5.114155478,4.074350408,0.782509892,1.4749091575900062
575,ZETR.KL,Zetrix AI Bhd,Malaysia,Professional Services,2023,2.278303782,55.98,8.845743393,0.273693213,0.089025408,0.282595271,0.0,0.018745544,876688.45,0.031760305,0.008011429,0.114341636,13.99216725,106065141.6,5,28.57,0,51.68,31.68,3.555487154,4.056107349,-1.872255625,1.3541670817358904
575,ZETR.KL,Zetrix AI Bhd,Malaysia,Professional Services,2022,2.8208615,57.04,8.761325809,0.190311996,0.133701254,0.511613681,0.0,0.022166598,-3867500.0,0.038396578,0.010162316,0.153493929,-14.64141562,91000454.55,5,28.57,0,54.51,30.37,8.861821876,4.069967336,6.403485118,1.3325052454014017
576,ZHCO.KL,Zhulian Corp Bhd,Malaysia,"Textiles, Apparel & Luxury Goods",2024,1.19450695,35.19,8.017779471,0.000657221,0.070553925,0.882718889,3.277493487,0.0,1097522.52,0.333701429,0.067507794,0.169988801,-0.028614578,5279729.73,4,28.57,TRUE,37.9,20.96,5.114155478,4.074350408,0.782509892,1.0
576,ZHCO.KL,Zhulian Corp Bhd,Malaysia,"Textiles, Apparel & Luxury Goods",2023,1.151513495,38.59,8.03369912,0.000582187,0.074370871,0.906666343,2.450452857,0.0,-9740605.54,0.269455128,0.069254384,0.164196513,-7.256984444,6277861.28,4,28.57,TRUE,39.28,21.82,3.555487154,4.056107349,-1.872255625,1.6844016350795823
576,ZHCO.KL,Zhulian Corp Bhd,Malaysia,"Textiles, Apparel & Luxury Goods",2022,0.999183707,29.23,8.092424931,0.000511217,0.073063971,0.890053632,2.015139065,0.0,-7628404.23,0.32576379,0.065737744,0.15732741,-13.96665537,8623227.55,4,0.0,TRUE,30.92,24.46,8.861821876,4.069967336,6.403485118,1.0
577,AEV.PS,Aboitiz Equity Ventures Inc,Philippines,Industrial Conglomerates,2024,0.188955718,42.24277315,10.18719533,0.452468974,0.148423437,0.217303616,0.161345955,0.0,-525178851.8,0.093791766,0.051607855,0.269570874,-7.021291868,652548780.9,10,22.22222222,TRUE,55.72649573,21.2152601,5.692016128,3.600409966,2.914192056,2.378535753662857
577,AEV.PS,Aboitiz Equity Ventures Inc,Philippines,Industrial Conglomerates,2024,0.188955718,42.24277315,10.18719533,0.452468974,0.148423437,0.217303616,0.161345955,0.0,-525178851.8,0.093791766,0.051607855,0.269570874,-7.021291868,652548780.9,10,22.22222222,TRUE,55.72649573,21.2152601,5.692016128,3.600409966,2.914192056,2.378535753662857
577,AEV.PS,Aboitiz Equity Ventures Inc,Philippines,Industrial Conglomerates,2023,0.19994437,48.08672173,10.17768509,0.451010254,0.136616578,0.202735472,0.292281118,0.0,194398100.7,0.141643087,0.05591909,0.275714785,1.775984548,774918881.3,12,22.22222222,TRUE,75.47008547,26.26961413,5.518949679,3.580249955,4.601433071,2.997250744842704
577,AEV.PS,Aboitiz Equity Ventures Inc,Philippines,Industrial Conglomerates,2023,0.19994437,48.08672173,10.17768509,0.451010254,0.136616578,0.202735472,0.292281118,0.0,194398100.7,0.141643087,0.05591909,0.275714785,1.775984548,774918881.3,12,22.22222222,TRUE,75.47008547,26.26961413,5.518949679,3.580249955,4.601433071,2.2077465935132787
577,AEV.PS,Aboitiz Equity Ventures Inc,Philippines,Industrial Conglomerates,2022,0.204230818,34.4628557,10.16167084,0.466604538,0.164634213,0.240638803,0.308607937,0.0,-826437488.8,0.152872973,0.058461084,0.278381548,25.47031967,722270468.8,12,22.22222222,TRUE,42.99145299,22.09171444,7.580982128,3.549992094,5.488648202,3.043347045057284
577,AEV.PS,Aboitiz Equity Ventures Inc,Philippines,Industrial Conglomerates,2022,0.204230818,34.4628557,10.16167084,0.466604538,0.164634213,0.240638803,0.308607937,0.0,-826437488.8,0.152872973,0.058461084,0.278381548,25.47031967,722270468.8,12,22.22222222,TRUE,42.99145299,22.09171444,7.580982128,3.549992094,5.488648202,2.812383841124703
578,ALI.PS,Ayala Land Inc,Philippines,Real Estate Management & Development,2024,0.470241351,80.3078208,10.19920302,0.327545404,0.271152772,0.402226933,0.041884369,0.012052787,76478855.29,0.025042757,0.246594662,0.05423943,15.71179834,589507421.3,8,22.22222222,TRUE,74.44444444,73.84166212,5.692016128,3.600409966,2.914192056,3.4808133804889643
578,ALI.PS,Ayala Land Inc,Philippines,Real Estate Management & Development,2023,0.476646556,82.6007478,10.18427924,0.326915031,0.276598307,0.408848691,0.045496359,0.007573681,93540135.05,0.022972314,0.247234208,0.06268335,18.84639441,523643713.4,8,33.33333333,TRUE,77.94871795,79.70579178,5.518949679,3.580249955,4.601433071,3.8714054708026753
578,ALI.PS,Ayala Land Inc,Philippines,Real Estate Management & Development,2022,0.499120804,84.47868438,10.14628098,0.326736279,0.259761136,0.386199549,0.050831634,0.00204027,-37472750.13,0.01820559,0.231318449,0.062300261,9.481602296,404603071.7,6,22.22222222,TRUE,81.76623992,78.53596229,7.580982128,3.549992094,5.488648202,1.0
578,ALI.PS,Ayala Land Inc,Philippines,Real Estate Management & Development,2022,0.499120804,84.47868438,10.14628098,0.326736279,0.259761136,0.386199549,0.050831634,0.00204027,-37472750.13,0.01820559,0.231318449,0.062300261,9.481602296,404603071.7,6,22.22222222,TRUE,81.76623992,78.53596229,7.580982128,3.549992094,5.488648202,3.887897256675803
580,BLOOM.PS,Bloomberry Resorts Corp,Philippines,"Hotels, Restaurants & Leisure",2024,0.199598722,47.03005241,9.536374682,0.551907385,0.093080834,0.134988613,1.487967888,0.001346231,-114603893.0,0.1662893,0.003135146,0.778400293,5.059373519,44471067.91,12,0.0,TRUE,18.88888889,44.30689748,5.692016128,3.600409966,2.914192056,1.4599737514862254
580,BLOOM.PS,Bloomberry Resorts Corp,Philippines,"Hotels, Restaurants & Leisure",2023,0.233149684,40.09972448,9.461165156,0.592370006,0.148293711,0.212465188,1.232671846,0.026797316,35094664.01,0.239089818,0.002130914,0.687246493,24.04314589,171904209.9,11,0.0,TRUE,18.37606838,35.97234759,5.518949679,3.580249955,4.601433071,1.344614069249487
580,BLOOM.PS,Bloomberry Resorts Corp,Philippines,"Hotels, Restaurants & Leisure",2022,0.28682941,41.91607967,9.403984577,0.647402991,0.147170342,0.192565358,1.475996535,0.013650629,228702378.7,0.258937647,0.002476708,0.654845882,61.78172785,92368970.36,12,0.0,TRUE,22.99145299,38.52462451,7.580982128,3.549992094,5.488648202,1.2999859333003707
582,EMI.PS,Emperador Inc,Philippines,Beverages,2024,1.642917909,56.22612918,9.43883832,0.216326135,0.126524718,0.335667349,0.189001707,0.037136906,-13326281.08,0.065945751,0.318164638,0.256423385,-10.43713343,111671368.2,0,0.0,TRUE,61.45299145,60.58246462,5.692016128,3.600409966,2.914192056,2.318374143915368
582,EMI.PS,Emperador Inc,Philippines,Beverages,2023,1.67468204,51.2926708,9.428922208,0.178728033,0.157021778,0.426227229,0.183562269,0.041872583,-40171023.15,0.077359113,0.344545288,0.230058152,5.115590718,161476803.6,0,14.28571429,TRUE,60.08547009,41.69984717,5.518949679,3.580249955,4.601433071,1.8326514796202584
582,EMI.PS,Emperador Inc,Philippines,Beverages,2022,1.814917145,53.25862545,9.404247689,0.172759516,0.200763585,0.526764788,0.095331233,0.071067155,61152053.35,0.09276262,0.328072071,0.207179291,2.778465263,183433145.9,15,14.28571429,TRUE,70.77050735,33.51969734,7.580982128,3.549992094,5.488648202,2.0865634232286734
583,GLO.PS,Globe Telecom Inc,Philippines,Wireless Telecommunication Services,2024,0.368795784,61.20501415,10.03784323,0.576936462,0.194988594,0.265196532,0.053833421,0.023203289,81076210.48,0.0332969,0.004679048,0.698475892,-4.405237753,418172205.4,7,18.18181818,TRUE,74.44444444,54.00064971,5.692016128,3.600409966,2.914192056,3.244099463149266
583,GLO.PS,Globe Telecom Inc,Philippines,Wireless Telecommunication Services,2023,0.367830798,62.64049727,10.04307181,0.553735193,0.234332615,0.317258405,0.060168485,0.013114934,-25072362.24,0.030107077,0.00554,0.660446099,3.451204491,443742507.4,7,9.090909091,TRUE,80.5982906,55.95511244,5.518949679,3.580249955,4.601433071,3.595743362189227
583,GLO.PS,Globe Telecom Inc,Philippines,Wireless Telecommunication Services,2022,0.418798439,58.56925436,9.999201531,0.51727179,0.27617788,0.380348769,0.082752893,0.009599175,-111467756.4,0.036028765,0.006985495,0.574086983,-4.424282856,621592401.7,7,9.090909091,TRUE,62.01280228,56.35486196,7.580982128,3.549992094,5.488648202,3.70554993972412
584,GTCAP.PS,GT Capital Holdings Inc,Philippines,Industrial Conglomerates,2023,0.32424493,41.25221521,9.907072515,0.309549047,0.208445703,0.433200883,0.067189478,0.023408604,-131328085.5,0.042410077,0.171463328,0.030387803,24.34222486,665757925.9,5,9.090909091,0,48.46153846,40.65185304,5.518949679,3.580249955,4.601433071,2.567773042870752
584,GTCAP.PS,GT Capital Holdings Inc,Philippines,Industrial Conglomerates,2022,0.347402737,35.87880069,9.874677273,0.364940214,0.173652063,0.336282693,0.07676698,0.044213675,118573738.1,0.080968517,0.166362224,0.033443124,29.27212308,390353871.0,0,9.090909091,0,41.0170697,40.06940536,7.580982128,3.549992094,5.488648202,2.654402750606572
585,ICT.PS,International Container Terminal Services Inc,Philippines,Transportation Infrastructure,2024,2.249400631,53.65158326,9.883624642,0.643326892,0.152825763,0.192282843,0.440902811,0.077607867,392969190.0,0.1725559,0.007773825,0.369530843,14.70476577,935777620.0,0,0.0,0,51.02564103,39.71774194,5.692016128,3.600409966,2.914192056,3.8688752721487214
585,ICT.PS,International Container Terminal Services Inc,Philippines,Transportation Infrastructure,2023,2.219267658,58.80218285,9.860029933,0.626914296,0.098775867,0.12661048,0.589865627,0.040578575,-122835630.0,0.123588088,0.007705102,0.381244182,6.479493867,581126360.0,0,0.0,0,61.28205128,46.17699256,5.518949679,3.580249955,4.601433071,1.5409177593245011
585,ICT.PS,International Container Terminal Services Inc,Philippines,Transportation Infrastructure,2022,2.48566716,58.19338867,9.848412041,0.649167734,0.179458182,0.22503483,0.248876909,0.074274471,181346140.0,0.133877771,0.007495196,0.337348698,20.26633809,677466830.0,0,0.0,0,63.16239316,52.47653959,7.580982128,3.549992094,5.488648202,2.3642653589049147
586,JGS.PS,JG Summit Holdings Inc,Philippines,Industrial Conglomerates,2024,0.185165748,40.10411796,10.25407866,0.414310693,0.21923394,0.33706748,0.081061268,0.028053411,-30576164.34,0.052839529,0.09452595,0.376471617,5.17301522,612266383.4,12,11.11111111,TRUE,39.74358974,35.28225806,5.692016128,3.600409966,2.914192056,3.084714637081912
586,JGS.PS,JG Summit Holdings Inc,Philippines,Industrial Conglomerates,2024,0.185165748,40.10411796,10.25407866,0.414310693,0.21923394,0.33706748,0.081061268,0.028053411,-30576164.34,0.052839529,0.09452595,0.376471617,5.17301522,612266383.4,12,11.11111111,TRUE,39.74358974,35.28225806,5.692016128,3.600409966,2.914192056,2.7144689869902168
587,LTG.PS,LT Group Inc,Philippines,Industrial Conglomerates,2024,0.112336934,43.41952009,10.37409429,0.035986836,0.727075748,0.874040595,0.120194789,0.0,-347943918.3,0.277210807,0.011498455,0.050202598,6.676143698,663057579.7,19,54.54545455,TRUE,12.22222222,36.54908359,5.692016128,3.600409966,2.914192056,0.0
587,LTG.PS,LT Group Inc,Philippines,Industrial Conglomerates,2023,0.111877791,36.5526758,10.37958491,0.055713293,0.748302121,0.890939964,0.175271913,0.0,343848089.8,0.307934399,0.012201643,0.052310173,14.88426271,614138080.5,19,54.54545455,TRUE,14.61538462,30.50571861,5.518949679,3.580249955,4.601433071,2.044137585660184
587,LTG.PS,LT Group Inc,Philippines,Industrial Conglomerates,2022,0.117077301,24.15813788,10.3575383,0.067961109,0.710070833,0.842117534,0.177934893,0.0,-725583815.3,0.244714113,0.013636904,0.055977018,1.33660277,550835387.1,18,54.54545455,TRUE,10.68376068,30.58765467,7.580982128,3.549992094,5.488648202,2.5319289363946385
588,MWC.PS,Manila Water Company Inc,Philippines,Water Utilities,2024,0.494421655,65.38096801,9.593830596,0.4686844,0.13098136,0.195517947,0.068391404,0.02366735,-57097538.05,0.033824322,0.001968179,0.043938764,13.80992848,188914725.2,11,22.22222222,TRUE,74.01709402,50.90497738,5.692016128,3.600409966,2.914192056,3.3565220653080985
588,MWC.PS,Manila Water Company Inc,Philippines,Water Utilities,2023,0.507157698,64.76811352,9.578156655,0.475540391,0.179428634,0.2672529,0.029500429,0.045986608,35039989.89,0.055478689,0.001815155,0.045006143,35.38420017,106002886.2,20,16.66666667,TRUE,62.99145299,59.12518854,5.518949679,3.580249955,4.601433071,2.5991021731979584
588,MWC.PS,Manila Water Company Inc,Philippines,Water Utilities,2022,0.545048797,75.66301768,9.543977033,0.438178522,0.123634865,0.196524435,0.03364159,0.041075585,-81296431.83,0.049473911,0.002313389,0.038962496,1.715755095,110432291.9,14,9.090909091,TRUE,81.11111111,72.76987718,7.580982128,3.549992094,5.488648202,3.084298220881269
589,RLC.PS,Robinsons Land Corp,Philippines,Real Estate Management & Development,2024,0.275684,31.64274896,9.654025835,0.216714924,0.175780922,0.43432674,0.08671761,0.0,82837955.61,0.042630903,0.154889581,0.084008749,-2.668365108,264148343.0,6,11.11111111,TRUE,14.95726496,31.37667319,5.692016128,3.600409966,2.914192056,2.6762002418940565
589,RLC.PS,Robinsons Land Corp,Philippines,Real Estate Management & Development,2023,0.278990896,32.33268073,9.628924874,0.23977563,0.145119273,0.341423396,0.114615255,0.0,-46104136.64,0.025750206,0.151404873,0.078361782,-7.188281738,241429981.6,0,11.11111111,TRUE,8.11965812,35.18874069,5.518949679,3.580249955,4.601433071,2.028635004135164
589,RLC.PS,Robinsons Land Corp,Philippines,Real Estate Management & Development,2023,0.278990896,32.33268073,9.628924874,0.23977563,0.145119273,0.341423396,0.114615255,0.0,-46104136.64,0.025750206,0.151404873,0.078361782,-7.188281738,241429981.6,0,11.11111111,TRUE,8.11965812,35.18874069,5.518949679,3.580249955,4.601433071,2.0212733205142275
589,RLC.PS,Robinsons Land Corp,Philippines,Real Estate Management & Development,2022,0.317127858,32.61507492,9.603532307,0.240159427,0.19403204,0.460797255,0.144209581,0.0,-186308148.0,0.033262102,0.14550734,0.0766278,14.06229224,199960256.0,0,11.11111111,TRUE,14.1025641,24.14166182,7.580982128,3.549992094,5.488648202,1.3790036156455896
590,RRHI.PS,Robinsons Retail Holdings Inc,Philippines,Consumer Staples Distribution & Retail,2024,0.242036271,53.10376448,9.466327384,0.272584441,0.27359,0.571154118,0.0,0.077301025,-604453.6469,0.080822526,0.186361643,0.260270888,-1.133233716,187990227.5,10,11.11111111,TRUE,52.13675214,44.13340153,5.692016128,3.600409966,2.914192056,2.348401032869372
590,RRHI.PS,Robinsons Retail Holdings Inc,Philippines,Consumer Staples Distribution & Retail,2023,0.244407733,50.18984106,9.446980218,0.292948651,0.253336953,0.492495502,0.0,0.084971318,-82950925.65,0.093548567,0.191381301,0.279352283,7.987299088,83938305.77,11,11.11111111,TRUE,43.24786325,41.10966477,5.518949679,3.580249955,4.601433071,3.104363861774871
590,RRHI.PS,Robinsons Retail Holdings Inc,Philippines,Consumer Staples Distribution & Retail,2022,0.284572719,37.85719331,9.405215434,0.243295371,0.283321306,0.580303815,0.0,0.125538558,28684635.53,0.121231126,0.194097136,0.316566861,6.822519812,115610702.9,9,11.11111111,TRUE,22.07207207,33.38659369,7.580982128,3.549992094,5.488648202,2.1739920730258016
591,SM.PS,SM Investments Corp,Philippines,Industrial Conglomerates,2024,0.560755817,65.33466055,10.46621002,0.316036412,0.201976136,0.320194637,0.089024383,0.0,151224068.5,0.068268214,0.071566594,0.062706775,1.333755752,1974187375.0,8,33.33333333,TRUE,90.0,54.63989853,5.692016128,3.600409966,2.914192056,2.8300612256861344
591,SM.PS,SM Investments Corp,Philippines,Industrial Conglomerates,2024,0.560755817,65.33466055,10.46621002,0.316036412,0.201976136,0.320194637,0.089024383,0.0,151224068.5,0.068268214,0.071566594,0.062706775,1.333755752,1974187375.0,8,33.33333333,TRUE,90.0,54.63989853,5.692016128,3.600409966,2.914192056,1.6006602217882533
591,SM.PS,SM Investments Corp,Philippines,Industrial Conglomerates,2023,0.580075582,65.74901129,10.45694733,0.338554632,0.20852233,0.321248584,0.069290675,0.0,-50832563.01,0.071281493,0.075146837,0.063920604,11.84935936,1917113147.0,9,25.0,TRUE,92.22222222,48.43803808,5.518949679,3.580249955,4.601433071,2.112144935788141
591,SM.PS,SM Investments Corp,Philippines,Industrial Conglomerates,2023,0.580075582,65.74901129,10.45694733,0.338554632,0.20852233,0.321248584,0.069290675,0.0,-50832563.01,0.071281493,0.075146837,0.063920604,11.84935936,1917113147.0,9,25.0,TRUE,92.22222222,48.43803808,5.518949679,3.580249955,4.601433071,1.9756355496455933
591,SM.PS,SM Investments Corp,Philippines,Industrial Conglomerates,2022,0.634697834,67.12593482,10.42519315,0.365141727,0.197738181,0.297488784,0.091758544,0.0,309115106.9,0.077885365,0.071778896,0.062096485,17.31380358,1515095617.0,8,25.0,TRUE,87.94871795,48.89009269,7.580982128,3.549992094,5.488648202,2.2603854450372456
591,SM.PS,SM Investments Corp,Philippines,Industrial Conglomerates,2022,0.634697834,67.12593482,10.42519315,0.365141727,0.197738181,0.297488784,0.091758544,0.0,309115106.9,0.077885365,0.071778896,0.062096485,17.31380358,1515095617.0,8,25.0,TRUE,87.94871795,48.89009269,7.580982128,3.549992094,5.488648202,2.1955515846421454
592,TEL.PS,PLDT Inc,Philippines,Wireless Telecommunication Services,2024,0.429465451,54.48053842,10.03068301,0.538484618,0.302373752,0.371093381,0.045351318,0.002348883,-106171223.9,0.01721642,0.00530424,0.573069672,-1.97007744,560558578.4,0,30.76923077,TRUE,64.52991453,36.69580534,5.692016128,3.600409966,2.914192056,3.3929120547273457
592,TEL.PS,PLDT Inc,Philippines,Wireless Telecommunication Services,2023,0.422626846,59.82068286,10.04157156,0.496037039,0.322669187,0.389991295,0.050810228,0.010145705,-163103921.4,0.027516896,0.005479731,0.524708828,3.750715262,485032859.1,15,23.07692308,TRUE,73.24786325,35.19034741,5.518949679,3.580249955,4.601433071,1.4638151232483445
592,TEL.PS,PLDT Inc,Philippines,Wireless Telecommunication Services,2022,0.438358698,49.20416904,10.0496761,0.467851295,0.3957338,0.479210764,0.066934681,0.013903442,23423747.08,0.037729554,0.005716465,0.515263666,-2.603760913,203610562.2,12,28.57142857,TRUE,63.72925557,33.74414488,7.580982128,3.549992094,5.488648202,1.870923916240799
593,URC.PS,Universal Robina Corp,Philippines,Food Products,2024,1.020429937,44.68705761,9.488098352,0.12262953,0.29756018,0.904336825,0.140001127,0.0,-10160949.79,0.067061223,0.22497003,0.372579582,-2.140590642,219698205.6,4,22.22222222,TRUE,20.0,66.06570827,5.692016128,3.600409966,2.914192056,2.394420629465014
593,URC.PS,Universal Robina Corp,Philippines,Food Products,2023,0.947750688,47.61430567,9.512584137,0.156028585,0.316790942,0.913562094,0.176465901,0.0,-19204727.74,0.078006219,0.254961277,0.354260565,6.324540753,229700503.5,4,22.22222222,TRUE,22.99145299,66.51771885,5.518949679,3.580249955,4.601433071,2.5657495828804544
594,WLCON.PS,Wilcon Depot Inc,Philippines,Specialty Retail,2024,0.926392394,55.17569658,8.827802436,0.244827149,0.163459571,0.419418944,0.145712516,0.003839654,-13511288.14,0.052275005,0.364735774,0.507083022,-5.81886546,43536598.25,12,25.0,TRUE,56.32478632,37.68613648,5.692016128,3.600409966,2.914192056,0.0
594,WLCON.PS,Wilcon Depot Inc,Philippines,Specialty Retail,2023,0.890703675,55.91352009,8.856261031,0.248515511,0.2286764,0.526702314,0.122585514,0.018853177,1513352.892,0.052595354,0.396589119,0.476676703,3.602297994,62887188.56,23,25.0,TRUE,45.04273504,46.03856927,5.518949679,3.580249955,4.601433071,0.0
594,WLCON.PS,Wilcon Depot Inc,Philippines,Specialty Retail,2022,0.960472971,54.42848952,8.806353044,0.251747122,0.214869847,0.507198645,0.232593037,0.0,4285035.387,0.071712745,0.371541588,0.485848313,11.75904444,69127273.22,22,25.0,TRUE,39.76055002,44.87337403,7.580982128,3.549992094,5.488648202,0.0
595,AEGJ.J,Aveng Ltd,South Africa,Construction & Engineering,2024,0.050451235,34.61239448,8.834815458,0.1179096,0.674538472,0.83131674,0.0,0.199623655,26078459.76,0.162109418,0.016410957,0.262463665,-15.04678148,-60705637.73,6,12.5,TRUE,54.78632479,20.5044955,0.579853692,3.796114236,3.843298387,1.2583616627697825
595,AEGJ.J,Aveng Ltd,South Africa,Construction & Engineering,2023,0.04114162,43.43004155,8.925219215,0.12475934,0.6378344,0.820966801,0.0,0.119749325,25341182.59,0.138901707,0.016266312,0.233015568,27.03790802,17160800.84,6,25.0,TRUE,78.85057471,25.76565315,0.698485194,3.779779876,4.804271427,2.2838931878090625
596,AELJ.J,Altron Ltd,South Africa,IT Services,2022,0.937363786,40.85143192,8.72209056,0.227780074,0.316866474,0.559489051,0.0,0.077511368,4468981.454,0.068805473,0.146031418,0.103658537,-10.84371485,16131933.05,8,27.27272727,TRUE,25.96045198,31.96265702,1.91147996,3.81447474,4.992471384,1.9479458962559328
597,AFEJ.J,AECI Ltd,South Africa,Chemicals,2024,0.442793394,56.22073445,9.159897868,0.225395543,0.335633787,0.596256684,0.261292792,0.0,27373134.01,0.106141023,0.187841856,0.242759076,-6.745683351,16179856.34,11,44.44444444,TRUE,80.31609195,40.55680357,0.579853692,3.796114236,3.843298387,1.8815426551405543
597,AFEJ.J,AECI Ltd,South Africa,Chemicals,2023,0.425329197,62.93597359,9.184229033,0.228365901,0.323742037,0.576472088,0.216670352,0.0,-1750336.393,0.084287459,0.219239854,0.266766874,-8.66482703,60550699.59,14,41.66666667,TRUE,85.56497175,46.56243364,0.698485194,3.779779876,4.804271427,1.809282153498401
597,AFEJ.J,AECI Ltd,South Africa,Chemicals,2022,0.392754975,60.98651034,9.223154439,0.265426018,0.504960248,0.855168305,0.143444336,0.0,2469948.954,0.101950846,0.238514036,0.233166819,28.44849068,56220742.87,10,36.36363636,TRUE,90.89635854,40.03526258,1.91147996,3.81447474,4.992471384,2.020269750380758
598,AIPJ.J,Adcock Ingram Holdings Ltd,South Africa,Pharmaceuticals,2024,1.427835581,49.03664358,8.662227067,0.033577969,0.30285858,0.860059081,0.0,0.010702364,413417.6519,0.011203623,0.304133643,0.196176296,9.322797581,44762661.53,4,72.72727273,TRUE,26.86609687,40.00368101,0.579853692,3.796114236,3.843298387,1.4073937391242717
598,AIPJ.J,Adcock Ingram Holdings Ltd,South Africa,Pharmaceuticals,2023,1.502844907,57.22892089,8.642348285,0.039339263,0.294608046,0.846800385,0.0,0.011078926,-14000945.49,0.010028962,0.296472123,0.206869103,-9.338000903,47718351.46,4,72.72727273,TRUE,42.78735632,43.94664372,0.698485194,3.779779876,4.804271427,2.128301274335894
598,AIPJ.J,Adcock Ingram Holdings Ltd,South Africa,Pharmaceuticals,2022,1.361158427,65.74629832,8.685589939,0.042810757,0.277131716,0.82682126,0.0,0.043792357,18267514.75,0.043026968,0.274943904,0.220941337,-1.844287995,49209009.34,4,63.63636364,TRUE,69.18079096,40.08425094,1.91147996,3.81447474,4.992471384,2.3205012752436622
599,ARLJ.J,Astral Foods Ltd,South Africa,Food Products,2023,1.014430589,44.10849635,8.682741714,0.221292194,0.470449478,0.841861615,0.0,0.078307321,-59828656.32,0.081109991,0.323005901,0.373707827,-4.476838109,-27078751.48,5,20.0,TRUE,51.49717514,34.0201716,0.698485194,3.779779876,4.804271427,2.5755545397823365
599,ARLJ.J,Astral Foods Ltd,South Africa,Food Products,2022,1.053403023,44.77897717,8.667469731,0.039344968,0.298180714,0.688919208,0.0,0.085722151,23139334.96,0.076765806,0.287306853,0.39006974,1.323477731,58117732.64,4,12.5,TRUE,51.8487395,34.65624771,1.91147996,3.81447474,4.992471384,2.357101511001241
600,ATTJ.J,Attacq Ltd,South Africa,Diversified REITs,2024,0.488193665,58.32553829,9.099923646,0.276423976,0.030164834,0.075972821,0.0,0.021164083,-6116139.676,0.0229635,0.001863515,0.000386028,10.68147064,67148913.94,4,36.36363636,TRUE,68.46153846,42.7362944,0.579853692,3.796114236,3.843298387,1.727547376102775
600,ATTJ.J,Attacq Ltd,South Africa,Diversified REITs,2023,0.530431092,59.2015986,9.064485014,0.395065593,0.058530073,0.136035847,0.0,0.027771872,306698.6078,0.024240928,0.003070165,0.000402383,-16.48758455,27636126.06,4,36.36363636,TRUE,74.9137931,42.64824564,0.698485194,3.779779876,4.804271427,1.5755551286459102
600,ATTJ.J,Attacq Ltd,South Africa,Diversified REITs,2022,0.474412442,64.82218119,9.123540926,0.394994803,0.053523301,0.124501635,0.0,0.033159699,-23094518.19,0.028669658,0.002258086,0.000552522,-7.500402378,72490167.16,4,33.33333333,TRUE,81.21468927,50.65553504,1.91147996,3.81447474,4.992471384,1.7236514055650978
601,AVIJ.J,Avi Ltd,South Africa,Food Products,2024,3.172853666,58.66394509,8.753532723,0.17188667,0.327361611,0.745889321,0.0,0.0342299,-7808633.489,0.035811831,0.29632288,0.360359661,10.06789204,124151773.4,4,37.5,TRUE,58.88888889,50.07569613,0.579853692,3.796114236,3.843298387,1.823008723063616
601,AVIJ.J,Avi Ltd,South Africa,Food Products,2023,3.338011432,55.25725486,8.73391183,0.220029799,0.390107628,0.782670259,0.0,0.048511047,16121064.68,0.045775948,0.299221706,0.359485581,-6.861171765,97570951.28,4,11.11111111,TRUE,71.63793103,39.32230376,0.698485194,3.779779876,4.804271427,2.2324229289203688
601,AVIJ.J,Avi Ltd,South Africa,Food Products,2022,3.187034009,56.43872453,8.759115133,0.199882284,0.371608968,0.76305265,0.0,0.020482637,-165929.2035,0.018971002,0.301856707,0.377751619,-8.51126557,107620452.3,4,22.22222222,TRUE,65.16949153,43.10759079,1.91147996,3.81447474,4.992471384,1.8968533779011487
603,BELJ.J,Bell Equipment Ltd,South Africa,Machinery,2024,0.442782749,36.9885893,8.683339503,0.140495661,0.26903964,0.695323997,0.115843423,0.0,24313921.04,0.026087849,0.558338713,0.15208109,-16.05485335,24989337.21,6,30.0,TRUE,65.02873563,17.76919511,0.579853692,3.796114236,3.843298387,2.1862510592469047
603,BELJ.J,Bell Equipment Ltd,South Africa,Machinery,2023,0.370630625,36.35980871,8.760588894,0.218067673,0.400478595,0.792559042,0.059680839,0.0,-27572885.1,0.027071476,0.543596363,0.134854887,22.31204789,43406482.81,5,30.0,TRUE,53.6440678,21.20629754,0.698485194,3.779779876,4.804271427,1.2420526213230338
604,BLUJ.J,Blu Label Unlimited Group Ltd,South Africa,Diversified Telecommunication Services,2024,0.842704397,22.4278394,8.90570923,0.272652809,0.440853508,0.658923413,0.134301383,0.0,-21619638.56,0.063905471,0.291267243,0.017026573,-19.07222301,35069571.83,7,22.22222222,TRUE,16.46551724,12.05895006,0.579853692,3.796114236,3.843298387,1.8805855436768733
604,BLUJ.J,Blu Label Unlimited Group Ltd,South Africa,Diversified Telecommunication Services,2023,1.104914144,22.183963,8.872845338,0.278960288,0.54568602,0.772979328,0.162206023,0.0,-72029171.4,0.078195939,0.19261138,0.016913559,-15.83371616,14609679.19,16,10.0,TRUE,9.18079096,13.12840343,0.698485194,3.779779876,4.804271427,1.926485905551108
605,BRTJ.J,Brimstone Investment Corporation Ltd,South Africa,Food Products,2024,0.251697134,13.99483702,8.447517698,0.327948803,0.043932456,0.113529408,0.549029409,0.0,-15618229.66,0.010082982,0.013647788,0.004540239,-66.915058,-10013580.47,4,16.66666667,TRUE,45.7183908,2.29458042,0.579853692,3.796114236,3.843298387,1.3572335816186187
605,BRTJ.J,Brimstone Investment Corporation Ltd,South Africa,Food Products,2023,0.10521706,13.36775104,8.826309808,0.419286073,0.12311753,0.173874025,0.279562089,0.0,2554178.381,0.033666016,0.098537465,0.222900945,-2.256911882,23075669.23,4,23.07692308,TRUE,43.6440678,0.0,0.698485194,3.779779876,4.804271427,2.312591481051207
605,BRTJ.J,Brimstone Investment Corporation Ltd,South Africa,Food Products,2022,0.100231696,14.93005779,8.835972875,0.416716514,0.12737976,0.178189034,0.252668241,0.0,-28686575.24,0.037988752,0.099130477,0.231722844,15.59460721,19083825.36,4,25.0,TRUE,45.57422969,0.0,1.91147996,3.81447474,4.992471384,2.5972331214450426
606,BTNJ.J,Burstone Group Ltd,South Africa,Diversified REITs,2024,0.376362231,42.94871232,9.006346218,0.411618434,0.13320881,0.272201023,0.0,0.041263692,26381288.52,0.030650617,0.0,0.00012513,1.216455201,-121502633.4,10,30.0,TRUE,31.17816092,67.10842572,0.579853692,3.796114236,3.843298387,2.7982816751338087
606,BTNJ.J,Burstone Group Ltd,South Africa,Diversified REITs,2023,0.278558161,47.17367422,9.13547509,0.470322597,0.12676545,0.244364227,0.0,0.010968434,-1016520.976,0.012247532,0.0,0.000454734,6.162482962,12284820.36,5,36.36363636,TRUE,28.89830508,78.75845117,0.698485194,3.779779876,4.804271427,2.7315720462927584
606,BTNJ.J,Burstone Group Ltd,South Africa,Diversified REITs,2022,0.266555821,45.56096511,9.154618785,0.451531272,0.091796831,0.188366807,0.129925469,0.0,3766471.882,0.013585415,0.0,0.0,-16.29019369,10964156.96,6,23.07692308,TRUE,17.45098039,85.00979762,1.91147996,3.81447474,4.992471384,2.3650756864752176
607,BVTJ.J,Bidvest Group Ltd,South Africa,Industrial Conglomerates,2024,0.742071396,46.39063924,9.791753799,0.397339656,0.348317027,0.507576454,0.0,0.080800597,13122903.49,0.087597246,0.132298686,0.195764795,10.46767221,372373494.6,0,63.63636364,TRUE,45.44159544,39.71407625,0.579853692,3.796114236,3.843298387,1.7896917722942651
607,BVTJ.J,Bidvest Group Ltd,South Africa,Industrial Conglomerates,2023,0.791404221,37.68284374,9.756677916,0.380748542,0.358369814,0.517038356,0.0,0.086072284,-154881575.2,0.083298619,0.13126018,0.194542113,-0.608862864,338155877.7,0,70.0,TRUE,50.48850575,27.08195206,0.698485194,3.779779876,4.804271427,1.4941356341573018
607,BVTJ.J,Bidvest Group Ltd,South Africa,Industrial Conglomerates,2022,0.798078571,41.49988041,9.770903443,0.390230187,0.349413219,0.495928287,0.0,0.119995007,286292957.2,0.116924395,0.118478638,0.202138952,-0.787056814,334765671.1,0,75.0,0,53.36158192,32.15966777,1.91147996,3.81447474,4.992471384,2.1634629450479697
608,CLHJ.J,City Lodge Hotels Ltd,South Africa,"Hotels, Restaurants & Leisure",2024,0.793746516,53.16580656,8.212132365,0.478108684,0.12967503,0.214686312,0.0,0.022712902,-14354083.04,0.021633769,0.002414148,0.904258686,16.55597222,10374869.4,5,41.66666667,TRUE,68.18965517,29.07471882,0.579853692,3.796114236,3.843298387,1.7359007762631056
608,CLHJ.J,City Lodge Hotels Ltd,South Africa,"Hotels, Restaurants & Leisure",2023,0.771703216,45.37677149,8.233272804,0.544050024,0.103433686,0.158410927,0.0,0.101927795,20593106.45,0.086464668,0.002258991,0.83774872,34.2568971,8697885.405,4,41.66666667,TRUE,42.34463277,32.27735575,0.698485194,3.779779876,4.804271427,2.1733496765162563
608,CLHJ.J,City Lodge Hotels Ltd,South Africa,"Hotels, Restaurants & Leisure",2022,0.647123835,35.51354811,8.304726752,0.621727367,0.166708508,0.237186159,0.0,0.002053793,623770.8948,0.001762537,0.00153646,0.797552571,90.60682931,5022738.446,5,33.33333333,TRUE,19.24369748,22.71139128,1.91147996,3.81447474,4.992471384,2.832846734758584
609,CLSJ.J,Clicks Group Ltd,South Africa,Consumer Staples Distribution & Retail,2023,5.009761454,62.41022487,9.003763841,0.170157596,0.567361746,0.826290356,0.0,0.12898318,23349708.01,0.124592405,0.331487124,0.296426387,-4.687233551,134469916.2,4,40.0,TRUE,61.26436782,64.69524341,0.698485194,3.779779876,4.804271427,1.6294712232578292
609,CLSJ.J,Clicks Group Ltd,South Africa,Consumer Staples Distribution & Retail,2022,4.913388513,59.15587715,9.018805351,0.173527686,0.555656162,0.815956109,0.0,0.112772194,-11227867.12,0.099506706,0.345078481,0.29124566,-10.06615702,154246532.1,5,33.33333333,TRUE,49.15254237,77.78799296,1.91147996,3.81447474,4.992471384,1.4808940026472717
610,CSBJ.J,Cashbuild Ltd,South Africa,Specialty Retail,2024,0.658544389,60.61162048,8.488030351,0.273819672,0.446959238,0.661900182,0.399458569,0.0,-32078911.19,0.163688124,0.31949424,0.406459249,7.998985255,4815782.238,4,20.0,TRUE,82.01149425,21.75154321,0.579853692,3.796114236,3.843298387,1.3743027831242849
610,CSBJ.J,Cashbuild Ltd,South Africa,Specialty Retail,2023,0.599289064,55.47243748,8.525752841,0.258125094,0.46420205,0.67024286,0.543342469,0.0,-19068131.61,0.201475913,0.270763819,0.379976193,-19.21947869,6146233.959,5,20.0,TRUE,65.87570621,23.06866336,0.698485194,3.779779876,4.804271427,1.4073937391242717
610,CSBJ.J,Cashbuild Ltd,South Africa,Specialty Retail,2022,0.480416888,52.18721159,8.623310416,0.245839156,0.426013416,0.65750518,0.685699218,0.0,-38467054.88,0.236665593,0.229081412,0.368107564,-20.92631123,30315589.59,4,12.5,TRUE,64.48179272,18.68341221,1.91147996,3.81447474,4.992471384,2.158810727585414
612,EMIJ.J,Emira Property Fund Ltd,South Africa,Diversified REITs,2024,0.386029791,52.41393094,8.966314719,0.370952291,0.081840894,0.198062294,0.0,0.024076582,12403951.22,0.027015897,0.037096321,0.004358157,-7.650642488,129687267.8,6,22.22222222,TRUE,62.36467236,61.38643538,0.579853692,3.796114236,3.843298387,1.5000238081680028
612,EMIJ.J,Emira Property Fund Ltd,South Africa,Diversified REITs,2023,0.432449269,61.50158368,8.916290162,0.416041918,0.161813988,0.348065841,0.0,0.011583881,2944443.857,0.010457025,0.154910429,0.004958002,37.28168285,27738750.83,4,27.27272727,TRUE,76.75287356,69.49367011,0.698485194,3.779779876,4.804271427,1.7070131020520638
612,EMIJ.J,Emira Property Fund Ltd,South Africa,Diversified REITs,2022,0.396302642,61.23153498,8.960736117,0.428569626,0.180797416,0.364301074,0.0,0.007698234,3277166.302,0.008132533,0.050572866,0.004787871,-18.5964324,47024965.83,7,25.0,TRUE,71.32768362,70.66613158,1.91147996,3.81447474,4.992471384,1.8635696587341848
615,FBRJ.J,Famous Brands Ltd,South Africa,"Hotels, Restaurants & Leisure",2024,1.668266925,50.83706189,8.290229923,0.395119476,0.309102703,0.456575917,0.0,0.121282556,4753522.825,0.127914685,0.15273707,0.26448266,6.264805824,31332054.09,5,36.36363636,TRUE,35.6980057,68.70303274,0.579853692,3.796114236,3.843298387,1.908460258441176
615,FBRJ.J,Famous Brands Ltd,South Africa,"Hotels, Restaurants & Leisure",2023,1.783473756,43.32910375,8.267107859,0.428739354,0.299575579,0.409216537,0.0,0.099293308,6248691.822,0.098174181,0.161263591,0.260089917,2.977868884,25184967.28,5,27.27272727,TRUE,27.15517241,55.22781695,0.698485194,3.779779876,4.804271427,1.8529584839907511
615,FBRJ.J,Famous Brands Ltd,South Africa,"Hotels, Restaurants & Leisure",2022,1.780470113,51.38113187,8.27203055,0.453577942,0.307747254,0.408059334,0.0,0.09058001,-5488018.225,0.087953517,0.154750197,0.263392665,-3.773021557,30261489.91,6,30.0,TRUE,44.60451977,59.62077637,1.91147996,3.81447474,4.992471384,2.0754755105056044
616,FFBJ.J,Fortress Real Estate Investments Ltd,South Africa,Real Estate Management & Development,2024,0.519977614,49.46101403,9.469376797,0.402511809,0.111858899,0.252670688,0.0,0.040835884,108879626.1,0.041771674,0.0,0.000455713,19.80327149,239000824.9,10,18.18181818,TRUE,50.31339031,56.00368422,0.579853692,3.796114236,3.843298387,1.7216801448016863
616,FFBJ.J,Fortress Real Estate Investments Ltd,South Africa,Real Estate Management & Development,2023,0.532367843,48.79278371,9.459536874,0.350961423,0.080036195,0.207629286,0.0,0.003843281,-25769800.76,0.00378595,0.0,0.000466944,-5.003844767,312754125.9,13,25.0,TRUE,52.78735632,45.68934554,0.698485194,3.779779876,4.804271427,1.883061592384375
616,FFBJ.J,Fortress Real Estate Investments Ltd,South Africa,Real Estate Management & Development,2022,0.525076112,47.07947566,9.466064083,0.401713331,0.142086014,0.324326947,0.0,0.01457487,9254424.779,0.013329269,0.0,0.000541682,-6.54168834,49274643.56,9,25.0,TRUE,47.65536723,55.07561473,1.91147996,3.81447474,4.992471384,2.2126215880332056
617,GMLJ.J,Gemfields Group Ltd,South Africa,Metals & Mining,2024,0.211327421,38.06940472,8.786207504,0.172639284,0.166417444,0.383110304,0.0,0.034101506,-30777000.0,0.029867128,0.186553758,0.554120026,-18.76466974,-100796000.0,5,12.5,TRUE,84.45054945,25.68811112,0.579853692,3.796114236,3.843298387,2.348239942261265
617,GMLJ.J,Gemfields Group Ltd,South Africa,Metals & Mining,2024,0.211327421,38.06940472,8.786207504,0.172639284,0.166417444,0.383110304,0.0,0.034101506,-30777000.0,0.029867128,0.186553758,0.554120026,-18.76466974,-100796000.0,5,12.5,TRUE,84.45054945,25.68811112,0.579853692,3.796114236,3.843298387,2.449081845910709
617,GMLJ.J,Gemfields Group Ltd,South Africa,Metals & Mining,2023,0.189293454,39.24236674,8.843787598,0.059671209,0.130808393,0.35149527,0.0,0.073967138,-66905000.0,0.066683029,0.157126256,0.510952283,-23.18546141,-2829000.0,4,12.5,TRUE,86.08030213,24.6396086,0.698485194,3.779779876,4.804271427,1.8816095765251049
618,GNDJ.J,Grindrod Ltd,South Africa,Transportation Infrastructure,2024,0.820217797,60.11572931,8.89377748,0.198404613,0.156444602,0.477144295,0.0,0.170392317,-38676912.14,0.167391976,0.007103731,0.178467895,-0.399952768,20659978.99,7,30.0,TRUE,88.29059829,49.4882134,0.579853692,3.796114236,3.843298387,2.331116124926376
618,GNDJ.J,Grindrod Ltd,South Africa,Transportation Infrastructure,2023,0.815799885,55.42173954,8.901492853,0.179992454,0.160998518,0.505569365,0.0,0.173087602,-19413582.61,0.169634316,0.003736051,0.154738324,-23.40069948,57966382.6,4,37.5,TRUE,79.97126437,59.61754573,0.698485194,3.779779876,4.804271427,2.196242950240248
618,GNDJ.J,Grindrod Ltd,South Africa,Transportation Infrastructure,2022,0.796583204,49.9266353,8.910245103,0.181864519,0.230691092,0.645018865,0.0,0.188402645,39785761.33,0.097425661,0.002807549,0.167608181,61.9227338,48811954.55,8,30.0,TRUE,46.29943503,65.17579016,1.91147996,3.81447474,4.992471384,1.7366137009436575
619,GPLJ.J,Grand Parade Investments Ltd,South Africa,"Hotels, Restaurants & Leisure",2024,1.112079213,5.616525914,7.795316227,0.002421839,0.027925588,0.913276478,0.0,0.139819115,4232829.255,0.141623429,0.0,0.006706969,982.676816,4327852.626,4,28.57142857,TRUE,3.219373219,0.0,0.579853692,3.796114236,3.843298387,0.0
619,GPLJ.J,Grand Parade Investments Ltd,South Africa,"Hotels, Restaurants & Leisure",2023,1.074837959,6.671965998,7.789747672,0.043098024,0.029258386,0.402313564,0.0,0.070450616,-5586812.066,0.053565063,0.0,0.000729219,-89.07613298,1072967.073,8,28.57142857,TRUE,5.431034483,0.0,0.698485194,3.779779876,4.804271427,0.0
619,GPLJ.J,Grand Parade Investments Ltd,South Africa,"Hotels, Restaurants & Leisure",2022,0.883692628,7.228637823,7.908750846,0.103020915,0.057349684,0.425063786,0.0,0.141724653,3667649.951,0.062607779,0.000231264,0.001072913,829.5841762,-39515.73255,9,25.0,TRUE,6.271186441,0.0,1.91147996,3.81447474,4.992471384,1.2830031006944458
624,IOCJ.J,iOCO Ltd,South Africa,IT Services,2024,0.881866389,47.60904374,8.229418818,0.338117976,0.636324902,0.749838777,0.176805342,0.0,-2717006.638,0.103773728,0.022917684,0.049827899,-4.96515888,-2981272.256,15,45.45454545,TRUE,62.90229885,39.62102145,0.579853692,3.796114236,3.843298387,0.0
624,IOCJ.J,iOCO Ltd,South Africa,IT Services,2023,0.776817782,63.27277218,8.283449614,0.265735691,0.810824898,0.969383834,0.08487732,0.0,-11589376.15,0.073347823,0.021504482,0.042398193,-3.723363303,-4537377.314,6,45.45454545,TRUE,86.5819209,41.07869909,0.698485194,3.779779876,4.804271427,0.0
624,IOCJ.J,iOCO Ltd,South Africa,IT Services,2022,0.678506008,62.06792731,8.353167965,0.410752515,0.811880689,0.819237162,0.134899233,0.0,-1579551.533,0.068590215,0.024018078,0.04924716,-18.44855113,-9630804.921,11,45.45454545,TRUE,82.38095238,40.70739383,1.91147996,3.81447474,4.992471384,1.9472051629898248
625,IVTJ.J,Invicta Holdings Ltd,South Africa,Trading Companies & Distributors,2024,0.352849417,10.19925968,8.701558852,0.191038848,0.256541813,0.615163923,0.338639303,0.0,-6804930.285,0.088775254,0.322759614,0.140736533,9.640115106,42935880.06,4,10.0,TRUE,8.518518519,8.780350085,0.579853692,3.796114236,3.843298387,1.228398089832671
625,IVTJ.J,Invicta Holdings Ltd,South Africa,Trading Companies & Distributors,2023,0.353707694,10.55047087,8.69216245,0.188258947,0.224449405,0.576470903,0.477742543,0.0,9213271.745,0.106908625,0.323814846,0.146509391,-7.498832801,29180451.76,4,8.333333333,TRUE,10.02873563,8.395176252,0.698485194,3.779779876,4.804271427,1.5074696962978686
625,IVTJ.J,Invicta Holdings Ltd,South Africa,Trading Companies & Distributors,2022,0.350123963,10.56576968,8.693462083,0.197949149,0.220124872,0.548348383,0.413996204,0.0,11324274.62,0.083192741,0.329445064,0.145000526,-11.22780374,33027845.42,6,8.333333333,TRUE,10.62146893,9.577922078,1.91147996,3.81447474,4.992471384,1.4073937391242717
626,KAPJ.J,Kap Ltd,South Africa,Industrial Conglomerates,2024,0.154395355,51.17227522,9.233019154,0.314328896,0.28259052,0.471889599,0.0,0.044954659,-3024470.718,0.048616088,0.122419448,0.576532253,1.548808488,66208413.53,6,25.0,TRUE,64.35897436,31.0813783,0.579853692,3.796114236,3.843298387,2.413487273428946
626,KAPJ.J,Kap Ltd,South Africa,Industrial Conglomerates,2024,0.154395355,51.17227522,9.233019154,0.314328896,0.28259052,0.471889599,0.0,0.044954659,-3024470.718,0.048616088,0.122419448,0.576532253,1.548808488,66208413.53,6,25.0,TRUE,64.35897436,31.0813783,0.579853692,3.796114236,3.843298387,1.5180516372129162
626,KAPJ.J,Kap Ltd,South Africa,Industrial Conglomerates,2023,0.15709582,54.1707747,9.19901386,0.32062479,0.275982533,0.450735133,0.0,0.048807524,-12695006.45,0.042564345,0.116459523,0.571716493,-8.473657387,31870309.09,4,27.27272727,TRUE,82.32758621,30.49072421,0.698485194,3.779779876,4.804271427,2.7080830862642387
626,KAPJ.J,Kap Ltd,South Africa,Industrial Conglomerates,2022,0.138738399,53.05230943,9.258454683,0.313370615,0.270665989,0.444308446,0.0,0.05863413,60594886.92,0.059734465,0.115607524,0.54387392,2.406582565,108714355.9,6,27.27272727,TRUE,72.23163842,25.11439316,1.91147996,3.81447474,4.992471384,1.8330525471583057
627,LEWJ.J,Lewis Group Ltd,South Africa,Specialty Retail,2024,0.48005461,41.20788427,8.663820567,0.240779138,0.297117333,0.745961865,0.069944571,0.0,-37080947.59,0.063741302,0.09074537,0.155768297,17.32325112,41244154.03,4,37.5,TRUE,65.84045584,20.96206823,0.579853692,3.796114236,3.843298387,2.45574393634129
627,LEWJ.J,Lewis Group Ltd,South Africa,Specialty Retail,2023,0.560682408,31.77293953,8.600037761,0.227772321,0.218055592,0.580336324,0.136543495,0.0,-887883.5604,0.047910972,0.096052247,0.164069345,3.136318994,23063832.49,4,37.5,TRUE,36.52298851,21.98045267,0.698485194,3.779779876,4.804271427,2.1680439182783013
627,LEWJ.J,Lewis Group Ltd,South Africa,Specialty Retail,2022,0.56176576,32.67331361,8.597948078,0.186299698,0.217356744,0.650924548,0.119506302,0.0,-23160464.11,0.038278246,0.123390725,0.168386538,-15.59800139,23115470.49,4,42.85714286,TRUE,37.48587571,23.350571,1.91147996,3.81447474,4.992471384,3.172431486558356
628,MCGJ.J,MultiChoice Group Ltd,South Africa,Media,2024,1.431697886,61.17073773,9.331246242,0.511211905,0.443099582,0.531253819,0.290470987,0.0,-121508807.2,0.119070534,0.17207726,0.213714198,-6.056291527,97250753.97,7,33.33333333,TRUE,66.15384615,48.55391755,0.579853692,3.796114236,3.843298387,1.0
628,MCGJ.J,MultiChoice Group Ltd,South Africa,Media,2023,1.323090148,53.6479843,9.365046042,0.542403028,0.471096618,0.530452421,0.352146764,0.0,-14058156.37,0.143588822,0.172211707,0.233667024,-11.53951359,-219222679.1,6,30.0,TRUE,57.61494253,29.34252418,0.698485194,3.779779876,4.804271427,1.0
629,MPTJ.J,Mpact Ltd,South Africa,Containers & Packaging,2024,0.356951649,58.81108933,8.804026133,0.278782477,0.209826151,0.37824729,0.387272222,0.0,4986578.677,0.081880603,0.179612985,0.460253068,0.521301659,30221849.7,6,37.5,TRUE,83.96011396,48.58164222,0.579853692,3.796114236,3.843298387,2.4796948368766647
629,MPTJ.J,Mpact Ltd,South Africa,Containers & Packaging,2023,0.36385257,53.60737441,8.803737932,0.304856038,0.205199828,0.361288077,0.36921466,0.0,15681920.12,0.080386546,0.171774817,0.423145681,-3.607364854,32917263.79,5,25.0,TRUE,77.04022989,40.6709255,0.698485194,3.779779876,4.804271427,2.088280747031249
629,MPTJ.J,Mpact Ltd,South Africa,Containers & Packaging,2022,0.386944113,54.59630248,8.780564883,0.286446708,0.221687217,0.393651453,0.269125923,0.0,9426971.843,0.066691853,0.192933379,0.375417905,0.760277954,43118251.75,5,33.33333333,TRUE,76.5819209,40.17885375,1.91147996,3.81447474,4.992471384,1.9065467312927324
630,MRPJ.J,Mr Price Group Ltd,South Africa,Specialty Retail,2022,1.943138513,63.67159094,9.209166795,0.32000278,0.256662381,0.425297945,0.0,0.050102498,-178287205.5,0.052420418,0.254369202,0.393836211,-3.353903438,181436758.7,4,36.36363636,TRUE,58.53107345,37.29835524,1.91147996,3.81447474,4.992471384,1.2018572202513702
631,MTAJ.J,Metair Investments Ltd,South Africa,Automobile Components,2024,0.142963502,69.59790882,8.710504549,0.402999158,0.644531145,0.893105213,0.187950255,0.0,12824207.19,0.086744356,0.217529982,0.279300418,-4.917349832,14953264.09,8,40.0,TRUE,85.73446328,53.9265884,0.579853692,3.796114236,3.843298387,1.7826314308107467
631,MTAJ.J,Metair Investments Ltd,South Africa,Automobile Components,2023,0.099694208,68.87380356,8.855550152,0.293294067,0.44827482,0.762820986,0.164878857,0.0,-22628294.19,0.070228419,0.250933137,0.311097191,-19.36235477,3001389.33,8,36.36363636,TRUE,87.03081232,50.91214861,0.698485194,3.779779876,4.804271427,1.9314318652982367
631,MTAJ.J,Metair Investments Ltd,South Africa,Automobile Components,2022,0.096642279,61.34574285,8.877746576,0.304168511,0.523875658,0.865766435,0.193171017,0.0,1082955.0,0.134572268,0.209538044,0.293847916,3.617614011,-230058.1026,10,36.36363636,TRUE,65.02777778,52.01010962,1.91147996,3.81447474,4.992471384,2.493952740641445
632,MTNJ.J,MTN Group Ltd,South Africa,Wireless Telecommunication Services,2024,0.684899184,69.5005957,10.35911178,0.361388528,0.346203824,0.485179585,0.0,0.07031047,-397547027.7,0.221576268,0.002814646,0.392136161,-17.51763028,-594516885.4,16,35.71428571,TRUE,46.63817664,75.76550388,0.579853692,3.796114236,3.843298387,1.3109304810421465
633,MURJ.J,Murray & Roberts Holdings Ltd,South Africa,Construction & Engineering,2024,0.061872314,65.19953363,8.65199282,0.153879147,0.573054912,0.708004663,0.318927357,0.0,20472917.24,0.184087217,0.017499357,0.182064385,11.77030309,-4591696.453,23,25.0,TRUE,78.01724138,52.68701206,0.579853692,3.796114236,3.843298387,2.0837780274627544
633,MURJ.J,Murray & Roberts Holdings Ltd,South Africa,Construction & Engineering,2024,0.061872314,65.19953363,8.65199282,0.153879147,0.573054912,0.708004663,0.318927357,0.0,20472917.24,0.184087217,0.017499357,0.182064385,11.77030309,-4591696.453,23,25.0,TRUE,78.01724138,52.68701206,0.579853692,3.796114236,3.843298387,1.3743027831242849
633,MURJ.J,Murray & Roberts Holdings Ltd,South Africa,Construction & Engineering,2024,0.061872314,65.19953363,8.65199282,0.153879147,0.573054912,0.708004663,0.318927357,0.0,20472917.24,0.184087217,0.017499357,0.182064385,11.77030309,-4591696.453,23,25.0,TRUE,78.01724138,52.68701206,0.579853692,3.796114236,3.843298387,2.384077476742735
633,MURJ.J,Murray & Roberts Holdings Ltd,South Africa,Construction & Engineering,2024,0.061872314,65.19953363,8.65199282,0.153879147,0.573054912,0.708004663,0.318927357,0.0,20472917.24,0.184087217,0.017499357,0.182064385,11.77030309,-4591696.453,23,25.0,TRUE,78.01724138,52.68701206,0.579853692,3.796114236,3.843298387,0.0
633,MURJ.J,Murray & Roberts Holdings Ltd,South Africa,Construction & Engineering,2024,0.061872314,65.19953363,8.65199282,0.153879147,0.573054912,0.708004663,0.318927357,0.0,20472917.24,0.184087217,0.017499357,0.182064385,11.77030309,-4591696.453,23,25.0,TRUE,78.01724138,52.68701206,0.579853692,3.796114236,3.843298387,1.0
633,MURJ.J,Murray & Roberts Holdings Ltd,South Africa,Construction & Engineering,2023,0.062320651,67.21458971,8.648857202,0.182788263,0.534772811,0.681697976,0.279379306,0.0,-45165539.7,0.053346741,0.028638537,0.187402382,23.01827328,-14994980.43,11,30.0,TRUE,67.85310734,55.81643076,0.698485194,3.779779876,4.804271427,1.6695786834305515
633,MURJ.J,Murray & Roberts Holdings Ltd,South Africa,Construction & Engineering,2023,0.062320651,67.21458971,8.648857202,0.182788263,0.534772811,0.681697976,0.279379306,0.0,-45165539.7,0.053346741,0.028638537,0.187402382,23.01827328,-14994980.43,11,30.0,TRUE,67.85310734,55.81643076,0.698485194,3.779779876,4.804271427,1.3370686312150497
633,MURJ.J,Murray & Roberts Holdings Ltd,South Africa,Construction & Engineering,2023,0.062320651,67.21458971,8.648857202,0.182788263,0.534772811,0.681697976,0.279379306,0.0,-45165539.7,0.053346741,0.028638537,0.187402382,23.01827328,-14994980.43,11,30.0,TRUE,67.85310734,55.81643076,0.698485194,3.779779876,4.804271427,1.0
633,MURJ.J,Murray & Roberts Holdings Ltd,South Africa,Construction & Engineering,2023,0.062320651,67.21458971,8.648857202,0.182788263,0.534772811,0.681697976,0.279379306,0.0,-45165539.7,0.053346741,0.028638537,0.187402382,23.01827328,-14994980.43,11,30.0,TRUE,67.85310734,55.81643076,0.698485194,3.779779876,4.804271427,2.1744363196434984
633,MURJ.J,Murray & Roberts Holdings Ltd,South Africa,Construction & Engineering,2023,0.062320651,67.21458971,8.648857202,0.182788263,0.534772811,0.681697976,0.279379306,0.0,-45165539.7,0.053346741,0.028638537,0.187402382,23.01827328,-14994980.43,11,30.0,TRUE,67.85310734,55.81643076,0.698485194,3.779779876,4.804271427,0.0
633,MURJ.J,Murray & Roberts Holdings Ltd,South Africa,Construction & Engineering,2022,0.022279938,64.50317414,9.096112862,0.164584021,0.608539751,0.843909236,0.162355322,0.0,-95175762.05,0.089173086,0.024371143,0.216591882,-64.91994407,-10896017.7,8,30.0,TRUE,73.61344538,62.13458362,1.91147996,3.81447474,4.992471384,1.954184527185434
633,MURJ.J,Murray & Roberts Holdings Ltd,South Africa,Construction & Engineering,2022,0.022279938,64.50317414,9.096112862,0.164584021,0.608539751,0.843909236,0.162355322,0.0,-95175762.05,0.089173086,0.024371143,0.216591882,-64.91994407,-10896017.7,8,30.0,TRUE,73.61344538,62.13458362,1.91147996,3.81447474,4.992471384,1.4406708349968549
633,MURJ.J,Murray & Roberts Holdings Ltd,South Africa,Construction & Engineering,2022,0.022279938,64.50317414,9.096112862,0.164584021,0.608539751,0.843909236,0.162355322,0.0,-95175762.05,0.089173086,0.024371143,0.216591882,-64.91994407,-10896017.7,8,30.0,TRUE,73.61344538,62.13458362,1.91147996,3.81447474,4.992471384,1.823531059602523
633,MURJ.J,Murray & Roberts Holdings Ltd,South Africa,Construction & Engineering,2022,0.022279938,64.50317414,9.096112862,0.164584021,0.608539751,0.843909236,0.162355322,0.0,-95175762.05,0.089173086,0.024371143,0.216591882,-64.91994407,-10896017.7,8,30.0,TRUE,73.61344538,62.13458362,1.91147996,3.81447474,4.992471384,2.7339543759702725
633,MURJ.J,Murray & Roberts Holdings Ltd,South Africa,Construction & Engineering,2022,0.022279938,64.50317414,9.096112862,0.164584021,0.608539751,0.843909236,0.162355322,0.0,-95175762.05,0.089173086,0.024371143,0.216591882,-64.91994407,-10896017.7,8,30.0,TRUE,73.61344538,62.13458362,1.91147996,3.81447474,4.992471384,0.0
634,NPKJ.J,Nampak Ltd,South Africa,Containers & Packaging,2024,0.353731616,50.04126161,8.815695496,0.528681772,0.262821762,0.293449773,0.0,0.046140627,-74796898.72,0.04104288,0.190027814,0.358575301,-34.39343604,36251115.46,8,50.0,TRUE,58.94586895,31.67885766,0.579853692,3.796114236,3.843298387,1.685352856449326
634,NPKJ.J,Nampak Ltd,South Africa,Containers & Packaging,2023,0.31983092,43.62561863,8.866541169,0.557552405,0.31545993,0.357557239,0.0,0.132551686,18096557.27,0.099085068,0.245384881,0.344588377,-5.781249049,-208921925.2,13,22.22222222,TRUE,31.92528736,31.15401729,0.698485194,3.779779876,4.804271427,1.0
634,NPKJ.J,Nampak Ltd,South Africa,Containers & Packaging,2022,0.239728739,52.40871551,8.992918214,0.458524481,0.353515155,0.478472817,0.0,0.084110527,21492103.03,0.078352749,0.220409238,0.343399038,0.889396131,-1416274.482,6,37.5,TRUE,54.94350282,33.88109354,1.91147996,3.81447474,4.992471384,1.7936283096261003
635,NPNJn.J,Naspers Ltd,South Africa,Broadline Retail,2024,0.742404655,39.44496316,10.86491434,0.229499918,0.088005678,0.126225946,0.31498139,0.061568488,5045000000.0,0.294323565,0.004381176,0.009881531,11.66226092,12383000000.0,5,37.5,FALSE,29.94301994,46.83522325,0.579853692,3.796114236,3.843298387,2.2493144458391487
635,NPNJn.J,Naspers Ltd,South Africa,Broadline Retail,2023,0.891307317,34.72292028,10.79431374,0.26490566,0.077157768,0.108213409,0.333818939,0.003548776,-7593000000.0,0.284588842,0.005700522,0.012268165,7.902684564,6835000000.0,11,37.5,TRUE,17.55747126,50.90684366,0.698485194,3.779779876,4.804271427,2.460358693743184
635,NPNJn.J,Naspers Ltd,South Africa,Broadline Retail,2022,0.851337655,38.97744818,10.81622804,0.249534337,0.070414364,0.099101809,0.307025152,0.120690708,106000000.0,0.289285865,0.006336071,0.012000366,-5.306641246,9647000000.0,10,31.25,TRUE,22.45762712,46.63977049,1.91147996,3.81447474,4.992471384,2.7025667476206823
636,NPHJ.J,Northam Platinum Holdings Ltd,South Africa,Metals & Mining,2023,1.466353364,74.5780793,9.505372691,0.248049649,0.174878924,0.376799032,0.039551125,0.078316701,221910943.7,0.077424992,0.10801054,0.518841109,0.346711758,135663566.4,8,44.44444444,TRUE,69.35028249,74.1101805,0.698485194,3.779779876,4.804271427,1.535229969530297
636,NPHJ.J,Northam Platinum Holdings Ltd,South Africa,Metals & Mining,2022,1.346569659,73.00537077,9.547101127,0.221010145,0.203629846,0.422869213,0.072552294,0.001374463,-166051069.3,0.022344748,0.089976763,0.512838568,-8.455338208,605076450.3,6,33.33333333,TRUE,63.16526611,73.83117629,1.91147996,3.81447474,4.992471384,1.5071379481345777
637,OCEJ.J,Oceana Group Ltd,South Africa,Food Products,2024,0.476602263,19.03785043,8.913320447,0.248956491,0.219879731,0.473924977,0.0,0.053908737,18600716.21,0.061944679,0.222780333,0.179695791,10.41845632,64552018.26,4,27.27272727,TRUE,13.93678161,23.5711058,0.579853692,3.796114236,3.843298387,2.426632687337442
637,OCEJ.J,Oceana Group Ltd,South Africa,Food Products,2023,0.529771265,26.0059653,8.852975597,0.198546318,0.206259734,0.487809156,0.0,0.033597864,-2537641.685,0.032934122,0.207075577,0.166209301,17.58013314,52338859.75,12,36.36363636,TRUE,37.03389831,29.40679832,0.698485194,3.779779876,4.804271427,2.736308342631638
637,OCEJ.J,Oceana Group Ltd,South Africa,Food Products,2022,0.527757535,27.92593203,8.861641178,0.242087719,0.190872652,0.394637298,0.0,0.036865663,-18788231.14,0.037907586,0.172085458,0.14773138,-7.134304842,43603454.17,8,41.66666667,TRUE,30.95238095,34.00836452,1.91147996,3.81447474,4.992471384,2.4168800036353693
638,OCTJ.J,Octodec Investments Ltd,South Africa,Diversified REITs,2024,0.261595978,31.48020291,8.806106823,0.387590213,0.170645443,0.390164542,0.017393829,0.0,-2499200.413,0.003119197,0.0,0.000283235,10.88493402,12118877.55,9,30.0,TRUE,53.44827586,12.56151909,0.579853692,3.796114236,3.843298387,1.6101123385589349
638,OCTJ.J,Octodec Investments Ltd,South Africa,Diversified REITs,2023,0.27292095,29.13331043,8.784553936,0.379172255,0.060603355,0.141224723,0.115996806,0.0,2499072.632,0.006512099,0.0,0.000133675,-7.341534099,32349951.78,7,30.0,TRUE,44.15254237,10.65267967,0.698485194,3.779779876,4.804271427,2.1570587952645783
638,OCTJ.J,Octodec Investments Ltd,South Africa,Diversified REITs,2022,0.256357095,19.39814275,8.81777563,0.390064952,0.084943488,0.194026776,0.040788892,0.0,479104.9226,0.002885166,0.0,0.0000835062,-11.78586352,35373270.43,12,20.0,TRUE,34.59383754,6.799778094,1.91147996,3.81447474,4.992471384,2.4211738520483204
639,PIKJ.J,Pick N Pay Stores Ltd,South Africa,Consumer Staples Distribution & Retail,2024,0.463699564,75.50361944,9.399471323,0.433054885,0.397654197,0.509805533,0.0,0.113829128,258563855.7,0.117551617,0.227209605,0.421368599,9.297242585,-34893256.65,4,38.46153846,TRUE,72.90598291,74.31292768,0.579853692,3.796114236,3.843298387,1.670028156416857
639,PIKJ.J,Pick N Pay Stores Ltd,South Africa,Consumer Staples Distribution & Retail,2023,0.485566158,69.68331849,9.38557763,0.664058836,0.550735451,0.547316908,0.0,0.114751652,52108692.72,0.121183744,0.217672138,0.445512684,0.467539778,-170984885.4,4,33.33333333,TRUE,59.68390805,75.63529161,0.698485194,3.779779876,4.804271427,1.34068332003918
640,PPHJ.J,Pepkor Holdings Ltd,South Africa,Specialty Retail,2024,0.854689401,54.13959424,9.795284692,0.230236466,0.236540372,0.517971863,0.0,0.044498705,18658662.37,0.048442886,0.162555356,0.182534746,18.17937098,135594006.0,5,50.0,TRUE,52.96296296,57.69298214,0.579853692,3.796114236,3.843298387,1.401033448997243
640,PPHJ.J,Pepkor Holdings Ltd,South Africa,Specialty Retail,2023,0.931574812,54.18383586,9.759578391,0.242771749,0.21558764,0.469809014,0.0,0.044868494,-22415834.88,0.041620296,0.156097112,0.185699834,-6.659104197,-83795043.14,6,41.66666667,TRUE,50.94827586,55.70785597,0.698485194,3.779779876,4.804271427,1.3117709259918382
640,PPHJ.J,Pepkor Holdings Ltd,South Africa,Specialty Retail,2022,0.862812056,58.34069344,9.79646646,0.235578997,0.20204813,0.45164846,0.0,0.043560189,-75718332.21,0.04055525,0.150272526,0.171194097,-12.73802617,338913932.4,6,38.46153846,TRUE,70.42372881,44.78368756,1.91147996,3.81447474,4.992471384,1.9763623953353453
641,RCLJ.J,RCL Foods Ltd,South Africa,Food Products,2023,0.363734332,36.63441759,9.128378908,0.150011377,0.303909501,0.572809522,0.0,0.008868021,-68531309.92,0.008088772,0.199178653,0.250943141,-39.7097024,39123991.44,5,16.66666667,TRUE,36.29943503,35.48431695,0.698485194,3.779779876,4.804271427,2.4518607261649663
641,RCLJ.J,RCL Foods Ltd,South Africa,Food Products,2022,0.335643587,40.65429243,9.168323006,0.148501829,0.381863013,0.730901322,0.0,0.066329406,41103675.02,0.062226708,0.182646603,0.287238313,-3.410616609,60083824.98,7,23.07692308,TRUE,46.63865546,40.56203683,1.91147996,3.81447474,4.992471384,2.037933805602688
643,SOLJ.J,Sasol Ltd,South Africa,Chemicals,2024,0.208106806,78.96135975,10.30668933,0.335614857,0.193116491,0.33523232,0.0,0.10686265,-237418991.3,0.123650484,0.116235346,0.472459012,-7.211084272,435390250.8,15,50.0,TRUE,86.92307692,63.29824314,0.579853692,3.796114236,3.843298387,1.6053349279376272
643,SOLJ.J,Sasol Ltd,South Africa,Chemicals,2023,0.216043023,76.46085618,10.30255576,0.370307962,0.182464793,0.300015768,0.0,0.117724259,-467693153.7,0.110960318,0.111565017,0.482053811,-1.685601525,-2433049216.0,13,42.85714286,TRUE,72.06896552,64.68208094,0.698485194,3.779779876,4.804271427,1.558589601041017
643,SOLJ.J,Sasol Ltd,South Africa,Chemicals,2022,0.193549117,78.5539426,10.36256261,0.32409102,0.235214527,0.430689559,0.0,0.118048673,573665563.6,0.109157968,0.097282857,0.546648749,-8.196324494,495742657.9,13,46.15384615,TRUE,73.98305085,67.98044107,1.91147996,3.81447474,4.992471384,1.8107764269032287
644,SSUJ.J,Southern Sun Ltd,South Africa,"Hotels, Restaurants & Leisure",2024,0.913418023,46.64729682,8.870532617,0.155612808,0.124843577,0.398309065,0.101415094,0.016488774,-13276366.97,0.029938211,0.005962459,0.693043798,12.98532126,55837230.65,5,33.33333333,TRUE,31.36752137,45.77630166,0.579853692,3.796114236,3.843298387,1.909514116419854
644,SSUJ.J,Southern Sun Ltd,South Africa,"Hotels, Restaurants & Leisure",2023,0.929633417,45.90289327,8.858942309,0.228901565,0.09960509,0.264107039,0.262848752,0.020549949,-12895451.71,0.044459025,0.005850519,0.692482083,5.501694992,45239781.41,4,33.33333333,TRUE,34.2816092,42.55763307,0.698485194,3.779779876,4.804271427,1.7173580221972102
644,SSUJ.J,Southern Sun Ltd,South Africa,"Hotels, Restaurants & Leisure",2022,0.899683861,43.69633944,8.880587661,0.25255442,0.104175922,0.264672686,0.097370291,0.05523471,12260760.5,0.053299743,0.005553088,0.697912039,69.88387612,41675337.31,5,33.33333333,TRUE,26.46892655,52.04939868,1.91147996,3.81447474,4.992471384,2.7327670270913265
645,SUIJ.J,Sun International Ltd,South Africa,"Hotels, Restaurants & Leisure",2024,0.950088265,64.9801537,8.855233722,0.440142149,0.335085511,0.423941551,0.0,0.026948989,-1007925.477,0.026015059,0.008143925,0.675279485,1.886611978,77610261.74,4,40.0,TRUE,43.67521368,67.97168545,0.579853692,3.796114236,3.843298387,1.90634276815741
645,SUIJ.J,Sun International Ltd,South Africa,"Hotels, Restaurants & Leisure",2023,0.913806534,62.17097309,8.870551392,0.53743552,0.33257185,0.394803604,0.0,0.028224024,-8915776.001,0.026297869,0.009948416,0.684893147,-1.491954056,71380906.02,5,40.0,TRUE,39.2816092,70.67798553,0.698485194,3.779779876,4.804271427,1.549338637556569
645,SUIJ.J,Sun International Ltd,South Africa,"Hotels, Restaurants & Leisure",2022,0.855260821,57.74021931,8.901249759,0.550125498,0.274029234,0.331754402,0.0,0.040307102,10115029.05,0.039642995,0.008711059,0.668389192,27.53987622,44988355.95,7,36.36363636,TRUE,27.14689266,76.56795312,1.91147996,3.81447474,4.992471384,2.070751314463648
646,SURJ.J,Spur Corporation Ltd,South Africa,"Hotels, Restaurants & Leisure",2024,2.246946128,73.81941202,7.936731519,0.099131842,0.316181173,0.769199782,0.0,0.311042109,6156043.956,0.352292956,0.112103691,0.104275469,13.97113269,16159594.25,4,66.66666667,TRUE,61.7816092,89.70593143,0.579853692,3.796114236,3.843298387,2.4195807624498724
646,SURJ.J,Spur Corporation Ltd,South Africa,"Hotels, Restaurants & Leisure",2024,2.246946128,73.81941202,7.936731519,0.099131842,0.316181173,0.769199782,0.0,0.311042109,6156043.956,0.352292956,0.112103691,0.104275469,13.97113269,16159594.25,4,66.66666667,TRUE,61.7816092,89.70593143,0.579853692,3.796114236,3.843298387,2.4195807624498724
646,SURJ.J,Spur Corporation Ltd,South Africa,"Hotels, Restaurants & Leisure",2023,2.548322647,66.77896101,7.882646748,0.110467135,0.308511527,0.755156389,0.0,0.26352289,-1543359.912,0.324471609,0.098079409,0.121786346,18.09228153,13454055.54,3,60.0,TRUE,50.16949153,82.09801359,0.698485194,3.779779876,4.804271427,1.775222190551771
646,SURJ.J,Spur Corporation Ltd,South Africa,"Hotels, Restaurants & Leisure",2022,3.169959458,63.4949184,7.79228839,0.0303277,0.281023315,0.764768161,0.0,0.321186029,5386666.525,0.30912536,0.103871364,0.091816894,10.07215655,11739428.35,10,54.54545455,TRUE,55.57422969,71.12293576,1.91147996,3.81447474,4.992471384,2.251054465976943
648,TFGJ.J,Foschini Group Ltd,South Africa,Specialty Retail,2024,0.63027995,58.60627555,9.513185341,0.392146018,0.26657616,0.467038614,0.202955046,0.0,-29885484.51,0.062776026,0.239558193,0.306231563,7.147604023,174231828.3,7,23.07692308,TRUE,55.92592593,59.68009167,0.579853692,3.796114236,3.843298387,1.699560978352631
648,TFGJ.J,Foschini Group Ltd,South Africa,Specialty Retail,2023,0.713356963,62.98737773,9.45674303,0.38419045,0.266746919,0.481252998,0.261316758,0.0,-16901497.78,0.06759779,0.213432985,0.308964555,2.031895839,160199562.4,5,33.33333333,TRUE,72.78735632,58.47831755,0.698485194,3.779779876,4.804271427,2.6606729840183667
648,TFGJ.J,Foschini Group Ltd,South Africa,Specialty Retail,2022,0.688633407,58.68733056,9.475188969,0.417327476,0.317212795,0.535594374,0.243106386,0.0,-92833079.31,0.080392573,0.24619568,0.281258886,-1.942576919,170177106.1,7,33.33333333,TRUE,75.39548023,37.82123106,1.91147996,3.81447474,4.992471384,2.303064568581654
649,VALJ.J,Valterra Platinum Ltd,South Africa,Metals & Mining,2024,1.352780933,65.70774715,9.957526143,0.040212234,0.263836484,0.651710884,0.542892619,0.0,56762118.98,0.140334525,0.144837753,0.597953704,-15.15637979,392189108.0,0,28.57142857,TRUE,37.04022989,76.09967481,0.579853692,3.796114236,3.843298387,1.999779499185044
649,VALJ.J,Valterra Platinum Ltd,South Africa,Metals & Mining,2023,1.403047336,73.06528909,9.966410403,0.045096475,0.277392666,0.674381851,0.491659388,0.0,-286617584.3,0.135966764,0.214395887,0.546630027,-29.38295727,735469473.0,5,46.15384615,TRUE,60.02824859,80.95650787,0.698485194,3.779779876,4.804271427,1.7460807818243826
649,VALJ.J,Valterra Platinum Ltd,South Africa,Metals & Mining,2022,1.263605999,77.15356514,10.01720089,0.002588828,0.328165097,0.724462802,0.48750366,0.0,-1287313872.0,0.168397757,0.276597669,0.447477305,-28.07806782,2899014373.0,0,46.15384615,TRUE,66.2464986,84.73599512,1.91147996,3.81447474,4.992471384,2.518966037200711
650,VKEJ.J,Vukile Property Fund Ltd,South Africa,Retail REITs,2024,0.51647371,58.25693484,9.468424737,0.420096245,0.028873488,0.059877471,1.373873874,0.0,-11910485.6,0.049892866,0.0,0.001189127,17.6007245,176581144.3,10,23.07692308,TRUE,34.24501425,70.8608329,0.579853692,3.796114236,3.843298387,1.2607228366718153
650,VKEJ.J,Vukile Property Fund Ltd,South Africa,Retail REITs,2023,0.6577495,54.29025125,9.3688324,0.430182879,0.036846983,0.079769012,0.539877301,0.0,51053304.72,0.055172591,0.0,0.001469358,2.486191623,85088841.21,6,30.0,TRUE,28.27586207,68.95033135,0.698485194,3.779779876,4.804271427,1.700530840812804
650,VKEJ.J,Vukile Property Fund Ltd,South Africa,Retail REITs,2022,0.674943283,54.30188809,9.352945284,0.432478291,0.044340753,0.088854443,0.44006753,0.0,46230940.99,0.032806583,0.0,0.001771634,-13.68172511,114621238.1,6,20.0,TRUE,35.02824859,69.17806005,1.91147996,3.81447474,4.992471384,1.5866155705318694
651,VODJ.J,Vodacom Group Ltd,South Africa,Wireless Telecommunication Services,2024,1.221147194,71.69499594,10.13537998,0.311015637,0.304011105,0.481109381,0.338158085,0.0,114624765.1,0.175736639,0.009148695,0.324576668,4.498549259,1086749858.0,10,33.33333333,TRUE,43.27635328,74.9466633,0.579853692,3.796114236,3.843298387,2.3850927929724657
651,VODJ.J,Vodacom Group Ltd,South Africa,Wireless Telecommunication Services,2023,1.321000806,66.82672964,10.10436582,0.305378346,0.29616438,0.481984998,0.332720562,0.0,41328865.73,0.149196757,0.009646195,0.310220146,18.74806654,1018106483.0,8,38.46153846,TRUE,26.92528736,73.32729559,0.698485194,3.779779876,4.804271427,3.0110518247739595
651,VODJ.J,Vodacom Group Ltd,South Africa,Wireless Telecommunication Services,2022,1.322415798,71.468601,10.10859536,0.308069991,0.282005124,0.452247329,0.342527879,0.0,229073750.2,0.151580507,0.009443094,0.325169174,-4.726728343,1018599236.0,11,35.71428571,TRUE,44.94350282,67.87694212,1.91147996,3.81447474,4.992471384,2.4719702204228486
652,WBOJ.J,Wilson Bayly Holmes - Ovcon Ltd,South Africa,Construction & Engineering,2024,0.806206042,64.80283436,8.926728688,0.05051727,0.669765241,0.950117347,0.0,0.238256581,-1354852.901,0.25870633,0.027974268,0.161892268,19.88968336,57920923.84,5,22.22222222,TRUE,54.78632479,59.50237706,0.579853692,3.796114236,3.843298387,1.3347510330245371
652,WBOJ.J,Wilson Bayly Holmes - Ovcon Ltd,South Africa,Construction & Engineering,2023,0.876543118,63.48057802,8.890966538,0.057381732,0.693243694,0.941710623,0.0,0.251575931,18349755.4,0.268372221,0.029390252,0.15497909,19.16205495,49606507.92,5,25.0,TRUE,57.44252874,58.97275767,0.698485194,3.779779876,4.804271427,1.4052222639593317
652,WBOJ.J,Wilson Bayly Holmes - Ovcon Ltd,South Africa,Construction & Engineering,2022,0.953598608,59.4201941,8.862898067,0.04975669,0.719847742,0.947900822,0.0,0.281389139,-143896693.7,0.158477855,0.03546978,0.151110391,-22.33393418,44175331.86,8,25.0,TRUE,58.6440678,48.31837188,1.91147996,3.81447474,4.992471384,1.62458605044907
653,WEZJ.J,Wesizwe Platinum Ltd,South Africa,Metals & Mining,2023,0.034644402,35.92756836,9.079181799,0.517558227,0.347401553,0.416251032,0.0,0.010993954,-8810249.112,0.012667131,0.054940906,0.920482349,0.0,-7886194.162,9,25.0,TRUE,23.30508475,24.5575677,0.698485194,3.779779876,4.804271427,1.0
653,WEZJ.J,Wesizwe Platinum Ltd,South Africa,Metals & Mining,2022,0.039966405,33.62095814,9.017657445,0.672294449,0.12084306,0.149828125,0.165040845,4.2628e-6,-32844842.14,0.025062055,0.045863333,0.917259447,0.0,-1533257.046,10,12.5,TRUE,22.88515406,21.94363859,1.91147996,3.81447474,4.992471384,1.0
654,WHLJ.J,Woolworths Holdings Ltd,South Africa,Broadline Retail,2024,1.417938992,74.33003452,9.328020103,0.468089504,0.314764095,0.437603276,0.0,0.059660999,-119824030.8,0.060512352,0.192263966,0.390444938,8.8729312,142974979.4,4,25.0,TRUE,83.47701149,68.53887741,0.579853692,3.796114236,3.843298387,1.085559672797609
654,WHLJ.J,Woolworths Holdings Ltd,South Africa,Broadline Retail,2023,1.358482248,76.21573321,9.321866595,0.434547633,0.31338109,0.451351153,0.0,0.091187192,-109389292.2,0.05390509,0.180283988,0.371274887,-23.72335911,207705927.3,5,36.36363636,TRUE,86.24293785,68.00101547,0.698485194,3.779779876,4.804271427,1.3454469814665402
654,WHLJ.J,Woolworths Holdings Ltd,South Africa,Broadline Retail,2022,0.822576998,70.86155674,9.550170662,0.568483746,0.256762781,0.325004514,0.0,0.095829098,-9051205.773,0.08653131,0.155298775,0.500740027,-9.011192694,235268054.9,4,41.66666667,TRUE,75.93837535,63.16694457,1.91147996,3.81447474,4.992471384,1.887343588463508
655,BCG.HM,Bamboo Capital Group JSC,Vietnam,Industrial Conglomerates,2024,0.065522289,35.21603884,9.26146481,0.248920232,0.284343755,0.361738633,0.050919546,0.001045547,-1359215.478,0.030409326,0.072241808,0.232558215,3.747885095,33155335.98,75,0.0,FALSE,79.26129426,21.37734103,7.091187466,3.673692602,4.159586212,1.3110355448828823
655,BCG.HM,Bamboo Capital Group JSC,Vietnam,Industrial Conglomerates,2023,0.07005231,31.26221826,9.238455012,0.289563278,0.287798689,0.343842286,0.03972661,0.006583193,5249921.242,0.028833443,0.089867075,0.257243265,-13.82709441,7051827.506,101,0.0,0,77.55189255,14.87413821,5.065023915,3.635820428,2.093390916,1.1163965013601589
655,BCG.HM,Bamboo Capital Group JSC,Vietnam,Industrial Conglomerates,2022,0.064014565,33.94645368,9.268580423,0.335991584,0.259700211,0.306194428,0.047520944,0.002024171,-17557953.1,0.029243932,0.062864824,0.235849428,69.16807432,24006641.43,56,0.0,0,80.24966262,19.49493374,8.537500468,3.617807103,4.44283305,1.179730292319494
656,CTD.HM,Coteccons Construction JSC,Vietnam,Construction & Engineering,2024,0.2583741,45.27368736,9.05411533,0.100966164,0.695909028,0.998354367,0.014209531,0.081793556,19216624.44,0.183249486,0.192590494,0.013168219,15.11408705,17377477.88,23,0.0,TRUE,82.28937729,35.67301493,7.091187466,3.673692602,4.159586212,1.3678687465381802
656,CTD.HM,Coteccons Construction JSC,Vietnam,Construction & Engineering,2023,0.323915752,32.8963182,8.953640441,0.067354394,0.621954756,0.99616912,0.061588733,0.058350979,12876856.85,0.176776422,0.136699003,0.020497956,189.1097795,12167127.58,15,0.0,TRUE,70.90964591,22.33840276,5.065023915,3.635820428,2.093390916,2.5577638771039504
656,CTD.HM,Coteccons Construction JSC,Vietnam,Construction & Engineering,2022,0.315191072,32.39442245,8.957455038,0.055908775,0.589614945,0.961782714,0.050127715,0.058526233,34711402.46,0.214543244,0.147279585,0.021026394,-53.53673722,2214245.924,15,0.0,TRUE,68.06471306,24.5377081,8.537500468,3.617807103,4.44283305,2.421148414731772
657,FPT.HM,FPT Corp,Vietnam,IT Services,2024,2.403169675,33.02892208,9.451133047,0.207602151,0.483835919,0.825389231,0.193064198,0.035969731,40670477.07,0.491210093,0.025788293,0.213005254,13.72470153,369993034.9,6,14.28571429,FALSE,65.78144078,7.547653959,7.091187466,3.673692602,4.159586212,1.9324023319808896
657,FPT.HM,FPT Corp,Vietnam,IT Services,2023,2.602707507,24.34738933,9.395302818,0.233001172,0.491875958,0.839784466,0.201510639,0.038220321,75802947.61,0.459436037,0.026432255,0.227285385,16.35686216,321024309.1,8,14.28571429,FALSE,48.57753358,9.607570324,5.065023915,3.635820428,2.093390916,2.53893806960494
657,FPT.HM,FPT Corp,Vietnam,IT Services,2022,2.925279825,25.07449957,9.339977734,0.239730463,0.474752566,0.80124211,0.158265753,0.049550766,43300799.71,0.35084179,0.038059484,0.228614661,19.32007235,274940425.9,4,0.0,FALSE,51.01889339,11.32575758,8.537500468,3.617807103,4.44283305,2.169141294093333
658,FRT.HM,FPT Digital Retail JSC,Vietnam,Specialty Retail,2024,1.363086038,26.72097965,8.793351456,0.555839029,0.866075468,0.985018281,0.034698138,0.102447171,44621848.0,0.224158843,0.646436211,0.073576678,19.88911083,16028792.48,11,37.5,TRUE,46.28205128,8.245884774,7.091187466,3.673692602,4.159586212,2.3191235388829208
658,FRT.HM,FPT Digital Retail JSC,Vietnam,Specialty Retail,2023,1.585485621,27.22471044,8.732329107,0.619025273,0.868707634,0.989523584,0.045243877,0.034050211,8873308.944,0.199271065,0.643347939,0.082472892,2.75311375,-13569518.73,11,40.0,TRUE,47.43589744,7.142857143,5.065023915,3.635820428,2.093390916,0.0
658,FRT.HM,FPT Digital Retail JSC,Vietnam,Specialty Retail,2022,1.872577913,24.24487543,8.649076472,0.509638411,0.805258287,0.995162826,0.053158873,0.028038157,-15233099.32,0.167119476,0.616111058,0.064323139,29.64160674,16860406.5,9,40.0,TRUE,40.8974359,6.504065041,8.537500468,3.617807103,4.44283305,0.0
659,GEX.HM,Gelex Group JSC,Vietnam,Electrical Equipment,2024,0.876468829,21.54273429,9.324440094,0.30764098,0.316039779,0.427216152,0.119639174,0.037942819,29887757.47,0.157604632,0.161476858,0.394070845,7.128467125,104761792.3,0,0.0,TRUE,47.45421245,15.95736762,7.091187466,3.673692602,4.159586212,1.3712771090360898
659,GEX.HM,Gelex Group JSC,Vietnam,Electrical Equipment,2023,0.831487853,21.41972091,9.356078499,0.362951006,0.337545733,0.435135674,0.123903747,0.018322966,6447288.786,0.138146788,0.15112746,0.462957116,-9.020764947,35609408.34,7,0.0,TRUE,51.78266178,13.45855158,5.065023915,3.635820428,2.093390916,1.7270762709496412
659,GEX.HM,Gelex Group JSC,Vietnam,Electrical Equipment,2022,0.819613517,21.67317487,9.346109589,0.321501213,0.329790273,0.428602358,0.111616951,0.023441043,-74115086.67,0.089692148,0.173919591,0.465126757,8.549978845,64877458.75,4,0.0,TRUE,47.08791209,10.70873037,8.537500468,3.617807103,4.44283305,1.2335346355231267
660,HBC.HNO,Hoa Binh Construction Group JSC,Vietnam,Construction & Engineering,2024,0.174348325,13.10431862,8.781652752,0.28229935,0.805273588,0.906974628,0.021083242,0.000421756,-4724241.665,0.017623677,0.15294344,0.042681051,-18.88905275,37792876.08,30,33.33333333,TRUE,37.17338217,1.265873639,7.091187466,3.673692602,4.159586212,0.0
660,HBC.HNO,Hoa Binh Construction Group JSC,Vietnam,Construction & Engineering,2023,0.167762757,19.86374886,8.798374976,0.309380499,0.898583149,0.901946611,0.021871657,0.005824184,-4440292.967,0.025227674,0.149385536,0.046283416,-48.15765241,-45974341.4,43,0.0,TRUE,51.69108669,1.885521886,5.065023915,3.635820428,2.093390916,0.0
660,HBC.HNO,Hoa Binh Construction Group JSC,Vietnam,Construction & Engineering,2022,0.153908763,23.31128081,8.819867944,0.393151736,0.810596502,0.877959608,0.01639947,0.01852948,-10085270.69,0.031494233,0.142229943,0.061653167,20.45233098,-108872370.3,28,0.0,TRUE,56.57894737,8.003695722,8.537500468,3.617807103,4.44283305,0.0
662,KBC.HM,Kinhbac City Development Holding Corp,Vietnam,Real Estate Management & Development,2024,0.800416178,19.34812328,9.244398745,0.22608088,0.158566458,0.271001678,0.075147684,0.134877015,224675499.1,0.23989318,0.309628822,0.025474568,-52.96112642,16602567.86,35,40.0,TRUE,42.17948718,4.889904445,7.091187466,3.673692602,4.159586212,1.9165151265388725
662,KBC.HM,Kinhbac City Development Holding Corp,Vietnam,Real Estate Management & Development,2023,1.036426321,16.93075192,9.139300403,0.109449931,0.196767747,0.431161749,0.047856521,0.015746355,-34700945.89,0.075431464,0.365456829,0.026174013,475.4113243,92539299.77,36,40.0,TRUE,38.58974359,0.045921349,5.065023915,3.635820428,2.093390916,1.621252866020097
662,KBC.HM,Kinhbac City Development Holding Corp,Vietnam,Real Estate Management & Development,2022,0.936097512,17.19594502,9.169810482,0.21882638,0.306079412,0.567148104,0.131176458,0.008068365,-37243917.02,0.128631126,0.353236177,0.043978371,-78.36375357,66773784.01,0,20.0,TRUE,37.56410256,0.152537672,8.537500468,3.617807103,4.44283305,1.851605484276427
663,KDH.HM,Khang Dien House Trading and Investment JSC,Vietnam,Real Estate Management & Development,2024,1.270597646,24.6169133,9.081754714,0.230778038,0.13597387,0.312971072,0.236406716,0.068500119,-24882501.22,0.12125845,0.721055916,0.035800413,49.51849664,31539994.39,0,60.0,TRUE,31.65445665,13.36369714,7.091187466,3.673692602,4.159586212,0.0
663,KDH.HM,Khang Dien House Trading and Investment JSC,Vietnam,Real Estate Management & Development,2023,1.385637478,20.82742641,9.038038991,0.239640238,0.201865044,0.410249266,0.278140003,0.084696281,40263729.68,0.168900611,0.709455243,0.038289728,-30.2246375,30070075.27,0,60.0,TRUE,27.04453441,11.13935054,5.065023915,3.635820428,2.093390916,0.0
663,KDH.HM,Khang Dien House Trading and Investment JSC,Vietnam,Real Estate Management & Development,2022,1.573876849,21.33260633,8.960134603,0.314357014,0.162613039,0.350895437,0.203736798,0.094674865,58765340.66,0.188048905,0.578167324,0.038575177,-24.69588921,45838489.79,0,60.0,TRUE,27.29411765,9.900642899,8.537500468,3.617807103,4.44283305,0.0
664,MSN.HM,Masan Group Corp,Vietnam,Food Products,2024,0.819215573,22.29331541,9.762841966,0.44414728,0.397820152,0.500347972,0.103293124,0.085058278,333334026.7,0.124201929,0.073092907,0.196599373,1.205718584,167675981.2,0,42.85714286,FALSE,25.29304029,21.29001824,7.091187466,3.673692602,4.159586212,1.6604471291050564
664,MSN.HM,Masan Group Corp,Vietnam,Food Products,2024,0.819215573,22.29331541,9.762841966,0.44414728,0.397820152,0.500347972,0.103293124,0.085058278,333334026.7,0.124201929,0.073092907,0.196599373,1.205718584,167675981.2,0,42.85714286,FALSE,25.29304029,21.29001824,7.091187466,3.673692602,4.159586212,1.6604471291050564
664,MSN.HM,Masan Group Corp,Vietnam,Food Products,2023,0.770603923,24.27626599,9.783557987,0.472048121,0.342117738,0.417322263,0.065259636,0.046368571,-153692704.0,0.116496801,0.08939176,0.23005847,-0.044898079,77078606.76,0,28.57142857,FALSE,37.97313797,29.28116208,5.065023915,3.635820428,2.093390916,1.0
664,MSN.HM,Masan Group Corp,Vietnam,Food Products,2023,0.770603923,24.27626599,9.783557987,0.472048121,0.342117738,0.417322263,0.065259636,0.046368571,-153692704.0,0.116496801,0.08939176,0.23005847,-0.044898079,77078606.76,0,28.57142857,FALSE,37.97313797,29.28116208,5.065023915,3.635820428,2.093390916,1.0
664,MSN.HM,Masan Group Corp,Vietnam,Food Products,2022,0.76774633,21.57278189,9.777177749,0.502275294,0.462145012,0.567069845,0.02630822,0.085852429,-357972130.5,0.134265603,0.102200773,0.242571135,-16.89375737,201371622.2,0,28.57142857,FALSE,31.55195682,22.47083425,8.537500468,3.617807103,4.44283305,2.311460023009164
664,MSN.HM,Masan Group Corp,Vietnam,Food Products,2022,0.76774633,21.57278189,9.777177749,0.502275294,0.462145012,0.567069845,0.02630822,0.085852429,-357972130.5,0.134265603,0.102200773,0.242571135,-16.89375737,201371622.2,0,28.57142857,FALSE,31.55195682,22.47083425,8.537500468,3.617807103,4.44283305,2.311460023009164
665,MWG.HM,Mobile World Investment Corp,Vietnam,Specialty Retail,2024,1.522817683,29.3257459,9.44160621,0.387579625,0.600760011,0.991470975,0.111005517,0.002839386,-18381998.29,0.542048586,0.315806059,0.050366263,8.140881317,146518376.3,8,0.0,TRUE,39.51770452,24.96141975,7.091187466,3.673692602,4.159586212,2.4851987539726856
665,MWG.HM,Mobile World Investment Corp,Vietnam,Specialty Retail,2023,1.667269486,25.86066415,9.39406487,0.417788636,0.511805479,0.836806565,0.155878302,0.009483556,12559122.41,0.423604399,0.363064156,0.107064994,-13.71320331,6917937.137,19,0.0,TRUE,33.22954823,26.886806,5.065023915,3.635820428,2.093390916,0.0
665,MWG.HM,Mobile World Investment Corp,Vietnam,Specialty Retail,2022,1.635452064,28.73348219,9.373803499,0.297119322,0.465670014,0.814646134,0.147922365,0.021760897,38924387.33,0.23228336,0.460221975,0.17511171,4.888775909,173727845.2,11,0.0,TRUE,56.45748988,9.945394976,8.537500468,3.617807103,4.44283305,1.4094262436497749
666,NVL.HM,No Va Land Investment Group Corp,Vietnam,Real Estate Management & Development,2024,0.133284361,54.74504172,9.969972211,0.258921598,0.450934739,0.536261335,0.031184871,0.005315407,46902570.05,0.018289844,0.616572823,0.010176285,81.60844181,-172474183.8,65,20.0,TRUE,87.72283272,31.04308005,7.091187466,3.673692602,4.159586212,1.0
666,NVL.HM,No Va Land Investment Group Corp,Vietnam,Real Estate Management & Development,2023,0.124953826,61.85567373,9.998001844,0.238988244,0.36143926,0.429034911,0.01963459,0.007034621,-213835370.4,0.013049978,0.575333781,0.011844258,-58.42146267,20027391.79,104,28.57142857,TRUE,94.04761905,29.01402897,5.065023915,3.635820428,2.093390916,1.2890515204832338
666,NVL.HM,No Va Land Investment Group Corp,Vietnam,Real Estate Management & Development,2023,0.124953826,61.85567373,9.998001844,0.238988244,0.36143926,0.429034911,0.01963459,0.007034621,-213835370.4,0.013049978,0.575333781,0.011844258,-58.42146267,20027391.79,104,28.57142857,TRUE,94.04761905,29.01402897,5.065023915,3.635820428,2.093390916,1.6914851863039126
666,NVL.HM,No Va Land Investment Group Corp,Vietnam,Real Estate Management & Development,2022,0.109018444,71.1218061,10.0380772,0.25168847,0.303312154,0.354863567,0.038324473,0.021744005,-366327218.2,0.042758347,0.523622235,0.017175676,-27.77154887,92398568.85,0,25.0,TRUE,96.86234818,32.58540027,8.537500468,3.617807103,4.44283305,0.0
666,NVL.HM,No Va Land Investment Group Corp,Vietnam,Real Estate Management & Development,2022,0.109018444,71.1218061,10.0380772,0.25168847,0.303312154,0.354863567,0.038324473,0.021744005,-366327218.2,0.042758347,0.523622235,0.017175676,-27.77154887,92398568.85,0,25.0,TRUE,96.86234818,32.58540027,8.537500468,3.617807103,4.44283305,1.8607032357751263
667,PDR.HM,Phat Dat Real Estate Development Corp,Vietnam,Real Estate Management & Development,2024,0.970123506,43.72826397,8.973750291,0.222774322,0.356980415,0.659392167,0.040137958,0.0,-6335583.231,0.020745712,0.58692265,0.036564592,26.69281788,6090412.901,34,0.0,TRUE,64.75579976,30.33231275,7.091187466,3.673692602,4.159586212,2.502007536298259
667,PDR.HM,Phat Dat Real Estate Development Corp,Vietnam,Real Estate Management & Development,2023,1.045169651,52.93003846,8.938728858,0.147389179,0.435592581,0.794778192,0.055040568,9.49315e-9,10030681.53,0.022174205,0.579061266,0.056611557,-60.05714671,28132810.83,32,12.5,TRUE,78.57753358,35.24733468,5.065023915,3.635820428,2.093390916,2.23309415253295
667,PDR.HM,Phat Dat Real Estate Development Corp,Vietnam,Real Estate Management & Development,2022,0.893328229,54.67262085,8.985662771,0.19436247,0.482802236,0.750631473,0.023190428,0.000262659,-9837687.237,0.012753966,0.533252364,0.047390875,-59.82155726,49158497.69,40,11.11111111,TRUE,81.01889339,32.5465719,8.537500468,3.617807103,4.44283305,1.7985868705498094
668,SAB.HM,Saigon Beer Alcohol Beverage Corp,Vietnam,Beverages,2024,1.70671663,51.05397008,9.118059135,0.012405376,0.258890377,0.852308399,0.154526928,0.093893423,-22072463.24,0.588318781,0.059168034,0.082474856,-0.377603406,176403980.6,6,28.57142857,FALSE,87.46642247,22.88647343,7.091187466,3.673692602,4.159586212,2.407243849856562
668,SAB.HM,Saigon Beer Alcohol Beverage Corp,Vietnam,Beverages,2023,1.592078951,49.82174326,9.147310809,0.020582128,0.241498049,0.83546801,0.173023286,0.106201342,40001808.32,0.643276943,0.068048581,0.093683958,-15.2487424,175393775.6,5,28.57142857,FALSE,85.24420024,27.02065905,5.065023915,3.635820428,2.093390916,1.8135239332568944
668,SAB.HM,Saigon Beer Alcohol Beverage Corp,Vietnam,Beverages,2023,1.592078951,49.82174326,9.147310809,0.020582128,0.241498049,0.83546801,0.173023286,0.106201342,40001808.32,0.643276943,0.068048581,0.093683958,-15.2487424,175393775.6,5,28.57142857,FALSE,85.24420024,27.02065905,5.065023915,3.635820428,2.093390916,2.955799125500301
668,SAB.HM,Saigon Beer Alcohol Beverage Corp,Vietnam,Beverages,2022,1.523366286,37.55170786,9.164283249,0.029974062,0.267339103,0.81360177,0.106943702,0.089484777,19610747.88,0.74458644,0.063644751,0.106333485,28.21871123,232943582.3,5,28.57142857,FALSE,73.07017544,15.73357453,8.537500468,3.617807103,4.44283305,1.220916359100894
668,SAB.HM,Saigon Beer Alcohol Beverage Corp,Vietnam,Beverages,2022,1.523366286,37.55170786,9.164283249,0.029974062,0.267339103,0.81360177,0.106943702,0.089484777,19610747.88,0.74458644,0.063644751,0.106333485,28.21871123,232943582.3,5,28.57142857,FALSE,73.07017544,15.73357453,8.537500468,3.617807103,4.44283305,1.9310193534231088
669,VHM.HM,Vinhomes JSC,Vietnam,Real Estate Management & Development,2024,0.736619682,33.07901222,10.34524086,0.144081598,0.493668334,0.770333352,0.077670763,0.012666055,576018131.9,0.073174925,0.096942823,0.169467548,-5.922204475,1376479042.0,28,37.5,TRUE,51.26373626,13.32596622,7.091187466,3.673692602,4.159586212,0.0
669,VHM.HM,Vinhomes JSC,Vietnam,Real Estate Management & Development,2023,0.895075382,25.91224621,10.26310862,0.127484601,0.474715855,0.795515473,0.062167196,0.002207113,135465704.9,0.048247452,0.124412721,0.160603265,61.52895397,1382229019.0,2,37.5,TRUE,48.12576313,10.34490491,5.065023915,3.635820428,2.093390916,0.0
669,VHM.HM,Vinhomes JSC,Vietnam,Real Estate Management & Development,2022,1.002812784,26.28913661,10.18538776,0.100069468,0.518949198,0.866864854,0.009825727,0.024797035,262220372.7,0.071771476,0.177888771,0.162814886,-29.02546952,1235137230.0,4,22.22222222,TRUE,53.24175824,8.102566558,8.537500468,3.617807103,4.44283305,0.0
670,VNM.HM,Vietnam Dairy Products JSC,Vietnam,Food Products,2024,2.221908323,75.02666655,9.334550496,0.168455896,0.335329001,0.810687337,0.101732927,0.006321634,-26926359.02,0.460683322,0.103304943,0.2372425,-2.558435893,370992660.5,16,30.0,TRUE,81.54456654,68.79188671,7.091187466,3.673692602,4.159586212,2.844243150257111
670,VNM.HM,Vietnam Dairy Products JSC,Vietnam,Food Products,2023,2.1817012,70.89180157,9.336700318,0.160540954,0.325376744,0.817040207,0.059834647,0.035815818,25230166.21,0.462674869,0.116341173,0.239693107,-2.009466277,371778819.7,4,27.27272727,TRUE,68.98046398,69.05922359,5.065023915,3.635820428,2.093390916,1.5668944470446404
670,VNM.HM,Vietnam Dairy Products JSC,Vietnam,Food Products,2022,2.271584466,70.63884597,9.31249049,0.101750979,0.315750451,0.82154884,0.086712362,0.020059005,-2058803.334,0.357353772,0.114217391,0.261237633,-4.852956116,363302639.5,4,30.0,TRUE,74.56043956,68.53351517,8.537500468,3.617807103,4.44283305,2.0854378716962176
