"",Identifier,Company Name,Country of Exchange,GICS Industry Name,year,FV,ESG,SIZE,LEV,lctat,lctlt,chlct,CH,CF,cheat,Inventory,Fixed,Growth,NI,BoardMeetings,Female,CEO,G_score,E_score,GDPgrowth,GDPpercapita,INF,ClimateRiskScore, n_years
1,ABB.NS,ABB India Ltd,India,Electrical Equipment,2022,10.90620899200,44.22188949585,9.05173873901,0.00355110411,0.46686333418,0.99349594116,0.05490605161,0.31121790409,293503136.00000000000,0.40503743291,0.15882952511,0.10199898481,11.23485183716,123990231.80000000000,7.00000000000,50.00000000000,TRUE,47.50612640381,38.47074127197,7.60936498642,3.37059593201,5.89714193344,2.06908178329,3.00000000000
1,ABB.NS,ABB India Ltd,India,Electrical Equipment,2023,9.33163261414,40.13536834717,9.12136840820,0.00445224578,0.45578342676,0.99160897732,0.07481013983,0.04561052099,-272866944.00000000000,0.51374727488,0.14971925318,0.09411799908,21.23824882507,150039668.20000000000,4.00000000000,50.00000000000,TRUE,36.29474258423,38.99541091919,9.19075489044,3.40314126015,2.59194946289,1.96897578239,3.00000000000
1,ABB.NS,ABB India Ltd,India,Electrical Equipment,2024,8.38655567169,47.19850921631,9.16087722778,0.00418679789,0.42561694980,0.99210488796,0.05597880855,0.05168129876,6867008.00000000000,0.48635253310,0.14904937148,0.09193605185,13.44951820374,219114243.60000000000,4.00000000000,50.00000000000,TRUE,42.37279891968,39.12282943726,6.48422384262,3.43082690239,3.20181012154,1.98081874847,3.00000000000
2,ACEL.NS,Action Construction Equipment Ltd,India,Machinery,2022,6.89700794220,23.45685768127,8.28938865662,0.00465588178,0.41436213255,0.97312110662,0.00843707845,0.00993211381,1917916.25000000000,0.18433848023,0.27137047052,0.31120756269,22.43440246582,21054418.21000000000,4.00000000000,37.50000000000,TRUE,52.26766967773,6.55242776871,7.60936498642,3.37059593201,5.89714193344,1.20756995678,3.00000000000
2,ACEL.NS,Action Construction Equipment Ltd,India,Machinery,2023,5.64123487473,23.42228889465,8.41539669037,0.00205719797,0.42622166872,0.98423784971,0.01559943426,0.01557421871,3206358.75000000000,0.29325997829,0.26231637597,0.27830392122,32.99222564697,39375908.82000000000,4.00000000000,37.50000000000,TRUE,42.59936523438,7.55346488953,9.19075489044,3.40314126015,2.59194946289,1.00000000000,3.00000000000
2,ACEL.NS,Action Construction Equipment Ltd,India,Machinery,2024,4.46503829956,29.72401809692,8.50139331818,0.00606330810,0.39895609021,0.98666882515,0.00653041294,0.01541186217,74359.27343750000,0.19598403573,0.20511312783,0.26782330871,11.37636566162,47892381.51000000000,4.00000000000,37.50000000000,TRUE,44.18682098389,9.79041194916,6.48422384262,3.43082690239,3.20181012154,1.59271097183,3.00000000000
3,ADAG.NS,Adani Total Gas Ltd,India,Gas Utilities,2022,11.32296848297,44.19226455688,8.83702659607,0.25190690160,0.38853028417,0.81105554104,0.00548927020,0.00000000000,-2323515.00000000000,0.01091787498,0.01611251757,0.69426780939,35.75876998901,64403602.73000000000,6.00000000000,22.22222137451,TRUE,44.06319808960,36.97925949097,7.60936498642,3.37059593201,5.89714193344,0.00000000000,3.00000000000
3,ADAG.NS,Adani Total Gas Ltd,India,Gas Utilities,2023,10.02263736725,52.15114974976,8.89810276031,0.23623833060,0.27465844154,0.60119074583,0.01776295155,0.01592873596,15011398.00000000000,0.02467581071,0.01504431199,0.70205831528,1.40320193768,77936412.72000000000,4.00000000000,27.27272796631,TRUE,61.34928512573,42.92996597290,9.19075489044,3.40314126015,2.59194946289,1.00000000000,3.00000000000
3,ADAG.NS,Adani Total Gas Ltd,India,Gas Utilities,2024,8.89657115936,50.86740875244,8.95278358459,0.23929150403,0.20068469644,0.44486445189,0.04682126269,0.01983114891,10165009.00000000000,0.04766983911,0.01508993842,0.71384698153,9.67898273468,74825043.89000000000,4.00000000000,10.00000000000,TRUE,64.83020019531,36.76004409790,6.48422384262,3.43082690239,3.20181012154,2.32809185982,3.00000000000
4,ADAI.NS,Adani Energy Solutions Ltd,India,Electric Utilities,2022,1.67682969570,50.69281005859,9.81718444824,0.63543331623,0.13011427224,0.16635516286,0.02381403558,0.00043629200,193524.82812500000,0.03751090541,0.00517821079,0.68879538774,9.08385658264,155354187.00000000000,5.00000000000,28.57142829895,TRUE,45.02041625977,47.08116149902,7.60936498642,3.37059593201,5.89714193344,2.49550771713,3.00000000000
4,ADAI.NS,Adani Energy Solutions Ltd,India,Electric Utilities,2023,1.57244646549,47.21267318726,9.84683513641,0.63281673193,0.13685290515,0.17451366782,0.03002614528,0.00855855644,66157168.00000000000,0.03538855165,0.00809405278,0.68663978577,23.15202903748,143902819.40000000000,6.00000000000,28.57142829895,TRUE,45.08931350708,48.57030868530,9.19075489044,3.40314126015,2.59194946289,2.43341040611,3.00000000000
4,ADAI.NS,Adani Energy Solutions Ltd,India,Electric Utilities,2024,1.24933958054,53.80624771118,9.93728542328,0.54455417395,0.13542978466,0.19302435219,0.06149315089,0.02128769457,169493264.00000000000,0.09080588073,0.01796130650,0.58879667521,39.59470748901,104840257.50000000000,6.00000000000,28.57142829895,FALSE,57.71697235107,51.41315460205,6.48422384262,3.43082690239,3.20181012154,2.79013824463,3.00000000000
7,ADIA.NS,Aditya Birla Fashion and Retail Ltd,India,Specialty Retail,2022,0.54546362162,74.78538513184,9.31684207916,0.38570225239,0.41975191236,0.52220141888,0.02672963217,0.02942795493,69920888.00000000000,0.06804910302,0.25771245360,0.28039267659,40.99861145020,-7238315.48200000000,11.00000000000,18.18181800842,TRUE,58.92766571045,90.94855499268,7.60936498642,3.37059593201,5.89714193344,1.99752831459,3.00000000000
7,ADIA.NS,Aditya Birla Fashion and Retail Ltd,India,Specialty Retail,2023,0.42260718346,77.38594055176,9.43026447296,0.42104297876,0.38531041145,0.46942692995,0.00000000000,0.02059864812,-28633474.00000000000,0.08376453072,0.20070484281,0.25906077027,-48.86797332764,-108820635.90000000000,7.00000000000,25.00000000000,TRUE,72.83590698242,91.14250183105,9.19075489044,3.40314126015,2.59194946289,2.70083999634,3.00000000000
7,ADIA.NS,Aditya Birla Fashion and Retail Ltd,India,Specialty Retail,2024,0.58844470978,70.13779449463,9.28942775726,0.30149823427,0.23550827801,0.39875936508,0.00000000000,0.04645932838,36603860.00000000000,0.10378150642,0.14750383794,0.24092671275,11.37146568298,-73045055.59000000000,8.00000000000,28.57142829895,TRUE,59.01573181152,88.36099243164,6.48422384262,3.43082690239,3.20181012154,1.66981315613,3.00000000000
8,ADNA.NS,Adani Green Energy Ltd,India,Independent Power and Renewable Electricity Producers,2022,2.20217108727,56.37149429321,9.91374778748,0.80496132374,0.12533958256,0.14058311284,0.03742745519,0.01018393412,52945472.00000000000,0.04129861668,0.00181113696,0.79494071007,40.23843002319,111246348.60000000000,7.00000000000,10.00000000000,TRUE,37.25494766235,68.31343078613,7.60936498642,3.37059593201,5.89714193344,1.10940742493,3.00000000000
8,ADNA.NS,Adani Green Energy Ltd,India,Independent Power and Renewable Electricity Producers,2023,1.70688140392,58.22895050049,10.02622413635,0.73254424334,0.30285301805,0.34069424868,0.05810397491,0.00056472898,72705456.00000000000,0.06064095721,0.00426935311,0.77501183748,16.63712501526,116496700.70000000000,6.00000000000,22.22222137451,TRUE,37.88783645630,68.34012603760,9.19075489044,3.40314126015,2.59194946289,1.13043475151,3.00000000000
8,ADNA.NS,Adani Green Energy Ltd,India,Independent Power and Renewable Electricity Producers,2024,1.34300434589,68.14360046387,10.11516571045,0.71850484610,0.15160056949,0.17013731599,0.12263145298,0.00127470901,70801640.00000000000,0.05054605380,0.00138243102,0.84653222561,18.61666297913,182211819.80000000000,8.00000000000,10.00000000000,TRUE,38.24183273315,82.87471008301,6.48422384262,3.43082690239,3.20181012154,1.13797175884,3.00000000000
9,ADRG.NS,Aarti Drugs Ltd,India,Pharmaceuticals,2022,1.71305298805,21.97226524353,8.46940612793,0.25147226453,0.39211934805,0.77258366346,0.00000000000,0.00309878797,-1717210.37500000000,0.00824783929,0.21322019398,0.35609310865,0.82415777445,20247955.21000000000,6.00000000000,7.14285707474,TRUE,5.37901973724,15.80287361145,7.60936498642,3.37059593201,5.89714193344,1.72589552402,3.00000000000
9,ADRG.NS,Aarti Drugs Ltd,India,Pharmaceuticals,2023,1.71722126007,29.95750808716,8.46512222290,0.23198892176,0.32706645131,0.69128960371,0.00000000000,0.00277208397,-91265.75000000000,0.00806730893,0.19976183772,0.42556893826,-8.23172092438,20586766.65000000000,6.00000000000,15.38461494446,TRUE,11.70033264160,32.56833267212,9.19075489044,3.40314126015,2.59194946289,1.30283308029,3.00000000000
9,ADRG.NS,Aarti Drugs Ltd,India,Pharmaceuticals,2024,1.62516450882,27.27785110474,8.47901153564,0.23889182508,0.32507729530,0.69418919086,0.00000000000,0.00293628708,-253949.67187500000,0.00906706229,0.18368496001,0.46185544133,-7.91787862778,19672323.00000000000,7.00000000000,12.50000000000,TRUE,13.82770347595,27.88294410706,6.48422384262,3.43082690239,3.20181012154,1.33706867695,3.00000000000
10,AEGS.NS,Aegis Logistics Ltd,India,"Oil, Gas & Consumable Fuels",2022,3.38894486427,28.21805572510,8.94041633606,0.26859959960,0.15817303956,0.31207570434,0.04487190396,0.00000000000,89862656.00000000000,0.32121193409,0.02226901241,0.56636083126,72.10241699219,62158726.87000000000,8.00000000000,11.11111068726,TRUE,44.01244354248,26.19894218445,7.60936498642,3.37059593201,5.89714193344,1.52823817730,3.00000000000
10,AEGS.NS,Aegis Logistics Ltd,India,"Oil, Gas & Consumable Fuels",2023,3.00060081482,39.83530044556,8.98612213135,0.33017215133,0.12922169268,0.24965564907,0.03477701172,0.00000000000,23969562.00000000000,0.21039506793,0.00984780677,0.59709876776,-19.49514389038,80648374.33000000000,6.00000000000,11.11111068726,FALSE,55.54594802856,29.29957199097,9.19075489044,3.40314126015,2.59194946289,1.84584248066,3.00000000000
10,AEGS.NS,Aegis Logistics Ltd,India,"Oil, Gas & Consumable Fuels",2024,2.13063311577,43.87395858765,9.11877441406,0.41005426645,0.11947080493,0.20327170193,0.03140926734,0.00000000000,44294324.00000000000,0.33984667063,0.01748204418,0.56778597832,-6.36331605911,92149198.36000000000,5.00000000000,11.11111068726,FALSE,62.81026458740,28.71978759766,6.48422384262,3.43082690239,3.20181012154,1.84584248066,3.00000000000
12,AIAE.NS,AIA Engineering Ltd,India,Machinery,2022,4.11472082138,60.03313064575,8.90693187714,0.07578591257,0.13195081055,0.93096899986,0.35140514374,0.00000000000,6179175.00000000000,0.55141913891,0.19129522145,0.16393586993,27.14929008484,128590591.50000000000,4.00000000000,33.33333206177,TRUE,71.69939422607,41.90943908691,7.60936498642,3.37059593201,5.89714193344,2.13140606880,3.00000000000
12,AIAE.NS,AIA Engineering Ltd,India,Machinery,2023,3.66132831573,57.83713912964,8.95387554169,0.06151434779,0.09987423569,0.89390122890,0.22753024101,0.00133470003,-15254913.00000000000,0.55571877956,0.16836297512,0.15734426677,-2.53231024742,136411805.60000000000,4.00000000000,33.33333206177,TRUE,63.53989028931,46.97584152222,9.19075489044,3.40314126015,2.59194946289,2.08989191055,3.00000000000
12,AIAE.NS,AIA Engineering Ltd,India,Machinery,2024,3.53157138824,55.55739974976,8.96227550507,0.06261980534,0.10057118535,0.86859613657,0.50402045250,0.00000000000,25369420.00000000000,0.55703186989,0.14001850784,0.15685963631,-13.83843612671,124057776.50000000000,5.00000000000,33.33333206177,TRUE,61.70063018799,40.64611053467,6.48422384262,3.43082690239,3.20181012154,1.00000000000,3.00000000000
13,AISG.NS,Asahi India Glass Ltd,India,Automobile Components,2022,4.40830945969,30.78167343140,8.74623870850,0.30596134067,0.35306909680,0.64536958933,0.02969366312,0.00000000000,3555258.00000000000,0.02804241143,0.25394347310,0.55875861645,17.10245513916,44020204.48000000000,4.00000000000,20.00000000000,TRUE,59.14479446411,19.55537796021,7.60936498642,3.37059593201,5.89714193344,2.25369071960,3.00000000000
13,AISG.NS,Asahi India Glass Ltd,India,Automobile Components,2023,3.72031116486,27.37415313721,8.81942653656,0.35775810480,0.30809274316,0.53855812550,0.04354959726,0.00000000000,7098980.00000000000,0.03758373111,0.19284822047,0.60592657328,6.46614313126,38998200.36000000000,5.00000000000,30.00000000000,TRUE,39.84233474731,18.72436141968,9.19075489044,3.40314126015,2.59194946289,2.09540343285,3.00000000000
13,AISG.NS,Asahi India Glass Ltd,India,Automobile Components,2024,3.04997658730,34.88511657715,8.90014457703,0.39703673124,0.27486670017,0.45289507508,0.01958430931,0.00000000000,-1568168.50000000000,0.02843297273,0.17646616697,0.66249817610,3.24270987511,42984201.29000000000,4.00000000000,33.33333206177,TRUE,50.27798080444,21.82920455933,6.48422384262,3.43082690239,3.20181012154,2.15420508385,3.00000000000
14,AITE.NS,Aditya Birla Real Estate Ltd,India,Paper & Forest Products,2022,2.21015667915,38.51737213135,9.01228046417,0.12533780932,0.39978277683,0.74018853903,0.01137379277,0.00119266799,-17530428.00000000000,0.01196615305,0.40129134059,0.39060822129,-14.30716419220,39263631.94000000000,5.00000000000,25.00000000000,TRUE,30.02811050415,31.46284866333,7.60936498642,3.37059593201,5.89714193344,2.68699574471,3.00000000000
14,AITE.NS,Aditya Birla Real Estate Ltd,India,Paper & Forest Products,2023,1.84680223465,48.38670730591,9.10070419312,0.23802587390,0.33317759633,0.53617119789,0.04528021812,0.02037647367,51914816.00000000000,0.07813690603,0.45978653431,0.28341624141,-71.68769073486,15386922.62000000000,6.00000000000,28.57142829895,TRUE,23.41457366943,63.81844329834,9.19075489044,3.40314126015,2.59194946289,2.00350522995,3.00000000000
14,AITE.NS,Aditya Birla Real Estate Ltd,India,Paper & Forest Products,2024,1.16600668430,54.92416381836,9.28664398193,0.30221307278,0.50909835100,0.66312688589,0.02305331640,0.03319750354,56997076.00000000000,0.11418785900,0.55128568411,0.04206271470,8.02615642548,-17406670.57000000000,8.00000000000,28.57142829895,TRUE,49.07973861694,52.94168472290,6.48422384262,3.43082690239,3.20181012154,3.32750916481,3.00000000000
16,AKZO.NS,Akzo Nobel India Ltd,India,Chemicals,2022,5.31509351730,50.18029403687,8.52316951752,0.02543331496,0.46119320393,0.88744556904,0.09779254347,0.06973180175,20654820.00000000000,0.19698458910,0.22138296068,0.21145775914,11.55663394928,40786270.69000000000,6.00000000000,16.66666603088,TRUE,66.91386413574,31.64278984070,7.60936498642,3.37059593201,5.89714193344,2.08708119392,3.00000000000
16,AKZO.NS,Akzo Nobel India Ltd,India,Chemicals,2023,5.10759019852,55.06304550171,8.54207611084,0.02079961449,0.49020284414,0.90438371897,0.09357218444,0.04838320985,-4919016.00000000000,0.18495117128,0.21660526097,0.22111642361,2.70744228363,51181763.65000000000,4.00000000000,16.66666603088,TRUE,65.07107543945,47.46755599976,9.19075489044,3.40314126015,2.59194946289,1.95831370354,3.00000000000
16,AKZO.NS,Akzo Nobel India Ltd,India,Chemicals,2024,5.24021291733,49.41147613525,8.53119468689,0.02138871700,0.49944892526,0.92175185680,0.08261499554,0.04422401264,-2984201.25000000000,0.09633653611,0.21750362217,0.18808983266,0.73343062401,50263311.88000000000,5.00000000000,16.66666603088,TRUE,40.63715362549,41.26029586792,6.48422384262,3.43082690239,3.20181012154,2.16281008720,3.00000000000
17,ALEM.NS,Alembic Pharmaceuticals Ltd,India,Pharmaceuticals,2022,2.91513061523,43.24706268311,8.87652683258,0.11677823961,0.26475253701,0.90319806337,0.04611098766,0.00000000000,1752677.75000000000,0.00979078375,0.24726055562,0.48517102003,-1.57870161533,41623661.15000000000,5.00000000000,11.11111068726,TRUE,45.02354431152,44.89108276367,7.60936498642,3.37059593201,5.89714193344,1.64678025246,3.00000000000
17,ALEM.NS,Alembic Pharmaceuticals Ltd,India,Pharmaceuticals,2023,2.83838963509,42.52937316895,8.88835620880,0.07961424440,0.22573608160,0.89407515526,0.08261855692,0.00000000000,5366526.50000000000,0.01916496828,0.26403054595,0.47646138072,8.61694145203,73884823.04000000000,7.00000000000,11.11111068726,TRUE,38.56734085083,51.13726043701,9.19075489044,3.40314126015,2.59194946289,2.19374346733,3.00000000000
17,ALEM.NS,Alembic Pharmaceuticals Ltd,India,Pharmaceuticals,2024,2.30979251862,41.26701354980,8.95887279510,0.16177919507,0.31035104394,0.93429124355,0.03460540250,0.00000000000,-4298420.00000000000,0.01263321843,0.29992771149,0.43236663938,4.48699712753,68111176.13000000000,5.00000000000,10.00000000000,TRUE,44.72801589966,47.42436218262,6.48422384262,3.43082690239,3.20181012154,1.74787557125,3.00000000000
19,ALKE.NS,Alkem Laboratories Ltd,India,Pharmaceuticals,2022,4.43699216843,34.73896789551,9.22385120392,0.10152777284,0.26948097348,0.78685683012,0.05383920297,0.00539448997,5065725.50000000000,0.07506323606,0.19837199152,0.18271335959,0.76627945900,122542599.80000000000,8.00000000000,25.00000000000,TRUE,31.15501213074,35.88134002686,7.60936498642,3.37059593201,5.89714193344,1.96434605122,3.00000000000
19,ALKE.NS,Alkem Laboratories Ltd,India,Pharmaceuticals,2023,3.95629143715,44.08574676514,9.27151966095,0.09107024968,0.25647357106,0.75901031494,0.11392272264,0.00000000000,-24893822.00000000000,0.27245289087,0.17870996892,0.16417632997,7.65103244781,217331733.70000000000,7.00000000000,25.00000000000,TRUE,47.33137512207,54.38898468018,9.19075489044,3.40314126015,2.59194946289,2.82570719719,3.00000000000
19,ALKE.NS,Alkem Laboratories Ltd,India,Pharmaceuticals,2024,3.57402205467,38.80529785156,9.31604290009,0.07805620134,0.22412286699,0.69485104084,0.04963202775,0.00606802292,-21813926.00000000000,0.23660342395,0.17257660627,0.16181582212,-0.17109131813,259260386.20000000000,10.00000000000,25.00000000000,FALSE,24.19394683838,55.08513641357,6.48422384262,3.43082690239,3.20181012154,1.88810396194,3.00000000000
22,AMBE.NS,Amber Enterprises India Ltd,India,Household Durables,2022,3.70811295509,24.59508705139,8.88075542450,0.23306703568,0.55239778757,0.79565310478,0.00000000000,0.05176407844,2993780.50000000000,0.13711324334,0.18643510342,0.28863665462,52.13537597656,19933739.05000000000,5.00000000000,16.66666603088,TRUE,27.51402854919,15.00699234009,7.60936498642,3.37059593201,5.89714193344,1.49279892445,3.00000000000
22,AMBE.NS,Amber Enterprises India Ltd,India,Household Durables,2023,3.59662604332,27.66234207153,8.89819049835,0.23341453075,0.49827653170,0.72540336847,0.00000000000,0.02000122145,-22952358.00000000000,0.12594310939,0.13129800558,0.32097724080,-4.24277353287,16732681.46000000000,5.00000000000,14.28571414948,TRUE,25.75289154053,13.53360462189,9.19075489044,3.40314126015,2.59194946289,1.79448831081,3.00000000000
22,AMBE.NS,Amber Enterprises India Ltd,India,Household Durables,2024,2.83519244194,31.33008384705,8.99401760101,0.24427945912,0.54061418772,0.74179804325,0.00000000000,0.02524895966,9470884.00000000000,0.15449440479,0.19998954237,0.28278815746,44.56133651733,29391620.83000000000,6.00000000000,14.28571414948,TRUE,20.99160766602,17.29937553406,6.48422384262,3.43082690239,3.20181012154,2.32627725601,3.00000000000
23,ANUY.NS,Anupam Rasayan India Ltd,India,Chemicals,2022,3.20581221581,43.76260375977,8.66259193420,0.21750275791,0.21461360157,0.57694053650,0.23163618147,0.09965457022,17046982.00000000000,0.20132315159,0.24655525386,0.37057295442,38.82526016235,26393257.06000000000,10.00000000000,25.00000000000,TRUE,25.62701606750,33.08788681030,7.60936498642,3.37059593201,5.89714193344,1.40670263767,3.00000000000
23,ANUY.NS,Anupam Rasayan India Ltd,India,Chemicals,2023,2.64989089966,39.04577636719,8.74200916290,0.23252865672,0.28581175208,0.71453911066,0.18993392587,0.00857472233,7437792.50000000000,0.09247674793,0.22933503985,0.42726859450,-9.23249340057,20088062.39000000000,11.00000000000,25.00000000000,TRUE,24.24099540710,32.39846420288,9.19075489044,3.40314126015,2.59194946289,1.77606165409,3.00000000000
23,ANUY.NS,Anupam Rasayan India Ltd,India,Chemicals,2024,2.36940145493,42.77735519409,8.79000663757,0.26065936685,0.34318557382,0.74763363600,0.06251835078,0.00278446102,-16004330.00000000000,0.02898272127,0.27548566461,0.42789554596,-4.97669935226,18721123.46000000000,13.00000000000,25.00000000000,FALSE,29.62530899048,34.49034881592,6.48422384262,3.43082690239,3.20181012154,1.78990793228,3.00000000000
24,APAR.NS,Apar Industries Ltd,India,Industrial Conglomerates,2022,3.76855874062,34.86419677734,9.00008678436,0.04578316212,0.69630128145,0.95664793253,0.00000000000,0.06450749189,29898978.00000000000,0.08777666837,0.31342780590,0.12758392096,42.26264190674,77619279.45000000000,4.00000000000,14.28571414948,TRUE,43.30609512329,20.97522544861,7.60936498642,3.37059593201,5.89714193344,2.42720222473,3.00000000000
24,APAR.NS,Apar Industries Ltd,India,Industrial Conglomerates,2023,3.21821165085,36.90814590454,9.06207847595,0.04946151003,0.55286216736,0.92627525330,0.10701837391,0.00156721903,10220756.00000000000,0.07449373603,0.32265365124,0.13649155200,10.94060134888,98992201.56000000000,5.00000000000,16.66666603088,TRUE,45.12335586548,22.90394783020,9.19075489044,3.40314126015,2.59194946289,1.97655546665,3.00000000000
24,APAR.NS,Apar Industries Ltd,India,Industrial Conglomerates,2024,2.74135756493,55.76620864868,9.11996364594,0.05191081017,0.56233870983,0.93697053194,0.10837031901,0.00000088800,11984786.00000000000,0.09134990722,0.33259496093,0.14793470502,12.20568847656,96114686.95000000000,5.00000000000,28.57142829895,TRUE,41.55121994019,59.80855560303,6.48422384262,3.43082690239,3.20181012154,2.23537898064,3.00000000000
25,APCI.NS,Apcotex Industries Ltd,India,Chemicals,2022,2.39020299911,24.21462249756,7.99029350281,0.18892660737,0.22399812937,0.54964542389,0.00679560285,0.01748429239,1557582.75000000000,0.04592367262,0.14238156378,0.49249657989,4.26104068756,13137633.89000000000,6.00000000000,11.11111068726,TRUE,57.38862228394,5.20817470551,7.60936498642,3.37059593201,5.89714193344,1.51505959034,3.00000000000
25,APCI.NS,Apcotex Industries Ltd,India,Chemicals,2023,2.07639837265,48.04549026489,8.04384899139,0.20426820219,0.29521632195,0.67998892069,0.01393843256,0.01236353815,910329.93750000000,0.04619802907,0.14704082906,0.42478305101,2.64516854286,6464151.17000000000,5.00000000000,11.11111068726,TRUE,67.24839019775,26.94984245300,9.19075489044,3.40314126015,2.59194946289,1.95553350449,3.00000000000
25,APCI.NS,Apcotex Industries Ltd,India,Chemicals,2024,1.95508551598,50.27209091187,8.06778907776,0.18955554068,0.35121408105,0.78715604544,0.01744784787,0.02044435218,1344072.50000000000,0.05198475346,0.14958298206,0.39661696553,20.77165603638,6327045.05600000000,5.00000000000,27.27272796631,TRUE,83.34494781494,28.43632698059,6.48422384262,3.43082690239,3.20181012154,1.66784858704,3.00000000000
26,APLA.NS,APL Apollo Tubes Ltd,India,Metals & Mining,2022,7.36322641373,52.57832717896,8.85261631012,0.14919090271,0.37258848548,0.76606982946,0.05627336353,0.00000000000,-4995131.50000000000,0.08314530551,0.26418450475,0.48118215799,14.32389736176,78123174.29000000000,6.00000000000,10.00000000000,TRUE,40.51754379272,60.15894317627,7.60936498642,3.37059593201,5.89714193344,1.89777445793,3.00000000000
26,APLA.NS,APL Apollo Tubes Ltd,India,Metals & Mining,2023,6.04826021194,58.29734802246,8.93562889099,0.15921573341,0.34722316265,0.69662243128,0.13831739128,0.00000000000,26691062.00000000000,0.19172780216,0.24580375850,0.46529397368,10.47983741760,87875224.96000000000,4.00000000000,10.00000000000,TRUE,31.37932395935,80.27709960938,9.19075489044,3.40314126015,2.59194946289,2.53290963173,3.00000000000
26,APLA.NS,APL Apollo Tubes Ltd,India,Metals & Mining,2024,5.80657482147,53.12785339355,8.94888687134,0.08351895213,0.34624233842,0.77642053366,0.02413559705,0.04015144333,2766530.25000000000,0.05495896563,0.24024912715,0.50861608982,11.38198184967,88596840.26000000000,4.00000000000,18.18181800842,TRUE,28.08580589294,71.91873931885,6.48422384262,3.43082690239,3.20181012154,2.91493487358,3.00000000000
27,APLO.NS,Apollo Tyres Ltd,India,Automobile Components,2022,1.01522481441,49.31092071533,9.52234458923,0.23472841084,0.29262572527,0.54174584150,0.08713692427,0.00506525487,-4086538.50000000000,0.04212152958,0.16190031171,0.61729174852,8.34968185425,127293573.50000000000,5.00000000000,14.28571414948,TRUE,35.76842880249,38.36899948120,7.60936498642,3.37059593201,5.89714193344,2.57658743858,3.00000000000
27,APLO.NS,Apollo Tyres Ltd,India,Automobile Components,2023,1.04205572605,53.19002151489,9.50977134705,0.18195788562,0.26129510999,0.53954309225,0.10943318903,0.00522046909,8372525.50000000000,0.05063271150,0.15749791265,0.60606318712,1.82050359249,206582603.50000000000,5.00000000000,13.33333301544,TRUE,37.94679641724,42.40766525269,9.19075489044,3.40314126015,2.59194946289,2.00797176361,3.00000000000
27,APLO.NS,Apollo Tyres Ltd,India,Automobile Components,2024,1.03341829777,56.89583969116,9.50454616547,0.16151866317,0.26954880357,0.58693116903,0.11977778375,0.00016479900,-3004330.00000000000,0.03206269816,0.18791303039,0.58141899109,0.40862140059,131225277.90000000000,5.00000000000,15.38461494446,TRUE,55.06961059570,41.74334716797,6.48422384262,3.43082690239,3.20181012154,1.94786345959,3.00000000000
28,ARBN.NS,Aurobindo Pharma Ltd,India,Pharmaceuticals,2022,1.43891608715,61.30916595459,9.68620395660,0.13251970708,0.28813695908,0.88073998690,0.14500278234,0.06842970103,27964946.00000000000,0.16974164546,0.21336756647,0.31315577030,-2.10393095016,234621470.30000000000,9.00000000000,22.22222137451,TRUE,53.28295898438,58.59737014771,7.60936498642,3.37059593201,5.89714193344,2.27439665794,3.00000000000
28,ARBN.NS,Aurobindo Pharma Ltd,India,Pharmaceuticals,2023,1.30895233154,69.10607147217,9.73299694061,0.14749072492,0.27066165209,0.80106127262,0.10513618588,0.04683468491,-120796640.00000000000,0.15633088350,0.21761485934,0.31693857908,15.01657199860,380200359.90000000000,5.00000000000,20.00000000000,TRUE,61.03643417358,62.66374588013,9.19075489044,3.40314126015,2.59194946289,2.01225662231,3.00000000000
28,ARBN.NS,Aurobindo Pharma Ltd,India,Pharmaceuticals,2024,1.18971681595,61.52380752563,9.76538658142,0.16597117484,0.29491510987,0.85703009367,0.18044671416,0.05864360183,254928032.00000000000,0.17748966813,0.21178519726,0.31044369936,6.69689464569,407673493.30000000000,7.00000000000,20.00000000000,TRUE,45.25962066650,58.91339111328,6.48422384262,3.43082690239,3.20181012154,2.60883212090,3.00000000000
29,ARTI.NS,Aarti Industries Ltd,India,Chemicals,2022,1.51970815659,58.54291534424,9.01887226105,0.33881178498,0.32436224818,0.76029962301,0.06016196683,0.00000000000,3306962.00000000000,0.02339364588,0.12015639246,0.68156719208,0.47481104732,66361976.63000000000,7.00000000000,18.75000000000,TRUE,24.96681213379,49.10734558105,7.60936498642,3.37059593201,5.89714193344,1.55165851116,3.00000000000
29,ARTI.NS,Aarti Industries Ltd,India,Chemicals,2023,1.32530713081,61.23944854736,9.08406734467,0.35814228654,0.30275812745,0.63465207815,0.13985207677,0.00000000000,31294542.00000000000,0.05984709039,0.12303006649,0.66187912226,-5.09533071518,49965206.96000000000,8.00000000000,18.75000000000,TRUE,27.53744506836,51.81114578247,9.19075489044,3.40314126015,2.59194946289,1.75284230709,3.00000000000
29,ARTI.NS,Aarti Industries Ltd,India,Chemicals,2024,1.22816300392,60.10809326172,9.11413955688,0.34622603655,0.31190836430,0.62929344177,0.05752076954,0.00000000000,-26787596.00000000000,0.02840881236,0.13595962524,0.68406230211,11.30360126495,38720889.41000000000,10.00000000000,14.28571414948,TRUE,25.99045181274,48.31721878052,6.48422384262,3.43082690239,3.20181012154,2.65790224075,3.00000000000
32,ASPN.NS,Asian Paints Ltd,India,Chemicals,2022,8.75533390045,64.83090972900,9.49692535400,0.07491356134,0.30606752634,0.80523306131,0.05885563791,0.00226296601,93846152.00000000000,0.18649317324,0.24074114859,0.24707962573,9.48451614380,510629260.00000000000,10.00000000000,28.57142829895,TRUE,87.52742767334,49.95557403564,7.60936498642,3.37059593201,5.89714193344,2.45113682747,3.00000000000
32,ASPN.NS,Asian Paints Ltd,India,Chemicals,2023,7.59933662415,66.25652313232,9.55511569977,0.08268856257,0.28408417106,0.75929969549,0.07798413187,0.00556073710,68700656.00000000000,0.20754742622,0.19794787467,0.30078908801,1.44794726372,666789442.10000000000,8.00000000000,30.76922988892,TRUE,79.10861968994,63.21391296387,9.19075489044,3.40314126015,2.59194946289,2.16828179359,3.00000000000
32,ASPN.NS,Asian Paints Ltd,India,Chemicals,2024,7.63838815689,71.89908599854,9.55075263977,0.07540950924,0.26805606484,0.74203032255,0.04247392714,0.00327578210,-31542422.00000000000,0.15294888616,0.22123697400,0.32549831271,-6.82458162308,434138092.50000000000,8.00000000000,38.46154022217,TRUE,78.54106140137,69.38426971436,6.48422384262,3.43082690239,3.20181012154,2.05362486839,3.00000000000
33,ASTL.NS,Astral Ltd,India,Building Products,2022,8.23635292053,47.50601577759,8.72612857819,0.01991722174,0.30497816205,0.80251520872,0.11209417135,0.00000000000,-13607595.00000000000,0.18600854278,0.21131463349,0.36194005609,8.45578861237,55927458.62000000000,7.00000000000,33.33333206177,TRUE,38.98717880249,52.43715667725,7.60936498642,3.37059593201,5.89714193344,2.25977253914,3.00000000000
33,ASTL.NS,Astral Ltd,India,Building Products,2023,8.03831100464,49.61821365356,8.73210430145,0.02654572017,0.24927188456,0.85600852966,0.17169104517,0.00000000000,9586083.00000000000,0.13738493621,0.20638519526,0.44136151671,7.79988193512,65458908.22000000000,8.00000000000,25.00000000000,TRUE,40.64829635620,51.08780670166,9.19075489044,3.40314126015,2.59194946289,1.87831270695,3.00000000000
33,ASTL.NS,Astral Ltd,India,Building Products,2024,7.20360040665,57.60104751587,8.77209472656,0.04612341896,0.22612737119,0.79451006651,0.17055891454,0.00000000000,-152135.75000000000,0.13189555705,0.20255142450,0.47412973642,0.84490102530,60725570.51000000000,4.00000000000,20.00000000000,TRUE,34.03019332886,71.65950775146,6.48422384262,3.43082690239,3.20181012154,1.69916546345,3.00000000000
34,ASTR.NS,Astrazeneca Pharma India Ltd,India,Pharmaceuticals,2022,20.14002799988,67.03356933594,8.07871818542,0.00732076308,0.38982808590,0.96907973289,0.00651160395,0.50548803806,6319377.00000000000,0.53963088989,0.19358900189,0.07126829028,15.01588916779,12084956.18000000000,5.00000000000,42.85714340210,TRUE,72.97315216064,77.94130706787,7.60936498642,3.37059593201,5.89714193344,1.40739369392,3.00000000000
34,ASTR.NS,Astrazeneca Pharma India Ltd,India,Pharmaceuticals,2023,18.24654006958,58.88629913330,8.11172485352,0.00425776606,0.33127093315,0.97544455528,0.05283938348,0.45147165656,627474.50000000000,0.50600779057,0.21211840212,0.06014674902,27.32519721985,19377324.54000000000,6.00000000000,42.85714340210,TRUE,60.35869979858,73.35491180420,9.19075489044,3.40314126015,2.59194946289,1.54533600807,3.00000000000
34,ASTR.NS,Astrazeneca Pharma India Ltd,India,Pharmaceuticals,2024,12.87559127808,62.93535232544,8.24959373474,0.02353568934,0.46307274699,0.94012862444,0.03813655674,0.33550047874,3577530.75000000000,0.48511075974,0.36240217090,0.04188074544,29.22208213806,13544763.02000000000,7.00000000000,62.50000000000,TRUE,71.94004058838,76.50909423828,6.48422384262,3.43082690239,3.20181012154,1.60344469547,3.00000000000
35,ATLP.NS,Atul Ltd,India,Chemicals,2022,3.12034845352,25.51921844482,8.84636306763,0.00905689690,0.14567144215,0.76621377468,0.04528522119,0.00000000000,-2390457.75000000000,0.03865868598,0.14228898287,0.47963759303,-1.31503403187,61663826.68000000000,5.00000000000,9.09090900421,TRUE,43.17682266235,21.73375892639,7.60936498642,3.37059593201,5.89714193344,2.13672375679,3.00000000000
35,ATLP.NS,Atul Ltd,India,Chemicals,2023,2.81485748291,26.61433410645,8.89041996002,0.03652559966,0.13717906177,0.65231215954,0.06782904267,0.00000000000,2664667.00000000000,0.08476938307,0.10042493790,0.46922615170,-14.17423057556,38886622.68000000000,5.00000000000,8.33333301544,TRUE,49.60773086548,22.81266975403,9.19075489044,3.40314126015,2.59194946289,2.30363249779,3.00000000000
35,ATLP.NS,Atul Ltd,India,Chemicals,2024,2.56800818443,22.72573852539,8.91344738007,0.02881449647,0.12623643875,0.63017314672,0.05812532455,0.00000000000,-1040374.50000000000,0.13228355348,0.10928025842,0.41961351037,15.24552726746,58376828.55000000000,6.00000000000,8.33333301544,TRUE,40.15833282471,22.00984573364,6.48422384262,3.43082690239,3.20181012154,2.04004764557,3.00000000000
36,AVNT.NS,Avanti Feeds Ltd,India,Food Products,2022,3.01286721230,18.18969535828,8.52224063873,0.00111659698,0.11816772074,0.50557744503,0.10943990946,0.00000000000,-3867307.75000000000,0.45924246311,0.29650610685,0.15766826272,-6.68148183823,38005391.92000000000,6.00000000000,9.09090900421,TRUE,10.18640613556,27.15143013000,7.60936498642,3.37059593201,5.89714193344,1.79103910923,3.00000000000
36,AVNT.NS,Avanti Feeds Ltd,India,Food Products,2023,2.66766476631,23.80394935608,8.57020282745,0.00533433678,0.11335472018,0.47930765152,0.00038838899,0.00399691099,-2533533.25000000000,0.51587206125,0.28659841418,0.16308227181,4.03491687775,47247666.47000000000,7.00000000000,10.00000000000,TRUE,5.24641323090,46.28040695190,9.19075489044,3.40314126015,2.59194946289,1.93583440781,3.00000000000
36,AVNT.NS,Avanti Feeds Ltd,India,Food Products,2024,2.30914139748,22.67202568054,8.63445472717,0.00411027018,0.12298868597,0.51367878914,0.00029916299,0.00663844077,1593212.37500000000,0.60554993153,0.24020424485,0.16100609303,1.96393239498,65190438.85000000000,8.00000000000,9.09090900421,TRUE,4.81268978119,44.17018508911,6.48422384262,3.43082690239,3.20181012154,1.90286052227,3.00000000000
38,BACH.NS,Balrampur Chini Mills Ltd,India,Food Products,2022,2.04696822166,53.43383026123,8.82002067566,0.34624812007,0.36187314987,0.77555489540,0.00015775500,0.00066979602,-1448.39343261719,0.01369809080,0.43216413260,0.48304039240,-11.05216026306,34587025.32000000000,7.00000000000,28.57142829895,TRUE,69.13377380371,64.32257843018,7.60936498642,3.37059593201,5.89714193344,2.38331341743,3.00000000000
38,BACH.NS,Balrampur Chini Mills Ltd,India,Food Products,2023,1.86384093761,53.11604690552,8.86342334747,0.33012869954,0.34834843874,0.78958582878,0.00015056400,0.00000000000,1115.77685546875,0.00020702201,0.47319996357,0.44103148580,18.17490196228,64124067.19000000000,7.00000000000,28.57142829895,TRUE,66.94830322266,64.52857971191,9.19075489044,3.40314126015,2.59194946289,2.03156042099,3.00000000000
38,BACH.NS,Balrampur Chini Mills Ltd,India,Food Products,2024,1.54358053207,48.00581359863,8.92131710052,0.36849260330,0.35861083865,0.76692348719,0.00013948600,0.00000000000,4376.82861328125,0.00022491300,0.43885329366,0.38583067060,-5.56781196594,51131796.37000000000,8.00000000000,33.33333206177,TRUE,71.76774597168,45.97446060181,6.48422384262,3.43082690239,3.20181012154,2.49809193611,3.00000000000
39,BAJE.NS,Bharat Electronics Ltd,India,Aerospace & Defense,2022,7.26370668411,54.10002517700,9.63545989990,0.00172831700,0.57946187258,0.95081913471,0.04092915356,0.08745696396,321912128.00000000000,0.22044587135,0.21064506471,0.08609296381,6.60667467117,357880964.00000000000,8.00000000000,21.42857170105,TRUE,17.65715026855,70.04581451416,7.60936498642,3.37059593201,5.89714193344,1.33583843708,3.00000000000
39,BAJE.NS,Bharat Electronics Ltd,India,Aerospace & Defense,2023,6.54765987396,51.22010421753,9.67598438263,0.00158146303,0.55726236105,0.94941943884,0.02685464360,0.01555405091,-328658656.00000000000,0.30641362071,0.21717457473,0.08209366351,12.65575599670,473078584.30000000000,8.00000000000,7.69230747223,TRUE,9.01706886292,71.85237884521,9.19075489044,3.40314126015,2.59194946289,1.58567297459,3.00000000000
39,BAJE.NS,Bharat Electronics Ltd,India,Aerospace & Defense,2024,6.38787794113,47.42054367065,9.67928695679,0.00149956404,0.48375311494,0.94700205326,0.02454064041,0.00560126314,-57679344.00000000000,0.23432581127,0.24795734882,0.09016267955,14.38888931274,618741954.40000000000,7.00000000000,7.14285707474,TRUE,10.13525485992,66.67047882080,6.48422384262,3.43082690239,3.20181012154,1.53050017357,3.00000000000
40,BAMN.NS,Balaji Amines Ltd,India,Chemicals,2022,2.37933897972,8.61235904694,8.37821769714,0.02933262475,0.07608371973,0.36551016569,1.57937216759,0.00000000000,13952824.00000000000,0.16330625117,0.15914988518,0.45267397165,-6.22236251831,49377190.85000000000,5.00000000000,0.00000000000,0,12.17803478241,5.62895584106,7.60936498642,3.37059593201,5.89714193344,2.38339424133,3.00000000000
40,BAMN.NS,Balaji Amines Ltd,India,Chemicals,2023,2.23465657234,15.10489654541,8.41075515747,0.00917781796,0.06928858906,0.35047322512,2.22332239151,0.00000000000,-1818644.25000000000,0.16603586078,0.13778482378,0.50959014893,-31.30339241028,27870785.84000000000,4.00000000000,10.00000000000,TRUE,44.64090728760,4.53628826141,9.19075489044,3.40314126015,2.59194946289,1.63370811939,3.00000000000
40,BAMN.NS,Balaji Amines Ltd,India,Chemicals,2024,2.12869119644,42.33768844604,8.42086791992,0.00489654113,0.05758689716,0.31864556670,2.70066642761,0.00000000000,7921837.50000000000,0.15918689966,0.12340310961,0.54741257429,-16.98207855225,18559555.30000000000,4.00000000000,25.00000000000,TRUE,76.01002502441,12.77506828308,6.48422384262,3.43082690239,3.20181012154,1.63370811939,3.00000000000
41,BANN.NS,Bannari Amman Sugars Ltd,India,Food Products,2022,1.87831473351,26.20802688599,8.45800781250,0.24642495811,0.24304552376,0.71055680513,0.00990761444,0.00000000000,345228.81250000000,0.00204282510,0.41216999292,0.46649986506,16.77093505859,17452702.04000000000,5.00000000000,14.28571414948,TRUE,38.72657394409,17.80387878418,7.60936498642,3.37059593201,5.89714193344,0.00000000000,3.00000000000
41,BANN.NS,Bannari Amman Sugars Ltd,India,Food Products,2023,1.84049570560,36.73294067383,8.46558570862,0.19962427020,0.23470167816,0.76550167799,0.01114633866,0.00024612399,82819.43750000000,0.00291256304,0.41436454654,0.48596274853,-13.34181213379,18272609.48000000000,4.00000000000,16.66666603088,TRUE,63.45690155029,24.16587066650,9.19075489044,3.40314126015,2.59194946289,1.53418219090,3.00000000000
41,BANN.NS,Bannari Amman Sugars Ltd,India,Food Products,2024,2.06292581558,41.65568542480,8.41581535339,0.06732591242,0.13491664827,0.67168307304,0.00434860913,0.00000000000,-592627.25000000000,0.00052317302,0.39787068963,0.53895384073,-21.23154449463,12249046.23000000000,4.00000000000,16.66666603088,TRUE,69.77613830566,21.44412231445,6.48422384262,3.43082690239,3.20181012154,2.06758141518,3.00000000000
42,BARA.NS,Bharat Dynamics Ltd,India,Aerospace & Defense,2022,6.03505659103,39.89612197876,9.02348041534,0.00060046598,0.25436535478,0.40395402908,0.34998220205,0.03237491101,95890944.00000000000,0.54310119152,0.23848506808,0.08942021430,-18.37300872803,42864520.45000000000,5.00000000000,9.09090900421,TRUE,58.65235519409,26.40157318115,7.60936498642,3.37059593201,5.89714193344,2.31708860397,3.00000000000
42,BARA.NS,Bharat Dynamics Ltd,India,Aerospace & Defense,2023,5.13026523590,42.92873001099,9.09361743927,0.00036180700,0.29069077969,0.44840452075,0.12679056823,0.02056970634,-55073988.00000000000,0.48061072826,0.34116262197,0.07718794048,-6.18399381638,73511769.65000000000,6.00000000000,8.33333301544,TRUE,52.33657073975,29.88360404968,9.19075489044,3.40314126015,2.59194946289,0.00000000000,3.00000000000
42,BARA.NS,Bharat Dynamics Ltd,India,Aerospace & Defense,2024,4.49876594543,42.89897537231,9.13804817200,0.00018011501,0.37131574750,0.56380039454,0.00000000000,0.01139936037,-53830920.00000000000,0.48632863164,0.22525973618,0.07114806771,37.71488189697,64323604.45000000000,5.00000000000,10.00000000000,TRUE,56.63617706299,26.20590591431,6.48422384262,3.43082690239,3.20181012154,1.00000000000,3.00000000000
43,BARQ.NS,Barbeque-Nation Hospitality Ltd,India,"Hotels, Restaurants & Leisure",2022,0.77482038736,32.33114624023,8.18533611298,0.54372489452,0.18316154182,0.26881632209,0.18457402289,0.00000000000,-5207035.00000000000,0.03470684960,0.03341605142,0.76412642002,32.44639968872,2330452.77500000000,7.00000000000,22.22222137451,TRUE,35.62832641602,23.05610847473,7.60936498642,3.37059593201,5.89714193344,1.00000000000,3.00000000000
43,BARQ.NS,Barbeque-Nation Hospitality Ltd,India,"Hotels, Restaurants & Leisure",2023,0.78089302778,42.79541778564,8.18537712097,0.53673148155,0.20158071816,0.29116222262,0.12816877663,0.00232918607,-790042.00000000000,0.03013506532,0.03313707933,0.73607695103,0.23053032160,-1340731.85400000000,4.00000000000,25.00000000000,TRUE,39.13232803345,49.87735366821,9.19075489044,3.40314126015,2.59194946289,1.67788398266,3.00000000000
43,BARQ.NS,Barbeque-Nation Hospitality Ltd,India,"Hotels, Restaurants & Leisure",2024,0.75834476948,40.71054458618,8.18690109253,0.57647144794,0.20430606604,0.28219169378,0.05468415469,0.00184847903,-2228437.75000000000,0.01487799268,0.03950906172,0.74235820770,-4.12624311447,-3163955.53000000000,5.00000000000,20.00000000000,TRUE,37.28074264526,40.33480834961,6.48422384262,3.43082690239,3.20181012154,1.47397446632,3.00000000000
44,BASF.NS,BASF India Ltd,India,Chemicals,2022,2.85481643677,49.02768707275,8.90254974365,0.01612428948,0.56534790993,0.96061807871,0.00428690808,0.05341961235,29331792.00000000000,0.05543311313,0.34462413192,0.12316307425,-3.77382326126,49037244.40000000000,5.00000000000,22.22222137451,TRUE,59.06065750122,35.83018493652,7.60936498642,3.37059593201,5.89714193344,2.02369952202,3.00000000000
44,BASF.NS,BASF India Ltd,India,Chemicals,2023,2.61335134506,51.44010543823,8.93841075897,0.02157761157,0.52905172110,0.95439535379,0.00539903482,0.08312088251,30627474.00000000000,0.09338092059,0.29384651780,0.11330769211,-0.54123520851,67578884.22000000000,6.00000000000,22.22222137451,TRUE,64.94145965576,39.12067413330,9.19075489044,3.40314126015,2.59194946289,2.32804131508,3.00000000000
44,BASF.NS,BASF India Ltd,India,Chemicals,2024,2.23493576050,44.04418563843,8.99578380585,0.02246396989,0.54670637846,0.95822632313,0.02062911913,0.08043424785,15290813.00000000000,0.11011714488,0.34668132663,0.10312037915,8.11690807343,56063194.85000000000,7.00000000000,11.11111068726,TRUE,39.44584655762,36.38863372803,6.48422384262,3.43082690239,3.20181012154,2.05544042587,3.00000000000
45,BFRG.NS,Bharat Forge Ltd,India,Automobile Components,2022,2.74764490128,68.03382873535,9.34978389740,0.39780041575,0.45021611452,0.70871627331,0.05952645838,0.00087145501,-11056475.00000000000,0.12341128290,0.17743580043,0.35247078538,14.01129245758,61877677.70000000000,5.00000000000,8.33333301544,TRUE,75.83605194092,66.60398101807,7.60936498642,3.37059593201,5.89714193344,0.00000000000,3.00000000000
45,BFRG.NS,Bharat Forge Ltd,India,Automobile Components,2023,2.67913365364,72.65296173096,9.36575603485,0.41074377298,0.47961404920,0.76198041439,0.08416258544,0.02761221491,95530536.00000000000,0.14495581388,0.17458279431,0.35759660602,19.73559761047,108559688.10000000000,4.00000000000,14.28571414948,TRUE,84.32743835449,75.76702117920,9.19075489044,3.40314126015,2.59194946289,1.00000000000,3.00000000000
45,BFRG.NS,Bharat Forge Ltd,India,Automobile Components,2024,2.60508680344,74.78398132324,9.37123203278,0.33344045281,0.43323725462,0.80323207378,0.05983321369,0.00499325013,-86311880.00000000000,0.10460396856,0.18753717840,0.39923790097,-5.93622255325,107312112.30000000000,4.00000000000,14.28571414948,TRUE,79.50791931152,79.70200347900,6.48422384262,3.43082690239,3.20181012154,1.00000000000,3.00000000000
46,BHEL.NS,Bharat Heavy Electricals Ltd,India,Electrical Equipment,2022,1.25811052322,47.37542343140,9.84060478210,0.09581004828,0.41250073910,0.72152060270,0.06171796471,0.00000000000,100866600.00000000000,0.10350361466,0.12112153322,0.04837190732,1.76326656342,79615384.62000000000,11.00000000000,15.38461494446,TRUE,18.97794532776,65.11212921143,7.60936498642,3.37059593201,5.89714193344,1.81717360020,3.00000000000
46,BHEL.NS,Bharat Heavy Electricals Ltd,India,Electrical Equipment,2023,1.21588647366,54.13344955444,9.84998703003,0.15009549260,0.42932945490,0.73286402225,0.06785116345,0.00000000000,32837432.00000000000,0.09452874213,0.12348069251,0.04733474180,0.79914319515,33859628.07000000000,11.00000000000,33.33333206177,TRUE,30.94808959961,78.56024932861,9.19075489044,3.40314126015,2.59194946289,1.83195257187,3.00000000000
46,BHEL.NS,Bharat Heavy Electricals Ltd,India,Electrical Equipment,2024,1.05500781536,55.88786315918,9.90132808685,0.13240568340,0.41457507014,0.65094387531,0.00677824579,0.00292289490,-163350496.00000000000,0.11585604399,0.14641986787,0.04441860691,15.69610309601,62480983.03000000000,15.00000000000,30.00000000000,TRUE,32.62485885620,80.18742370605,6.48422384262,3.43082690239,3.20181012154,1.89455199242,3.00000000000
47,BION.NS,Biocon Ltd,India,Biotechnology,2022,0.86735111475,84.56354522705,9.80170059204,0.34623041749,0.16353270411,0.24902635813,0.15124490857,0.00069173798,78030672.00000000000,0.16878342628,0.08443050832,0.19450528920,26.13632583618,78261927.95000000000,5.00000000000,22.22222137451,TRUE,90.15276336670,74.55007934570,7.60936498642,3.37059593201,5.89714193344,2.14688920975,3.00000000000
47,BION.NS,Biocon Ltd,India,Biotechnology,2023,0.81529909372,83.27632141113,9.82783031464,0.29028886557,0.27391844988,0.42325901985,0.07576112449,0.00124485698,-45638872.00000000000,0.04874936491,0.09007021785,0.21361958981,30.16619300842,155704859.00000000000,4.00000000000,22.22222137451,TRUE,89.33914184570,73.45833587646,9.19075489044,3.40314126015,2.59194946289,1.91035997868,3.00000000000
47,BION.NS,Biocon Ltd,India,Biotechnology,2024,0.79319095612,82.15323638916,9.83764553070,0.31229326129,0.24378331006,0.38580152392,0.13595835865,0.02173399180,234558224.00000000000,0.07940901071,0.08687643707,0.22814142704,0.88733094931,167279110.60000000000,6.00000000000,33.33333206177,TRUE,84.96371459961,75.66292572021,6.48422384262,3.43082690239,3.20181012154,2.78836941719,3.00000000000
48,BIRS.NS,Birlasoft Ltd,India,Software,2022,3.08031392097,50.82593536377,8.58875846863,0.03194930777,0.19412863255,0.83729487658,0.51633805037,0.04649844393,21457036.00000000000,0.28572180867,0.00265744794,0.07499275357,7.24330520630,40358325.22000000000,5.00000000000,42.85714340210,TRUE,80.85918426514,30.01489257813,7.60936498642,3.37059593201,5.89714193344,1.90816807747,3.00000000000
48,BIRS.NS,Birlasoft Ltd,India,Software,2023,2.55657887459,55.95069885254,8.67300605774,0.02373543754,0.18998183310,0.84603708982,0.40033549070,0.02394483052,-8915657.00000000000,0.45080611110,0.00399424415,0.05185308307,8.50967311859,74836232.75000000000,6.00000000000,42.85714340210,TRUE,71.93257141113,44.84567260742,9.19075489044,3.40314126015,2.59194946289,2.38591766357,3.00000000000
48,BIRS.NS,Birlasoft Ltd,India,Software,2024,2.24551177025,74.27915191650,8.71785545349,0.03383769840,0.17600120604,0.79802513123,0.17912848294,0.04177111387,-7663663.00000000000,0.47145429254,0.00367493695,0.05276365578,-0.66323804855,60475131.66000000000,6.00000000000,42.85714340210,TRUE,85.56410217285,43.69229507446,6.48422384262,3.43082690239,3.20181012154,2.51694154739,3.00000000000
49,BJEL.NS,Bajaj Electricals Ltd,India,Household Durables,2022,1.26972544193,59.65171432495,8.78367805481,0.02013230696,0.58937257528,0.95367497206,0.02797213010,0.05215870589,27105172.00000000000,0.09465205669,0.21618713439,0.09442140162,-6.15438652039,26222200.58000000000,8.00000000000,20.00000000000,TRUE,65.30297088623,51.43624496460,7.60936498642,3.37059593201,5.89714193344,1.90569519997,3.00000000000
49,BJEL.NS,Bajaj Electricals Ltd,India,Household Durables,2023,1.68883955479,63.56900787354,8.66265201569,0.05606222153,0.56286799908,0.90201359987,0.03658323735,0.00916592963,-27293786.00000000000,0.06006751209,0.22727705538,0.16603028774,-6.42718172073,16301991.60000000000,6.00000000000,20.00000000000,TRUE,66.72483062744,52.63771057129,9.19075489044,3.40314126015,2.59194946289,1.90033161640,3.00000000000
49,BJEL.NS,Bajaj Electricals Ltd,India,Household Durables,2024,1.53066265583,56.96284484863,8.69351387024,0.05766310915,0.53247702122,0.90078854561,0.04402165860,0.00503826002,674523.12500000000,0.12930025160,0.19342346489,0.14319385588,1.47595000267,15614347.57000000000,6.00000000000,23.07692337036,TRUE,47.65818405151,54.53482818604,6.48422384262,3.43082690239,3.20181012154,2.58957147598,3.00000000000
50,BLAC.NS,Black Box Ltd,India,IT Services,2022,2.55372118950,51.50218963623,8.56279754639,0.20918753743,0.68064469099,0.75509458780,0.09777247161,0.00000000000,-12385589.00000000000,0.06964787096,0.12660832703,0.13978143036,8.16418075562,2884615.38500000000,9.00000000000,25.00000000000,0,51.99336242676,13.99406051636,7.60936498642,3.37059593201,5.89714193344,1.12627601624,3.00000000000
50,BLAC.NS,Black Box Ltd,India,IT Services,2023,2.78277659416,59.17056655884,8.52270507813,0.25646150112,0.55926787853,0.67639678717,0.13773411512,0.00000000000,1695261.00000000000,0.07023734599,0.09450097382,0.14799691737,-1.52146506310,16517096.58000000000,4.00000000000,25.00000000000,0,58.98479461670,27.14547157288,9.19075489044,3.40314126015,2.59194946289,1.86930418015,3.00000000000
50,BLAC.NS,Black Box Ltd,India,IT Services,2024,2.47598433495,58.94336318970,8.55572891235,0.30665594339,0.44322851300,0.58859688044,0.00000000000,0.07465805858,-36278.52734375000,0.27337461710,0.06825534999,0.11591919512,-7.34387588501,23964891.75000000000,5.00000000000,14.28571414948,0,46.10161972046,66.08895874023,6.48422384262,3.43082690239,3.20181012154,2.35612249374,3.00000000000
51,BLDT.NS,Blue Dart Express Ltd,India,Air Freight & Logistics,2022,4.02738809586,47.59131240845,8.59360504150,0.34754145145,0.34621351957,0.54605865479,0.08401591331,0.00000000000,-10808179.00000000000,0.08833736926,0.01577702910,0.55940043926,8.33767318726,45098588.12000000000,5.00000000000,25.00000000000,TRUE,69.43038940430,41.35716629028,7.60936498642,3.37059593201,5.89714193344,2.00805354118,3.00000000000
51,BLDT.NS,Blue Dart Express Ltd,India,Air Freight & Logistics,2023,3.84679698944,53.34613037109,8.61828327179,0.31002050638,0.43079835176,0.71213632822,0.09027801454,0.00867115520,8501500.00000000000,0.14629377425,0.01877835207,0.52777892351,0.39442306757,36113977.20000000000,10.00000000000,30.00000000000,TRUE,83.27623748779,38.87406539917,9.19075489044,3.40314126015,2.59194946289,1.94682443142,3.00000000000
51,BLDT.NS,Blue Dart Express Ltd,India,Air Freight & Logistics,2024,3.59890103340,53.36645126343,8.63209629059,0.27492654324,0.35982155800,0.62648069859,0.09357026964,0.01173978113,200117.03125000000,0.15708701313,0.01861437783,0.50041770935,5.91841697693,29540081.92000000000,7.00000000000,12.50000000000,TRUE,64.03939819336,42.12805557251,6.48422384262,3.43082690239,3.20181012154,2.20816135406,3.00000000000
52,BLKI.NS,Balkrishna Industries Ltd,India,Automobile Components,2022,3.52945470810,46.40786361694,9.17692470551,0.27102544904,0.27124735713,0.69911473989,0.02069107629,0.00000000000,2846884.25000000000,0.07100980729,0.13503530622,0.54290527105,8.69150066376,128700097.40000000000,6.00000000000,22.22222137451,TRUE,42.79520416260,54.48739242554,7.60936498642,3.37059593201,5.89714193344,1.93868732452,3.00000000000
52,BLKI.NS,Balkrishna Industries Ltd,India,Automobile Components,2023,3.18220233917,46.00510787964,9.21532440186,0.22649209201,0.26748725772,0.75774210691,0.02038552612,0.00000000000,638272.37500000000,0.11364784092,0.09730177373,0.52582401037,-5.37342166901,176543491.30000000000,5.00000000000,25.00000000000,TRUE,54.31378555298,49.06536102295,9.19075489044,3.40314126015,2.59194946289,2.32819104195,3.00000000000
52,BLKI.NS,Balkrishna Industries Ltd,India,Automobile Components,2024,2.80299735069,43.14564132690,9.26237678528,0.20898759365,0.27033847570,0.80552726984,0.01898430288,0.00000000000,657694.56250000000,0.12709239125,0.11397305876,0.50285840034,8.76667213440,193675833.80000000000,6.00000000000,25.00000000000,TRUE,43.78047561646,49.42840576172,6.48422384262,3.43082690239,3.20181012154,2.61450862885,3.00000000000
53,BORO.NS,Borosil Renewables Ltd,India,Semiconductors & Semiconductor Equipment,2022,4.35168695450,35.35681915283,8.29812526703,0.25774011016,0.19749990106,0.45223775506,0.39186912775,0.00000000000,-1217429.37500000000,0.13110323250,0.16216303408,0.63321143389,28.20595741272,8597468.35400000000,6.00000000000,11.11111068726,0,44.08118438721,21.06092453003,7.60936498642,3.37059593201,5.89714193344,1.88789045811,3.00000000000
53,BORO.NS,Borosil Renewables Ltd,India,Semiconductors & Semiconductor Equipment,2023,4.23033332825,56.82710266113,8.30542373657,0.34200602770,0.19343470037,0.40169781446,0.45366260409,0.00000000000,2573173.25000000000,0.11869544536,0.14565888047,0.61853849888,50.97105789185,-6031625.67500000000,8.00000000000,11.11111068726,0,55.10952758789,50.40803527832,9.19075489044,3.40314126015,2.59194946289,1.76623535156,3.00000000000
53,BORO.NS,Borosil Renewables Ltd,India,Semiconductors & Semiconductor Equipment,2024,4.91164684296,55.77982711792,8.23099136353,0.17305473983,0.18025498092,0.57362592220,0.20145101845,0.01123424061,-11112744.00000000000,0.05806105211,0.16348385811,0.62284135818,5.38163566589,-10177413.69000000000,4.00000000000,11.11111068726,0,50.02267456055,50.85912322998,6.48422384262,3.43082690239,3.20181012154,1.86487066746,3.00000000000
54,BORS.NS,Borosil Ltd,India,Household Durables,2022,4.55133199692,29.86103439331,8.01458454132,0.11123187840,0.32108083367,0.80313491821,0.02987724729,0.00000000000,-1732144.62500000000,0.11374160647,0.17495217919,0.46085411310,-18.42877197266,6313644.10900000000,5.00000000000,14.28571414948,TRUE,44.69240951538,10.47994995117,7.60936498642,3.37059593201,5.89714193344,1.88789045811,3.00000000000
54,BORS.NS,Borosil Ltd,India,Household Durables,2023,3.52293324471,50.49247360229,8.11235809326,0.15269424021,0.35628980398,0.76991641521,0.01402568724,0.00000000000,-330629.87500000000,0.07303994894,0.24830108881,0.52864331007,25.24674034119,7902411.51800000000,5.00000000000,14.28571414948,TRUE,55.14945220947,32.43355941772,9.19075489044,3.40314126015,2.59194946289,1.76623535156,3.00000000000
54,BORS.NS,Borosil Ltd,India,Household Durables,2024,3.47439718246,57.77495956421,8.12174797058,0.08228167146,0.22166979313,0.77535927296,0.00496914703,0.00000000000,-485570.50000000000,0.02639674582,0.30792123079,0.52968323231,14.67646026611,8687466.35500000000,7.00000000000,16.66666603088,TRUE,56.82039642334,52.50257110596,6.48422384262,3.43082690239,3.20181012154,1.75471067429,3.00000000000
55,BOSH.NS,Bosch Ltd,India,Automobile Components,2022,6.71427536011,67.85711669922,9.29625415802,0.00327338302,0.30909472704,0.95736771822,0.01809495315,0.01121072099,28724440.00000000000,0.15794435143,0.12501615286,0.09634328634,17.06431388855,173356864.70000000000,5.00000000000,10.00000000000,TRUE,29.45857429504,80.99229431152,7.60936498642,3.37059593201,5.89714193344,2.58455395699,3.00000000000
55,BOSH.NS,Bosch Ltd,India,Automobile Components,2023,6.32335376740,65.18918609619,9.31835651398,0.00226532598,0.29358157516,0.96250659227,0.02261839248,0.01646828279,10089982.00000000000,0.20153208077,0.11091449112,0.07706141472,10.44245052338,298764247.20000000000,5.00000000000,25.00000000000,TRUE,37.62808609009,79.67635345459,9.19075489044,3.40314126015,2.59194946289,2.40535378456,3.00000000000
55,BOSH.NS,Bosch Ltd,India,Automobile Components,2024,5.61500024796,66.13119506836,9.37452220917,0.00584454415,0.28079009056,0.88420611620,0.00376528502,0.01468793675,-12931539.00000000000,0.25980013609,0.09734154493,0.07000607997,5.47487688065,235576360.40000000000,5.00000000000,20.00000000000,TRUE,35.05487060547,88.44815063477,6.48422384262,3.43082690239,3.20181012154,1.59995651245,3.00000000000
56,BRGR.NS,Berger Paints India Ltd,India,Chemicals,2022,7.25575733185,60.33078384399,8.98664379120,0.14923366904,0.37335088849,0.85646623373,0.02884469926,0.00381189305,1566455.75000000000,0.03751699999,0.29108452797,0.39466336370,11.42515373230,104722492.70000000000,6.00000000000,16.66666603088,TRUE,44.94811630249,73.02574157715,7.60936498642,3.37059593201,5.89714193344,1.98551833630,3.00000000000
56,BRGR.NS,Berger Paints India Ltd,India,Chemicals,2023,7.08700418472,56.86008453369,9.00174999237,0.09001321346,0.28230446577,0.79021906853,0.07544518262,0.00741098309,14887822.00000000000,0.06879374385,0.26045745611,0.40216714144,4.45872926712,140350329.90000000000,7.00000000000,18.18181800842,TRUE,28.39927291870,79.34777069092,9.19075489044,3.40314126015,2.59194946289,3.43709254265,3.00000000000
56,BRGR.NS,Berger Paints India Ltd,India,Chemicals,2024,6.53884553909,66.06063842773,9.02883625031,0.07340083271,0.26060050726,0.79922014475,0.07804732770,0.00747072790,1602106.50000000000,0.09729462117,0.25911447406,0.37735390663,0.55424809456,138421299.00000000000,5.00000000000,16.66666603088,TRUE,36.77895736694,83.08264160156,6.48422384262,3.43082690239,3.20181012154,3.56922531128,3.00000000000
57,BRIT.NS,Britannia Industries Ltd,India,Food Products,2022,13.43690586090,54.61660003662,9.05627727509,0.32048109174,0.44205322862,0.71056723595,0.02476296388,0.00000000000,-1114897.75000000000,0.23359686136,0.13183544576,0.27555513382,6.52636051178,281927945.50000000000,6.00000000000,7.69230747223,TRUE,44.55882644653,56.70234298706,7.60936498642,3.37059593201,5.89714193344,2.16903400421,3.00000000000
57,BRIT.NS,Britannia Industries Ltd,India,Food Products,2023,14.02183818817,53.36005020142,9.03687191010,0.22757990658,0.45014414191,0.79586482048,0.07903221995,0.00000000000,26309538.00000000000,0.21282364428,0.13258191943,0.30753970146,1.40671765804,256055189.00000000000,7.00000000000,7.69230747223,TRUE,42.54799652100,55.06609344482,9.19075489044,3.40314126015,2.59194946289,2.51427268982,3.00000000000
57,BRIT.NS,Britannia Industries Ltd,India,Food Products,2024,15.32442092896,48.92450714111,9.01466941833,0.14103105664,0.40937256813,0.80713742971,0.03669719771,0.00000000000,-22727912.00000000000,0.13377740979,0.14240683615,0.31948792934,4.36778068542,254869514.30000000000,7.00000000000,6.66666650772,TRUE,33.39373397827,55.52162170410,6.48422384262,3.43082690239,3.20181012154,2.04400444031,3.00000000000
58,BRLC.NS,Birla Corporation Ltd,India,Construction Materials,2022,0.66714495420,24.70369338989,9.23369503021,0.31710296869,0.16586069763,0.28846067190,0.08847938478,0.00000000000,14863681.00000000000,0.04493005201,0.08942303061,0.64907377958,7.50107240677,4929406.03700000000,6.00000000000,11.11111068726,TRUE,21.27313995361,22.15078163147,7.60936498642,3.37059593201,5.89714193344,2.48447561264,3.00000000000
58,BRLC.NS,Birla Corporation Ltd,India,Construction Materials,2023,0.65122729540,30.08341789246,9.23854637146,0.27039512992,0.17445071042,0.32443574071,0.02968551591,0.00568294805,-5967606.50000000000,0.05351500958,0.08043546230,0.63926929235,9.70361423492,50457108.58000000000,7.00000000000,12.50000000000,TRUE,41.05400085449,19.88506698608,9.19075489044,3.40314126015,2.59194946289,2.24531745911,3.00000000000
58,BRLC.NS,Birla Corporation Ltd,India,Construction Materials,2024,0.65855497122,34.48524093628,9.22456264496,0.24343012273,0.18735142052,0.36700242758,0.00000000000,0.00882566627,-4554710.50000000000,0.09309934825,0.06747364253,0.63477665186,-6.98233222961,34548858.98000000000,7.00000000000,27.27272796631,TRUE,35.59566116333,32.78863525391,6.48422384262,3.43082690239,3.20181012154,2.53864407539,3.00000000000
60,BRSN.NS,Bharat Rasayan Ltd,India,Chemicals,2022,3.80050110817,20.55238342285,8.11618995667,0.02602121048,0.15882113576,0.94565916061,0.00000000000,0.01730993763,2221214.75000000000,0.04171255231,0.30095455050,0.21896651387,-12.36129379272,15166686.95000000000,6.00000000000,8.33333301544,TRUE,17.87708091736,10.38821697235,7.60936498642,3.37059593201,5.89714193344,2.20956921577,3.00000000000
60,BRSN.NS,Bharat Rasayan Ltd,India,Chemicals,2023,3.37525844574,19.95643424988,8.15735054016,0.06720455736,0.16455651820,0.94028037786,0.01235690620,0.02505330183,1661739.62500000000,0.11453238130,0.23068277538,0.19729466736,-16.57818603516,11459148.17000000000,5.00000000000,10.00000000000,TRUE,27.95378303528,8.43982410431,9.19075489044,3.40314126015,2.59194946289,2.56107258797,3.00000000000
60,BRSN.NS,Bharat Rasayan Ltd,India,Chemicals,2024,2.97562980652,25.82196998596,8.21693515778,0.06051879749,0.18526218832,0.93791264296,0.00000000000,0.03935228661,2689151.50000000000,0.23290821910,0.21392139792,0.17376428843,9.52968120575,16491737.86000000000,5.00000000000,9.09090900421,TRUE,14.76760101318,31.69158554077,6.48422384262,3.43082690239,3.20181012154,2.47444105148,3.00000000000
61,BRTI.NS,Bharti Airtel Ltd,India,Wireless Telecommunication Services,2022,2.44187879562,69.03722381592,10.73529052734,0.50605350733,0.27307373285,0.33046224713,0.02429245412,0.00944085699,197504864.00000000000,0.03262710944,0.00136129605,0.36025086045,10.29494571686,1495545278.00000000000,11.00000000000,25.00000000000,TRUE,88.84698486328,70.45687866211,7.60936498642,3.37059593201,5.89714193344,2.97007465363,3.00000000000
61,BRTI.NS,Bharti Airtel Ltd,India,Wireless Telecommunication Services,2023,2.47820448875,68.65319061279,10.72699642181,0.48498821259,0.31194180250,0.38251897693,0.02512118965,0.00772049604,3683263.25000000000,0.02424331568,0.00166467601,0.38570201397,6.24980545044,1026754649.00000000000,5.00000000000,27.27272796631,TRUE,91.31632995605,69.28917694092,9.19075489044,3.40314126015,2.59194946289,2.81300520897,3.00000000000
61,BRTI.NS,Bharti Airtel Ltd,India,Wireless Telecommunication Services,2024,2.16552519798,65.46746826172,10.77955532074,0.41535487771,0.35080501437,0.45032536983,0.02456547879,0.00325258309,187361024.00000000000,0.02173343860,0.00246441993,0.41626474261,12.50250339508,4386342891.00000000000,5.00000000000,27.27272796631,TRUE,80.14096069336,67.91043090820,6.48422384262,3.43082690239,3.20181012154,2.30669188499,3.00000000000
64,CAST.NS,Castrol India Ltd,India,Chemicals,2022,6.29616117477,53.48266220093,8.56940364838,0.01627560705,0.36464852095,0.94600921869,0.16583713889,0.12020488828,44763472.00000000000,0.39965826273,0.17826269567,0.10354479402,2.53416085243,98546852.52000000000,5.00000000000,18.18181800842,TRUE,81.10592651367,38.99823379517,7.60936498642,3.37059593201,5.89714193344,2.12702393532,3.00000000000
64,CAST.NS,Castrol India Ltd,India,Chemicals,2023,5.69769144058,52.84774398804,8.61394596100,0.02250046097,0.35539907217,0.93622136116,0.18081517518,0.07995485514,-7367472.00000000000,0.38335239887,0.15806171298,0.10673318058,5.68158864975,103874263.70000000000,4.00000000000,18.18181800842,TRUE,76.40348815918,43.76092910767,9.19075489044,3.40314126015,2.59194946289,1.79750347137,3.00000000000
64,CAST.NS,Castrol India Ltd,India,Chemicals,2024,5.33733415604,54.13778686523,8.62829875946,0.02256216109,0.34941640496,0.93611264229,0.18332113326,0.06052061915,-4715150.50000000000,0.39329975843,0.15033464134,0.10381014645,2.79824900627,108379503.00000000000,6.00000000000,25.00000000000,TRUE,74.88208770752,43.30175781250,6.48422384262,3.43082690239,3.20181012154,1.51815938950,3.00000000000
65,CCLP.NS,CCL Products (India) Ltd,India,Food Products,2022,4.25817775726,31.87227821350,8.49980068207,0.35411161184,0.32152575254,0.75932294130,0.09892347455,0.00000000000,3629308.75000000000,0.03686459735,0.24610084295,0.50480949879,30.87563133240,34562280.92000000000,6.00000000000,16.66666603088,TRUE,51.01189804077,16.24076461792,7.60936498642,3.37059593201,5.89714193344,1.30732953548,3.00000000000
65,CCLP.NS,CCL Products (India) Ltd,India,Food Products,2023,3.14768481255,32.86024856567,8.62759590149,0.45881798863,0.36121040583,0.68589681387,0.13238656521,0.00000000000,10376233.00000000000,0.06417999417,0.23258545995,0.49564939737,26.29361343384,30003335.33000000000,6.00000000000,16.66666603088,FALSE,48.57256698608,15.01901149750,9.19075489044,3.40314126015,2.59194946289,1.72980868816,3.00000000000
65,CCLP.NS,CCL Products (India) Ltd,India,Food Products,2024,2.65892243385,39.47546005249,8.69575405121,0.42791542411,0.38591915369,0.71981292963,0.05923146009,0.00000000000,-8442680.00000000000,0.02674279176,0.27735388279,0.48858228326,14.15844917297,36317893.50000000000,5.00000000000,15.38461494446,FALSE,69.62487792969,14.71055984497,6.48422384262,3.43082690239,3.20181012154,3.06043243408,3.00000000000
66,CCRI.NS,Container Corporation of India Ltd,India,Ground Transportation,2022,2.91575407982,47.46300125122,9.21454429626,0.05779008195,0.10027375072,0.60305237770,0.23701284826,0.00176235498,-5014605.50000000000,0.22698317468,0.00276124501,0.47825315595,-1.38380527496,140254381.70000000000,6.00000000000,7.69230747223,TRUE,11.96924591064,51.37704467773,7.60936498642,3.37059593201,5.89714193344,1.52545642853,3.00000000000
66,CCRI.NS,Container Corporation of India Ltd,India,Ground Transportation,2023,2.81073379517,45.35161209106,9.22640132904,0.06686831266,0.08873745799,0.56243592501,0.15362447500,0.00014959399,-18028794.00000000000,0.23883296549,0.00357742188,0.49084416032,4.41594696045,147815237.00000000000,8.00000000000,9.09090900421,TRUE,8.45459747314,47.90043258667,9.19075489044,3.40314126015,2.59194946289,1.39031314850,3.00000000000
66,CCRI.NS,Container Corporation of India Ltd,India,Ground Transportation,2024,2.71172022820,43.60872650146,9.22893238068,0.05951006711,0.08149631321,0.56293421984,0.00000000000,0.25304868817,19760094.00000000000,0.27889147401,0.00344918808,0.51260751486,0.17570637167,147419543.60000000000,7.00000000000,7.69230747223,TRUE,11.25409603119,41.14740753174,6.48422384262,3.43082690239,3.20181012154,2.01430487633,3.00000000000
67,CEAT.NS,CEAT Ltd,India,Automobile Components,2022,1.25877821445,30.83737182617,9.06886768341,0.23842029274,0.43046250939,0.66973054409,0.01322501060,0.00060345902,4485151.00000000000,0.00611355295,0.11817616224,0.68311238289,11.63625717163,22199367.09000000000,5.00000000000,9.09090900421,TRUE,39.03334808350,31.16739654541,7.60936498642,3.37059593201,5.89714193344,2.05821490288,3.00000000000
67,CEAT.NS,CEAT Ltd,India,Automobile Components,2023,1.23810160160,38.08488464355,9.07885551453,0.17924858630,0.43355444074,0.72803092003,0.01097351592,0.00076141901,-655069.00000000000,0.00564742787,0.11511231214,0.68366402388,4.04848480225,76218356.33000000000,5.00000000000,9.09090900421,TRUE,40.87884521484,32.56639480591,9.19075489044,3.40314126015,2.59194946289,2.37704062462,3.00000000000
67,CEAT.NS,CEAT Ltd,India,Automobile Components,2024,1.06940782070,48.05802536011,9.11798572540,0.19053743780,0.46064218879,0.75467646122,0.00826153532,0.00047001601,-844938.56250000000,0.00467875693,0.12589019537,0.65673863888,7.95036792755,55163253.36000000000,6.00000000000,16.66666603088,TRUE,65.84379577637,34.53250503540,6.48422384262,3.43082690239,3.20181012154,2.01144623756,3.00000000000
69,CERA.NS,Cera Sanitaryware Ltd,India,Building Products,2022,4.72402286530,29.76268959045,8.30978012085,0.03166581318,0.23467734456,0.78068518639,0.02868983336,0.00000000000,-317392.90625000000,0.39061510563,0.22814941406,0.21223577857,15.22358512878,25687792.11000000000,6.00000000000,25.00000000000,0,29.62648010254,30.84805297852,7.60936498642,3.37059593201,5.89714193344,1.48291862011,3.00000000000
69,CERA.NS,Cera Sanitaryware Ltd,India,Building Products,2023,4.30007839203,49.42317962646,8.34521484375,0.02409454808,0.20610505342,0.76114225388,0.02160594799,0.00325191999,1165015.00000000000,0.47202286124,0.20508897305,0.20829072595,2.73241949081,28952285.54000000000,4.00000000000,22.22222137451,TRUE,44.33340835571,60.61527252197,9.19075489044,3.40314126015,2.59194946289,1.48763096333,3.00000000000
69,CERA.NS,Cera Sanitaryware Ltd,India,Building Products,2024,4.26154804230,50.43988037109,8.33849334717,0.03616087139,0.19923731685,0.72866791487,0.02577130683,0.00000000000,-1338022.25000000000,0.37039136887,0.22748774290,0.21866954863,-0.03168043122,29105956.70000000000,4.00000000000,20.00000000000,TRUE,45.42536544800,66.01369476318,6.48422384262,3.43082690239,3.20181012154,2.04338026047,3.00000000000
70,CGPO.NS,CG Power and Industrial Solutions Ltd,India,Electrical Equipment,2022,21.75723266602,54.15752792358,8.75083732605,0.00357520091,0.44621968269,0.72768265009,0.07025561482,0.11593157053,38294792.00000000000,0.15666434169,0.12821255624,0.17060947418,17.46815490723,96924294.06000000000,9.00000000000,12.50000000000,TRUE,65.74221038818,38.94420242310,7.60936498642,3.37059593201,5.89714193344,1.67161536217,3.00000000000
70,CGPO.NS,CG Power and Industrial Solutions Ltd,India,Electrical Equipment,2023,18.03762626648,52.43196868896,8.82927417755,0.00312136696,0.44150814414,0.95227158070,0.04301456362,0.01653115824,-61368928.00000000000,0.30898877978,0.14656738937,0.16326385736,13.74773597717,104513497.30000000000,5.00000000000,25.00000000000,TRUE,63.14717102051,41.56018829346,9.19075489044,3.40314126015,2.59194946289,2.17284321785,3.00000000000
70,CGPO.NS,CG Power and Industrial Solutions Ltd,India,Electrical Equipment,2024,13.89965248108,51.21409606934,8.93852043152,0.00553992298,0.42141976953,0.87478172779,0.13101385534,0.00000000000,24543008.00000000000,0.29134732485,0.16405534744,0.17394199967,20.12392616272,113865418.40000000000,5.00000000000,25.00000000000,TRUE,61.46003341675,37.66007614136,6.48422384262,3.43082690239,3.20181012154,2.29941964149,3.00000000000
71,CIEA.NS,CIE Automotive India Ltd,India,Automobile Components,2022,1.44249188900,44.97964477539,9.07927989960,0.09916098416,0.41473364830,0.85254049301,0.01675733365,0.00000000000,-749543.62500000000,0.05654503033,0.12319329381,0.28536608815,16.48011589050,85991996.81000000000,5.00000000000,9.09090900421,TRUE,60.67654037476,32.20212173462,7.60936498642,3.37059593201,5.89714193344,1.86967551708,3.00000000000
71,CIEA.NS,CIE Automotive India Ltd,India,Automobile Components,2023,1.47256398201,46.34241867065,9.06946372986,0.08762779832,0.31784135103,0.82214742899,0.06676775962,0.00000000000,6150499.00000000000,0.09927649051,0.12096080929,0.30559182167,5.42194652557,95880514.48000000000,7.00000000000,10.00000000000,TRUE,77.74920654297,31.92293739319,9.19075489044,3.40314126015,2.59194946289,1.58338105679,3.00000000000
71,CIEA.NS,CIE Automotive India Ltd,India,Automobile Components,2024,1.46685969830,44.82326889038,9.05758857727,0.05834792554,0.22326877713,0.68332862854,0.07748901099,0.01320568193,10678519.00000000000,0.12842735648,0.11342606694,0.31592139602,-6.07707929611,95881665.38000000000,5.00000000000,25.00000000000,TRUE,72.38203430176,31.90949630737,6.48422384262,3.43082690239,3.20181012154,1.79522001743,3.00000000000
72,CIPL.NS,Cipla Ltd,India,Pharmaceuticals,2022,4.10843276978,82.64665222168,9.55462074280,0.02725833654,0.17342501879,0.84380644560,0.10644523054,0.00284184190,-11779455.00000000000,0.21349547803,0.18218915164,0.19278064370,-3.41609358788,345118062.30000000000,7.00000000000,25.00000000000,TRUE,83.05374908447,72.47749328613,7.60936498642,3.37059593201,5.89714193344,2.28153276443,3.00000000000
72,CIPL.NS,Cipla Ltd,India,Pharmaceuticals,2023,3.76193499565,86.64174652100,9.59387874603,0.01709802262,0.16033372283,0.87263846397,0.11697805673,0.00080781698,-5877624.50000000000,0.26667591929,0.16656824946,0.18134735525,11.65989398956,498537492.50000000000,8.00000000000,16.66666603088,TRUE,85.65541839600,77.20685577393,9.19075489044,3.40314126015,2.59194946289,2.63677716255,3.00000000000
72,CIPL.NS,Cipla Ltd,India,Pharmaceuticals,2024,3.32896065712,88.59213256836,9.64100933075,0.01172037236,0.14668077230,0.88542509079,0.10521958768,0.00031214001,3547103.50000000000,0.31653311849,0.15636460483,0.17318889499,4.25437259674,619198361.60000000000,12.00000000000,18.18181800842,TRUE,92.39005279541,77.72097778320,6.48422384262,3.43082690239,3.20181012154,2.69567823410,3.00000000000
73,CLEA.NS,Clean Science and Technology Ltd,India,Chemicals,2022,10.01578044891,43.57297515869,8.14672851563,0.00178672001,0.10028728098,0.81444245577,0.00000000000,0.01082537323,-5535784.00000000000,0.33978980780,0.09698645025,0.41671738029,26.22740173340,35926971.76000000000,8.00000000000,12.50000000000,TRUE,57.42272567749,44.77805328369,7.60936498642,3.37059593201,5.89714193344,1.43710184097,3.00000000000
73,CLEA.NS,Clean Science and Technology Ltd,India,Chemicals,2023,8.45322227478,45.71027374268,8.22482109070,0.00145134097,0.11499343067,0.82254874706,0.06493950635,0.00000000000,-236592.68750000000,0.26784360409,0.08989451826,0.49525776505,-16.62901306152,29277264.55000000000,4.00000000000,12.50000000000,TRUE,54.67866516113,46.02190399170,9.19075489044,3.40314126015,2.59194946289,1.66115224361,3.00000000000
73,CLEA.NS,Clean Science and Technology Ltd,India,Chemicals,2024,7.31405019760,47.51372909546,8.27450942993,0.00132358097,0.09675697982,0.81299650669,0.12555766106,0.00031037000,1121825.62500000000,0.25400114059,0.09347601235,0.46116957068,19.12897491455,30942656.52000000000,4.00000000000,12.50000000000,TRUE,56.39216232300,49.63530349731,6.48422384262,3.43082690239,3.20181012154,1.83751702309,3.00000000000
74,CMSN.NS,CMS Info Systems Ltd,India,Commercial Services & Supplies,2022,3.24070525169,33.80836486816,8.40781211853,0.09677016735,0.17334736884,0.67606091499,0.18025378883,0.01903650537,3890822.75000000000,0.19273304939,0.04627964646,0.32012358308,11.02955341339,36177702.04000000000,0.00000000000,37.50000000000,TRUE,49.16787719727,11.22615337372,7.60936498642,3.37059593201,5.89714193344,1.27148449421,3.00000000000
74,CMSN.NS,CMS Info Systems Ltd,India,Commercial Services & Supplies,2023,2.62107157707,41.81124877930,8.50373458862,0.06802872568,0.20747226477,0.77493274212,0.28871402144,0.01466979366,7521775.50000000000,0.31167164445,0.05938220024,0.24005199969,16.58791923523,41648590.28000000000,5.00000000000,37.50000000000,TRUE,50.03509902954,16.98033714294,9.19075489044,3.40314126015,2.59194946289,1.16917514801,3.00000000000
74,CMSN.NS,CMS Info Systems Ltd,India,Commercial Services & Supplies,2024,2.22553944588,45.64073944092,8.56243228912,0.06074955687,0.22118167579,0.80860310793,0.38394221663,0.00017628600,8407724.00000000000,0.29012417793,0.03556977585,0.25615367293,4.42757368088,43587712.11000000000,4.00000000000,33.33333206177,TRUE,47.08737182617,29.00195312500,6.48422384262,3.43082690239,3.20181012154,1.16917514801,3.00000000000
75,CNTP.NS,Century Plyboards (India) Ltd,India,Paper & Forest Products,2022,5.71145391464,32.88371276855,8.51931095123,0.12029268593,0.27862817049,0.93549144268,0.01867282763,0.00000000000,-351472.75000000000,0.10776099563,0.20648640394,0.47755843401,11.29037570953,45883227.85000000000,4.00000000000,12.50000000000,TRUE,45.24515151978,26.95257568359,7.60936498642,3.37059593201,5.89714193344,2.26713037491,3.00000000000
75,CNTP.NS,Century Plyboards (India) Ltd,India,Paper & Forest Products,2023,4.41552686691,35.22390365601,8.62963676453,0.21703678370,0.30531352758,0.80890554190,0.03752150014,0.00000000000,3187222.50000000000,0.01495944429,0.18816891313,0.61144518852,5.04325294495,39031217.76000000000,4.00000000000,12.50000000000,TRUE,26.76890563965,35.80944061279,9.19075489044,3.40314126015,2.59194946289,2.63064861298,3.00000000000
75,CNTP.NS,Century Plyboards (India) Ltd,India,Paper & Forest Products,2024,3.51111531258,34.90570449829,8.73036861420,0.34538608789,0.35392424464,0.72967714071,0.01240886375,0.00000000000,-2402200.00000000000,0.01934912987,0.22373673320,0.60185748339,13.65367031097,21776746.64000000000,4.00000000000,12.50000000000,TRUE,22.58988380432,35.71922683716,6.48422384262,3.43082690239,3.20181012154,2.69104790688,3.00000000000
76,COFO.NS,Coforge Ltd,India,IT Services,2022,9.67874622345,57.49606704712,8.83994770050,0.09891965985,0.30603161454,0.66873008013,0.31667912006,0.00336066401,14982960.00000000000,0.10747866333,0.00000000000,0.12080796808,15.11321163177,90688899.71000000000,9.00000000000,12.50000000000,TRUE,64.41539764404,34.17434692383,7.60936498642,3.37059593201,5.89714193344,1.31819283962,3.00000000000
76,COFO.NS,Coforge Ltd,India,IT Services,2023,9.19465351105,49.99105453491,8.86497211456,0.11886634678,0.25074905157,0.61726653576,0.19477635622,0.00376573810,-29826034.00000000000,0.05770313367,0.00000000000,0.12490790337,10.80127048492,101847630.50000000000,7.00000000000,12.50000000000,TRUE,51.73788452148,37.01003646851,9.19075489044,3.40314126015,2.59194946289,1.28780817986,3.00000000000
76,COFO.NS,Coforge Ltd,India,IT Services,2024,4.54338741302,56.30932235718,9.16487503052,0.08569575846,0.21916306019,0.44792604446,0.00000000000,0.07070861012,55506144.00000000000,0.17286363244,0.00000000000,0.09014707059,30.47702407837,112755997.70000000000,9.00000000000,12.50000000000,TRUE,57.50145721436,46.88053894043,6.48422384262,3.43082690239,3.20181012154,1.69956099987,3.00000000000
78,COLG.NS,Colgate-Palmolive (India) Ltd,India,Personal Care Products,2022,20.40870475769,65.42578887939,8.54518222809,0.02392013744,0.37621900439,0.92973661423,0.00893719681,0.27622827888,9979357.00000000000,0.28303927183,0.12586605549,0.33849447966,-5.32756710052,127452105.60000000000,4.00000000000,36.36363601685,TRUE,77.63660430908,52.90379333496,7.60936498642,3.37059593201,5.89714193344,1.95123910904,3.00000000000
78,COLG.NS,Colgate-Palmolive (India) Ltd,India,Personal Care Products,2023,18.48443794250,66.77342224121,8.58377265930,0.02244601212,0.38771608472,0.93735969067,0.03866565973,0.26312091947,9950402.00000000000,0.45724537969,0.10531295836,0.28291633725,7.13962745667,158807390.50000000000,6.00000000000,50.00000000000,TRUE,74.67321777344,62.32741928101,9.19075489044,3.40314126015,2.59194946289,1.89923548698,3.00000000000
78,COLG.NS,Colgate-Palmolive (India) Ltd,India,Personal Care Products,2024,20.07294845581,68.01203918457,8.54808616638,0.02015537210,0.42309719324,0.94317913055,0.03141394258,0.20804028213,-25850204.00000000000,0.32131198049,0.13747328520,0.26995411515,3.71978521347,168146284.40000000000,5.00000000000,41.66666793823,TRUE,76.55211639404,61.91021347046,6.48422384262,3.43082690239,3.20181012154,2.03538775444,3.00000000000
80,CRAF.NS,Craftsman Automation Ltd,India,Machinery,2022,4.02282667160,28.89371871948,8.66589069366,0.32580015063,0.32636234164,0.51130121946,0.02199022844,0.00000000000,-3263145.00000000000,0.00943932496,0.22932866216,0.53257662058,32.61779403687,30545277.51000000000,6.00000000000,28.57142829895,TRUE,68.71450042725,10.50941848755,7.60936498642,3.37059593201,5.89714193344,1.00000000000,3.00000000000
80,CRAF.NS,Craftsman Automation Ltd,India,Machinery,2023,3.29932904243,30.40094184875,8.75172233582,0.37291052938,0.32530272007,0.50226724148,0.04147531837,0.00000000000,4339532.00000000000,0.01661118306,0.22921793163,0.54210603237,37.88009643555,40471505.70000000000,5.00000000000,33.33333206177,TRUE,62.47938537598,13.52204513550,9.19075489044,3.40314126015,2.59194946289,1.46915745735,3.00000000000
80,CRAF.NS,Craftsman Automation Ltd,India,Machinery,2024,2.34027767181,31.18609809875,8.92055034637,0.33137074113,0.33552309871,0.56053948402,0.04080025852,0.00000000000,3970743.00000000000,0.02034284361,0.19357430935,0.53312754631,24.68483161926,23507314.22000000000,7.00000000000,33.33333206177,TRUE,62.24540328979,15.48189640045,6.48422384262,3.43082690239,3.20181012154,1.74710726738,3.00000000000
81,CRBR.NS,Carborundum Universal Ltd,India,Chemicals,2022,4.23062992096,35.23801803589,8.67911624908,0.07064872980,0.18807521462,0.66864031553,0.53702402115,0.00000000000,5947785.00000000000,0.11075427383,0.23992834985,0.28855529428,29.32482910156,53760710.81000000000,10.00000000000,12.50000000000,TRUE,52.21599578857,30.07300186157,7.60936498642,3.37059593201,5.89714193344,2.54834461212,3.00000000000
81,CRBR.NS,Carborundum Universal Ltd,India,Chemicals,2023,4.05672740936,45.60459899902,8.69734096527,0.04140129685,0.16180162132,0.65463453531,0.82597678900,0.00000000000,19017036.00000000000,0.13974179327,0.21292304993,0.28026694059,-0.41312080622,57130533.89000000000,8.00000000000,12.50000000000,TRUE,58.45669174194,43.91432571411,9.19075489044,3.40314126015,2.59194946289,2.01195573807,3.00000000000
81,CRBR.NS,Carborundum Universal Ltd,India,Chemicals,2024,3.61329507828,36.47951507568,8.73511409760,0.04659494758,0.15448217094,0.64351654053,0.52687001228,0.00000000000,-20708134.00000000000,0.08894807100,0.23447367549,0.28893396258,1.52604842186,34956816.85000000000,8.00000000000,14.28571414948,TRUE,31.25470924377,39.56220245361,6.48422384262,3.43082690239,3.20181012154,2.17755317688,3.00000000000
82,CROP.NS,Crompton Greaves Consumer Electricals Ltd,India,Household Durables,2022,3.39283514023,63.80689239502,8.83772850037,0.17775620520,0.30718037486,0.58005172014,0.03963314742,0.00141481997,-11536027.00000000000,0.09578929096,0.13753817976,0.08655691147,17.65262985229,57984420.64000000000,9.00000000000,22.22222137451,TRUE,79.28382110596,55.97652053833,7.60936498642,3.37059593201,5.89714193344,1.92016959190,3.00000000000
82,CROP.NS,Crompton Greaves Consumer Electricals Ltd,India,Household Durables,2023,3.25312399864,65.85615539551,8.86311912537,0.11233536899,0.33925876021,0.66944074631,0.02945809253,0.01829751581,11424115.00000000000,0.16407009959,0.14139960706,0.08002860844,4.93177843094,53002999.40000000000,7.00000000000,22.22222137451,TRUE,69.37900543213,54.49719619751,9.19075489044,3.40314126015,2.59194946289,2.14594006538,3.00000000000
82,CROP.NS,Crompton Greaves Consumer Electricals Ltd,India,Household Durables,2024,3.22376275063,68.11691284180,8.86967658997,0.07560925931,0.33930405974,0.73060399294,0.05293054879,0.01421850361,3700409.50000000000,0.17078304291,0.14247730374,0.09569685161,4.88850593567,66012873.03000000000,8.00000000000,22.22222137451,TRUE,74.95386505127,57.84093093872,6.48422384262,3.43082690239,3.20181012154,2.21239233017,3.00000000000
83,CSFL.NS,Cosmo First Ltd,India,Containers & Packaging,2022,0.79237174988,30.61660766602,8.58058834076,0.29796954989,0.32060477138,0.54805546999,0.03284769878,0.00000000000,-1546981.50000000000,0.14918512106,0.17480266094,0.50938814878,-6.79967927933,29696932.81000000000,6.00000000000,11.11111068726,FALSE,37.15853500366,29.33454132080,7.60936498642,3.37059593201,5.89714193344,1.60017430782,3.00000000000
83,CSFL.NS,Cosmo First Ltd,India,Containers & Packaging,2023,0.71400475502,28.85262298584,8.62660598755,0.29707810283,0.32968994975,0.53344649076,0.02127934061,0.00000000000,-982603.50000000000,0.12960840762,0.14714302123,0.54432713985,-16.79742622375,7461307.73800000000,6.00000000000,11.11111068726,FALSE,35.16736984253,28.61778450012,9.19075489044,3.40314126015,2.59194946289,1.71851420403,3.00000000000
83,CSFL.NS,Cosmo First Ltd,India,Containers & Packaging,2024,0.61433899403,28.28949546814,8.68368911743,0.34866586328,0.30224400759,0.46897134185,0.00000000000,0.00650943816,-682270.31250000000,0.12032645196,0.14644902945,0.57653498650,9.14493942261,15607957.87000000000,5.00000000000,10.00000000000,FALSE,35.25495910645,27.42873573303,6.48422384262,3.43082690239,3.20181012154,1.35399436951,3.00000000000
84,CUMM.NS,Cummins India Ltd,India,Machinery,2022,12.89739990234,68.72029876709,8.98398971558,0.04749426618,0.23872154951,0.87500000000,0.08816356957,0.02904918045,26686952.00000000000,0.31508010626,0.11411808431,0.15283684433,16.35291290283,149482716.70000000000,5.00000000000,12.50000000000,TRUE,88.13729858398,47.61899566650,7.60936498642,3.37059593201,5.89714193344,1.83095800877,3.00000000000
84,CUMM.NS,Cummins India Ltd,India,Machinery,2023,11.41128826141,65.92925262451,9.03191184998,0.01415527146,0.22929911315,0.87224948406,0.06043958664,0.01957190782,-11613677.00000000000,0.33332490921,0.10586354882,0.14381568134,14.14822578430,206428314.30000000000,6.00000000000,40.00000000000,TRUE,89.39512634277,41.16704177856,9.19075489044,3.40314126015,2.59194946289,2.32304596901,3.00000000000
84,CUMM.NS,Cummins India Ltd,India,Machinery,2024,10.20047569275,76.88144683838,9.07554435730,0.00291685411,0.22210475802,0.86628001928,0.04071340337,0.01406698488,-7389116.50000000000,0.37277463078,0.09874327481,0.13477616012,12.61228370667,234047981.30000000000,5.00000000000,55.55555725098,TRUE,90.31487274170,61.14953613281,6.48422384262,3.43082690239,3.20181012154,1.94803214073,3.00000000000
85,CYIE.NS,Cyient Ltd,India,IT Services,2022,1.95008444786,66.95433044434,8.90145492554,0.18597760797,0.30895984173,0.65655219555,0.27527061105,0.00943785161,-68354432.00000000000,0.15254591405,0.07748812437,0.11114674807,22.56603431702,62609542.36000000000,6.00000000000,9.09090900421,TRUE,66.32706451416,47.43720245361,7.60936498642,3.37059593201,5.89714193344,2.04714155197,3.00000000000
85,CYIE.NS,Cyient Ltd,India,IT Services,2023,1.86501109600,74.96776580811,8.92441558838,0.11245644838,0.23674967885,0.60393369198,0.26880162954,0.00515449187,-9262148.00000000000,0.14656156301,0.07726026326,0.11064309627,17.10896682739,84319136.17000000000,9.00000000000,12.50000000000,TRUE,77.53765106201,50.89429092407,9.19075489044,3.40314126015,2.59194946289,1.71202039719,3.00000000000
85,CYIE.NS,Cyient Ltd,India,IT Services,2024,1.68188023567,71.89816284180,8.95447444916,0.06672211736,0.17805993557,0.57444131374,0.23837676644,0.09626231343,69935632.00000000000,0.20441345870,0.08451381326,0.09934239835,0.45209962130,75868929.20000000000,5.00000000000,11.11111068726,TRUE,71.69608306885,49.50696182251,6.48422384262,3.43082690239,3.20181012154,2.09135198593,3.00000000000
87,CHMB.NS,Chambal Fertilisers and Chemicals Ltd,India,Chemicals,2022,1.65759968758,34.09204483032,9.19153308868,0.26298993826,0.24683810771,0.55281692743,0.01169998758,0.00000392000,-60259252.00000000000,0.13041779399,0.10929462314,0.49824628234,59.67058563232,125826436.20000000000,5.00000000000,22.22222137451,TRUE,31.13359832764,28.56355857849,7.60936498642,3.37059593201,5.89714193344,1.66340780258,3.00000000000
87,CHMB.NS,Chambal Fertilisers and Chemicals Ltd,India,Chemicals,2023,1.84095203876,37.32801818848,9.14013099670,0.16282343864,0.17695675790,0.48084723949,0.01793193445,0.00637242105,8749850.00000000000,0.15791548789,0.11042517424,0.57372903824,-36.23295211792,153059388.10000000000,4.00000000000,12.50000000000,TRUE,46.10703277588,25.89459991455,9.19075489044,3.40314126015,2.59194946289,1.58843469620,3.00000000000
87,CHMB.NS,Chambal Fertilisers and Chemicals Ltd,India,Chemicals,2024,1.89341223240,35.92433166504,9.12544822693,0.00865806174,0.10293327272,0.43832245469,0.08571452647,0.00062331703,-246928.03125000000,0.08817318827,0.15970161557,0.60205090046,-9.62520217896,193023990.60000000000,8.00000000000,12.50000000000,TRUE,33.49612426758,23.94828224182,6.48422384262,3.43082690239,3.20181012154,1.89443063736,3.00000000000
88,CHPA.NS,Chemplast Sanmar Ltd,India,Chemicals,2022,1.11934709549,35.65967178345,8.85151195526,0.17461884022,0.38280591369,0.56163293123,0.11507597566,0.14628981054,13538218.00000000000,0.18638081849,0.11515444517,0.61467903852,-22.52716255188,18543086.66000000000,7.00000000000,8.33333301544,TRUE,20.50236129761,39.01995468140,7.60936498642,3.37059593201,5.89714193344,1.55579638481,3.00000000000
88,CHPA.NS,Chemplast Sanmar Ltd,India,Chemicals,2023,1.07788872719,37.74288177490,8.85943317413,0.25662240386,0.41184353828,0.57360291481,0.06915934384,0.08563255519,-46375524.00000000000,0.11728655547,0.10006301850,0.67931777239,-21.73834419250,-19007798.44000000000,5.00000000000,12.50000000000,TRUE,27.58914947510,33.06446456909,9.19075489044,3.40314126015,2.59194946289,2.14610004425,3.00000000000
88,CHPA.NS,Chemplast Sanmar Ltd,India,Chemicals,2024,0.99770998955,45.62027359009,8.88141441345,0.28320255876,0.41746282578,0.61217290163,0.08120552450,0.05141630396,-19849034.00000000000,0.09497700632,0.10667687654,0.71196752787,8.06228828430,-12915155.06000000000,5.00000000000,12.50000000000,TRUE,36.20220565796,42.65901184082,6.48422384262,3.43082690239,3.20181012154,1.75200390816,3.00000000000
89,DABU.NS,Dabur India Ltd,India,Personal Care Products,2022,6.30566024780,71.36751556396,9.22061157227,0.08596441895,0.26434248686,0.77106285095,0.03130411357,0.00247759488,-15774099.00000000000,0.07908719033,0.15144309402,0.17670166492,-2.26597189903,207075219.10000000000,5.00000000000,7.14285707474,TRUE,89.83666992188,56.47644805908,7.60936498642,3.37059593201,5.89714193344,2.12414503098,3.00000000000
89,DABU.NS,Dabur India Ltd,India,Personal Care Products,2023,5.78831863403,69.49606323242,9.25872325897,0.09026773274,0.25990301371,0.74774461985,0.06131644547,0.00043643100,-14247151.00000000000,0.16767157614,0.13888874650,0.18317057192,6.04538440704,217313737.30000000000,5.00000000000,7.14285707474,TRUE,92.74820709229,59.86545181274,9.19075489044,3.40314126015,2.59194946289,2.37838459015,3.00000000000
89,DABU.NS,Dabur India Ltd,India,Personal Care Products,2024,5.56736707687,69.40345764160,9.27866744995,0.05854815245,0.26604026556,0.79506003857,0.04179286957,0.00023348500,15582212.00000000000,0.17129077017,0.15602059662,0.18274019659,-1.20660722256,203677004.10000000000,5.00000000000,12.50000000000,TRUE,89.58542633057,66.55424499512,6.48422384262,3.43082690239,3.20181012154,3.10500502586,3.00000000000
90,DCMS.NS,DCM Shriram Ltd,India,Chemicals,2022,1.71823382378,41.44709396362,9.11560916901,0.15922345221,0.23779664934,0.56306618452,0.03129878268,0.00000000000,-58611248.00000000000,0.08941611648,0.22164738178,0.52508664131,13.29962062836,110861733.20000000000,6.00000000000,16.66666603088,TRUE,24.83583450317,46.60880279541,7.60936498642,3.37059593201,5.89714193344,2.64892220497,3.00000000000
90,DCMS.NS,DCM Shriram Ltd,India,Chemicals,2023,1.58323657513,47.73622131348,9.14164257050,0.18629606068,0.23879024386,0.54860067368,0.04701919481,0.00000000000,-12829034.00000000000,0.05961123481,0.23179748654,0.58244067430,-6.71737670898,53641271.75000000000,6.00000000000,16.66666603088,TRUE,22.35435676575,57.49524688721,9.19075489044,3.40314126015,2.59194946289,1.91569435596,3.00000000000
90,DCMS.NS,DCM Shriram Ltd,India,Chemicals,2024,1.47328317165,49.43915939331,9.17319202423,0.19860070944,0.25423824787,0.56511235237,0.05147017911,0.00000000000,32373318.00000000000,0.08132469654,0.21987350285,0.56791543961,8.72081947327,70716208.31000000000,5.00000000000,8.33333301544,TRUE,19.21325683594,56.58731842041,6.48422384262,3.43082690239,3.20181012154,2.02288293839,3.00000000000
91,DELH.NS,Delhivery Ltd,India,Air Freight & Logistics,2022,2.96720457077,15.10516166687,9.13507747650,0.08235154301,0.11639822274,0.64098089933,0.17656140029,0.00579662202,12227361.00000000000,0.52670961618,0.00810555089,0.13228274882,-3.01321029663,-122660540.40000000000,20.00000000000,8.33333301544,TRUE,19.84346961975,21.21595954895,7.60936498642,3.37059593201,5.89714193344,2.10477924347,3.00000000000
91,DELH.NS,Delhivery Ltd,India,Air Freight & Logistics,2023,2.95862531662,17.79617118835,9.13801479340,0.10209883749,0.11756925285,0.58332097530,0.13606822491,0.01047758572,904019.18750000000,0.34860858321,0.00418614503,0.17015781999,11.07219028473,-29896340.73000000000,9.00000000000,10.00000000000,TRUE,24.26746368408,26.10557746887,9.19075489044,3.40314126015,2.59194946289,1.33621692657,3.00000000000
91,DELH.NS,Delhivery Ltd,India,Air Freight & Logistics,2024,2.88886690140,20.38581848145,9.14974784851,0.11784672737,0.11672372371,0.53518152237,0.15337906778,0.00994766317,3859450.00000000000,0.32937547565,0.00346062589,0.20864543319,7.01163101196,18971328.26000000000,5.00000000000,11.11111068726,TRUE,31.62338447571,24.86507415771,6.48422384262,3.43082690239,3.20181012154,1.50667738914,3.00000000000
92,DEVY.NS,Devyani International Ltd,India,"Hotels, Restaurants & Leisure",2022,6.64246988297,13.27671718597,8.56079673767,0.52360713482,0.17918024957,0.26533052325,0.11687722057,0.00754786609,625608.56250000000,0.03476515412,0.04579045251,0.73214364052,32.88655853271,31951557.94000000000,10.00000000000,10.00000000000,TRUE,16.69942665100,20.31529617310,7.60936498642,3.37059593201,5.89714193344,1.37900364399,3.00000000000
92,DEVY.NS,Devyani International Ltd,India,"Hotels, Restaurants & Leisure",2023,4.02324628830,29.71482467651,8.77215766907,0.58909463882,0.18976788223,0.24144856632,0.17910067737,0.00267351791,12604199.00000000000,0.07849297673,0.02656670660,0.64897924662,16.94018936157,-1158008.39800000000,4.00000000000,8.33333301544,TRUE,31.88475036621,41.05236816406,9.19075489044,3.40314126015,2.59194946289,1.09895443916,3.00000000000
92,DEVY.NS,Devyani International Ltd,India,"Hotels, Restaurants & Leisure",2024,3.91819357872,31.05731201172,8.79571342468,0.59708863497,0.20845615864,0.26220893860,0.16297855973,0.00000000000,1606787.62500000000,0.03591435030,0.02872678824,0.65867459774,35.79711914063,-807489.76010000000,5.00000000000,8.33333301544,TRUE,30.89031791687,46.65526199341,6.48422384262,3.43082690239,3.20181012154,1.11528897285,3.00000000000
93,DIBL.NS,Dilip Buildcon Ltd,India,Construction & Engineering,2022,0.46426606178,21.67892074585,9.27396869659,0.43236428499,0.44881421328,0.60583639145,0.00924307387,0.00000000000,-46839204.00000000000,0.01119146962,0.24171459675,0.27036795020,2.78502821922,-169474.19670000000,4.00000000000,12.50000000000,TRUE,42.37552642822,16.18245887756,7.60936498642,3.37059593201,5.89714193344,1.31940329075,3.00000000000
93,DIBL.NS,Dilip Buildcon Ltd,India,Construction & Engineering,2023,0.44127297401,34.38631820679,9.30025768280,0.43544590473,0.40784338117,0.55307769775,0.03592572361,0.00852190610,32421320.00000000000,0.02462009713,0.23872095346,0.25966659188,11.24393177032,24120155.97000000000,5.00000000000,12.50000000000,TRUE,57.76764678955,24.27290153503,9.19075489044,3.40314126015,2.59194946289,1.49635934830,3.00000000000
93,DIBL.NS,Dilip Buildcon Ltd,India,Construction & Engineering,2024,0.37881961465,39.17446136475,9.36296081543,0.48344191909,0.33678632975,0.45324531198,0.04260957986,0.00356554310,-32044740.00000000000,0.02107098140,0.20640531182,0.25778189301,-8.10280704498,98293856.06000000000,6.00000000000,12.50000000000,TRUE,53.13709640503,25.59940147400,6.48422384262,3.43082690239,3.20181012154,1.79479122162,3.00000000000
94,DIVI.NS,Divi's Laboratories Ltd,India,Life Sciences Tools & Services,2022,10.64096069336,66.03686523438,9.24487018585,0.00022578100,0.07625856996,0.65866672993,0.02627420425,0.00974944513,-127198152.00000000000,0.01172159798,0.21014948189,0.34138640761,-19.91127014160,221930379.70000000000,4.00000000000,16.66666603088,TRUE,72.07543182373,69.39176940918,7.60936498642,3.37059593201,5.89714193344,1.61595582962,3.00000000000
94,DIVI.NS,Divi's Laboratories Ltd,India,Life Sciences Tools & Services,2023,10.20397758484,63.33321762085,9.26858425140,0.00019392400,0.08261150867,0.67298579216,0.01799686998,0.02197802253,23155368.00000000000,0.02478170954,0.21098901331,0.35636717081,-0.44434058666,191961607.70000000000,4.00000000000,16.66666603088,TRUE,72.23105621338,63.22484588623,9.19075489044,3.40314126015,2.59194946289,1.33706867695,3.00000000000
94,DIVI.NS,Divi's Laboratories Ltd,India,Life Sciences Tools & Services,2024,9.46627426147,57.90902709961,9.29699611664,0.00023623899,0.08575478196,0.73968416452,0.01446281001,0.02326954901,5851375.00000000000,0.02616684139,0.19625560939,0.38152611256,16.37948608398,256407255.70000000000,5.00000000000,16.66666603088,TRUE,54.39866256714,58.63078308105,6.48422384262,3.43082690239,3.20181012154,1.33706867695,3.00000000000
95,DIXO.NS,Dixon Technologies (India) Ltd,India,Household Durables,2022,20.55342102051,44.70280075073,8.75553226471,0.09682589769,0.62849318981,0.86639350653,0.07295502722,0.00000000000,4939143.00000000000,0.05282241851,0.21748802066,0.28007471561,5.29298114777,31046738.07000000000,7.00000000000,14.28571414948,TRUE,64.15558624268,42.05338287354,7.60936498642,3.37059593201,5.89714193344,1.66622996330,3.00000000000
95,DIXO.NS,Dixon Technologies (India) Ltd,India,Household Durables,2023,14.01734066010,44.39408111572,8.92366123199,0.06993971020,0.67677235603,0.89333158731,0.04184613377,0.00000000000,-1986802.62500000000,0.04170873761,0.25457951427,0.28600075841,43.03075790405,44981403.72000000000,6.00000000000,14.28571414948,TRUE,62.02017211914,48.67194366455,9.19075489044,3.40314126015,2.59194946289,1.89225733280,3.00000000000
95,DIXO.NS,Dixon Technologies (India) Ltd,India,Household Durables,2024,5.86723423004,49.64544296265,9.29273986816,0.04001700878,0.75120997429,0.91558784246,0.00000000000,0.01571730338,3554125.25000000000,0.23842571676,0.23811241984,0.17500941455,114.26316833496,144245757.80000000000,6.00000000000,12.50000000000,TRUE,60.76668167114,48.67943191528,6.48422384262,3.43082690239,3.20181012154,2.06477165222,3.00000000000
96,DLF.NS,DLF Ltd,India,Real Estate Management & Development,2022,3.29306912422,68.03851318359,9.81715393066,0.06182309613,0.20262336731,0.67283028364,0.01397361606,0.00023798400,-11988571.00000000000,0.04405204579,0.35901996493,0.01653695293,-7.98201942444,133996798.90000000000,5.00000000000,12.50000000000,TRUE,57.45279312134,66.40365600586,7.60936498642,3.37059593201,5.89714193344,3.08690977097,3.00000000000
96,DLF.NS,DLF Ltd,India,Real Estate Management & Development,2023,3.01766967773,77.21572875977,9.85914039612,0.08021353930,0.23458430171,0.67861443758,0.00767136412,0.01093690097,142348944.00000000000,0.10839758068,0.35103368759,0.01396955363,8.26093387604,195610737.90000000000,4.00000000000,28.57142829895,TRUE,67.80905914307,81.35761260986,9.19075489044,3.40314126015,2.59194946289,3.34634208679,3.00000000000
96,DLF.NS,DLF Ltd,India,Real Estate Management & Development,2024,2.62219071388,71.73156738281,9.91011905670,0.05905305594,0.31953963637,0.82451283932,0.01076603774,0.00251598191,-75169272.00000000000,0.17195646465,0.35439154506,0.01149264537,24.66408538818,315331667.60000000000,6.00000000000,26.66666603088,TRUE,61.88013839722,74.85408020020,6.48422384262,3.43082690239,3.20181012154,3.26582956314,3.00000000000
97,DLPA.NS,Dr. Lal PathLabs Ltd,India,Health Care Providers & Services,2022,11.10733985901,58.79006195068,8.46293067932,0.17584745586,0.19691503048,0.65310233831,0.02878746949,0.10488429666,-13931840.00000000000,0.32056087255,0.01489460282,0.16933913529,-10.73884487152,29342380.72000000000,4.00000000000,25.00000000000,0,66.00357818604,47.61251068115,7.60936498642,3.37059593201,5.89714193344,1.18055534363,3.00000000000
97,DLPA.NS,Dr. Lal PathLabs Ltd,India,Health Care Providers & Services,2023,10.86421680450,63.76578903198,8.46931648254,0.10054304451,0.18875773251,0.76412934065,0.05366472527,0.13683226705,11661908.00000000000,0.38948366046,0.01578159072,0.14127981663,8.82396316528,43466466.71000000000,5.00000000000,30.00000000000,FALSE,77.73721313477,47.26575469971,9.19075489044,3.40314126015,2.59194946289,1.83867549896,3.00000000000
97,DLPA.NS,Dr. Lal PathLabs Ltd,India,Health Care Providers & Services,2024,9.91167449951,59.04795837402,8.50234317780,0.05794712529,0.14809884131,0.73952162266,0.05973361805,0.09886384010,-7993797.50000000000,0.46232944727,0.01479394641,0.12488280982,7.82628679276,57607021.65000000000,5.00000000000,30.00000000000,FALSE,69.49687957764,50.95615768433,6.48422384262,3.43082690239,3.20181012154,1.72187042236,3.00000000000
98,DPFE.NS,Deepak Fertilisers and Petrochemicals Corp Ltd,India,Chemicals,2022,1.59012091160,34.98706436157,9.14305210114,0.32386061549,0.24668227136,0.44339263439,0.05416322127,0.01108901761,14381694.00000000000,0.11704047024,0.11578983068,0.51871913671,36.23197555542,148597857.80000000000,5.00000000000,18.18181800842,TRUE,70.61911010742,26.22839736938,7.60936498642,3.37059593201,5.89714193344,1.41411614418,3.00000000000
98,DPFE.NS,Deepak Fertilisers and Petrochemicals Corp Ltd,India,Chemicals,2023,1.48115742207,34.71852874756,9.16467857361,0.34067729115,0.25081047416,0.46025612950,0.07340485603,0.00005255270,-6526694.50000000000,0.05215664953,0.10244584084,0.55342233181,-24.32125663757,56095980.80000000000,7.00000000000,18.18181800842,TRUE,57.64488601685,34.77176666260,9.19075489044,3.40314126015,2.59194946289,1.79165768623,3.00000000000
98,DPFE.NS,Deepak Fertilisers and Petrochemicals Corp Ltd,India,Chemicals,2024,1.36133694649,48.81066131592,9.18713474274,0.31582674384,0.26818922162,0.51020836830,0.06961330771,0.00825776812,15117613.00000000000,0.04797089472,0.08650767058,0.55754882097,15.51191997528,110552369.80000000000,7.00000000000,18.18181800842,TRUE,50.21144104004,45.83647155762,6.48422384262,3.43082690239,3.20181012154,1.39951741695,3.00000000000
99,DPNT.NS,Deepak Nitrite Ltd,India,Chemicals,2022,4.51672554016,45.62221908569,8.79535007477,0.01420621760,0.15476705134,0.76412713528,0.02976970375,0.00273166504,1800146.00000000000,0.08643219620,0.17773176730,0.42819872499,8.27075290680,103700097.40000000000,5.00000000000,8.33333301544,TRUE,24.33102416992,30.03266716003,7.60936498642,3.37059593201,5.89714193344,1.83482158184,3.00000000000
99,DPNT.NS,Deepak Nitrite Ltd,India,Chemicals,2023,3.89673662186,40.80283355713,8.86415481567,0.04692744091,0.12877815962,0.60407817364,0.03688890114,0.03428518027,24034794.00000000000,0.11200216413,0.12959998846,0.49483451247,-5.01632690430,97287342.53000000000,5.00000000000,7.69230747223,TRUE,24.43603324890,28.11966705322,9.19075489044,3.40314126015,2.59194946289,1.65264117718,3.00000000000
99,DPNT.NS,Deepak Nitrite Ltd,India,Chemicals,2024,3.17776060104,42.01055526733,8.95577430725,0.16417001188,0.11956458539,0.39620438218,0.06015648693,0.01605406776,-6853130.50000000000,0.14600434899,0.12676753104,0.52467262745,5.16237878799,81611468.70000000000,6.00000000000,8.33333301544,TRUE,21.04951286316,28.20563697815,6.48422384262,3.43082690239,3.20181012154,1.90919613838,3.00000000000
100,DSTV.NS,Dish TV India Ltd,India,Media,2022,0.19952248037,38.93402862549,8.73914623260,0.01655511558,1.17120563984,0.99674212933,0.00697281398,0.00000000000,-62074.00000000000,0.02504790574,0.07631997019,0.29493626952,-25.43945312500,-204909931.80000000000,9.00000000000,20.00000000000,TRUE,39.74319076538,13.84782791138,7.60936498642,3.37059593201,5.89714193344,1.00000000000,3.00000000000
100,DSTV.NS,Dish TV India Ltd,India,Media,2023,0.33502981067,49.76409149170,8.51192569733,0.00083052198,2.01407456398,0.99835330248,0.00000000000,0.01098134462,-845830.81250000000,0.04063720256,0.14256185293,0.49744200706,-19.09171485901,-235941211.80000000000,20.00000000000,66.66666412354,FALSE,58.57157897949,24.72787857056,9.19075489044,3.40314126015,2.59194946289,1.21301090717,3.00000000000
100,DSTV.NS,Dish TV India Ltd,India,Media,2024,0.39988687634,36.32011413574,8.43073081970,0.01506647654,2.39859104156,0.99623382092,0.00000000000,0.01560037956,724400.25000000000,0.06653712690,0.09006462991,0.57652825117,-17.63801193237,-57069631.36000000000,16.00000000000,33.33333206177,TRUE,26.28233337402,22.30985450745,6.48422384262,3.43082690239,3.20181012154,1.14500725269,3.00000000000
103,ECLE.NS,eClerx Services Limited,India,Professional Services,2022,7.53496170044,68.21234130859,8.44474697113,0.08460649103,0.15309448540,0.61137634516,1.19306421280,0.00005420190,-279333.00000000000,0.30749318004,0.00019844899,0.12231438607,13.23151874542,59540043.82000000000,5.00000000000,12.50000000000,0,84.36998748779,58.10073089600,7.60936498642,3.37059593201,5.89714193344,2.06386756897,3.00000000000
103,ECLE.NS,eClerx Services Limited,India,Professional Services,2023,6.50287485123,64.77368927002,8.54388809204,0.09113034606,0.12464562058,0.54367864132,0.93754953146,0.00451296521,-7684823.00000000000,0.48376789689,0.00022119000,0.12693846226,8.90811061859,61395440.91000000000,5.00000000000,11.11111068726,0,79.44583892822,58.67407608032,9.19075489044,3.40314126015,2.59194946289,2.18496155739,3.00000000000
103,ECLE.NS,eClerx Services Limited,India,Professional Services,2024,6.49319362640,72.20825195313,8.56600189209,0.11385322362,0.14010260999,0.52471870184,1.19722175598,0.00446295599,21971094.00000000000,0.35538935661,0.00007216260,0.15736791492,12.22348308563,63342188.41000000000,5.00000000000,18.18181800842,TRUE,84.39741516113,66.31533050537,6.48422384262,3.43082690239,3.20181012154,3.03451514244,3.00000000000
104,EICH.NS,Eicher Motors Ltd,India,Automobiles,2022,7.96364116669,43.88544845581,9.36858749390,0.01502320077,0.16848841310,0.76879090071,0.02745642327,0.00000000000,1024829.62500000000,0.06036993489,0.07655159384,0.11999026686,29.56162643433,354666504.40000000000,6.00000000000,16.66666603088,TRUE,40.91154861450,37.55346298218,7.60936498642,3.37059593201,5.89714193344,1.84509587288,3.00000000000
104,EICH.NS,Eicher Motors Ltd,India,Automobiles,2023,6.76064586639,57.48231506348,9.44323158264,0.01813564822,0.15558721125,0.70801395178,0.02979371324,0.00000000000,5449310.00000000000,0.07488512248,0.06742107868,0.10523639619,12.86174488068,480025195.00000000000,6.00000000000,16.66666603088,TRUE,51.28012847900,54.85147857666,9.19075489044,3.40314126015,2.59194946289,2.56661772728,3.00000000000
104,EICH.NS,Eicher Motors Ltd,India,Automobiles,2024,6.05515193939,53.37841796875,9.50244808197,0.01685887575,0.15697783232,0.72572952509,0.05132941529,0.00000000000,14110006.00000000000,0.15830911696,0.06383910775,0.09921246022,11.31374835968,554059684.00000000000,7.00000000000,12.50000000000,TRUE,48.22798919678,54.40703964233,6.48422384262,3.43082690239,3.20181012154,2.29498195648,3.00000000000
105,EIDP.NS,E I D-Parry (India) Ltd,India,Chemicals,2022,1.04935860634,29.32306480408,9.35900020599,0.08615393937,0.45109879971,0.66733813286,0.01553662773,0.06965313852,80503896.00000000000,0.08412361890,0.32989305258,0.22818833590,38.38479232788,222461051.60000000000,9.00000000000,11.11111068726,TRUE,70.33489990234,20.37603378296,7.60936498642,3.37059593201,5.89714193344,2.18121337891,3.00000000000
105,EIDP.NS,E I D-Parry (India) Ltd,India,Chemicals,2023,0.92544347048,35.49953460693,9.41139125824,0.08096961677,0.43422463536,0.64655017853,0.01915825717,0.04632345214,-31812838.00000000000,0.09555566311,0.32328525186,0.23182198405,-17.73538970947,194069586.10000000000,8.00000000000,20.00000000000,TRUE,69.29369354248,22.43705177307,9.19075489044,3.40314126015,2.59194946289,2.50708293915,3.00000000000
105,EIDP.NS,E I D-Parry (India) Ltd,India,Chemicals,2024,0.80467289686,40.15041732788,9.45534706116,0.11090663075,0.42634859681,0.63207966089,0.01150074415,0.01166216377,-90395552.00000000000,0.06655921042,0.27422121167,0.22401124239,4.82333850861,207435927.40000000000,6.00000000000,20.00000000000,TRUE,79.53623962402,27.49013137817,6.48422384262,3.43082690239,3.20181012154,2.37381148338,3.00000000000
106,EIHO.NS,EIH Ltd,India,"Hotels, Restaurants & Leisure",2022,5.42313814163,27.11103057861,8.72947883606,0.05409760773,0.11523385346,0.49189841747,0.11400052160,0.00637242012,2126825.75000000000,0.08907614648,0.01448368002,0.56164705753,89.29283905029,41281158.71000000000,6.00000000000,25.00000000000,TRUE,27.39860916138,29.39317131042,7.60936498642,3.37059593201,5.89714193344,1.77644789219,3.00000000000
106,EIHO.NS,EIH Ltd,India,"Hotels, Restaurants & Leisure",2023,4.84731912613,28.86989021301,8.78224945068,0.03947849944,0.10778424144,0.49071621895,0.05969787017,0.01031986438,392201.56250000000,0.16612723470,0.01693599485,0.50746107101,22.61782455444,81308338.33000000000,6.00000000000,30.00000000000,TRUE,21.66806030273,41.68335723877,9.19075489044,3.40314126015,2.59194946289,2.55356645584,3.00000000000
106,EIHO.NS,EIH Ltd,India,"Hotels, Restaurants & Leisure",2024,4.23487424850,36.66608047485,8.83466625214,0.04539094120,0.09581755847,0.45612692833,0.13794255257,0.05148886144,34320772.00000000000,0.20283778012,0.01458917465,0.50542211533,6.54887723923,90099356.35000000000,8.00000000000,30.00000000000,TRUE,33.46858596802,39.08682250977,6.48422384262,3.43082690239,3.20181012154,2.92992877960,3.00000000000
107,ELCN.NS,Elecon Engineering Company Ltd,India,Electrical Equipment,2022,6.77939796448,33.22677993774,8.32388019562,0.02729689144,0.20352418721,0.77838039398,0.17684563994,0.01155331731,-245180.14062500000,0.12293865532,0.16180025041,0.35134398937,16.60235977173,28906219.57000000000,5.00000000000,14.28571414948,TRUE,52.80855560303,22.60922050476,7.60936498642,3.37059593201,5.89714193344,1.32874977589,3.00000000000
107,ELCN.NS,Elecon Engineering Company Ltd,India,Electrical Equipment,2023,5.77502059937,41.70126342773,8.40624904633,0.03317325935,0.18799905479,0.76794815063,0.20618066192,0.01288135629,3280144.00000000000,0.27210858464,0.10948681831,0.29313558340,24.84680175781,42661067.79000000000,4.00000000000,12.50000000000,TRUE,45.39835739136,28.53623962402,9.19075489044,3.40314126015,2.59194946289,1.19683420658,3.00000000000
107,ELCN.NS,Elecon Engineering Company Ltd,India,Electrical Equipment,2024,4.45467472076,53.61626052856,8.50436592102,0.06639750302,0.19678544998,0.73499548435,0.13103216887,0.03237258643,5753072.00000000000,0.33276018500,0.09697487205,0.28219398856,12.11976432800,48578115.86000000000,4.00000000000,12.50000000000,TRUE,55.49470138550,31.97622299194,6.48422384262,3.43082690239,3.20181012154,1.06007218361,3.00000000000
108,ELGE.NS,Elgi Equipments Ltd,India,Machinery,2022,5.93205833435,28.28875350952,8.48355007172,0.22946481407,0.40818810463,0.90331077576,0.08635725826,0.01461208239,1021665.06250000000,0.26816073060,0.24581700563,0.13930746913,11.26327323914,45132546.25000000000,5.00000000000,10.00000000000,TRUE,40.32106781006,23.84522628784,7.60936498642,3.37059593201,5.89714193344,1.75053024292,3.00000000000
108,ELGE.NS,Elgi Equipments Ltd,India,Machinery,2023,5.28833818436,31.59137344360,8.52948570251,0.22544440627,0.39135801792,0.91250622272,0.08490097523,0.04811292514,12561488.00000000000,0.29297509789,0.22564718127,0.12720149755,4.31234931946,37418836.23000000000,4.00000000000,11.11111068726,TRUE,50.13674545288,23.40487098694,9.19075489044,3.40314126015,2.59194946289,2.12340974808,3.00000000000
108,ELGE.NS,Elgi Equipments Ltd,India,Machinery,2024,4.89276647568,50.44554519653,8.55137538910,0.18944600224,0.35577839613,0.92023128271,0.09204325080,0.00680585206,-12767700.00000000000,0.30442610383,0.20427420735,0.13384842873,6.41331052780,40983031.01000000000,5.00000000000,12.50000000000,TRUE,61.35874557495,31.52843666077,6.48422384262,3.43082690239,3.20181012154,1.58887815475,3.00000000000
109,ELST.NS,Electrosteel Castings Ltd,India,Building Products,2022,0.70501518250,38.62603759766,9.01570796967,0.31312552094,0.34534549713,0.71128690243,0.07665023208,0.00073238497,2040214.25000000000,0.05360322446,0.27757319808,0.47254937887,27.27421188354,38489934.27000000000,5.00000000000,21.05263137817,TRUE,72.37092590332,30.84403419495,7.60936498642,3.37059593201,5.89714193344,2.26057124138,3.00000000000
109,ELST.NS,Electrosteel Castings Ltd,India,Building Products,2023,0.65983396769,46.60157775879,9.03852939606,0.25604695082,0.31830283999,0.72563004494,0.09626187384,0.00111807301,5829202.00000000000,0.05818621442,0.25892740488,0.45562109351,1.31590890884,88800575.88000000000,4.00000000000,22.22222137451,TRUE,65.81796264648,31.07488441467,9.19075489044,3.40314126015,2.59194946289,1.75482165813,3.00000000000
109,ELST.NS,Electrosteel Castings Ltd,India,Building Products,2024,0.61447691917,43.45875549316,9.05484962463,0.21922472119,0.28663143516,0.71006119251,0.06022100151,0.00000000000,-13075225.00000000000,0.02824829146,0.26564630866,0.44806402922,-4.51909017563,83055915.74000000000,4.00000000000,22.22222137451,TRUE,64.40781402588,27.76295089722,6.48422384262,3.43082690239,3.20181012154,1.80160665512,3.00000000000
110,EMAM.NS,Emami Ltd,India,Personal Care Products,2022,8.08122730255,45.83680725098,8.57807922363,0.02910363674,0.23277169466,0.89695012569,0.04022252187,0.00568145979,2338376.25000000000,0.09023422003,0.10548389703,0.21038901806,-1.43284118176,76364593.48000000000,6.00000000000,12.50000000000,TRUE,59.03759384155,28.21557998657,7.60936498642,3.37059593201,5.89714193344,2.89481782913,3.00000000000
110,EMAM.NS,Emami Ltd,India,Personal Care Products,2023,7.41499042511,59.79382324219,8.59492874146,0.02864769474,0.23137059808,0.91083157063,0.05422951654,0.00359883299,740120.00000000000,0.12973846495,0.09860691428,0.18811248243,3.56104326248,86878944.21000000000,5.00000000000,18.75000000000,TRUE,70.97241210938,46.73020553589,9.19075489044,3.40314126015,2.59194946289,2.72486782074,3.00000000000
110,EMAM.NS,Emami Ltd,India,Personal Care Products,2024,6.90044832230,52.65730667114,8.61650848389,0.02541041933,0.22055231035,0.92908811569,0.10858431458,0.00565990992,6046951.50000000000,0.22129273415,0.08719164133,0.16588187218,3.84227514267,93943194.85000000000,4.00000000000,18.75000000000,TRUE,58.37195968628,38.13479232788,6.48422384262,3.43082690239,3.20181012154,3.05402946472,3.00000000000
111,ENDU.NS,Endurance Technologies Ltd,India,Automobile Components,2022,5.51354026794,31.77046203613,8.91800498962,0.07567328960,0.28382864594,0.80772775412,0.14743690193,0.00044101701,-13989533.00000000000,0.14730918407,0.12720279396,0.41206312180,7.73930740356,58370861.73000000000,7.00000000000,20.00000000000,TRUE,69.70960235596,14.08456897736,7.60936498642,3.37059593201,5.89714193344,1.08447480202,3.00000000000
111,ENDU.NS,Endurance Technologies Ltd,India,Automobile Components,2023,4.78814506531,40.55526351929,8.97593402863,0.09705423564,0.28373217583,0.76933646202,0.22553873062,0.00000000000,26030594.00000000000,0.18398736417,0.11607450247,0.41725826263,14.65933513641,81642231.55000000000,5.00000000000,20.00000000000,TRUE,71.44387054443,26.19702911377,9.19075489044,3.40314126015,2.59194946289,1.39161157608,3.00000000000
111,ENDU.NS,Endurance Technologies Ltd,India,Automobile Components,2024,4.21364831924,47.90984344482,9.02919960022,0.10325440019,0.29453215003,0.78665053844,0.37850302458,0.00000000000,60179404.00000000000,0.22362709045,0.10770978779,0.42701476812,10.11460018158,97876301.93000000000,5.00000000000,20.00000000000,TRUE,79.02107238770,25.99206924438,6.48422384262,3.43082690239,3.20181012154,1.13842439651,3.00000000000
112,ENGI.NS,Engineers India Ltd,India,Construction & Engineering,2022,2.30786919594,31.06164169312,8.72760581970,0.00430282997,0.54657924175,0.98842382431,0.02552977949,0.00051276298,4097979.50000000000,0.26946026087,0.06597490609,0.06200911105,5.61953783035,41898076.92000000000,7.00000000000,18.18181800842,0,26.82612419128,33.03992462158,7.60936498642,3.37059593201,5.89714193344,2.01502656937,3.00000000000
112,ENGI.NS,Engineers India Ltd,India,Construction & Engineering,2023,2.18461537361,32.72463607788,8.75504398346,0.00696271518,0.51478868723,0.98170334101,0.08436661214,0.00942665804,22457144.00000000000,0.30205690861,0.05756444857,0.06284263730,-2.88645768166,43210713.86000000000,8.00000000000,15.38461494446,TRUE,19.21531677246,41.64141082764,9.19075489044,3.40314126015,2.59194946289,1.94506216049,3.00000000000
112,ENGI.NS,Engineers India Ltd,India,Construction & Engineering,2024,2.03716945648,34.97848129272,8.78972434998,0.00420407206,0.48725920916,0.98823720217,0.00000000000,0.25200057030,-13109350.00000000000,0.44152021408,0.00013220101,0.05742517486,-8.20374584198,55225629.02000000000,5.00000000000,16.66666603088,TRUE,23.91978454590,44.68032073975,6.48422384262,3.43082690239,3.20181012154,2.06743812561,3.00000000000
113,EPLI.NS,EPL Ltd,India,Containers & Packaging,2022,1.97015058994,48.47227478027,8.64550971985,0.24489289522,0.26504597068,0.58594036102,0.21096915007,0.00982875377,6329114.00000000000,0.07143462449,0.17534826696,0.47142228484,-0.58555275202,28079357.35000000000,7.00000000000,12.50000000000,TRUE,41.79797744751,57.01021194458,7.60936498642,3.37059593201,5.89714193344,1.48881351948,3.00000000000
113,EPLI.NS,EPL Ltd,India,Containers & Packaging,2023,1.90312504768,51.47857284546,8.65987110138,0.23953054845,0.28463780880,0.63131844997,0.17682871222,0.00254680100,-4487102.50000000000,0.05465684086,0.17788222432,0.47937616706,4.49606847763,25206958.61000000000,5.00000000000,12.50000000000,TRUE,41.27483749390,62.67575454712,9.19075489044,3.40314126015,2.59194946289,2.39575409889,3.00000000000
113,EPLI.NS,EPL Ltd,India,Containers & Packaging,2024,1.80798435211,64.28804016113,8.67094421387,0.20034952462,0.28747972846,0.69758284092,0.16213634610,0.00104855804,-1228788.75000000000,0.05529290438,0.18529522419,0.47260016203,4.94509553909,42574605.03000000000,8.00000000000,12.50000000000,TRUE,58.62162780762,76.98906707764,6.48422384262,3.43082690239,3.20181012154,2.67815113068,3.00000000000
114,ERDY.NS,Eveready Industries India Ltd,India,Household Products,2022,3.02478671074,48.84857177734,8.07785987854,0.40495893359,0.43643298745,0.64655536413,0.00772925606,0.00000000000,-5054734.50000000000,0.03541729972,0.27629315853,0.31018629670,1.64319384098,3362220.05800000000,6.00000000000,12.50000000000,TRUE,60.72195434570,27.43054008484,7.60936498642,3.37059593201,5.89714193344,1.29916536808,3.00000000000
114,ERDY.NS,Eveready Industries India Ltd,India,Household Products,2023,3.15661144257,49.50353622437,8.06276130676,0.31828066707,0.42029553652,0.70228701830,0.01862506382,0.00000000000,506706.65625000000,0.03443156183,0.27779006958,0.30468133092,-2.42608428001,8010725.85500000000,6.00000000000,8.33333301544,TRUE,47.91228866577,34.04471206665,9.19075489044,3.40314126015,2.59194946289,1.83356726170,3.00000000000
114,ERDY.NS,Eveready Industries India Ltd,India,Household Products,2024,2.72247600555,47.41983032227,8.10474300385,0.28691169620,0.40442368388,0.70210146904,0.01384967566,0.00000000000,-169397.31250000000,0.04087647423,0.26419645548,0.34847787023,-0.21318039298,9648344.06100000000,4.00000000000,7.69230747223,TRUE,50.20498657227,32.55180740356,6.48422384262,3.43082690239,3.20181012154,2.12027955055,3.00000000000
115,ERIS.NS,Eris Lifesciences Ltd,India,Pharmaceuticals,2022,6.18044948578,46.38916015625,8.64968967438,0.23905988038,0.12085992843,0.30124443769,0.12639401853,0.00000000000,627069.12500000000,0.03497835249,0.05440200493,0.10290298611,15.57029056549,45540408.96000000000,6.00000000000,12.50000000000,TRUE,55.79816055298,42.96104049683,7.60936498642,3.37059593201,5.89714193344,1.32558703423,3.00000000000
115,ERIS.NS,Eris Lifesciences Ltd,India,Pharmaceuticals,2023,3.30802202225,46.72029113770,8.92669582367,0.39504095912,0.35964554548,0.56845778227,0.03717906773,0.00000000000,4585843.00000000000,0.35983595252,0.04298298806,0.07930021733,17.52421760559,47636952.61000000000,6.00000000000,12.50000000000,TRUE,65.50308990479,35.33948516846,9.19075489044,3.40314126015,2.59194946289,1.32558703423,3.00000000000
115,ERIS.NS,Eris Lifesciences Ltd,India,Pharmaceuticals,2024,3.40313053131,45.10818099976,8.91543865204,0.35231909156,0.19641071558,0.33057019114,0.14452110231,0.00000000000,12345231.00000000000,0.02845309488,0.05539464951,0.10362467915,40.48410415649,43846693.97000000000,5.00000000000,12.50000000000,TRUE,60.13285064697,35.37660980225,6.48422384262,3.43082690239,3.20181012154,1.72749292850,3.00000000000
116,ESAB.NS,ESAB India Ltd,India,Machinery,2022,16.57955932617,46.67562484741,7.76112699509,0.00845973659,0.42961117625,0.95274633169,0.16421134770,0.00000000000,1489776.00000000000,0.10793130845,0.27326428890,0.23617644608,12.87046241760,16514118.79000000000,6.00000000000,16.66666603088,TRUE,51.69979476929,43.44395065308,7.60936498642,3.37059593201,5.89714193344,1.70201265812,3.00000000000
116,ESAB.NS,ESAB India Ltd,India,Machinery,2023,14.39226531982,49.58460617065,7.82023811340,0.00829416141,0.42498049140,0.95602828264,0.16381961107,0.00000000000,590281.93750000000,0.10168951750,0.21984064579,0.23181909323,12.35505485535,19553689.26000000000,5.00000000000,16.66666603088,TRUE,34.63428115845,55.47746658325,9.19075489044,3.40314126015,2.59194946289,1.69916546345,3.00000000000
116,ESAB.NS,ESAB India Ltd,India,Machinery,2024,12.41816902161,64.53794860840,7.87925910950,0.00607324997,0.42393755913,0.95969915390,0.23734188080,0.00000000000,3130485.75000000000,0.17018009722,0.21585536003,0.22104775906,7.75310516357,20528964.31000000000,6.00000000000,16.66666603088,TRUE,75.03002929688,56.95493316650,6.48422384262,3.43082690239,3.20181012154,1.60017430782,3.00000000000
117,ESCO.NS,Escorts Kubota Ltd,India,Machinery,2022,3.66342854500,28.88151741028,9.08902549744,0.00568157621,0.17013989389,0.90380930901,0.04201876745,0.01091199741,11032132.00000000000,0.21100167930,0.12466944009,0.18360215425,7.57344055176,77489045.76000000000,8.00000000000,25.00000000000,TRUE,45.15523147583,22.80173110962,7.60936498642,3.37059593201,5.89714193344,2.38978528976,3.00000000000
117,ESCO.NS,Escorts Kubota Ltd,India,Machinery,2023,3.01264739037,26.34857368469,9.17257595062,0.03616111353,0.21827697754,0.89838081598,0.04182474315,0.00993652456,6515897.00000000000,0.30429846048,0.14064581692,0.17975974083,14.65153789520,113140971.80000000000,6.00000000000,16.66666603088,TRUE,35.19173049927,26.77892303467,9.19075489044,3.40314126015,2.59194946289,2.96233057976,3.00000000000
117,ESCO.NS,Escorts Kubota Ltd,India,Machinery,2024,2.90897154808,43.35666656494,9.18550872803,0.00802993309,0.18175224960,0.87150442600,0.02163247578,0.02222928032,12578116.00000000000,0.25595277548,0.10820636898,0.16063073277,1.92315983772,131545933.30000000000,7.00000000000,16.66666603088,TRUE,28.51728439331,57.21443939209,6.48422384262,3.43082690239,3.20181012154,2.03031730652,3.00000000000
118,EXID.NS,Exide Industries Ltd,India,Automobile Components,2022,2.14473438263,56.82804107666,9.25465202332,0.03984308988,0.20479790866,0.83192771673,0.03839121386,0.00106110098,-6977848.00000000000,0.04881443456,0.23388101161,0.26527118683,8.91649246216,100142405.10000000000,7.00000000000,11.11111068726,TRUE,59.24015426636,66.64931488037,7.60936498642,3.37059593201,5.89714193344,1.45727980137,3.00000000000
118,EXID.NS,Exide Industries Ltd,India,Automobile Components,2023,1.78379142284,57.02029800415,9.33797168732,0.06186604872,0.24504435062,0.84495258331,0.06879952550,0.00093663798,22940612.00000000000,0.03884037957,0.21720361710,0.27135011554,9.63079166412,105917216.60000000000,6.00000000000,11.11111068726,TRUE,62.31268310547,54.70736694336,9.19075489044,3.40314126015,2.59194946289,1.78417193890,3.00000000000
118,EXID.NS,Exide Industries Ltd,India,Automobile Components,2024,1.53744566441,57.63800811768,9.39862728119,0.09425494820,0.27483078837,0.78584629297,0.02707142569,0.00101092097,-16637800.00000000000,0.02682225592,0.21635392308,0.34023031592,0.26527839899,93680514.92000000000,5.00000000000,11.11111068726,TRUE,56.75008773804,60.15450286865,6.48422384262,3.43082690239,3.20181012154,1.79141485691,3.00000000000
119,FDC.NS,F D C Ltd,India,Pharmaceuticals,2022,3.10320591927,41.05023574829,8.45510101318,0.01208737958,0.13297723234,0.86329990625,0.06061928719,0.00213407096,-1684384.12500000000,0.19580888748,0.14775827527,0.38111430407,7.85068750381,23591540.90000000000,5.00000000000,30.00000000000,TRUE,67.82167816162,34.76776885986,7.60936498642,3.37059593201,5.89714193344,1.33918249607,3.00000000000
119,FDC.NS,F D C Ltd,India,Pharmaceuticals,2023,2.94731712341,47.14728164673,8.47145557404,0.00831351429,0.12585562468,0.83743751049,0.08183585852,0.00000000000,184007.20312500000,0.20002992451,0.16406209767,0.37987330556,7.36951923370,36599724.06000000000,4.00000000000,27.27272796631,TRUE,77.62933349609,28.77906417847,9.19075489044,3.40314126015,2.59194946289,1.44011199474,3.00000000000
119,FDC.NS,F D C Ltd,India,Pharmaceuticals,2024,2.70505118370,52.47340393066,8.50186634064,0.00780027406,0.13325853646,0.83572721481,0.00000000000,0.01944574341,3048835.50000000000,0.21434982121,0.13819433749,0.36264121532,5.83485794067,31221544.76000000000,6.00000000000,25.00000000000,TRUE,69.49989318848,40.61164093018,6.48422384262,3.43082690239,3.20181012154,1.38929224014,3.00000000000
120,FINE.NS,Fineotex Chemical Ltd,India,Chemicals,2022,6.50431060791,28.27016639709,7.71137046814,0.01722313464,0.15103374422,0.86232149601,0.47862842679,0.06863774359,165445.46875000000,0.16531163454,0.11188483983,0.21094092727,29.70409774780,10900048.69000000000,6.00000000000,25.00000000000,TRUE,48.38660430908,26.40568351746,7.60936498642,3.37059593201,5.89714193344,1.00000000000,3.00000000000
120,FINE.NS,Fineotex Chemical Ltd,India,Chemicals,2023,5.00559854507,33.92355728149,7.81799650192,0.00946851913,0.16311495006,0.88473212719,0.16276226938,0.04627409950,3123179.25000000000,0.18931174278,0.09141037613,0.23897711933,8.48195266724,14520059.99000000000,6.00000000000,28.57142829895,TRUE,32.53942871094,42.72265243530,9.19075489044,3.40314126015,2.59194946289,1.00000000000,3.00000000000
120,FINE.NS,Fineotex Chemical Ltd,India,Chemicals,2024,3.31211853027,37.60879135132,7.97924804688,0.00026686999,0.08237084001,0.80544400215,0.00000000000,0.05118573457,-3188402.50000000000,0.07572139800,0.07914777845,0.23768749833,-8.56715488434,12780362.79000000000,5.00000000000,28.57142829895,TRUE,51.20339584351,29.32624244690,6.48422384262,3.43082690239,3.20181012154,1.40739369392,3.00000000000
121,FINO.NS,Fine Organic Industries Ltd,India,Chemicals,2022,7.63785791397,25.06849861145,8.34220218658,0.01578918658,0.14642891288,0.99692600965,0.34902605414,0.23386353254,35195388.00000000000,0.39074918628,0.26680949330,0.14003564417,48.84891510010,75447492.70000000000,4.00000000000,10.00000000000,TRUE,40.54727172852,19.17053794861,7.60936498642,3.37059593201,5.89714193344,2.50123810768,3.00000000000
121,FINO.NS,Fine Organic Industries Ltd,India,Chemicals,2023,6.61748838425,21.92232131958,8.40291690826,0.00200771610,0.08741454035,0.98677372932,0.48231258988,0.28759685159,21623372.00000000000,0.57207810879,0.13221472502,0.14057284594,-30.77773857117,49734073.19000000000,5.00000000000,10.00000000000,TRUE,26.75796318054,16.97242355347,9.19075489044,3.40314126015,2.59194946289,2.43999338150,3.00000000000
121,FINO.NS,Fine Organic Industries Ltd,India,Chemicals,2024,5.55088853836,21.51370811462,8.46807861328,0.00111336599,0.08540424705,0.99526000023,0.60868185759,0.02335616015,-59204072.00000000000,0.43955239654,0.16777348518,0.15455719829,4.25964164734,48136325.34000000000,5.00000000000,18.18181800842,TRUE,24.03028106689,20.14440155029,6.48422384262,3.43082690239,3.20181012154,2.72471404076,3.00000000000
122,FINX.NS,Finolex Industries Ltd,India,Chemicals,2022,1.95964610577,36.02282714844,8.88364982605,0.08603245765,0.18074420094,0.82198989391,0.00753527787,0.00000000000,-1824488.75000000000,0.31000325084,0.11525090039,0.17473155260,-12.59260368347,30513631.94000000000,9.00000000000,30.00000000000,TRUE,62.41043472290,38.04652404785,7.60936498642,3.37059593201,5.89714193344,3.35126662254,3.00000000000
122,FINX.NS,Finolex Industries Ltd,India,Chemicals,2023,1.76851844788,44.11296844482,8.92776679993,0.05581727996,0.15635497868,0.77517950535,0.00194829295,0.00000000000,-769046.18750000000,0.29917335510,0.10821709037,0.15204630792,-3.21262145042,56819436.11000000000,5.00000000000,30.00000000000,0,54.28388977051,36.53754425049,9.19075489044,3.40314126015,2.59194946289,2.62144732475,3.00000000000
122,FINX.NS,Finolex Industries Ltd,India,Chemicals,2024,1.70845639706,43.91568756104,8.93645763397,0.03207156062,0.13243961334,0.76078939438,0.01419716515,0.00413306523,4943241.50000000000,0.30971413851,0.10864638537,0.14579790831,-6.42169332504,93625512.00000000000,7.00000000000,30.00000000000,TRUE,63.05028915405,34.39468765259,6.48422384262,3.43082690239,3.20181012154,2.46653294563,3.00000000000
123,FISO.NS,Firstsource Solutions Ltd,India,Professional Services,2022,4.22607469559,62.50362396240,8.83849143982,0.24595148861,0.27534469962,0.67884123325,0.09716257453,0.00000000000,8364167.50000000000,0.03416020423,0.00000000000,0.11884447932,-6.03918886185,62525803.31000000000,4.00000000000,10.00000000000,TRUE,67.68742370605,53.32995223999,7.60936498642,3.37059593201,5.89714193344,2.20320725441,3.00000000000
123,FISO.NS,Firstsource Solutions Ltd,India,Professional Services,2023,4.02744626999,66.72437286377,8.86268424988,0.25113469362,0.26954308152,0.68947303295,0.10672328621,0.00000000000,2787522.50000000000,0.03621407971,0.00000000000,0.13442647457,3.71058964729,61754649.07000000000,4.00000000000,10.00000000000,TRUE,68.56902313232,54.06920242310,9.19075489044,3.40314126015,2.59194946289,3.28048682213,3.00000000000
123,FISO.NS,Firstsource Solutions Ltd,India,Professional Services,2024,3.01154804230,77.81395721436,8.96713542938,0.32431033254,0.30656570196,0.63501626253,0.06349609047,0.00000000000,-2406319.50000000000,0.03516395763,0.00000000000,0.15626995265,22.85180854797,69567115.27000000000,5.00000000000,16.66666603088,TRUE,64.88313293457,69.00380706787,6.48422384262,3.43082690239,3.20181012154,2.81821966171,3.00000000000
124,FLTX.NS,Filatex India Ltd,India,"Textiles, Apparel & Luxury Goods",2022,1.05072486401,28.44732856750,8.41027545929,0.14362716675,0.27566272020,0.57439088821,0.00346217211,0.02367050573,6224050.50000000000,0.02389677428,0.19366411865,0.63809913397,3.86428356171,10941528.72000000000,6.00000000000,12.50000000000,TRUE,41.78099060059,26.24310112000,7.60936498642,3.37059593201,5.89714193344,1.27326464653,3.00000000000
124,FLTX.NS,Filatex India Ltd,India,"Textiles, Apparel & Luxury Goods",2023,1.07024466991,27.06057739258,8.40082740784,0.11100358516,0.24058616161,0.56477975845,0.00886548217,0.00000000000,-5706382.50000000000,0.02815575525,0.19911186397,0.64226853848,-1.83928644657,13276532.69000000000,4.00000000000,12.50000000000,TRUE,33.90464019775,30.24157524109,9.19075489044,3.40314126015,2.59194946289,1.77991902828,3.00000000000
124,FLTX.NS,Filatex India Ltd,India,"Textiles, Apparel & Luxury Goods",2024,0.99143636227,29.65782928467,8.42533397675,0.06467604637,0.28018668294,0.67462432384,0.03336365893,0.01598442346,1966062.00000000000,0.10434789211,0.20308174193,0.59166103601,-3.22576093674,15665301.35000000000,4.00000000000,12.50000000000,TRUE,44.24673080444,27.30817031860,6.48422384262,3.43082690239,3.20181012154,2.03232789040,3.00000000000
125,FOHE.NS,Fortis Healthcare Ltd,India,Health Care Providers & Services,2022,5.33796262741,63.91132736206,9.17993640900,0.07445318997,0.11467956752,0.27466508746,0.00000000000,0.01134687103,-2611380.25000000000,0.02847250737,0.01170256827,0.40835309029,1.75411403179,77042831.06000000000,6.00000000000,16.66666603088,TRUE,91.90460968018,44.20136642456,7.60936498642,3.37059593201,5.89714193344,2.26777100563,3.00000000000
125,FOHE.NS,Fortis Healthcare Ltd,India,Health Care Providers & Services,2023,4.94767236710,73.17424011230,9.20257949829,0.08691672236,0.23855979741,0.56349706650,0.01799986139,0.01341020782,14939328.00000000000,0.04759077728,0.00929472130,0.43706128001,7.88985347748,77410809.84000000000,5.00000000000,20.00000000000,TRUE,88.61135101318,43.87490463257,9.19075489044,3.40314126015,2.59194946289,2.39608454704,3.00000000000
125,FOHE.NS,Fortis Healthcare Ltd,India,Health Care Providers & Services,2024,4.92623281479,71.24816894531,9.20473957062,0.18077667058,0.11739471555,0.33660921454,0.03720395640,0.00583749311,-8163557.50000000000,0.03711983189,0.00917945802,0.45663782954,10.13457489014,94720257.46000000000,10.00000000000,18.18181800842,TRUE,79.02107238770,49.81402587891,6.48422384262,3.43082690239,3.20181012154,2.06682801247,3.00000000000
127,GAIL.NS,Gail (India) Ltd,India,Gas Utilities,2022,1.01480710506,54.96403121948,10.11788082123,0.16530020535,0.20143689215,0.50663566589,0.00664915796,0.00092233502,-155310368.00000000000,0.00770521723,0.05569389835,0.58903914690,45.10320663452,681096640.70000000000,15.00000000000,8.33333301544,TRUE,16.81559181213,60.84874725342,7.60936498642,3.37059593201,5.89714193344,2.33042883873,3.00000000000
127,GAIL.NS,Gail (India) Ltd,India,Gas Utilities,2023,0.88249307871,54.03842163086,10.17502117157,0.17474545538,0.17351683974,0.45348945260,0.01348117925,0.00684981514,108249552.00000000000,0.01338810474,0.04839636013,0.60681211948,-9.79021739960,1188099580.00000000000,15.00000000000,8.33333301544,TRUE,14.85713481903,64.92019653320,9.19075489044,3.40314126015,2.59194946289,2.77650237083,3.00000000000
127,GAIL.NS,Gail (India) Ltd,India,Gas Utilities,2024,0.82666772604,50.01337051392,10.19262504578,0.16218990088,0.16447404027,0.45480734110,0.02781843022,0.00531713711,20029256.00000000000,0.01916924864,0.04782756791,0.62285244465,3.96627426147,1458498537.00000000000,13.00000000000,7.14285707474,TRUE,14.73580646515,60.12156295776,6.48422384262,3.43082690239,3.20181012154,2.89073038101,3.00000000000
128,GALK.NS,Gujarat Alkalies And Chemicals Ltd,India,Chemicals,2022,0.47628477216,26.16882133484,9.00623226166,0.07157174498,0.10076490045,0.38252756000,0.07208881527,0.00000000000,19210200.00000000000,0.05757824332,0.06061711535,0.57472217083,11.00680828094,49856037.00000000000,6.00000000000,0.00000000000,TRUE,29.13094329834,21.81294441223,7.60936498642,3.37059593201,5.89714193344,1.32819437981,3.00000000000
128,GALK.NS,Gujarat Alkalies And Chemicals Ltd,India,Chemicals,2023,0.49695971608,31.12834167480,8.98345279694,0.06781890988,0.09279962629,0.38225024939,0.07349835336,0.00000000000,-36091096.00000000000,0.02067358047,0.05416718498,0.58699482679,-16.92049217224,-28415416.92000000000,6.00000000000,11.11111068726,TRUE,24.68327522278,33.52126693726,9.19075489044,3.40314126015,2.59194946289,1.39294922352,3.00000000000
128,GALK.NS,Gujarat Alkalies And Chemicals Ltd,India,Chemicals,2024,0.50692063570,29.87538337708,8.97065162659,0.07020232826,0.11687407643,0.40285277367,0.13522170484,0.00097037200,-3335283.75000000000,0.02476554736,0.06085545570,0.58368921280,4.36555671692,-7620830.89500000000,4.00000000000,12.50000000000,TRUE,19.70247268677,32.34433364868,6.48422384262,3.43082690239,3.20181012154,1.49653232098,3.00000000000
129,GALX.NS,Galaxy Surfactants Ltd,India,Chemicals,2022,2.70706200600,55.73377227783,8.52220916748,0.11972060055,0.24866425991,0.79816877842,0.15433260798,0.04641884193,20461296.00000000000,0.08757422864,0.23617912829,0.38564977050,11.89103698730,46370496.59000000000,6.00000000000,10.00000000000,TRUE,79.99913024902,45.91507720947,7.60936498642,3.37059593201,5.89714193344,1.41604089737,3.00000000000
129,GALX.NS,Galaxy Surfactants Ltd,India,Chemicals,2023,2.61742496490,55.86018753052,8.54368495941,0.06430208683,0.20691809058,0.82006442547,0.10724589229,0.05344669148,-1368926.25000000000,0.15794204175,0.19077566266,0.38565126061,-16.21456146240,36169166.17000000000,6.00000000000,11.11111068726,TRUE,80.77494812012,45.86511993408,9.19075489044,3.40314126015,2.59194946289,2.15887999535,3.00000000000
129,GALX.NS,Galaxy Surfactants Ltd,India,Chemicals,2024,2.23434662819,66.76912689209,8.60762596130,0.06073787808,0.28257787228,0.88973671198,0.11382894963,0.02369955741,-3165594.00000000000,0.17042514682,0.20908758044,0.37143459916,8.57821369171,35682855.47000000000,6.00000000000,10.00000000000,TRUE,81.18302917480,52.27323532104,6.48422384262,3.43082690239,3.20181012154,1.61549270153,3.00000000000
131,GDFR.NS,Godfrey Phillips India Ltd,India,Tobacco,2022,10.40347290039,54.12219238281,8.78154087067,0.07144987583,0.20928622782,0.73208737373,0.01512586139,0.00000000000,-1352580.37500000000,0.03612738475,0.18916779757,0.18093869090,21.88937187195,84034664.07000000000,5.00000000000,25.00000000000,TRUE,62.44939422607,51.68199539185,7.60936498642,3.37059593201,5.89714193344,1.71184003353,3.00000000000
131,GDFR.NS,Godfrey Phillips India Ltd,India,Tobacco,2023,9.21461200714,62.14903259277,8.84574985504,0.05910868943,0.20775002241,0.75346243382,0.00861551985,0.00000000000,-1574001.25000000000,0.03380466253,0.24956855178,0.14592058957,13.46300220490,111139628.10000000000,5.00000000000,25.00000000000,TRUE,55.04749679565,65.29103851318,9.19075489044,3.40314126015,2.59194946289,1.52679646015,3.00000000000
131,GDFR.NS,Godfrey Phillips India Ltd,India,Tobacco,2024,7.65825271606,68.76837158203,8.91146087646,0.02568117715,0.20386543870,0.82447075844,0.01002790127,0.00000000000,2129537.75000000000,0.03265539557,0.29081788659,0.10080757737,34.62618255615,134919941.50000000000,5.00000000000,22.22222137451,TRUE,61.42438888550,69.92326354980,6.48422384262,3.43082690239,3.20181012154,1.94331467152,3.00000000000
132,GDPI.NS,Godawari Power and Ispat Ltd,India,Metals & Mining,2022,2.91270971298,20.55694389343,8.79793548584,0.06138025597,0.18367607892,0.75575625896,0.03970487788,0.09103325009,60406912.00000000000,0.15930105746,0.18372084200,0.46682485938,-1.56292259693,96018317.92000000000,8.00000000000,9.09090900421,TRUE,20.98419189453,18.32234382629,7.60936498642,3.37059593201,5.89714193344,1.49943423271,3.00000000000
132,GDPI.NS,Godawari Power and Ispat Ltd,India,Metals & Mining,2023,2.79189014435,24.49841880798,8.82301521301,0.00931014586,0.13438670337,0.71015626192,0.04993648827,0.01483587641,-46528928.00000000000,0.16638945043,0.19361138344,0.48757630587,-6.52822494507,112247654.50000000000,8.00000000000,10.00000000000,TRUE,23.95654869080,18.27658081055,9.19075489044,3.40314126015,2.59194946289,1.39812469482,3.00000000000
132,GDPI.NS,Godawari Power and Ispat Ltd,India,Metals & Mining,2024,2.52841472626,38.54993820190,8.85767364502,0.05015566945,0.15235260129,0.74971228838,0.00000000000,0.11276661605,24524284.00000000000,0.12227894366,0.15133753419,0.50039386749,-3.88125944138,95141018.14000000000,5.00000000000,10.00000000000,TRUE,28.66723251343,33.50477218628,6.48422384262,3.43082690239,3.20181012154,1.56453824043,3.00000000000
133,GEEN.NS,Greenlam Industries Ltd,India,Building Products,2022,2.72265148163,32.26494598389,8.39526367188,0.30765172839,0.32408496737,0.61075294018,0.02405784652,0.00000000000,25279.94140625000,0.17210365832,0.25154092908,0.42701908946,9.87581443787,15641224.44000000000,7.00000000000,28.57142829895,TRUE,40.03739547729,26.17858123779,7.60936498642,3.37059593201,5.89714193344,1.37430274487,3.00000000000
133,GEEN.NS,Greenlam Industries Ltd,India,Building Products,2023,2.06714534760,48.23984146118,8.51617431641,0.40548011661,0.32741338015,0.54004818201,0.03659147024,0.00000000000,2022771.50000000000,0.08701079339,0.22264274955,0.57882869244,12.21459293365,16557612.48000000000,6.00000000000,33.33333206177,TRUE,47.61141586304,42.68190765381,9.19075489044,3.40314126015,2.59194946289,1.37430274487,3.00000000000
133,GEEN.NS,Greenlam Industries Ltd,India,Building Products,2024,1.99372375011,44.14415359497,8.53197479248,0.41215077043,0.32040280104,0.52304780483,0.04560428485,0.00000000000,1137507.37500000000,0.03510894626,0.22853106260,0.60680323839,8.66512012482,7998829.72500000000,6.00000000000,25.00000000000,TRUE,47.87932586670,42.95915985107,6.48422384262,3.43082690239,3.20181012154,1.33962714672,3.00000000000
134,GESC.NS,Great Eastern Shipping Company Ltd,India,"Oil, Gas & Consumable Fuels",2022,0.85476976633,47.54501342773,9.26744365692,0.23994748294,0.09445648640,0.29117751122,1.86437416077,0.00000000000,136324240.00000000000,0.35220742226,0.01344456524,0.55748790503,49.81689453125,313414070.10000000000,6.00000000000,7.69230747223,TRUE,66.35318756104,28.82695960999,7.60936498642,3.37059593201,5.89714193344,1.71640324593,3.00000000000
134,GESC.NS,Great Eastern Shipping Company Ltd,India,"Oil, Gas & Consumable Fuels",2023,0.77154761553,51.28443145752,9.30460643768,0.18136157095,0.08963008970,0.34157595038,2.18247723579,0.00000000000,73127776.00000000000,0.43654298782,0.01471811440,0.49817585945,-8.96797180176,313638872.20000000000,5.00000000000,7.14285707474,TRUE,60.60938262939,31.70949745178,9.19075489044,3.40314126015,2.59194946289,1.85384440422,3.00000000000
134,GESC.NS,Great Eastern Shipping Company Ltd,India,"Oil, Gas & Consumable Fuels",2024,0.74718171358,50.36837005615,9.31517219543,0.12251085788,0.07993980497,0.41554248333,2.91341161728,0.00000000000,96440024.00000000000,0.46074321866,0.01431212388,0.46720257401,-1.20710742474,274342890.60000000000,7.00000000000,13.33333301544,TRUE,58.04108047485,29.85554504395,6.48422384262,3.43082690239,3.20181012154,1.24803209305,3.00000000000
135,GGAS.NS,Gujarat Gas Ltd,India,Gas Utilities,2022,2.56075167656,28.15460014343,9.12385749817,0.01393923443,0.25654432178,0.71890866756,0.01781427488,0.05717355385,80096152.00000000000,0.06501332670,0.00559875509,0.71542990208,-4.76251363754,186024829.60000000000,4.00000000000,0.00000000000,TRUE,18.01523399353,23.94594573975,7.60936498642,3.37059593201,5.89714193344,1.43297553062,3.00000000000
135,GGAS.NS,Gujarat Gas Ltd,India,Gas Utilities,2023,2.41944265366,32.21087265015,9.14696693420,0.01285199542,0.24076664448,0.70921546221,0.04271849617,0.06806015223,28947810.00000000000,0.08262715489,0.00501814578,0.69483143091,-7.19863367081,137216556.70000000000,4.00000000000,25.00000000000,TRUE,19.81639289856,35.17776489258,9.19075489044,3.40314126015,2.59194946289,1.64730525017,3.00000000000
135,GGAS.NS,Gujarat Gas Ltd,India,Gas Utilities,2024,2.25736045837,30.71794700623,9.17041683197,0.01185508631,0.23431383073,0.71232759953,0.00000000000,0.02840857394,-68943240.00000000000,0.13832978904,0.00488968985,0.67031270266,2.88262987137,134385020.50000000000,4.00000000000,25.00000000000,TRUE,11.19946098328,37.81712341309,6.48422384262,3.43082690239,3.20181012154,1.89677095413,3.00000000000
136,GHCH.NS,GHCL Ltd,India,Chemicals,2022,1.00902199745,36.14979934692,8.79574584961,0.07010544837,0.08077866584,0.35211950541,0.11671932042,0.01461017132,-10046251.00000000000,0.09029319882,0.15045164526,0.35807582736,37.58114624023,135808179.20000000000,6.00000000000,10.00000000000,TRUE,46.73380661011,24.60742950439,7.60936498642,3.37059593201,5.89714193344,1.75229799747,3.00000000000
136,GHCH.NS,GHCL Ltd,India,Chemicals,2023,1.37967002392,40.57444000244,8.65538501740,0.05544678867,0.10978735238,0.52315217257,0.00000000000,0.01292723790,-13426515.00000000000,0.17129814625,0.17271776497,0.49738165736,-25.25810050964,95248950.21000000000,4.00000000000,10.00000000000,TRUE,52.65521621704,30.47067260742,9.19075489044,3.40314126015,2.59194946289,1.89636683464,3.00000000000
136,GHCH.NS,GHCL Ltd,India,Chemicals,2024,1.25259268284,41.87197494507,8.69002342224,0.02825304121,0.08795835078,0.52851915359,0.00000000000,0.02356530726,5839672.50000000000,0.27765572071,0.14948427677,0.49696445465,-9.90258312225,73042715.04000000000,4.00000000000,11.11111068726,TRUE,45.46680450439,39.69198226929,6.48422384262,3.43082690239,3.20181012154,2.75233006477,3.00000000000
137,GHFC.NS,Ganesh Housing Ltd,India,Real Estate Management & Development,2022,4.97679662704,29.32012939453,8.23717498779,0.00251783291,0.16372491419,0.75172567368,0.60411942005,0.00000000000,37765824.00000000000,0.25452938676,0.36304357648,0.15312810242,48.72051239014,12433495.62000000000,13.00000000000,16.66666603088,TRUE,56.59822463989,11.22799396515,7.60936498642,3.37059593201,5.89714193344,1.00000000000,3.00000000000
137,GHFC.NS,Ganesh Housing Ltd,India,Real Estate Management & Development,2023,4.00489139557,31.11049652100,8.32685184479,0.01471883710,0.10921844095,0.88285589218,0.38359159231,-0.00000005650,-11345975.00000000000,0.16008780897,0.25426965952,0.20470683277,42.69628906250,55273809.24000000000,8.00000000000,28.57142829895,TRUE,45.58402633667,18.06806564331,9.19075489044,3.40314126015,2.59194946289,1.27427399158,3.00000000000
137,GHFC.NS,Ganesh Housing Ltd,India,Real Estate Management & Development,2024,3.08055019379,54.17850494385,8.43719387054,0.01172597893,0.10945083946,0.90841364861,0.47334077954,-0.00000004280,-8564470.00000000000,0.08653263748,0.19220390916,0.24434056878,4.94404792786,69989467.52000000000,7.00000000000,28.57142829895,TRUE,78.20222473145,29.54353904724,6.48422384262,3.43082690239,3.20181012154,1.36277699471,3.00000000000
139,GLAX.NS,GlaxoSmithKline Pharmaceuticals Ltd,India,Pharmaceuticals,2022,13.40969848633,54.57587051392,8.60733795166,0.00467121694,0.39871826768,0.83666199446,0.02631309256,0.00001202430,-30580112.00000000000,0.32981312275,0.13827106357,0.09472738951,-8.35894489288,73958398.25000000000,7.00000000000,30.00000000000,TRUE,56.54709243774,54.35229492188,7.60936498642,3.37059593201,5.89714193344,1.55967235565,3.00000000000
139,GLAX.NS,GlaxoSmithKline Pharmaceuticals Ltd,India,Pharmaceuticals,2023,12.70124435425,47.33860778809,8.63013172150,0.00524796406,0.42876303196,0.85720354319,0.04208096117,0.00000000000,3506934.50000000000,0.55020785332,0.14762571454,0.08736722171,4.69517660141,70781163.77000000000,5.00000000000,22.22222137451,TRUE,39.00495910645,50.66844177246,9.19075489044,3.40314126015,2.59194946289,1.00000000000,3.00000000000
139,GLAX.NS,GlaxoSmithKline Pharmaceuticals Ltd,India,Pharmaceuticals,2024,11.21891307831,47.02896881104,8.68192481995,0.00242235698,0.46375954151,0.88334316015,0.05450880527,0.10588925332,55550204.00000000000,0.68512028456,0.11726609617,0.06909789890,5.88829612732,108552709.20000000000,6.00000000000,22.22222137451,TRUE,36.41124725342,50.60380554199,6.48422384262,3.43082690239,3.20181012154,1.31236934662,3.00000000000
140,GLEN.NS,Glenmark Pharmaceuticals Ltd,India,Pharmaceuticals,2022,2.65524625778,70.21061706543,9.37250709534,0.23786692321,0.23468500376,0.45932060480,0.25498047471,0.00000000000,3955696.25000000000,0.06268698722,0.12939210236,0.21655829251,-13.03569507599,-10900803.31000000000,5.00000000000,27.27272796631,TRUE,54.63901901245,68.22438812256,7.60936498642,3.37059593201,5.89714193344,2.42522168159,3.00000000000
140,GLEN.NS,Glenmark Pharmaceuticals Ltd,India,Pharmaceuticals,2023,3.65853643417,75.90422821045,9.23620700836,0.08572757244,0.40523290634,0.89369648695,0.28499531746,0.00000000000,25824116.00000000000,0.08438064903,0.18949252367,0.24636602402,0.52839046717,-219658068.40000000000,5.00000000000,33.33333206177,TRUE,70.39689636230,72.77455902100,9.19075489044,3.40314126015,2.59194946289,2.11013770103,3.00000000000
140,GLEN.NS,Glenmark Pharmaceuticals Ltd,India,Pharmaceuticals,2024,3.34529352188,73.24492645264,9.27375125885,0.15406453609,0.37178751826,0.82874029875,0.28082793951,0.00000000000,2040608.50000000000,0.11807792634,0.18869870901,0.24058942497,9.99950218201,122544411.90000000000,7.00000000000,33.33333206177,TRUE,64.89929199219,73.17481231689,6.48422384262,3.43082690239,3.20181012154,2.72361302376,3.00000000000
141,GMDC.NS,Gujarat Mineral Development Corporation Ltd,India,"Oil, Gas & Consumable Fuels",2022,1.83915448189,18.00735855103,8.92739868164,0.00029747500,0.07586149871,0.45224803686,0.09685525298,0.00336853508,1027215.18750000000,0.01521745510,0.01582962461,0.15348559618,18.27717208862,146597711.80000000000,4.00000000000,25.00000000000,TRUE,15.32029342651,7.45403385162,7.60936498642,3.37059593201,5.89714193344,1.51490032673,3.00000000000
141,GMDC.NS,Gujarat Mineral Development Corporation Ltd,India,"Oil, Gas & Consumable Fuels",2023,1.73146498203,28.01782608032,8.94637584686,0.00040490800,0.07474975288,0.44023817778,0.06033519655,0.06159505248,-37192.56250000000,0.07216907293,0.01638652571,0.15309248865,-30.59461212158,71668866.23000000000,5.00000000000,37.50000000000,TRUE,12.43050003052,25.44241333008,9.19075489044,3.40314126015,2.59194946289,1.31530523300,3.00000000000
141,GMDC.NS,Gujarat Mineral Development Corporation Ltd,India,"Oil, Gas & Consumable Fuels",2024,1.63931417465,37.02977752686,8.95761394501,0.01631391235,0.06809549034,0.39424067736,0.22521173954,0.05984563380,7969573.00000000000,0.26681244373,0.01178384665,0.19388189912,12.90758800507,80256290.23000000000,6.00000000000,25.00000000000,TRUE,22.70958900452,32.19459915161,6.48422384262,3.43082690239,3.20181012154,1.49898660183,3.00000000000
142,GMMP.NS,GMM Pfaudler Ltd,India,Machinery,2022,1.53969466686,55.13523864746,8.61097240448,0.28994736075,0.41457247734,0.54526346922,0.22397354245,0.00000000000,2543817.00000000000,0.10549785197,0.26014596224,0.18817482889,15.54484748840,25985881.21000000000,4.00000000000,12.50000000000,FALSE,64.94039154053,47.23758316040,7.60936498642,3.37059593201,5.89714193344,1.88863813877,3.00000000000
142,GMMP.NS,GMM Pfaudler Ltd,India,Machinery,2023,1.63981413841,51.66932678223,8.58064651489,0.28548967838,0.36702483892,0.52723562717,0.27440997958,0.00000000000,977804.43750000000,0.09392244369,0.21458595991,0.20736387372,6.91489076614,20887822.44000000000,7.00000000000,12.50000000000,FALSE,56.84011459351,46.27479934692,9.19075489044,3.40314126015,2.59194946289,1.49517047405,3.00000000000
142,GMMP.NS,GMM Pfaudler Ltd,India,Machinery,2024,1.69974792004,52.43481826782,8.56008052826,0.27404707670,0.36437991261,0.54352998734,0.39339348674,0.00000000000,14649503.00000000000,0.13671492040,0.18646956980,0.19767133892,-9.47054100037,5754242.24700000000,7.00000000000,16.66666603088,FALSE,47.81432723999,47.93663787842,6.48422384262,3.43082690239,3.20181012154,2.16023993492,3.00000000000
143,GOCP.NS,Godrej Consumer Products Ltd,India,Personal Care Products,2022,6.91545724869,84.12812042236,9.32834720612,0.06455196440,0.18808807433,0.88845306635,0.09308147430,0.00292934896,-47870008.00000000000,0.14671710134,0.08784331381,0.09004518390,0.20458547771,207212755.60000000000,4.00000000000,41.66666793823,TRUE,94.30951690674,71.99800109863,7.60936498642,3.37059593201,5.89714193344,1.86072826385,3.00000000000
143,GOCP.NS,Godrej Consumer Products Ltd,India,Personal Care Products,2023,6.64138984680,82.53981018066,9.34616947174,0.17421168089,0.30224770308,0.94794583321,0.05600911751,0.00484810397,5418116.50000000000,0.12642924488,0.06871364266,0.08242479712,4.34731960297,-67252549.49000000000,4.00000000000,41.66666793823,TRUE,94.84859466553,68.57436370850,9.19075489044,3.40314126015,2.59194946289,2.28564596176,3.00000000000
143,GOCP.NS,Godrej Consumer Products Ltd,India,Personal Care Products,2024,6.38409757614,81.26818847656,9.36213207245,0.20356510580,0.35246208310,0.90423548222,0.05047335103,0.00533555914,6100643.50000000000,0.18765373528,0.07211341709,0.09664499015,-0.60182249546,216770041.00000000000,7.00000000000,54.54545593262,TRUE,96.89971160889,62.44173812866,6.48422384262,3.43082690239,3.20181012154,2.15017104149,3.00000000000
144,GODE.NS,Godrej Agrovet Ltd,India,Food Products,2022,2.46080207825,23.54533767700,8.82459163666,0.26121273637,0.43346729875,0.80262053013,0.01123642828,0.00000000000,-564751.68750000000,0.00483751204,0.27094486356,0.44139483571,4.25642919540,35949367.09000000000,4.00000000000,38.46154022217,TRUE,20.13491249084,49.13222503662,7.60936498642,3.37059593201,5.89714193344,2.40558576584,3.00000000000
144,GODE.NS,Godrej Agrovet Ltd,India,Food Products,2023,2.40397810936,30.93051338196,8.83521842957,0.24825757742,0.38451099396,0.73075371981,0.02268156968,0.00000351000,2764247.25000000000,0.01039456576,0.26419404149,0.46393385530,0.53738385439,43125374.93000000000,4.00000000000,42.85714340210,TRUE,11.28539562225,52.57600021362,9.19075489044,3.40314126015,2.59194946289,2.51871824265,3.00000000000
144,GODE.NS,Godrej Agrovet Ltd,India,Food Products,2024,2.50988912582,39.13510131836,8.80991172791,0.25307878852,0.39928099513,0.85425102711,0.00709216623,0.00382705592,-1524868.37500000000,0.00629728613,0.25000590086,0.47478330135,-4.27139472961,47205383.27000000000,4.00000000000,46.15384674072,TRUE,31.64083671570,58.51905822754,6.48422384262,3.43082690239,3.20181012154,2.72279167175,3.00000000000
145,GODI.NS,Godrej Industries Ltd,India,Industrial Conglomerates,2022,0.92782831192,37.84567642212,9.72854614258,0.44667214155,0.50335335732,0.61501854658,0.02422363870,0.02367865480,118864408.00000000000,0.12423152477,0.32566034794,0.10838668793,7.21144437790,172911392.40000000000,4.00000000000,27.27272796631,TRUE,26.18542098999,33.65109252930,7.60936498642,3.37059593201,5.89714193344,2.12004876137,3.00000000000
145,GODI.NS,Godrej Industries Ltd,India,Industrial Conglomerates,2023,0.66979235411,38.17881011963,9.86830997467,0.47110882401,0.55867856741,0.64215981960,0.03697966039,0.00991564337,34557888.00000000000,0.13807098567,0.40433189273,0.08738159388,-5.25283813477,71404919.02000000000,4.00000000000,25.00000000000,TRUE,20.91107749939,28.85264015198,9.19075489044,3.40314126015,2.59194946289,1.98451292515,3.00000000000
145,GODI.NS,Godrej Industries Ltd,India,Industrial Conglomerates,2024,0.47437605262,43.68297958374,10.01249313354,0.43309238553,0.53442835808,0.60416883230,0.03816492483,0.01193613559,114223520.00000000000,0.18396024406,0.40360116959,0.06211257353,12.26833057404,217465184.30000000000,5.00000000000,27.27272796631,TRUE,34.08098220825,25.58284378052,6.48422384262,3.43082690239,3.20181012154,2.25114083290,3.00000000000
146,GOFA.NS,Go Fashion (India) Ltd,India,Specialty Retail,2022,3.80482864380,35.62972640991,8.05240917206,0.36624094844,0.13681693375,0.31197333336,0.20538783073,0.00820277724,-963984.93750000000,0.12622030079,0.25333535671,0.43185010552,53.14781570435,10077677.70000000000,11.00000000000,14.28571414948,TRUE,36.65384292603,10.51964378357,7.60936498642,3.37059593201,5.89714193344,1.40739369392,3.00000000000
146,GOFA.NS,Go Fashion (India) Ltd,India,Specialty Retail,2023,3.13859677315,45.51982116699,8.13677787781,0.41075322032,0.12225784361,0.25945246220,0.09766659141,0.00181218702,-2153113.50000000000,0.20870281756,0.19609187543,0.46995806694,13.02572727203,9931145.77100000000,4.00000000000,14.28571414948,TRUE,44.24067306519,29.58590507507,9.19075489044,3.40314126015,2.59194946289,1.30473554134,3.00000000000
146,GOFA.NS,Go Fashion (India) Ltd,India,Specialty Retail,2024,2.86603879929,44.74045181274,8.17560386658,0.39599972963,0.12508824468,0.27473247051,0.08815375715,0.00157945906,50789.93750000000,0.21116550267,0.18853393197,0.44572535157,8.45471477509,10941919.25000000000,4.00000000000,16.66666603088,TRUE,30.48516273499,49.39845657349,6.48422384262,3.43082690239,3.20181012154,1.30473554134,3.00000000000
147,GRAN.NS,Granules India Ltd,India,Pharmaceuticals,2022,2.13414955139,38.44287109375,8.77593994141,0.23166890442,0.36975783110,0.87623345852,0.02059000731,0.05183274299,13004260.00000000000,0.05968392268,0.23883448541,0.37911811471,10.71197319031,62876947.42000000000,7.00000000000,20.00000000000,TRUE,52.63048171997,22.85778617859,7.60936498642,3.37059593201,5.89714193344,1.48446822166,3.00000000000
147,GRAN.NS,Granules India Ltd,India,Pharmaceuticals,2023,1.92682313919,47.99140548706,8.82111072540,0.23819385469,0.37715989351,0.90714406967,0.13497763872,0.01811942272,10743011.00000000000,0.07659375668,0.24542826414,0.38319796324,-1.54896581173,48627474.51000000000,7.00000000000,22.22222137451,TRUE,53.61000823975,45.79643249512,9.19075489044,3.40314126015,2.59194946289,2.29540967941,3.00000000000
147,GRAN.NS,Granules India Ltd,India,Pharmaceuticals,2024,1.77703177929,53.39757537842,8.86434555054,0.23266577721,0.32037448883,0.78958392143,0.10999565572,0.03930789232,9948976.00000000000,0.08281133324,0.21994428337,0.42452555895,-2.99349761009,58691164.42000000000,6.00000000000,23.07692337036,TRUE,58.35459136963,55.99826812744,6.48422384262,3.43082690239,3.20181012154,2.39574337006,3.00000000000
148,GRAS.NS,Grasim Industries Ltd,India,Construction Materials,2022,0.53270006180,59.89854431152,10.61323356628,0.30556648970,0.20620389283,0.26902487874,0.02403664775,0.00190157304,8746349.00000000000,0.05464798957,0.03760972992,0.21910332143,13.54803085327,1348369036.00000000000,6.00000000000,15.38461494446,TRUE,52.52281570435,55.51993560791,7.60936498642,3.37059593201,5.89714193344,2.89407706261,3.00000000000
148,GRAS.NS,Grasim Industries Ltd,India,Construction Materials,2023,0.44004306197,62.63307952881,10.69455909729,0.33246558905,0.22405838966,0.28538635373,0.01669071242,0.00204799999,9008998.00000000000,0.06040604785,0.03601435944,0.21877387166,9.76084899902,1190839832.00000000000,7.00000000000,20.00000000000,TRUE,61.51065063477,55.67214965820,9.19075489044,3.40314126015,2.59194946289,2.29952764511,3.00000000000
148,GRAS.NS,Grasim Industries Ltd,India,Construction Materials,2024,0.36969920993,72.02364349365,10.76772308350,0.37225228548,0.21481727064,0.26679068804,0.03203070164,0.00287420093,291989472.00000000000,0.05231878534,0.03424760699,0.24309687316,10.57460021973,907703920.40000000000,6.00000000000,20.00000000000,TRUE,69.36287689209,64.63387298584,6.48422384262,3.43082690239,3.20181012154,2.95408558846,3.00000000000
149,GREP.NS,Greenpanel Industries Ltd,India,Paper & Forest Products,2022,1.78930747509,15.41076087952,8.31702041626,0.13352012634,0.13723210990,0.45791295171,0.05673000962,0.00000000000,-5369011.50000000000,0.24759052694,0.09617691487,0.58431738615,1.35446012020,31221372.93000000000,4.00000000000,16.66666603088,TRUE,34.30367279053,13.76418972015,7.60936498642,3.37059593201,5.89714193344,2.13403725624,3.00000000000
149,GREP.NS,Greenpanel Industries Ltd,India,Paper & Forest Products,2023,1.62345790863,22.48151779175,8.35920333862,0.15534725785,0.11524403840,0.37303489447,0.13512295485,0.00524796406,3437504.50000000000,0.13729974627,0.11197073758,0.67924642563,-13.36020565033,16225830.83000000000,5.00000000000,16.66666603088,TRUE,40.78458023071,18.32899665833,9.19075489044,3.40314126015,2.59194946289,1.92084467411,3.00000000000
149,GREP.NS,Greenpanel Industries Ltd,India,Paper & Forest Products,2024,1.51580083370,46.13563919067,8.39787006378,0.19319030643,0.13005517423,0.37001290917,0.05007062852,0.00938697811,-669771.81250000000,0.11530927569,0.09588470310,0.73451149464,-10.62867736816,8438724.40000000000,5.00000000000,16.66666603088,TRUE,51.63224029541,55.56797027588,6.48422384262,3.43082690239,3.20181012154,1.74514949322,3.00000000000
151,GRNN.NS,Grindwell Norton Ltd,India,Machinery,2022,6.78993272781,40.83029556274,8.46733760834,0.02131398767,0.20634469390,0.82317429781,0.02737671509,0.01078884583,147626.57812500000,0.24949333072,0.20545411110,0.25513783097,16.64356994629,44002239.53000000000,5.00000000000,11.11111068726,TRUE,28.13371276855,24.64797210693,7.60936498642,3.37059593201,5.89714193344,2.05331134796,3.00000000000
151,GRNN.NS,Grindwell Norton Ltd,India,Machinery,2023,5.95793581009,39.99445724487,8.52151489258,0.02982225455,0.20592904091,0.79841428995,0.03524931520,0.01047073863,1138668.25000000000,0.26924726367,0.18498755991,0.28510743380,4.21290922165,46065518.90000000000,5.00000000000,12.50000000000,TRUE,31.87004470825,22.83504676819,9.19075489044,3.40314126015,2.59194946289,1.74787807465,3.00000000000
151,GRNN.NS,Grindwell Norton Ltd,India,Machinery,2024,5.51385784149,36.90661239624,8.55355453491,0.02733225748,0.20798927546,0.79343897104,0.01930870861,0.01930126362,2594710.25000000000,0.30924063921,0.16785527766,0.26748755574,2.07411432266,43448425.98000000000,6.00000000000,11.11111068726,TRUE,20.39493370056,25.37415695190,6.48422384262,3.43082690239,3.20181012154,1.63475334644,3.00000000000
153,GRPH.NS,Graphite India Ltd,India,Electrical Equipment,2022,1.51642072201,15.75743770599,8.89900302887,0.06634998322,0.21821069717,0.91820418835,0.01626525447,0.00000000000,-5518500.50000000000,0.20694634318,0.35956799984,0.13015973568,-2.90430164337,24227117.82000000000,4.00000000000,14.28571414948,0,19.82999038696,9.43091201782,7.60936498642,3.37059593201,5.89714193344,1.96770107746,3.00000000000
153,GRPH.NS,Graphite India Ltd,India,Electrical Equipment,2023,1.44352173805,16.30204582214,8.91131687164,0.02606423013,0.15165579319,0.86987125874,0.03327252716,0.00039732101,1665267.00000000000,0.40633934736,0.20179764926,0.15081700683,-8.59321022034,96560287.94000000000,4.00000000000,12.50000000000,0,17.87435340881,7.61552762985,9.19075489044,3.40314126015,2.59194946289,1.51138520241,3.00000000000
153,GRPH.NS,Graphite India Ltd,India,Electrical Equipment,2024,1.37237870693,16.23984146118,8.92750358582,0.02387955785,0.15902417898,0.84221357107,0.01517457329,0.01261877175,8392042.00000000000,0.45765784383,0.16570763290,0.15071722865,-15.34312820435,53619660.62000000000,5.00000000000,11.11111068726,0,18.18285560608,8.06139373779,6.48422384262,3.43082690239,3.20181012154,1.55610990524,3.00000000000
154,GRSE.NS,Garden Reach Shipbuilders & Engineers Ltd,India,Aerospace & Defense,2022,2.55318021774,23.58788681030,9.11779403687,0.02896338515,0.85754591227,0.98704802990,0.00151343097,0.00000000928,520070.59375000000,0.55293470621,0.40955969691,0.04677973688,34.85990905762,27765822.78000000000,7.00000000000,0.00000000000,TRUE,20.39776611328,20.27142906189,7.60936498642,3.37059593201,5.89714193344,1.80465435982,3.00000000000
154,GRSE.NS,Garden Reach Shipbuilders & Engineers Ltd,India,Aerospace & Defense,2023,2.67810773849,24.10248184204,9.08989906311,0.00640569488,0.82485598326,0.98576420546,0.00062319997,0.00000000000,-1045650.87500000000,0.34092888236,0.42168530822,0.04843956232,38.27212142944,42863551.29000000000,7.00000000000,0.00000000000,TRUE,16.38451957703,18.35127639771,9.19075489044,3.40314126015,2.59194946289,2.01677656174,3.00000000000
154,GRSE.NS,Garden Reach Shipbuilders & Engineers Ltd,India,Aerospace & Defense,2024,2.61578297615,22.82294082642,9.08340549469,0.00093380199,0.78704512119,0.98480695486,0.00000000000,0.36041823030,-162352.25000000000,0.37456625700,0.34307196736,0.05028671399,37.80800628662,61720748.98000000000,9.00000000000,0.00000000000,TRUE,14.35256576538,16.36028099060,6.48422384262,3.43082690239,3.20181012154,1.85078918934,3.00000000000
155,GRVL.NS,Greaves Cotton Ltd,India,Machinery,2022,1.67710089684,31.69125747681,8.52061557770,0.01037281193,0.26170244813,0.62658953667,0.02023871243,0.02642754652,-517283.34375000000,0.62006932497,0.08158037066,0.10011268407,45.86286163330,9322054.52800000000,6.00000000000,12.50000000000,TRUE,43.69234848022,25.78502655029,7.60936498642,3.37059593201,5.89714193344,1.63152289391,3.00000000000
155,GRVL.NS,Greaves Cotton Ltd,India,Machinery,2023,1.86176061630,44.20424652100,8.47080421448,0.03276672959,0.27998408675,0.67371308804,0.06226177141,0.04255008325,7365327.00000000000,0.17303146422,0.11791153252,0.16588689387,-3.84724426270,-43955608.88000000000,6.00000000000,11.11111068726,TRUE,58.14943695068,30.13186645508,9.19075489044,3.40314126015,2.59194946289,1.40739369392,3.00000000000
155,GRVL.NS,Greaves Cotton Ltd,India,Machinery,2024,1.79944467545,48.35144424438,8.47510242462,0.03183872253,0.33743402362,0.75128924847,0.03579558805,0.04085655883,-1496781.75000000000,0.21623364091,0.14192607999,0.16560524702,8.10906410217,-734932.70920000000,4.00000000000,12.50000000000,TRUE,66.98153686523,26.95825386047,6.48422384262,3.43082690239,3.20181012154,1.66274917126,3.00000000000
156,GRWL.NS,Garware Technical Fibres Ltd,India,"Textiles, Apparel & Luxury Goods",2022,5.09696626663,18.76600265503,8.25944900513,0.08944279701,0.28855842352,0.90371191502,0.04945751280,0.01382963825,311562.81250000000,0.03620575741,0.15155915916,0.16183321178,1.40395796299,20959067.67000000000,4.00000000000,33.33333206177,TRUE,8.55538177490,26.58040237427,7.60936498642,3.37059593201,5.89714193344,2.45011734962,3.00000000000
156,GRWL.NS,Garware Technical Fibres Ltd,India,"Textiles, Apparel & Luxury Goods",2023,4.26559638977,20.17560005188,8.32731246948,0.06950955838,0.27277681231,0.89937609434,0.14333251119,0.04536492750,12912262.00000000000,0.20486856997,0.15195719898,0.14566034079,0.08702594042,25227114.58000000000,4.00000000000,28.57142829895,TRUE,18.05349159241,30.01933860779,9.19075489044,3.40314126015,2.59194946289,1.85536634922,3.00000000000
156,GRWL.NS,Garware Technical Fibres Ltd,India,"Textiles, Apparel & Luxury Goods",2024,4.27060079575,22.70289802551,8.31296443939,0.03692410886,0.25687882304,0.87610632181,0.02318246476,0.00033308400,-16212686.00000000000,0.09390629828,0.16455447674,0.15576438606,13.32614803314,27097425.39000000000,4.00000000000,28.57142829895,TRUE,20.29179191589,36.02181625366,6.48422384262,3.43082690239,3.20181012154,1.70499193668,3.00000000000
157,GSFC.NS,Gujarat State Fertilizers & Chemicals Ltd,India,Chemicals,2022,0.56651121378,31.47267532349,9.22864341736,0.00017172001,0.07770609111,0.57817804813,0.05665472150,0.07453051209,93769632.00000000000,0.09356572479,0.10240536183,0.19967871904,15.63464450836,154079564.30000000000,5.00000000000,18.18181800842,TRUE,34.57877349854,28.78146934509,7.60936498642,3.37059593201,5.89714193344,2.75860667229,3.00000000000
157,GSFC.NS,Gujarat State Fertilizers & Chemicals Ltd,India,Chemicals,2023,0.52511894703,31.34366607666,9.25665092468,0.00033943300,0.08661063761,0.56097912788,0.06730796397,0.02953707427,-67858992.00000000000,0.16267029941,0.09450419992,0.18483136594,-20.62463951111,67640623.88000000000,6.00000000000,18.18181800842,TRUE,32.16137313843,27.46518707275,9.19075489044,3.40314126015,2.59194946289,1.97206592560,3.00000000000
157,GSFC.NS,Gujarat State Fertilizers & Chemicals Ltd,India,Chemicals,2024,0.54046106339,32.29228210449,9.22571468353,0.00012248600,0.09061305970,0.58372676373,0.00000000000,0.13273565471,-28887068.00000000000,0.12878377736,0.10294933617,0.22202086449,1.58402049541,69181977.76000000000,6.00000000000,20.00000000000,TRUE,25.11229133606,37.19885253906,6.48422384262,3.43082690239,3.20181012154,2.10828900337,3.00000000000
158,GILE.NS,Gillette India Ltd,India,Personal Care Products,2022,16.61757278442,36.21031570435,8.36813354492,0.00002609400,0.42576000094,0.87978947163,0.07776225358,0.20353312790,20037520.00000000000,0.26936945319,0.21519714594,0.22018109262,5.58967828751,43327526.77000000000,6.00000000000,18.18181800842,TRUE,38.08505249023,41.97988128662,7.60936498642,3.37059593201,5.89714193344,1.35699152946,3.00000000000
158,GILE.NS,Gillette India Ltd,India,Personal Care Products,2023,17.49801826477,40.69425582886,8.34169769287,0.00002731120,0.41460603476,0.88313865662,0.09015335143,0.22122080624,2398176.50000000000,0.24332691729,0.21621739864,0.20365969837,4.68710041046,49391158.30000000000,4.00000000000,18.18181800842,TRUE,38.38544082642,45.77189254761,9.19075489044,3.40314126015,2.59194946289,1.40312039852,3.00000000000
158,GILE.NS,Gillette India Ltd,India,Personal Care Products,2024,16.56091499329,42.81136322021,8.35106849670,0.00002607290,0.40770193934,0.87397581339,0.08371170610,0.18251030147,-6785254.50000000000,0.22136518359,0.23646555841,0.18744850159,-17.20540809631,48877706.26000000000,6.00000000000,20.00000000000,TRUE,30.69694900513,46.47883605957,6.48422384262,3.43082690239,3.20181012154,0.00000000000,3.00000000000
159,GINF.NS,G R Infraprojects Ltd,India,Construction & Engineering,2022,0.83704835176,11.69212245941,9.22476387024,0.41324120760,0.16093781590,0.29501217604,0.07344304770,0.00350042991,-47791420.00000000000,0.06938016415,0.07718952745,0.10943000019,3.55750036240,177023709.80000000000,11.00000000000,12.50000000000,TRUE,26.45049476624,3.50008010864,7.60936498642,3.37059593201,5.89714193344,1.57178640366,3.00000000000
159,GINF.NS,G R Infraprojects Ltd,India,Construction & Engineering,2023,0.90407246351,31.66104888916,9.19108104706,0.29492327571,0.14907515049,0.36062598228,0.21387673914,0.02532095835,38713424.00000000000,0.05437433347,0.07168170810,0.10682512820,-6.64003276825,158724211.20000000000,7.00000000000,12.50000000000,TRUE,45.29855346680,20.86721611023,9.19075489044,3.40314126015,2.59194946289,2.32757806778,3.00000000000
159,GINF.NS,G R Infraprojects Ltd,India,Construction & Engineering,2024,0.79688590765,38.90613937378,9.24232864380,0.33295273781,0.11384607106,0.26401051879,0.21310931444,0.01991244219,14700527.00000000000,0.08741188049,0.04734189063,0.08273791522,-19.67869758606,118829175.00000000000,5.00000000000,12.50000000000,TRUE,60.01100158691,20.78754615784,6.48422384262,3.43082690239,3.20181012154,2.30258488655,3.00000000000
160,HALC.NS,Hindalco Industries Ltd,India,Metals & Mining,2022,0.65926659107,79.78821563721,10.43716907501,0.29326519370,0.26891648769,0.46501448750,0.15333211422,0.01587958261,145934768.00000000000,0.08784244955,0.19926874340,0.38195508718,5.71130752563,1228943525.00000000000,7.00000000000,18.18181800842,TRUE,86.32339477539,82.35140991211,7.60936498642,3.37059593201,5.89714193344,2.37962698936,3.00000000000
160,HALC.NS,Hindalco Industries Ltd,India,Metals & Mining,2023,0.65713769197,78.21726989746,10.44440841675,0.26233360171,0.25592586398,0.47193485498,0.15206146240,0.01200912427,-123335336.00000000000,0.07758034766,0.18228428066,0.40680530667,-4.62510204315,1218356329.00000000000,5.00000000000,18.18181800842,TRUE,83.26272583008,83.40532684326,9.19075489044,3.40314126015,2.59194946289,2.76963686943,3.00000000000
160,HALC.NS,Hindalco Industries Ltd,India,Metals & Mining,2024,0.57886719704,77.54496765137,10.49315452576,0.24683165550,0.24630908668,0.46046584845,0.10972891748,0.00984619837,-235810416.00000000000,0.10368879884,0.18834471703,0.41828483343,7.72023582458,1872674078.00000000000,6.00000000000,20.00000000000,TRUE,83.56461334229,83.12794494629,6.48422384262,3.43082690239,3.20181012154,2.87372088432,3.00000000000
161,HAPL.NS,Hatsun Agro Product Ltd,India,Food Products,2022,5.08470678329,44.40126419067,8.65423679352,0.48378276825,0.30986568332,0.50693666935,0.03231696784,0.00000000000,73.02823638916,0.01049291436,0.15996971726,0.77060967684,5.09488821030,20186976.63000000000,7.00000000000,10.00000000000,TRUE,71.38550567627,29.65314865112,7.60936498642,3.37059593201,5.89714193344,2.52576136589,3.00000000000
161,HAPL.NS,Hatsun Agro Product Ltd,India,Food Products,2023,4.03503131866,42.64905929565,8.75437831879,0.56991010904,0.38875281811,0.58203244209,0.02755914442,0.00000000000,1633377.37500000000,0.01374398544,0.30830085278,0.63218569756,8.68440818787,32068062.39000000000,8.00000000000,10.00000000000,TRUE,65.67162322998,32.26185226440,9.19075489044,3.40314126015,2.59194946289,1.97677075863,3.00000000000
161,HAPL.NS,Hatsun Agro Product Ltd,India,Food Products,2024,3.94588661194,42.64459609985,8.75536155701,0.52836644650,0.37037348747,0.57249295712,0.03203409910,0.00000000000,819192.50000000000,0.01431222726,0.20652016997,0.69711607695,6.20184850693,32628437.68000000000,7.00000000000,18.18181800842,TRUE,64.02635192871,30.47975921631,6.48422384262,3.43082690239,3.20181012154,2.20563769341,3.00000000000
162,HBLO.NS,HBL Engineering Ltd,India,Electrical Equipment,2022,16.13426589966,36.32277297974,8.19733524323,0.06646733731,0.22084458172,0.83391702175,0.23033182323,0.05125843734,10015202.00000000000,0.10867445171,0.30035334826,0.25793361664,2.28181910515,11817392.89000000000,4.00000000000,37.50000000000,TRUE,39.99582290649,15.93110561371,7.60936498642,3.37059593201,5.89714193344,2.46953964233,3.00000000000
162,HBLO.NS,HBL Engineering Ltd,India,Electrical Equipment,2023,12.44391727448,41.37554168701,8.29765510559,0.04078487679,0.23945273459,0.91355901957,0.11245340854,0.10823295265,10971950.00000000000,0.17436152697,0.27213245630,0.22067286074,60.84637832642,31512441.51000000000,4.00000000000,37.50000000000,TRUE,59.65844345093,21.55868339539,9.19075489044,3.40314126015,2.59194946289,2.23087716103,3.00000000000
162,HBLO.NS,HBL Engineering Ltd,India,Electrical Equipment,2024,10.53422641754,41.27566528320,8.36484241486,0.03753244877,0.21526457369,0.85781115294,0.00000000000,0.07203497738,-12465407.00000000000,0.16069252789,0.26954898238,0.23200879991,-14.08193111420,30728121.71000000000,5.00000000000,40.00000000000,TRUE,46.32261276245,25.39722442627,6.48422384262,3.43082690239,3.20181012154,2.17415332794,3.00000000000
163,HCLT.NS,HCL Technologies Ltd,India,IT Services,2022,4.00128650665,73.69866943359,10.05573749542,0.05123593658,0.22942693532,0.76522886753,0.24576547742,0.04057338089,-175876336.00000000000,0.20857200027,0.00355418492,0.08294526488,9.42956066132,1806840312.00000000000,6.00000000000,30.76922988892,TRUE,84.29481506348,48.36573791504,7.60936498642,3.37059593201,5.89714193344,2.16418886185,3.00000000000
163,HCLT.NS,HCL Technologies Ltd,India,IT Services,2023,3.88690590858,81.13318634033,10.07812500000,0.05768864602,0.22776792943,0.72113978863,0.37428495288,0.00937089697,45110976.00000000000,0.28679680824,0.00287641399,0.07926676422,6.78890991211,1884823035.00000000000,5.00000000000,30.76922988892,TRUE,90.33892059326,75.87689208984,9.19075489044,3.40314126015,2.59194946289,2.59432005882,3.00000000000
163,HCLT.NS,HCL Technologies Ltd,India,IT Services,2024,3.73744249344,80.15097045898,10.09172153473,0.05946335196,0.26566171646,0.78127002716,0.19005671144,0.02744826861,-139964896.00000000000,0.28099280596,0.00232130708,0.07178048790,3.88059878349,2036161498.00000000000,4.00000000000,35.71428680420,TRUE,85.41720581055,77.04723358154,6.48422384262,3.43082690239,3.20181012154,2.52144932747,3.00000000000
164,HEAC.NS,Healthcare Global Enterprises Ltd,India,Health Care Providers & Services,2022,3.83816170692,60.74626159668,8.45008087158,0.38911545277,0.24625034630,0.39183920622,0.17063578963,0.03337712958,-2617819.00000000000,0.07268105447,0.02485819347,0.59208285809,12.02996158600,2145813.04800000000,4.00000000000,20.00000000000,TRUE,63.52972793579,58.68012237549,7.60936498642,3.37059593201,5.89714193344,2.20391035080,3.00000000000
164,HEAC.NS,Healthcare Global Enterprises Ltd,India,Health Care Providers & Services,2023,3.33139801025,52.46290588379,8.51166248322,0.47067809105,0.27468347549,0.39522659779,0.07925050706,0.07891935855,-619556.06250000000,0.11602715403,0.02165061608,0.58671844006,11.18697452545,4959088.18200000000,5.00000000000,20.00000000000,TRUE,54.06086730957,51.30434799194,9.19075489044,3.40314126015,2.59194946289,1.90295648575,3.00000000000
164,HEAC.NS,Healthcare Global Enterprises Ltd,India,Health Care Providers & Services,2024,2.63335418701,55.46146774292,8.61768817902,0.51851415634,0.29532855749,0.39927655458,0.00000000000,0.06656901538,-24936220.00000000000,0.08677048981,0.01496370602,0.56100910902,13.40533447266,5714452.89600000000,6.00000000000,20.00000000000,TRUE,61.12052154541,49.61495208740,6.48422384262,3.43082690239,3.20181012154,1.90295648575,3.00000000000
165,HEGL.NS,HEG Ltd,India,Electrical Equipment,2022,1.55246984959,35.19131088257,8.84060096741,0.13045944273,0.23121905327,0.93272149563,0.02529334277,0.00000000000,-942989.31250000000,0.13354410231,0.25300866365,0.32100966573,3.52840757370,64801399.71000000000,4.00000000000,20.00000000000,TRUE,62.84959411621,13.26104640961,7.60936498642,3.37059593201,5.89714193344,1.83634293079,3.00000000000
165,HEGL.NS,HEG Ltd,India,Electrical Equipment,2023,1.58137917519,34.00375747681,8.83507347107,0.10921514779,0.20478650928,0.91543084383,0.01574758999,0.02081350423,12449118.00000000000,0.12329752743,0.20945021510,0.35426217318,-4.31762599945,37394013.20000000000,4.00000000000,20.00000000000,TRUE,55.86815261841,13.02647686005,9.19075489044,3.40314126015,2.59194946289,1.76167869568,3.00000000000
165,HEGL.NS,HEG Ltd,India,Electrical Equipment,2024,1.59352040291,39.43342971802,8.82019519806,0.10404644907,0.19218398631,0.90881782770,0.01795278303,0.00580213498,-10098104.00000000000,0.08915556222,0.22213208675,0.35419967771,-12.03758621216,13464645.99000000000,6.00000000000,20.00000000000,TRUE,65.50357818604,15.36392307281,6.48422384262,3.43082690239,3.20181012154,2.10110855103,3.00000000000
168,HFCL.NS,HFCL Ltd,India,Diversified Telecommunication Services,2022,1.82518839836,45.08832168579,8.82353210449,0.14035767317,0.39143440127,0.90575677156,0.01497553941,0.00000000000,5718111.00000000000,0.01357656065,0.13848105073,0.10505263507,-7.30097723007,38669668.94000000000,6.00000000000,14.28571414948,TRUE,65.44894409180,41.97696685791,7.60936498642,3.37059593201,5.89714193344,2.20039820671,3.00000000000
168,HFCL.NS,HFCL Ltd,India,Diversified Telecommunication Services,2023,1.57059526443,54.07176971436,8.89112663269,0.15280498564,0.33667445183,0.86278140545,0.00564573379,0.00169574399,-4748650.50000000000,0.01712941192,0.11938342452,0.10201439261,-7.21032714844,40494301.14000000000,6.00000000000,14.28571414948,TRUE,72.92579650879,42.72257995605,9.19075489044,3.40314126015,2.59194946289,2.31091666222,3.00000000000
168,HFCL.NS,HFCL Ltd,India,Diversified Telecommunication Services,2024,1.33859229088,52.05555343628,8.94602108002,0.20168320835,0.38268738985,0.83292567730,0.01572439261,0.00332746306,5522528.00000000000,0.02548018657,0.11911018193,0.11222733557,-11.20746040344,20276184.90000000000,7.00000000000,14.28571414948,TRUE,61.50870513916,42.26533508301,6.48422384262,3.43082690239,3.20181012154,2.05524182320,3.00000000000
169,HFDS.NS,Hindustan Foods Ltd,India,Food Products,2022,4.45213842392,23.94181251526,8.21088123322,0.38389676809,0.37816849351,0.52582401037,0.07520606369,0.00141987903,885065.75000000000,0.04237553477,0.25570616126,0.50580090284,17.65159988403,8655927.45900000000,4.00000000000,10.00000000000,TRUE,41.13619613647,16.77901458740,7.60936498642,3.37059593201,5.89714193344,3.32951784134,3.00000000000
169,HFDS.NS,Hindustan Foods Ltd,India,Food Products,2023,3.13485169411,29.33837127686,8.36358070374,0.37907683849,0.35789850354,0.53868687153,0.06266792864,0.00000000000,397324.53125000000,0.03199849278,0.26482978463,0.47221818566,4.51295518875,11159832.03000000000,5.00000000000,10.00000000000,TRUE,50.52928543091,24.21638298035,9.19075489044,3.40314126015,2.59194946289,2.84497427940,3.00000000000
169,HFDS.NS,Hindustan Foods Ltd,India,Food Products,2024,2.47849631310,35.42158508301,8.46457958221,0.35974270105,0.35037922859,0.54556083679,0.00000000000,0.03357518464,3956699.75000000000,0.12198078632,0.30227300525,0.44834634662,26.21217727661,12830895.26000000000,7.00000000000,20.00000000000,TRUE,55.86269378662,32.44145584106,6.48422384262,3.43082690239,3.20181012154,2.18902659416,3.00000000000
170,HGIN.NS,HG Infra Engineering Ltd,India,Construction & Engineering,2022,1.24431669712,22.22111701965,8.77789402008,0.38772636652,0.29619756341,0.48564580083,0.04952270538,0.00430310192,5384128.50000000000,0.05020828173,0.05219216645,0.14154163003,13.82118034363,60028115.87000000000,4.00000000000,16.66666603088,TRUE,11.64439392090,21.53439140320,7.60936498642,3.37059593201,5.89714193344,2.14035201073,3.00000000000
170,HGIN.NS,HG Infra Engineering Ltd,India,Construction & Engineering,2023,1.13781404495,41.76037597656,8.81424427032,0.27844229341,0.32416290045,0.59127837420,0.05718870834,0.00267647905,3065866.75000000000,0.02306706272,0.05886928365,0.13768620789,14.70533275604,64617396.52000000000,5.00000000000,37.50000000000,TRUE,34.47291564941,34.78625106812,9.19075489044,3.40314126015,2.59194946289,1.51892209053,3.00000000000
170,HGIN.NS,HG Infra Engineering Ltd,India,Construction & Engineering,2024,0.70796000957,43.92315292358,9.01142215729,0.47539016604,0.27696052194,0.41725492477,0.03584359586,0.00000000000,-3300292.50000000000,0.01563172415,0.06264687330,0.25394427776,-8.30265522003,59145816.27000000000,6.00000000000,37.50000000000,TRUE,32.21235275269,31.39360618591,6.48422384262,3.43082690239,3.20181012154,2.20383548737,3.00000000000
171,HIAE.NS,Hindustan Aeronautics Ltd,India,Aerospace & Defense,2022,4.18795442581,31.99860000610,9.91273307800,0.00003943230,0.45871320367,0.70653456450,0.04345892370,0.00000000000,166796496.00000000000,0.32121241093,0.23556897044,0.09576125443,1.04069948196,709314751.70000000000,12.00000000000,25.00000000000,TRUE,33.35428619385,25.70155906677,7.60936498642,3.37059593201,5.89714193344,1.44325280190,3.00000000000
171,HIAE.NS,Hindustan Aeronautics Ltd,India,Aerospace & Defense,2023,3.63268566132,25.73106765747,9.97171878815,0.00001408540,0.46512895823,0.74196380377,0.03425913304,0.00000000000,-22325134.00000000000,0.38767915964,0.22720031440,0.08601183444,11.21481513977,914331133.80000000000,12.00000000000,28.57142829895,TRUE,16.51361083984,21.71129226685,9.19075489044,3.40314126015,2.59194946289,1.65344429016,3.00000000000
171,HIAE.NS,Hindustan Aeronautics Ltd,India,Aerospace & Defense,2024,2.69067740440,23.10094642639,10.09468555450,0.00001091590,0.41494831443,0.61857473850,0.03058197908,0.00000000000,34389700.00000000000,0.47689148784,0.26424363256,0.06644913554,-0.53161662817,978823873.60000000000,12.00000000000,12.50000000000,TRUE,12.73193931580,18.75046539307,6.48422384262,3.43082690239,3.20181012154,1.61451470852,3.00000000000
172,HIIL.NS,Hindware Home Innovation Ltd,India,Trading Companies & Distributors,2022,1.01608562469,48.71609497070,8.44756793976,0.41583961248,0.48219776154,0.64296001196,0.00828489382,0.00000000000,-2103055.00000000000,0.00396062108,0.30475968122,0.40980693698,15.72900962830,8089094.45000000000,5.00000000000,14.28571414948,TRUE,65.32696533203,37.06622314453,7.60936498642,3.37059593201,5.89714193344,1.92756915092,3.00000000000
172,HIIL.NS,Hindware Home Innovation Ltd,India,Trading Companies & Distributors,2023,1.03204679489,44.70613098145,8.46296596527,0.43225881457,0.50259900093,0.66746705770,0.02402160130,0.00000000000,2402159.50000000000,0.01250896603,0.25776869059,0.39966702461,-4.75412750244,6967006.59900000000,5.00000000000,14.28571414948,TRUE,68.87168121338,25.97927284241,9.19075489044,3.40314126015,2.59194946289,1.63616859913,3.00000000000
172,HIIL.NS,Hindware Home Innovation Ltd,India,Trading Companies & Distributors,2024,1.02795124054,43.89647293091,8.47102069855,0.35175690055,0.45363447070,0.65498924255,0.00000000000,0.00984674133,-506729.09375000000,0.01638259180,0.23765102029,0.42673692107,-11.35768127441,-5954359.27400000000,5.00000000000,16.66666603088,0,58.12350082397,32.69935226440,6.48422384262,3.43082690239,3.20181012154,0.00000000000,3.00000000000
173,HIKA.NS,Hikal Ltd,India,Pharmaceuticals,2022,1.23958492279,40.03120422363,8.46291542053,0.31364059448,0.27732509375,0.52839267254,0.03967023268,0.00020373199,1860881.25000000000,0.02475588582,0.13999518752,0.56603610516,-3.79863286018,9540165.53100000000,5.00000000000,20.00000000000,TRUE,24.24994850159,48.22899246216,7.60936498642,3.37059593201,5.89714193344,1.91277766228,3.00000000000
173,HIKA.NS,Hikal Ltd,India,Pharmaceuticals,2023,1.21104609966,42.51247024536,8.47479629517,0.32872056961,0.30421701074,0.58225470781,0.01621922478,0.00017329100,-1682903.37500000000,0.00854120497,0.12867866457,0.59297490120,-13.04523372650,8350569.88600000000,4.00000000000,20.00000000000,TRUE,31.16938972473,60.25774002075,9.19075489044,3.40314126015,2.59194946289,1.65367209911,3.00000000000
173,HIKA.NS,Hikal Ltd,India,Pharmaceuticals,2024,1.21618092060,44.60211944580,8.47122001648,0.30238443613,0.31219106913,0.62332230806,0.00000000000,0.00711771892,35108.25000000000,0.03274750337,0.13227094710,0.58440428972,1.65269374847,10626097.13000000000,7.00000000000,25.00000000000,TRUE,30.75339698792,61.95366668701,6.48422384262,3.43082690239,3.20181012154,2.16596293449,3.00000000000
175,HLEG.NS,HLE Glascoat Ltd,India,Machinery,2022,3.75715446472,26.22810935974,8.03690814972,0.27856853604,0.45471522212,0.71635550261,0.00659501599,0.00000000000,-2707814.00000000000,0.01496751141,0.31193023920,0.35326611996,31.94398689270,8496409.44500000000,6.00000000000,12.50000000000,TRUE,26.46860504150,31.81018638611,7.60936498642,3.37059593201,5.89714193344,1.43710565567,3.00000000000
175,HLEG.NS,HLE Glascoat Ltd,India,Machinery,2023,2.93456006050,31.52673721313,8.15898323059,0.31769099832,0.40543359518,0.62065881491,0.06830466539,0.00000000000,3669838.00000000000,0.03970221430,0.26982164383,0.30299422145,2.42387843132,4905650.87000000000,5.00000000000,14.28571414948,0,38.34105682373,34.56891632080,9.19075489044,3.40314126015,2.59194946289,1.33359718323,3.00000000000
175,HLEG.NS,HLE Glascoat Ltd,India,Machinery,2024,2.72992515564,34.69299316406,8.18000888824,0.29431244731,0.43947809935,0.68149477243,0.02210695669,0.03061112389,737916.93750000000,0.04656105489,0.28568887711,0.30910536647,3.55534029007,7228484.49400000000,6.00000000000,12.50000000000,TRUE,29.77680969238,32.27672195435,6.48422384262,3.43082690239,3.20181012154,1.44761884212,3.00000000000
176,HLL.NS,Hindustan Unilever Ltd,India,Personal Care Products,2022,7.95441579819,76.57056427002,9.94917964935,0.01667875238,0.16457098722,0.52793747187,0.00789823662,0.00846935809,-54284324.00000000000,0.09405014664,0.05816355720,0.11056686193,6.71027851105,1234664070.00000000000,5.00000000000,18.18181800842,TRUE,73.13590240479,68.87570190430,7.60936498642,3.37059593201,5.89714193344,2.16108345985,3.00000000000
176,HLL.NS,Hindustan Unilever Ltd,India,Personal Care Products,2023,7.49581718445,82.36589813232,9.97395896912,0.01890469901,0.16402757168,0.47197684646,0.01491146255,0.00806379691,13317337.00000000000,0.16017135978,0.05123632029,0.11536452919,0.71360492706,1233593281.00000000000,8.00000000000,27.27272796631,TRUE,71.59832763672,76.63080596924,9.19075489044,3.40314126015,2.59194946289,2.05228590965,3.00000000000
176,HLL.NS,Hindustan Unilever Ltd,India,Personal Care Products,2024,7.72457456589,83.62319183350,9.97072601318,0.02063094638,0.20702303946,0.54258811474,0.00743786711,0.07446169108,615330624.00000000000,0.13734397292,0.05527040735,0.12060590833,-0.52708983421,1248800468.00000000000,7.00000000000,30.76922988892,TRUE,72.43056488037,75.52642059326,6.48422384262,3.43082690239,3.20181012154,1.98329055309,3.00000000000
177,HOEX.NS,Hindustan Oil Exploration Company Ltd,India,"Oil, Gas & Consumable Fuels",2022,1.13594830036,36.34917068481,8.35257816315,0.19683341682,0.29518997669,0.60480129719,0.14274522662,0.00002767140,14012123.00000000000,0.11657911539,0.04374330491,0.68378943205,231.57093811035,23618330.09000000000,7.00000000000,14.28571414948,TRUE,80.83916473389,26.64525604248,7.60936498642,3.37059593201,5.89714193344,1.26584792137,3.00000000000
177,HOEX.NS,Hindustan Oil Exploration Company Ltd,India,"Oil, Gas & Consumable Fuels",2023,1.07696890831,42.16484451294,8.36945247650,0.08920511603,0.22332991660,0.56087201834,0.15589389205,0.00014389300,-15649694.00000000000,0.03657245636,0.02169128321,0.65173238516,32.11945343018,27166142.77000000000,11.00000000000,14.28571414948,TRUE,87.07147216797,27.91860198975,9.19075489044,3.40314126015,2.59194946289,1.21984434128,3.00000000000
177,HOEX.NS,Hindustan Oil Exploration Company Ltd,India,"Oil, Gas & Consumable Fuels",2024,1.07837462425,39.44668579102,8.36106967926,0.06144768372,0.17493551970,0.53545755148,0.03962319717,0.00031461901,49912.23046875000,0.00728474604,0.10708446056,0.62447267771,-45.19963455200,17227349.33000000000,7.00000000000,20.00000000000,FALSE,85.34703826904,22.66820526123,6.48422384262,3.43082690239,3.20181012154,1.21984434128,3.00000000000
178,HPCL.NS,Hindustan Petroleum Corp Ltd,India,"Oil, Gas & Consumable Fuels",2022,0.48311203718,57.91485595703,10.29464340210,0.43645349145,0.45977619290,0.57418417931,0.00608012686,0.00040655601,143051360.00000000000,0.03397897631,0.18265071511,0.57198154926,15.19156265259,-849589824.70000000000,12.00000000000,8.33333301544,TRUE,24.98357200623,66.23472595215,7.60936498642,3.37059593201,5.89714193344,1.68300139904,3.00000000000
178,HPCL.NS,Hindustan Petroleum Corp Ltd,India,"Oil, Gas & Consumable Fuels",2023,0.43236267567,56.59009933472,10.34099578857,0.36485427618,0.47237014771,0.63552606106,0.00263047195,0.00028861701,-638560256.00000000000,0.03325422853,0.18718479574,0.53849607706,-2.38480234146,1921368926.00000000000,12.00000000000,16.66666603088,TRUE,24.55745697021,68.34724426270,9.19075489044,3.40314126015,2.59194946289,1.87297832966,3.00000000000
178,HPCL.NS,Hindustan Petroleum Corp Ltd,India,"Oil, Gas & Consumable Fuels",2024,0.40809419751,55.19584274292,10.35775375366,0.36231148243,0.49437931180,0.67045605183,0.00144010503,0.00014157000,-54664716.00000000000,0.01824545860,0.19679756463,0.52737033367,-1.45368075371,788262141.60000000000,12.00000000000,15.38461494446,TRUE,19.39510726929,69.06737518311,6.48422384262,3.43082690239,3.20181012154,1.36723709106,3.00000000000
179,HROM.NS,Hero MotoCorp Ltd,India,Automobiles,2022,3.93345785141,69.62127685547,9.46404647827,0.02372953482,0.25139492750,0.82801806927,0.03763750196,0.00000000000,5511197.50000000000,0.18370130658,0.08006721735,0.24094922841,6.78501796722,340786270.70000000000,9.00000000000,27.27272796631,TRUE,88.09529876709,57.21981430054,7.60936498642,3.37059593201,5.89714193344,2.29863810539,3.00000000000
179,HROM.NS,Hero MotoCorp Ltd,India,Automobiles,2023,3.68643641472,66.67790222168,9.49661254883,0.02318720147,0.26950737834,0.83374476433,0.08582267910,0.00000000000,45424116.00000000000,0.21981711686,0.07818821818,0.22237436473,9.04822349548,448969406.10000000000,7.00000000000,30.00000000000,TRUE,91.29856872559,56.78745269775,9.19075489044,3.40314126015,2.59194946289,2.89834880829,3.00000000000
179,HROM.NS,Hero MotoCorp Ltd,India,Automobiles,2024,3.48702144623,61.84363555908,9.52145862579,0.02465382591,0.26332849264,0.81988924742,0.05130431056,0.00000000000,-25905208.00000000000,0.26708966494,0.07890189439,0.20457290113,5.63417053223,512090111.20000000000,6.00000000000,30.00000000000,TRUE,75.54843139648,54.38401412964,6.48422384262,3.43082690239,3.20181012154,2.54878449440,3.00000000000
180,HVEL.NS,Havells India Ltd,India,Electrical Equipment,2022,8.22600746155,66.07980346680,9.13290405273,0.01999562606,0.34376522899,0.84632581472,0.01868576556,0.03526705131,-37815240.00000000000,0.17986077070,0.33502668142,0.21432067454,11.45325660706,130444255.10000000000,5.00000000000,7.14285707474,TRUE,74.80522155762,81.98144531250,7.60936498642,3.37059593201,5.89714193344,1.63213098049,3.00000000000
180,HVEL.NS,Havells India Ltd,India,Electrical Equipment,2023,7.49573135376,64.75215148926,9.17365932465,0.02438410372,0.34450146556,0.85903334618,0.01326148491,0.01683465019,-23882424.00000000000,0.26822054386,0.28236368299,0.23351101577,8.97217655182,152460707.90000000000,6.00000000000,7.14285707474,TRUE,62.36554336548,81.82584381104,9.19075489044,3.40314126015,2.59194946289,1.32246506214,3.00000000000
180,HVEL.NS,Havells India Ltd,India,Electrical Equipment,2024,6.72115135193,59.57053756714,9.20846271515,0.02306688018,0.34576132894,0.87041389942,0.01256398205,0.05411237851,63329432.00000000000,0.26485472918,0.29497277737,0.24393510818,14.27023029327,172058513.80000000000,5.00000000000,7.14285707474,TRUE,53.66461563110,78.18227386475,6.48422384262,3.43082690239,3.20181012154,1.83031141758,3.00000000000
181,HZNC.NS,Hindustan Zinc Ltd,India,Metals & Mining,2022,4.76253986359,78.99984741211,9.63516426086,0.33498746157,0.49209123850,0.77448415756,0.00338050793,0.00000000000,-186587152.00000000000,0.20492890477,0.05382468179,0.55733495951,6.99918174744,1248539435.00000000000,7.00000000000,50.00000000000,TRUE,83.99934387207,71.59507751465,7.60936498642,3.37059593201,5.89714193344,2.33938765526,3.00000000000
181,HZNC.NS,Hindustan Zinc Ltd,India,Metals & Mining,2023,5.15684890747,76.07487487793,9.60923004150,0.25732409954,0.31984066963,0.57973259687,0.00488884794,0.00000000000,-719856.00000000000,0.27848261595,0.05953680351,0.58023309708,-16.36185836792,930893821.20000000000,6.00000000000,44.44444274902,TRUE,78.67456054688,68.47675323486,9.19075489044,3.40314126015,2.59194946289,2.16473722458,3.00000000000
181,HZNC.NS,Hindustan Zinc Ltd,India,Metals & Mining,2024,5.13966369629,75.52127075195,9.60598087311,0.31797623634,0.32470279932,0.52915328741,0.00857219379,0.00000000000,5032182.50000000000,0.26605096459,0.05752392113,0.61151057482,14.90869617462,1211585723.00000000000,8.00000000000,55.55555725098,TRUE,79.76342773438,67.67785644531,6.48422384262,3.43082690239,3.20181012154,2.47809338570,3.00000000000
182,IFBI.NS,IFB Industries Ltd,India,Household Durables,2022,2.67331576347,21.64918899536,8.40896034241,0.16753450036,0.54061394930,0.79131811857,0.06674510241,0.00000000000,690116.87500000000,0.08471778780,0.27202045918,0.31583118439,13.47005271912,1818403.11600000000,6.00000000000,7.14285707474,TRUE,6.60376501083,21.18800926209,7.60936498642,3.37059593201,5.89714193344,1.60354185104,3.00000000000
182,IFBI.NS,IFB Industries Ltd,India,Household Durables,2023,2.62422060966,23.08923721313,8.41750907898,0.07530083507,0.57290381193,0.85407406092,0.08319120109,0.00000000000,3343731.25000000000,0.14133690298,0.24735869467,0.27539807558,4.27868270874,6041991.60200000000,8.00000000000,7.14285707474,TRUE,11.50841617584,25.18170738220,9.19075489044,3.40314126015,2.59194946289,1.83853340149,3.00000000000
182,IFBI.NS,IFB Industries Ltd,India,Household Durables,2024,2.44040966034,29.92344856262,8.44076156616,0.10607307404,0.53582000732,0.83348840475,0.08649051189,0.00000000000,628437.68750000000,0.14477047324,0.28404068947,0.28353592753,11.91429328918,13915740.20000000000,8.00000000000,7.69230747223,TRUE,15.13132095337,43.42192459106,6.48422384262,3.43082690239,3.20181012154,2.22958111763,3.00000000000
183,IGAS.NS,Indraprastha Gas Ltd,India,Gas Utilities,2022,2.16214036942,31.00081443787,9.18651199341,0.00655693281,0.33543261886,0.90243476629,0.01468261331,0.00344126089,3725657.25000000000,0.15225420892,0.00402431097,0.56675285101,69.88694000244,199567916.30000000000,12.00000000000,10.00000000000,TRUE,27.36629104614,23.39207267761,7.60936498642,3.37059593201,5.89714193344,1.51305341721,3.00000000000
183,IGAS.NS,Indraprastha Gas Ltd,India,Gas Utilities,2023,1.97558295727,30.02548789978,9.23199272156,0.00570817385,0.28692203760,0.88955408335,0.02906603366,0.00706401421,13608878.00000000000,0.23501741886,0.00391843589,0.56165909767,-2.35316705704,237960407.90000000000,19.00000000000,9.09090900421,TRUE,22.65007972717,26.66983985901,9.19075489044,3.40314126015,2.59194946289,1.31150054932,3.00000000000
183,IGAS.NS,Indraprastha Gas Ltd,India,Gas Utilities,2024,1.81910240650,27.11831092834,9.26089286804,0.00600011786,0.27687376738,0.86879301071,0.00000000000,0.14538910985,-8709187.00000000000,0.26358753443,0.00312938006,0.55895310640,3.91755032539,200469280.30000000000,12.00000000000,0.00000000000,TRUE,8.56987667084,31.31606674194,6.48422384262,3.43082690239,3.20181012154,1.18157923222,3.00000000000
185,INED.NS,Info Edge (India) Ltd,India,Interactive Media & Services,2022,5.04702281952,65.14266967773,9.30702209473,0.00646140892,0.08096721768,0.41349610686,0.11916411668,0.01203759946,19004746.00000000000,0.15885257721,0.00000000000,0.01084332261,36.37323760986,-8575827.65300000000,13.00000000000,20.00000000000,TRUE,81.63481140137,29.82857131958,7.60936498642,3.37059593201,5.89714193344,1.37829446793,3.00000000000
185,INED.NS,Info Edge (India) Ltd,India,Interactive Media & Services,2023,2.40006923676,70.36664581299,9.63649082184,0.00682683382,0.04144095629,0.25660660863,0.12542340159,0.00399846910,-3527174.50000000000,0.24554844201,0.00000000000,0.00874651875,6.58387279510,71332093.58000000000,12.00000000000,25.00000000000,TRUE,84.12252044678,22.51242637634,9.19075489044,3.40314126015,2.59194946289,1.36552703381,3.00000000000
185,INED.NS,Info Edge (India) Ltd,India,Interactive Media & Services,2024,2.06025481224,71.16838836670,9.69944095612,0.00625058590,0.04047176614,0.22000113130,0.07034473866,0.00330146193,-8065418.50000000000,0.11482635140,0.00000000000,0.00854990631,9.58787345886,190809245.20000000000,6.00000000000,18.18181800842,TRUE,86.28418731689,22.79148674011,6.48422384262,3.43082690239,3.20181012154,1.70862698555,3.00000000000
186,INFY.NS,Infosys Ltd,India,IT Services,2022,4.61095619202,92.59441375732,10.18507575989,0.06596140563,0.31145483255,0.77736121416,0.00000000000,0.07681058347,-644961024.00000000000,0.14870055020,0.00000000000,0.16306352615,11.46481323242,2934274586.00000000000,8.00000000000,25.00000000000,TRUE,97.24034118652,76.93348693848,7.60936498642,3.37059593201,5.89714193344,2.45871615410,3.00000000000
186,INFY.NS,Infosys Ltd,India,IT Services,2023,4.38548564911,91.08678436279,10.21838760376,0.06065421551,0.28149536252,0.78059476614,0.00000000000,0.10476439446,313497312.00000000000,0.22154790163,0.00258319196,0.13942705095,3.20850825310,3149130174.00000000000,8.00000000000,12.50000000000,TRUE,94.70960235596,76.68262481689,9.19075489044,3.40314126015,2.59194946289,1.68598151207,3.00000000000
186,INFY.NS,Infosys Ltd,India,IT Services,2024,4.15313386917,91.11194610596,10.24119091034,0.05525073409,0.28777122498,0.80719602108,0.00000000000,0.16138693690,1131538944.00000000000,0.26175943017,0.00277361809,0.12694841623,3.45831608772,3130485664.00000000000,6.00000000000,22.22222137451,TRUE,94.96601104736,76.73173522949,6.48422384262,3.43082690239,3.20181012154,1.90844655037,3.00000000000
187,INIR.NS,Indian Railway Catering and Tourism Corporation Ltd,India,Commercial Services & Supplies,2022,10.72341156006,46.61147689819,8.79195117950,0.01653884538,0.46993097663,0.91610747576,0.17933069170,0.00000000000,7380879.00000000000,0.46499210596,0.00188837806,0.06984136999,74.15858459473,122429539.90000000000,8.00000000000,14.28571414948,TRUE,26.15207099915,50.23416137695,7.60936498642,3.37059593201,5.89714193344,1.75435268879,3.00000000000
187,INIR.NS,Indian Railway Catering and Tourism Corporation Ltd,India,Commercial Services & Supplies,2023,9.02209663391,43.18803405762,8.86379432678,0.00990787428,0.43204775453,0.91972303391,0.26839900017,0.00000000000,33292574.00000000000,0.44088512659,0.00180016505,0.12409047782,18.85485649109,133302615.50000000000,8.00000000000,14.28571414948,TRUE,28.46381759644,33.80496215820,9.19075489044,3.40314126015,2.59194946289,1.57213783264,3.00000000000
187,INIR.NS,Indian Railway Catering and Tourism Corporation Ltd,India,Commercial Services & Supplies,2024,8.23065662384,38.22227096558,8.90076255798,0.01320638414,0.41223046184,0.89376872778,0.13468252122,0.00000000000,-38482272.00000000000,0.36345723271,0.00164695398,0.11958018690,6.78440904617,153879730.80000000000,7.00000000000,0.00000000000,TRUE,24.68871879578,39.20454406738,6.48422384262,3.43082690239,3.20181012154,2.04842448235,3.00000000000
188,INMR.NS,Indiamart Intermesh Ltd,India,Trading Companies & Distributors,2022,4.37726688385,45.77874755859,8.62248229980,0.01332741138,0.24851986766,0.61758571863,0.00000000000,0.01686857454,1041747.81250000000,0.72993069887,0.00000000000,0.01575495861,20.81666946411,34545642.65000000000,5.00000000000,16.66666603088,TRUE,48.19641494751,33.02515792847,7.60936498642,3.37059593201,5.89714193344,2.18517923355,3.00000000000
188,INMR.NS,Indiamart Intermesh Ltd,India,Trading Companies & Distributors,2023,4.36790132523,59.89122390747,8.61673736572,0.01179231144,0.30954968929,0.62336987257,0.04402658716,0.01096240990,3203119.50000000000,0.66479766369,0.00000000000,0.01411876082,19.71683311462,40066346.73000000000,4.00000000000,14.28571414948,TRUE,60.94102096558,58.04683685303,9.19075489044,3.40314126015,2.59194946289,1.15139508247,3.00000000000
188,INMR.NS,Indiamart Intermesh Ltd,India,Trading Companies & Distributors,2024,3.75877523422,60.29057693481,8.68462562561,0.00799214281,0.29551234841,0.62695449591,0.05959780887,0.00016498601,-1324751.37500000000,0.81242561340,0.00000000000,0.00802092999,13.15613746643,64446811.00000000000,5.00000000000,12.50000000000,TRUE,62.55171585083,51.37756729126,6.48422384262,3.43082690239,3.20181012154,1.36965823174,3.00000000000
189,INUS.NS,Indus Towers Ltd,India,Diversified Telecommunication Services,2022,1.88360595703,62.49997711182,9.75346851349,0.41193711758,0.17527119815,0.32057622075,0.00274415594,0.00000000000,-116577408.00000000000,0.00573928282,0.00216437201,0.70245683193,-5.40243959427,248296007.80000000000,5.00000000000,15.38461494446,TRUE,86.63685607910,48.44584274292,7.60936498642,3.37059593201,5.89714193344,2.94754433632,3.00000000000
189,INUS.NS,Indus Towers Ltd,India,Diversified Telecommunication Services,2023,1.59361815453,59.90495681763,9.82625484467,0.36749386787,0.18179589510,0.35230395198,0.00581893418,0.00007159780,4883023.50000000000,0.00133553601,0.00333467009,0.71076798439,-0.66780436039,724199160.20000000000,9.00000000000,14.28571414948,TRUE,85.08372497559,47.77055740356,9.19075489044,3.40314126015,2.59194946289,2.72795367241,3.00000000000
189,INUS.NS,Indus Towers Ltd,India,Diversified Telecommunication Services,2024,1.39479744434,66.71941375732,9.86880016327,0.33490157127,0.15492747724,0.31908032298,0.01529611275,0.02701273747,10134582.00000000000,0.12616460025,0.00439764280,0.71092224121,2.73388957977,1162282036.00000000000,7.00000000000,13.33333301544,TRUE,75.50238800049,59.67854690552,6.48422384262,3.43082690239,3.20181012154,2.93674612045,3.00000000000
190,INGL.NS,Interglobe Aviation Ltd,India,Passenger Airlines,2022,3.74097108841,52.82577514648,9.85743999481,0.75805896521,0.40309649706,0.36460536718,0.02734132856,0.01040812675,30749756.00000000000,0.47028183937,0.01096401922,0.46725955606,93.97283172607,-37218719.57000000000,13.00000000000,25.00000000000,TRUE,76.90720367432,35.86317825317,7.60936498642,3.37059593201,5.89714193344,1.99457108974,3.00000000000
190,INGL.NS,Interglobe Aviation Ltd,India,Passenger Airlines,2023,2.73613262177,50.10170745850,9.99409580231,0.62365853786,0.37456369400,0.38388448954,0.01957486756,0.00112273102,-68709176.00000000000,0.53795349598,0.00900671817,0.43910703063,24.74749183655,980500060.00000000000,13.00000000000,12.50000000000,0,61.08886718750,39.13027191162,9.19075489044,3.40314126015,2.59194946289,2.33999109268,3.00000000000
190,INGL.NS,Interglobe Aviation Ltd,India,Passenger Airlines,2024,1.96893906593,64.81262207031,10.13215923309,0.57672464848,0.29537954926,0.32136842608,0.01374138612,0.00520443497,44212992.00000000000,0.51885753870,0.01800273545,0.44674494863,14.38626956940,849432416.60000000000,15.00000000000,12.50000000000,FALSE,74.73812103271,62.39311599731,6.48422384262,3.43082690239,3.20181012154,1.63072073460,3.00000000000
191,IOC.NS,Indian Oil Corporation Ltd,India,"Oil, Gas & Consumable Fuels",2022,0.42093688250,69.34949493408,10.73048496246,0.33726704121,0.46782904863,0.68427133560,0.00314466003,0.00078445900,-21937682.00000000000,0.02728797309,0.27417367697,0.50729626417,19.30212783813,1424569133.00000000000,9.00000000000,12.50000000000,0,30.75457763672,84.74922180176,7.60936498642,3.37059593201,5.89714193344,1.55591273308,3.00000000000
191,IOC.NS,Indian Oil Corporation Ltd,India,"Oil, Gas & Consumable Fuels",2023,0.38991913199,68.19329833984,10.76246738434,0.27495440841,0.44863387942,0.72389036417,0.00453785714,0.00054850901,30022796.00000000000,0.02929643542,0.25162810087,0.51719743013,-8.69824981689,5178302340.00000000000,12.00000000000,6.66666650772,0,27.38893508911,86.78591918945,9.19075489044,3.40314126015,2.59194946289,2.01775765419,3.00000000000
191,IOC.NS,Indian Oil Corporation Ltd,India,"Oil, Gas & Consumable Fuels",2024,0.37758696079,69.65584564209,10.77318191528,0.30041518807,0.45498007536,0.71981585026,0.00272303005,0.00008917530,-67105908.00000000000,0.02685475163,0.22467131913,0.53446447849,-4.87863111496,1613672323.00000000000,15.00000000000,12.50000000000,0,31.80994224548,83.90218353271,6.48422384262,3.43082690239,3.20181012154,1.88013291359,3.00000000000
192,IONX.NS,Ion Exchange (India) Ltd,India,Commercial Services & Supplies,2022,2.65189146996,44.29526138306,8.37317371368,0.03053039871,0.54189449549,0.95002955198,0.05512168631,0.05978934467,764130.93750000000,0.19245128334,0.12375755608,0.12728296220,16.56331825256,23730075.46000000000,6.00000000000,10.00000000000,TRUE,56.32392501831,18.24259376526,7.60936498642,3.37059593201,5.89714193344,1.25161993504,3.00000000000
192,IONX.NS,Ion Exchange (India) Ltd,India,Commercial Services & Supplies,2023,2.14185905457,64.57720947266,8.46814823151,0.06222473457,0.51404494047,0.87958109379,0.08050647378,0.02077762783,-2605734.75000000000,0.18727274239,0.11131100357,0.16363100708,16.32075881958,23437600.48000000000,6.00000000000,9.09090900421,TRUE,65.13562011719,43.15302276611,9.19075489044,3.40314126015,2.59194946289,1.99678945541,3.00000000000
192,IONX.NS,Ion Exchange (India) Ltd,India,Commercial Services & Supplies,2024,1.73367178440,65.58321380615,8.54351234436,0.10800325871,0.49152550101,0.82524371147,0.05594225228,0.01811913773,-508613.21875000000,0.11604403704,0.11734972894,0.22938643396,13.71436595917,24371538.91000000000,8.00000000000,8.33333301544,FALSE,61.38301086426,56.90300750732,6.48422384262,3.43082690239,3.20181012154,1.86895596981,3.00000000000
193,IPCA.NS,IPCA Laboratories Ltd,India,Pharmaceuticals,2022,3.92475152016,47.91003036499,9.02117061615,0.17171297967,0.20933572948,0.64854675531,0.05076918006,0.13518570364,71573760.00000000000,0.26418471336,0.20555548370,0.31236329675,-1.04867911339,59874634.86000000000,7.00000000000,12.50000000000,TRUE,71.49012756348,20.31138229370,7.60936498642,3.37059593201,5.89714193344,1.85806798935,3.00000000000
193,IPCA.NS,IPCA Laboratories Ltd,India,Pharmaceuticals,2023,3.04454612732,51.83869934082,9.12446784973,0.12956704199,0.21219535172,0.49393910170,0.05891817063,0.00631638896,-98763048.00000000000,0.09659625590,0.22627571225,0.42006325722,21.63108253479,63492501.50000000000,6.00000000000,12.50000000000,TRUE,69.16834259033,27.50680732727,9.19075489044,3.40314126015,2.59194946289,1.68858265877,3.00000000000
193,IPCA.NS,IPCA Laboratories Ltd,India,Pharmaceuticals,2024,3.01820731163,54.28847503662,9.13871574402,0.11587382853,0.20290037990,0.49587914348,0.05378380790,0.00330171594,19758924.00000000000,0.09709624201,0.22102792561,0.39839464426,13.17128372192,92162668.23000000000,8.00000000000,22.22222137451,TRUE,64.66749572754,35.05331420898,6.48422384262,3.43082690239,3.20181012154,1.49622035027,3.00000000000
194,IRCN.NS,Ircon International Ltd,India,Construction & Engineering,2022,0.97495269775,16.51627349854,9.27671718597,0.09684515744,0.46760714054,0.70360910892,0.09640776366,0.10540194064,131492208.00000000000,0.33556762338,0.01216292568,0.01376486942,29.79096794128,93138997.08000000000,9.00000000000,11.11111068726,TRUE,3.69273638725,19.48532867432,7.60936498642,3.37059593201,5.89714193344,1.89072549343,3.00000000000
194,IRCN.NS,Ircon International Ltd,India,Construction & Engineering,2023,0.86794269085,26.51442527771,9.32094287872,0.14728271961,0.40211722255,0.60596412420,0.00000000000,0.28559976816,-18995800.00000000000,0.47952592373,0.00273376098,0.04380606487,17.23516464233,111518896.20000000000,8.00000000000,18.18181800842,TRUE,10.68604087830,25.48443031311,9.19075489044,3.40314126015,2.59194946289,2.01931214333,3.00000000000
194,IRCN.NS,Ircon International Ltd,India,Construction & Engineering,2024,0.77782690525,26.13031005859,9.35879611969,0.22022889555,0.37017500401,0.54765653610,0.00000000000,0.24494449794,11709772.00000000000,0.42111560702,0.00465287082,0.10135605931,-14.88742542267,85176126.39000000000,9.00000000000,20.00000000000,TRUE,14.11315536499,22.11954689026,6.48422384262,3.43082690239,3.20181012154,2.47110509872,3.00000000000
196,ITC.NS,ITC Ltd,India,Tobacco,2022,5.46582174301,84.61132049561,10.01924705505,0.00356694707,0.15997825563,0.82135581970,0.03335441649,0.00005915030,16946202.00000000000,0.21483618021,0.13872516155,0.29082211852,8.41104316711,2370584226.00000000000,6.00000000000,12.50000000000,TRUE,68.28920745850,95.60203552246,7.60936498642,3.37059593201,5.89714193344,2.09868073463,3.00000000000
196,ITC.NS,ITC Ltd,India,Tobacco,2023,5.18434095383,82.70855712891,10.04206085205,0.00330766290,0.14909040928,0.79047715664,0.03558917344,0.00151002698,22875824.00000000000,0.15896363556,0.15576040745,0.29264634848,-4.81158494949,2422413917.00000000000,6.00000000000,12.50000000000,TRUE,57.61484527588,96.30646514893,9.19075489044,3.40314126015,2.59194946289,1.25206339359,3.00000000000
196,ITC.NS,ITC Ltd,India,Tobacco,2024,5.59417390823,84.34340667725,10.01321792603,0.00323348609,0.16271993518,0.79366612434,0.02911935188,0.00229990296,22682270.00000000000,0.21762281656,0.17977088690,0.21680364013,7.73520374298,2344818022.00000000000,6.00000000000,18.75000000000,TRUE,63.74824523926,95.85678100586,6.48422384262,3.43082690239,3.20181012154,1.00000000000,3.00000000000
197,JAIC.NS,Jai Corp Ltd,India,Containers & Packaging,2022,1.42019510269,27.85681152344,8.26273250580,0.00205430202,0.02112606913,0.43731158972,0.15966422856,0.00000000000,-651351.00000000000,0.11028280854,0.14023974538,0.07346985489,-23.75216293335,-1650036.51400000000,5.00000000000,37.50000000000,TRUE,87.93518829346,3.06159424782,7.60936498642,3.37059593201,5.89714193344,1.69282627106,3.00000000000
197,JAIC.NS,Jai Corp Ltd,India,Containers & Packaging,2023,1.36608433723,27.80685615540,8.27038574219,0.00000000000,0.01805861667,0.41689342260,0.12041935325,0.00337942410,-21955.60937500000,0.15897968411,0.13817253709,0.06485325098,-23.19868659973,6340935.81300000000,6.00000000000,37.50000000000,TRUE,88.58742523193,4.67391300201,9.19075489044,3.40314126015,2.59194946289,1.69938230515,3.00000000000
197,JAIC.NS,Jai Corp Ltd,India,Containers & Packaging,2024,1.42926037312,26.87033462524,8.23475074768,0.00000000000,0.01671994664,0.39847302437,0.17366489768,0.00000000000,102984.20312500000,0.10684625059,0.14071200788,0.06116787344,9.05182361603,7820947.92300000000,5.00000000000,37.50000000000,TRUE,84.71353149414,4.72642898560,6.48422384262,3.43082690239,3.20181012154,1.69938230515,3.00000000000
198,JAIR.NS,Jain Irrigation Systems Ltd,India,Machinery,2022,0.30818876624,51.85096359253,9.12686824799,0.36047887802,0.38301593065,0.72385430336,0.02656667121,0.00051811099,-22160296.00000000000,0.00981178042,0.21591340005,0.36511108279,12.52356433868,-14700219.08000000000,6.00000000000,16.66666603088,TRUE,56.07612609863,32.36324691772,7.60936498642,3.37059593201,5.89714193344,1.97187888622,3.00000000000
198,JAIR.NS,Jain Irrigation Systems Ltd,India,Machinery,2023,0.29839706421,54.78213500977,9.12822246552,0.36082309484,0.35525524616,0.69110518694,0.02178087085,0.00007787330,-3617156.50000000000,0.00918066502,0.22215214372,0.36412164569,5.13052845001,10919016.20000000000,7.00000000000,16.66666603088,TRUE,72.14688873291,32.11547470093,9.19075489044,3.40314126015,2.59194946289,2.99462008476,3.00000000000
198,JAIR.NS,Jain Irrigation Systems Ltd,India,Machinery,2024,0.29299193621,65.12066650391,9.12706565857,0.34925457835,0.35853028297,0.70420992374,0.00000000000,0.00882938411,-837916.93750000000,0.05334414542,0.16164086759,0.37090834975,-8.01595783234,3006436.51300000000,6.00000000000,15.38461494446,TRUE,65.83388519287,66.11409759521,6.48422384262,3.43082690239,3.20181012154,2.84235382080,3.00000000000
199,JAPR.NS,Jaiprakash Power Ventures Ltd,India,Independent Power and Renewable Electricity Producers,2022,0.70302903652,28.89348030090,9.32356452942,0.27506449819,0.14929330349,0.37656468153,0.02267555334,0.00000116000,-405306.71875000000,0.00960170571,0.07254751772,0.78660601377,15.59753990173,6745374.87800000000,6.00000000000,16.66666603088,TRUE,67.79122161865,11.08588886261,7.60936498642,3.37059593201,5.89714193344,1.46022069454,3.00000000000
199,JAPR.NS,Jaiprakash Power Ventures Ltd,India,Independent Power and Renewable Electricity Producers,2023,0.70484584570,27.85339546204,9.31722259521,0.24538946152,0.10331399739,0.30633658171,0.01736338437,0.00000000000,-3307738.50000000000,0.05451931059,0.05902525783,0.75506997108,15.19970607758,122609478.10000000000,4.00000000000,16.66666603088,TRUE,60.94102096558,12.10439395905,9.19075489044,3.40314126015,2.59194946289,1.88525402546,3.00000000000
199,JAPR.NS,Jaiprakash Power Ventures Ltd,India,Independent Power and Renewable Electricity Producers,2024,0.67837053537,37.29772567749,9.31835651398,0.21243308485,0.08897366375,0.28748819232,0.05873171240,0.04495771974,100819192.00000000000,0.08801342547,0.06127204001,0.71735900640,-21.21653366089,95207723.82000000000,5.00000000000,20.00000000000,TRUE,72.16584777832,20.61065673828,6.48422384262,3.43082690239,3.20181012154,2.28996992111,3.00000000000
200,JAYN.NS,Jayaswal Neco Industries Ltd,India,Metals & Mining,2022,0.91755419970,25.70953750610,8.86734676361,0.56396794319,0.65498393774,0.99230641127,0.01816168614,0.03479864448,-13371616.00000000000,0.04168449715,0.21204155684,0.59091961384,-1.65917122364,27613644.11000000000,6.00000000000,8.33333301544,TRUE,40.03276062012,24.97876930237,7.60936498642,3.37059593201,5.89714193344,1.71167635918,3.00000000000
200,JAYN.NS,Jayaswal Neco Industries Ltd,India,Metals & Mining,2023,0.90624207258,35.51345825195,8.86445808411,0.53024953604,0.12236364931,0.19453746080,0.11983688176,0.00000000000,2093017.37500000000,0.01456840429,0.28555887938,0.57136267424,-7.78863143921,25192897.42000000000,4.00000000000,8.33333301544,TRUE,61.49338912964,28.97236251831,9.19075489044,3.40314126015,2.59194946289,1.63063418865,3.00000000000
200,JAYN.NS,Jayaswal Neco Industries Ltd,India,Metals & Mining,2024,0.97021895647,34.79469680786,8.82731056213,0.47907948494,0.16203407943,0.27639412880,0.16745837033,0.00000000000,7762785.50000000000,0.02491052635,0.24564409256,0.60049641132,-1.36961281300,13186495.03000000000,6.00000000000,8.33333301544,TRUE,35.62279891968,31.42993545532,6.48422384262,3.43082690239,3.20181012154,1.56172156334,3.00000000000
201,JBCH.NS,J B Chemicals and Pharmaceuticals Ltd,India,Pharmaceuticals,2022,7.23975849152,33.21072006226,8.63604164124,0.16107682884,0.15601280332,0.51647859812,0.09022033215,0.00757253217,2481779.50000000000,0.09538114071,0.12495550513,0.16219560802,20.01201438904,49903274.10000000000,10.00000000000,16.66666603088,TRUE,20.88468551636,28.76579284668,7.60936498642,3.37059593201,5.89714193344,1.55981957912,3.00000000000
201,JBCH.NS,J B Chemicals and Pharmaceuticals Ltd,India,Pharmaceuticals,2023,6.52124309540,28.97640800476,8.68051624298,0.09455280006,0.21737568080,0.81082171202,0.07453531027,0.00588403922,1353413.37500000000,0.12748719752,0.12863716483,0.15895394981,9.05465888977,66302075.58000000000,9.00000000000,16.66666603088,TRUE,14.66858291626,19.90971755981,9.19075489044,3.40314126015,2.59194946289,2.15701460838,3.00000000000
201,JBCH.NS,J B Chemicals and Pharmaceuticals Ltd,India,Pharmaceuticals,2024,6.13768291473,37.83666229248,8.69910049438,0.00652579311,0.14795781672,0.75236862898,0.12507687509,0.00842345692,3145219.50000000000,0.10991899669,0.12816046178,0.15364472568,9.68712329865,77189210.06000000000,6.00000000000,16.66666603088,TRUE,15.57069206238,27.06077194214,6.48422384262,3.43082690239,3.20181012154,2.12154674530,3.00000000000
202,JBMA.NS,JBM Auto Ltd,India,Automobile Components,2022,4.01508951187,16.48654937744,8.63407516479,0.48143503070,0.49088692665,0.69243574142,0.01671828702,0.00000000000,-283471.28125000000,0.02019849792,0.13076040149,0.44927421212,11.60322093964,15230221.52000000000,5.00000000000,14.28571414948,TRUE,23.23719787598,4.45237588882,7.60936498642,3.37059593201,5.89714193344,2.22433400154,3.00000000000
202,JBMA.NS,JBM Auto Ltd,India,Automobile Components,2023,2.94528222084,14.08771610260,8.76616001129,0.43718954921,0.57970440388,0.76279342175,0.01371885277,0.00000000000,1158380.37500000000,0.02073107474,0.15862312913,0.32901370525,28.00981903076,23242363.53000000000,5.00000000000,14.28571414948,TRUE,21.49458503723,7.81273841858,9.19075489044,3.40314126015,2.59194946289,1.99430835247,3.00000000000
202,JBMA.NS,JBM Auto Ltd,India,Automobile Components,2024,2.43721914291,29.54699325562,8.83542156219,0.44964221120,0.52904099226,0.68786138296,0.01638893224,0.00854745414,7259227.50000000000,0.04121338576,0.10883404315,0.26566320658,6.55770063400,25117764.77000000000,4.00000000000,14.28571414948,TRUE,33.10553741455,28.46595191956,6.48422384262,3.43082690239,3.20181012154,1.72271537781,3.00000000000
203,JCHA.NS,Johnson Controls-Hitachi Air Conditioning India Ltd,India,Household Durables,2022,2.48301362991,39.67193984985,8.33785057068,0.10791741312,0.56149816513,0.88920861483,0.00690039713,0.00840885844,-1032132.43750000000,0.01131406706,0.48761314154,0.21662315726,2.02698802948,-9997565.72500000000,4.00000000000,16.66666603088,TRUE,41.10558700562,39.04687118530,7.60936498642,3.37059593201,5.89714193344,2.10283994675,3.00000000000
203,JCHA.NS,Johnson Controls-Hitachi Air Conditioning India Ltd,India,Household Durables,2023,2.74353528023,43.50976181030,8.29847431183,0.02901244350,0.58426159620,0.90132647753,0.00347017800,0.04131014645,5980804.00000000000,0.03958124295,0.39644104242,0.22686788440,-20.68131446838,-9083383.32300000000,6.00000000000,14.28571414948,TRUE,27.74114799500,62.88557815552,9.19075489044,3.40314126015,2.59194946289,2.00035023689,3.00000000000
203,JCHA.NS,Johnson Controls-Hitachi Air Conditioning India Ltd,India,Household Durables,2024,2.54752659798,46.35581207275,8.32336044312,0.02336633019,0.59644168615,0.92653191090,0.00151896395,0.07544589788,7671152.50000000000,0.08085469902,0.43203809857,0.18871480227,40.13227081299,6884727.91100000000,5.00000000000,16.66666603088,TRUE,29.27372550964,69.01217651367,6.48422384262,3.43082690239,3.20181012154,2.72905087471,3.00000000000
204,JINW.NS,Jindal Worldwide Ltd,India,"Textiles, Apparel & Luxury Goods",2022,2.03012013435,14.78372192383,8.30997085571,0.49921500683,0.44046217203,0.71911770105,0.01720848680,0.00000000000,402263.87500000000,0.23186489940,0.22655139863,0.22281728685,-25.27504348755,14084189.39000000000,7.00000000000,25.00000000000,TRUE,22.03682899475,19.27542495728,7.60936498642,3.37059593201,5.89714193344,1.20836150646,3.00000000000
204,JINW.NS,Jindal Worldwide Ltd,India,"Textiles, Apparel & Luxury Goods",2023,1.96944463253,26.10068130493,8.31980705261,0.50732773542,0.46203553677,0.78725332022,0.00534948986,0.00000000000,-1009202.18750000000,0.18056295812,0.25748667121,0.20950913429,-13.61464309692,9075920.81600000000,5.00000000000,11.11111068726,TRUE,23.96404838562,15.89544391632,9.19075489044,3.40314126015,2.59194946289,1.69956099987,3.00000000000
204,JINW.NS,Jindal Worldwide Ltd,India,"Textiles, Apparel & Luxury Goods",2024,1.90444910526,30.46277999878,8.32261562347,0.44308131933,0.46562778950,0.83136463165,0.03292195499,0.00000000000,2718619.00000000000,0.17222914100,0.23633037508,0.19681057334,23.02815818787,8878174.37100000000,4.00000000000,25.00000000000,TRUE,48.62512588501,18.57909011841,6.48422384262,3.43082690239,3.20181012154,1.24803209305,3.00000000000
205,JKCE.NS,J K Cement Ltd,India,Construction Materials,2022,3.74346756935,59.38818359375,9.20870304108,0.39835619926,0.22181521356,0.34272184968,0.03136369213,0.01211232226,18755550.00000000000,0.11086904258,0.08661170304,0.65910744667,12.37591171265,50672565.73000000000,6.00000000000,13.33333301544,TRUE,62.01958465576,49.40507507324,7.60936498642,3.37059593201,5.89714193344,2.00672817230,3.00000000000
205,JKCE.NS,J K Cement Ltd,India,Construction Materials,2023,3.45224976540,63.97610855103,9.24941730499,0.37490829825,0.22970254719,0.36037036777,0.00007058660,0.00698009087,-9928014.00000000000,0.11791301519,0.08668027073,0.63336825371,17.18909263611,94772645.47000000000,4.00000000000,13.33333301544,TRUE,79.97537994385,53.68313980103,9.19075489044,3.40314126015,2.59194946289,2.25703501701,3.00000000000
205,JKCE.NS,J K Cement Ltd,India,Construction Materials,2024,3.13231682777,66.23965454102,9.29052448273,0.36137109995,0.23426540196,0.36892935634,0.00005885500,0.01394714508,14381510.00000000000,0.13696044683,0.08515215665,0.62744706869,0.27008202672,102067876.00000000000,6.00000000000,21.42857170105,TRUE,80.18010711670,52.46518325806,6.48422384262,3.43082690239,3.20181012154,2.49344873428,3.00000000000
206,JKIN.NS,JK Tyre & Industries Ltd,India,Automobile Components,2022,0.67297136784,35.73843383789,9.18045902252,0.39220198989,0.42260873318,0.58115750551,0.03291280568,0.00000000000,9627556.00000000000,0.01935877465,0.17719398439,0.51406908035,12.90491390228,32222492.70000000000,4.00000000000,16.66666603088,TRUE,39.26796722412,38.92388153076,7.60936498642,3.37059593201,5.89714193344,1.88179647923,3.00000000000
206,JKIN.NS,JK Tyre & Industries Ltd,India,Automobile Components,2023,0.60369962454,30.19753456116,9.22814369202,0.32704126835,0.40340515971,0.59179019928,0.03013125621,0.00000000000,-219556.09375000000,0.05978526548,0.16569808125,0.49154174328,0.97410720587,97358128.37000000000,4.00000000000,16.66666603088,TRUE,23.25799942017,33.76486206055,9.19075489044,3.40314126015,2.59194946289,1.95456349850,3.00000000000
206,JKIN.NS,JK Tyre & Industries Ltd,India,Automobile Components,2024,0.59033280611,28.21672058105,9.23022079468,0.33825978637,0.39945670962,0.59985166788,0.03216223046,0.00000000000,1779988.25000000000,0.04884356633,0.17588971555,0.47807577252,-4.46580266953,60361614.98000000000,4.00000000000,18.18181800842,TRUE,27.17826461792,31.48200607300,6.48422384262,3.43082690239,3.20181012154,2.15719771385,3.00000000000
207,JKIP.NS,J Kumar Infraprojects Ltd,India,Construction & Engineering,2022,1.06176507473,27.35785293579,8.72440528870,0.12564484775,0.41702565551,0.90100497007,0.03571226075,0.00000000000,-5418172.00000000000,0.01805770770,0.10039834678,0.23689308763,10.08635139465,33397200.58000000000,5.00000000000,16.66666603088,TRUE,29.65725898743,20.71348381042,7.60936498642,3.37059593201,5.89714193344,2.51620984077,3.00000000000
207,JKIP.NS,J Kumar Infraprojects Ltd,India,Construction & Engineering,2023,0.99185758829,32.40081787109,8.75212478638,0.12581366301,0.37510144711,0.85515868664,0.05840200931,0.00000000000,4596580.50000000000,0.02568658069,0.11522737890,0.22969590127,14.42730236053,39423239.35000000000,7.00000000000,16.66666603088,TRUE,26.57354736328,27.45099258423,9.19075489044,3.40314126015,2.59194946289,3.26869535446,3.00000000000
207,JKIP.NS,J Kumar Infraprojects Ltd,India,Construction & Engineering,2024,0.83407205343,39.33722686768,8.82151412964,0.12434454262,0.39986264706,0.85238921642,0.02990319766,0.13650777936,-4147606.75000000000,0.20866522193,0.08915289491,0.20806790888,13.82112789154,45781989.47000000000,8.00000000000,12.50000000000,TRUE,28.01739120483,39.68531417847,6.48422384262,3.43082690239,3.20181012154,2.17422437668,3.00000000000
208,JKLC.NS,JK Lakshmi Cement Ltd,India,Construction Materials,2022,1.56572401524,31.97482681274,8.90097236633,0.28738400340,0.25081679225,0.43900540471,0.03226966783,0.01370315440,8387293.00000000000,0.13227643073,0.12866868079,0.64579880238,9.96629333496,44925754.63000000000,4.00000000000,20.00000000000,TRUE,35.10664749146,24.11646270752,7.60936498642,3.37059593201,5.89714193344,1.98475754261,3.00000000000
208,JKLC.NS,JK Lakshmi Cement Ltd,India,Construction Materials,2023,1.36145365238,44.61421203613,8.96275806427,0.27241948247,0.26627835631,0.45638853312,0.04009248689,0.00588232186,-1952009.62500000000,0.09605660290,0.12957318127,0.65537434816,3.72084069252,58532693.46000000000,4.00000000000,25.00000000000,TRUE,57.98770141602,35.54764938354,9.19075489044,3.40314126015,2.59194946289,1.83975458145,3.00000000000
208,JKLC.NS,JK Lakshmi Cement Ltd,India,Construction Materials,2024,1.25294768810,45.93952560425,8.99664020538,0.30827537179,0.23830954731,0.40349447727,0.00000000000,0.02322169580,-5928613.00000000000,0.10294815898,0.10199501365,0.63499248028,-11.01924896240,35341135.17000000000,4.00000000000,25.00000000000,TRUE,60.47019577026,36.71383666992,6.48422384262,3.43082690239,3.20181012154,1.62223029137,3.00000000000
209,JSTL.NS,JSW Steel Ltd,India,Metals & Mining,2022,1.14679026604,57.81425094604,10.40978240967,0.38304796815,0.33145567775,0.48123234510,0.03300315887,0.06213342771,805258048.00000000000,0.09442063421,0.16781000793,0.58897185326,4.74607133865,503773125.60000000000,5.00000000000,25.00000000000,TRUE,32.73433685303,60.99468231201,7.60936498642,3.37059593201,5.89714193344,1.95952343941,3.00000000000
209,JSTL.NS,JSW Steel Ltd,India,Metals & Mining,2023,1.07618021965,60.54199218750,10.43740653992,0.38555991650,0.28950735927,0.43888553977,0.04398698360,0.01119203493,-887102592.00000000000,0.03315194696,0.17234157026,0.60831385851,3.94517588615,1076544691.00000000000,5.00000000000,30.76922988892,TRUE,34.40531539917,73.22590637207,9.19075489044,3.40314126015,2.59194946289,1.80679082870,3.00000000000
209,JSTL.NS,JSW Steel Ltd,India,Metals & Mining,2024,1.03492081165,65.58927154541,10.44983959198,0.41019847989,0.25182977319,0.37598451972,0.04921980575,0.03348397836,424224704.00000000000,0.07546994090,0.15145258605,0.59037894011,-5.90321493149,408543007.60000000000,6.00000000000,27.27272796631,TRUE,35.04888153076,78.13179016113,6.48422384262,3.43082690239,3.20181012154,2.40115976334,3.00000000000
210,JUBA.NS,Jubilant Pharmova Ltd,India,Pharmaceuticals,2022,1.44663119316,40.59312438965,9.13287353516,0.32955807447,0.15886510909,0.30784919858,0.56011956930,0.00161571801,3663583.25000000000,0.09346394241,0.12741246819,0.30162450671,-5.33348512650,-7896908.47100000000,5.00000000000,8.33333301544,TRUE,17.95717048645,62.84726333618,7.60936498642,3.37059593201,5.89714193344,1.59095692635,3.00000000000
210,JUBA.NS,Jubilant Pharmova Ltd,India,Pharmaceuticals,2023,1.40600836277,37.64284133911,9.14161968231,0.31727063656,0.16357102990,0.30893272161,0.47813656926,0.00439018104,-6898620.50000000000,0.08427989483,0.11289777607,0.31927090883,5.18127679825,8722255.54900000000,5.00000000000,7.69230747223,TRUE,12.98052692413,61.62885284424,9.19075489044,3.40314126015,2.59194946289,1.66495621204,3.00000000000
210,JUBA.NS,Jubilant Pharmova Ltd,India,Pharmaceuticals,2024,1.26229047775,38.71419906616,9.17401599884,0.21408861876,0.16968737543,0.33293855190,0.49274691939,0.00153648399,15435927.00000000000,0.09174402058,0.09004107863,0.40514564514,5.27840995789,97870099.47000000000,5.00000000000,7.69230747223,TRUE,16.70957756042,56.51242065430,6.48422384262,3.43082690239,3.20181012154,1.90793716908,3.00000000000
212,JUWL.NS,Jupiter Wagons Ltd,India,Machinery,2022,8.33217811584,28.50930404663,8.29860019684,0.17630033195,0.47546127439,0.93531525135,0.00027351599,0.06140631810,9303067.00000000000,0.08662094176,0.37735241652,0.28255259991,62.14966583252,14687816.46000000000,6.00000000000,25.00000000000,TRUE,42.66932678223,19.48580169678,7.60936498642,3.37059593201,5.89714193344,2.18266177177,3.00000000000
212,JUWL.NS,Jupiter Wagons Ltd,India,Machinery,2023,4.61886167526,26.44790649414,8.54743957520,0.11870849133,0.42674088478,0.94771516323,0.00029013000,0.04003925249,645818.81250000000,0.10340356827,0.37014067173,0.24001723528,73.65965270996,39714145.17000000000,12.00000000000,10.00000000000,TRUE,32.34751129150,21.53855514526,9.19075489044,3.40314126015,2.59194946289,2.84124207497,3.00000000000
212,JUWL.NS,Jupiter Wagons Ltd,India,Machinery,2024,3.41282272339,26.78958511353,8.67025184631,0.12543380260,0.29022184014,0.93237692118,0.00000000000,0.14843164384,37240388.00000000000,0.25080034137,0.19239252806,0.20733548701,6.09664630890,44502118.20000000000,9.00000000000,11.11111068726,TRUE,28.41861343384,23.13970375061,6.48422384262,3.43082690239,3.20181012154,2.17885565758,3.00000000000
213,JYOI.NS,Jyothy Labs Ltd,India,Household Products,2022,5.70843505859,35.09353256226,8.39956760406,0.02257138491,0.19707547128,0.79246127605,0.26002719998,0.00000000000,3607083.75000000000,0.12687475979,0.15244939923,0.16460774839,4.55965518951,29177945.47000000000,5.00000000000,42.85714340210,TRUE,33.37275314331,35.58495330811,7.60936498642,3.37059593201,5.89714193344,2.00887823105,3.00000000000
213,JYOI.NS,Jyothy Labs Ltd,India,Household Products,2023,5.05275726318,44.13634872437,8.45947360992,0.02105850540,0.20014744997,0.81087374687,0.17561493814,0.00000000000,-2550689.75000000000,0.29161292315,0.11962031573,0.14446485043,9.31425189972,44307138.57000000000,7.00000000000,42.85714340210,TRUE,64.53574371338,38.43676757813,9.19075489044,3.40314126015,2.59194946289,1.59669220448,3.00000000000
213,JYOI.NS,Jyothy Labs Ltd,India,Household Products,2024,4.54549121857,54.57516479492,8.49816608429,0.02277406678,0.18982228637,0.79649758339,0.15110519528,0.00000000000,-843768.31250000000,0.30392602086,0.12689256668,0.13793769479,0.72846460342,43344645.99000000000,7.00000000000,28.57142829895,TRUE,77.12886810303,45.90873336792,6.48422384262,3.43082690239,3.20181012154,2.31860756874,3.00000000000
214,KANE.NS,Kansai Nerolac Paints Ltd,India,Chemicals,2022,2.80586338043,53.37921905518,8.88511848450,0.04551595449,0.23890960217,0.84993737936,0.06611356139,0.00079284998,5932327.00000000000,0.10074985027,0.27418828011,0.34627741575,9.40138053894,57019230.77000000000,7.00000000000,12.50000000000,TRUE,30.83949470520,57.42458343506,7.60936498642,3.37059593201,5.89714193344,1.79700958729,3.00000000000
214,KANE.NS,Kansai Nerolac Paints Ltd,India,Chemicals,2023,2.43538379669,61.40211486816,8.94889640808,0.03730505332,0.20521153510,0.83219861984,0.11326748133,0.00000000000,7727654.50000000000,0.24707625806,0.22773599625,0.31014803052,1.95324122906,141074985.00000000000,8.00000000000,14.28571414948,TRUE,33.74748611450,68.77375030518,9.19075489044,3.40314126015,2.59194946289,2.41883206367,3.00000000000
214,KANE.NS,Kansai Nerolac Paints Ltd,India,Chemicals,2024,2.24626374245,68.73082733154,8.98300266266,0.03607020900,0.17653580010,0.80864274502,0.00000000000,0.01143965591,-8470451.00000000000,0.28086698055,0.20263648033,0.29870280623,-2.18838524818,129822118.20000000000,6.00000000000,12.50000000000,TRUE,43.53697586060,82.94696044922,6.48422384262,3.43082690239,3.20181012154,2.47661280632,3.00000000000
215,KAPT.NS,Kalpataru Projects International Ltd,India,Construction & Engineering,2022,1.06679296494,35.22959136963,9.37717151642,0.19335983694,0.64348685741,0.84790205956,0.07514908910,0.00048772100,-12688656.00000000000,0.05318635330,0.08048373461,0.10925062001,2.28535079956,52947906.52000000000,8.00000000000,11.11111068726,TRUE,47.00876998901,26.78691673279,7.60936498642,3.37059593201,5.89714193344,1.71065735817,3.00000000000
215,KAPT.NS,Kalpataru Projects International Ltd,India,Construction & Engineering,2023,0.94996106625,64.35964202881,9.42226123810,0.18187914789,0.67101484537,0.87502217293,0.06815087795,0.00006988020,6322735.50000000000,0.05126039684,0.08981559426,0.09676958621,18.24277496338,61895620.88000000000,6.00000000000,10.00000000000,TRUE,83.02483367920,77.21955108643,9.19075489044,3.40314126015,2.59194946289,2.24953866005,3.00000000000
215,KAPT.NS,Kalpataru Projects International Ltd,India,Construction & Engineering,2024,0.82237267494,61.15716552734,9.47625827789,0.16860125959,0.66226315498,0.88844913244,0.06695822626,0.01826095767,69660624.00000000000,0.07783490419,0.08357655257,0.09270019084,10.90836429596,66386190.75000000000,5.00000000000,11.11111068726,TRUE,74.13498687744,69.02725219727,6.48422384262,3.43082690239,3.20181012154,2.36452794075,3.00000000000
216,KECL.NS,KEC International Ltd,India,Construction & Engineering,2022,1.19547069073,48.80882263184,9.32284832001,0.19581285119,0.74190425873,0.94905596972,0.01868935861,0.00197296194,8949611.00000000000,0.01582084969,0.07497023791,0.07484696060,16.17639732361,21425267.77000000000,6.00000000000,9.09090900421,TRUE,71.50756835938,26.50793647766,7.60936498642,3.37059593201,5.89714193344,2.88504838943,3.00000000000
216,KECL.NS,KEC International Ltd,India,Construction & Engineering,2023,1.09774792194,54.14525222778,9.35856628418,0.20939160883,0.76240986586,0.97147852182,0.00834885240,0.00433282321,-9125375.00000000000,0.01164137758,0.07662834227,0.07095510513,13.58744335175,41605278.94000000000,5.00000000000,9.09090900421,TRUE,68.61135101318,37.10417175293,9.19075489044,3.40314126015,2.59194946289,2.74486589432,3.00000000000
216,KECL.NS,KEC International Ltd,India,Construction & Engineering,2024,0.95822674036,55.71258926392,9.41424751282,0.17842625082,0.73160225153,0.96402251720,0.03341431171,0.00000000000,39858396.00000000000,0.02919844911,0.07277844101,0.06321393698,7.00822782516,66792276.18000000000,4.00000000000,18.18181800842,TRUE,61.81113052368,37.22111129761,6.48422384262,3.43082690239,3.20181012154,2.46968436241,3.00000000000
217,KEIN.NS,KEI Industries Ltd,India,Electrical Equipment,2022,9.43028926849,16.65372085571,8.66169834137,0.04292320460,0.29642039537,0.94629997015,0.06287861615,0.10864707828,14711660.00000000000,0.14036171138,0.31076517701,0.15389141440,11.51176452637,58099074.98000000000,5.00000000000,20.00000000000,TRUE,23.79121589661,20.04314231873,7.60936498642,3.37059593201,5.89714193344,1.84930980206,3.00000000000
217,KEIN.NS,KEI Industries Ltd,India,Electrical Equipment,2023,7.69931650162,48.11444091797,8.74714946747,0.03569865599,0.30738759041,0.94904410839,0.10110142082,0.11174456775,22337252.00000000000,0.18172205985,0.29966133833,0.19106744230,15.56706428528,69687822.44000000000,4.00000000000,20.00000000000,TRUE,68.20616149902,32.39863967896,9.19075489044,3.40314126015,2.59194946289,2.29641485214,3.00000000000
217,KEIN.NS,KEI Industries Ltd,India,Electrical Equipment,2024,4.99143648148,52.05982208252,8.92770290375,0.03002348542,0.18632867932,0.93040078878,0.15043093264,0.04492298886,45133296.00000000000,0.11092995852,0.24328798056,0.19040463865,17.18307685852,81499590.40000000000,6.00000000000,18.18181800842,TRUE,53.63899612427,56.41172790527,6.48422384262,3.43082690239,3.20181012154,2.11316204071,3.00000000000
218,KIRI.NS,Kiri Industries Ltd,India,Chemicals,2022,0.95194494724,33.47946548462,8.59111404419,0.01519661490,0.14817216992,0.90390002728,0.05786900222,0.00000000000,1733106.12500000000,0.00825733412,0.06623762101,0.18116547167,-41.67501831055,12980148.49000000000,5.00000000000,16.66666603088,TRUE,30.58345031738,34.36157226563,7.60936498642,3.37059593201,5.89714193344,2.48070573807,3.00000000000
218,KIRI.NS,Kiri Industries Ltd,India,Chemicals,2023,0.89073693752,27.85427856445,8.61196041107,0.03564084321,0.16631643474,0.94680935144,0.02941045351,0.00000000000,-1295021.00000000000,0.00513196317,0.06352271885,0.15899185836,-0.99518436193,15959352.13000000000,4.00000000000,14.28571414948,TRUE,36.83626174927,26.85862159729,9.19075489044,3.40314126015,2.59194946289,1.48991072178,3.00000000000
218,KIRI.NS,Kiri Industries Ltd,India,Chemicals,2024,0.66145634651,28.74504470825,8.74270915985,0.23784619570,0.05152056366,0.16464802623,0.05153960362,0.00000000000,1110988.87500000000,0.10919208825,0.03247703239,0.18375603855,-23.95388412476,30981392.63000000000,4.00000000000,16.66666603088,TRUE,49.78636932373,24.38563537598,6.48422384262,3.43082690239,3.20181012154,1.53400278091,3.00000000000
219,KIRO.NS,Kirloskar Oil Engines Ltd,India,Machinery,2022,1.92835414410,55.74747848511,8.91302013397,0.49630472064,0.37557139993,0.57125502825,0.03790311515,0.02595905960,14283106.00000000000,0.15460398793,0.08313679695,0.06837803870,15.39361858368,40366358.33000000000,6.00000000000,23.07692337036,0,85.74705505371,27.01094436646,7.60936498642,3.37059593201,5.89714193344,1.92040681839,3.00000000000
219,KIRO.NS,Kirloskar Oil Engines Ltd,India,Machinery,2023,1.63096129894,49.95157241821,8.99701309204,0.50035095215,0.42853537202,0.63326942921,0.12640103698,0.00537698716,26706658.00000000000,0.13867622614,0.08084688336,0.08903256804,15.73129558563,52753449.31000000000,8.00000000000,27.27272796631,TRUE,73.40790557861,24.85954666138,9.19075489044,3.40314126015,2.59194946289,1.94703078270,3.00000000000
219,KIRO.NS,Kirloskar Oil Engines Ltd,India,Machinery,2024,1.24850916862,47.99361801147,9.08865833282,0.55519104004,0.32911872864,0.46650877595,0.12041783333,0.03107851557,29041544.00000000000,0.14748014510,0.06201104447,0.08810780197,4.99761295319,55684025.75000000000,6.00000000000,27.27272796631,TRUE,63.59817123413,29.36819076538,6.48422384262,3.43082690239,3.20181012154,1.59688806534,3.00000000000
220,KIRP.NS,Kirloskar Pneumatic Company Ltd,India,Machinery,2022,7.02801227570,27.67031669617,8.13823509216,0.00090303400,0.27775126696,0.93831068277,0.11430957168,0.00000000000,21908.47070312500,0.17377746105,0.15824085474,0.21190854907,12.11905956268,13215798.44000000000,7.00000000000,8.33333301544,TRUE,38.99660873413,24.27565956116,7.60936498642,3.37059593201,5.89714193344,2.31350016594,3.00000000000
220,KIRP.NS,Kirloskar Pneumatic Company Ltd,India,Machinery,2023,5.59430217743,52.49829864502,8.22055530548,0.00056099601,0.31350281835,0.94311708212,0.11420892179,0.00000000000,1644631.12500000000,0.27414271235,0.14619825780,0.18754516542,5.19630765915,15991361.73000000000,5.00000000000,10.00000000000,TRUE,74.40256500244,44.65727996826,9.19075489044,3.40314126015,2.59194946289,1.85558271408,3.00000000000
220,KIRP.NS,Kirloskar Pneumatic Company Ltd,India,Machinery,2024,4.74638080597,50.77257537842,8.28504085541,0.00643688999,0.30921235681,0.92442584038,0.12459015846,0.00000000000,1620830.87500000000,0.25544726849,0.13291513920,0.20107708871,20.96146774292,24725921.59000000000,6.00000000000,10.00000000000,TRUE,57.58006286621,39.23795700073,6.48422384262,3.43082690239,3.20181012154,1.85558271408,3.00000000000
221,KNRL.NS,KNR Constructions Ltd,India,Construction & Engineering,2022,1.21640241146,23.64699935913,8.72303009033,0.15017496049,0.24588568509,0.68315333128,0.17887651920,0.00000000000,5306877.00000000000,0.03616176546,0.10106188059,0.10535676032,4.25126838684,53482156.77000000000,5.00000000000,33.33333206177,TRUE,44.62223434448,16.06060600281,7.60936498642,3.37059593201,5.89714193344,3.10523152351,3.00000000000
221,KNRL.NS,KNR Constructions Ltd,India,Construction & Engineering,2023,0.92323851585,43.56648635864,8.84280586243,0.21751952171,0.18982680142,0.48972922564,0.32347774506,0.00000000000,19844608.00000000000,0.08990518004,0.06647076458,0.07060248405,7.50022792816,90257576.48000000000,5.00000000000,33.33333206177,TRUE,64.76625823975,37.74565505981,9.19075489044,3.40314126015,2.59194946289,2.86842560768,3.00000000000
221,KNRL.NS,KNR Constructions Ltd,India,Construction & Engineering,2024,0.74780052900,41.05358123779,8.92146015167,0.25934389234,0.10895459354,0.29997679591,0.00000000000,0.04522541165,-29613810.00000000000,0.31036791205,0.02249413729,0.04786930978,4.47819757462,119439941.50000000000,5.00000000000,25.00000000000,TRUE,64.96029663086,31.57675743103,6.48422384262,3.43082690239,3.20181012154,2.37963056564,3.00000000000
222,KPIE.NS,KPIT Technologies Ltd,India,Software,2022,9.00248813629,47.47284698486,8.61689186096,0.08425810188,0.34348720312,0.66782695055,0.37274733186,0.02487638034,13650195.00000000000,0.23242129385,0.01874594763,0.14099556208,27.80470275879,47086538.46000000000,10.00000000000,10.00000000000,TRUE,49.47414398193,39.51758193970,7.60936498642,3.37059593201,5.89714193344,2.28989577293,3.00000000000
222,KPIE.NS,KPIT Technologies Ltd,India,Software,2023,7.46910762787,47.85616683960,8.69901084900,0.07887721062,0.36291429400,0.74805170298,0.29163441062,0.07242503017,24091902.00000000000,0.24822044373,0.02282878570,0.13037465513,42.70238113403,71807198.56000000000,7.00000000000,9.09090900421,TRUE,41.81934356689,40.76754760742,9.19075489044,3.40314126015,2.59194946289,1.83002424240,3.00000000000
222,KPIE.NS,KPIT Technologies Ltd,India,Software,2024,6.32399177551,45.25698471069,8.77011203766,0.06852167845,0.34210410714,0.81186050177,0.48924291134,0.07566141337,49069164.00000000000,0.36784520745,0.01847838238,0.11983937025,16.98074340820,98256290.23000000000,5.00000000000,9.09090900421,TRUE,38.02266693115,42.08009338379,6.48422384262,3.43082690239,3.20181012154,2.41130852699,3.00000000000
223,KPRM.NS,KPR Mill Ltd,India,"Textiles, Apparel & Luxury Goods",2022,5.90085935593,45.10809707642,8.83334350586,0.24083228409,0.23673591018,0.70079433918,0.08193727583,0.00000000000,-1549415.75000000000,0.04473735392,0.35687604547,0.42721652985,18.50056266785,99087147.03000000000,4.00000000000,9.09090900421,TRUE,58.42404556274,44.95804977417,7.60936498642,3.37059593201,5.89714193344,2.07052731514,3.00000000000
223,KPRM.NS,KPR Mill Ltd,India,"Textiles, Apparel & Luxury Goods",2023,5.66083574295,47.72094726563,8.84728717804,0.19754809141,0.18515890837,0.72107774019,0.06919513643,0.00000000000,-4013197.25000000000,0.03677598760,0.33590608835,0.43408498168,-3.43871736526,96622675.46000000000,5.00000000000,16.66666603088,TRUE,60.87442398071,46.62609481812,9.19075489044,3.40314126015,2.59194946289,2.38030624390,3.00000000000
223,KPRM.NS,KPR Mill Ltd,India,"Textiles, Apparel & Luxury Goods",2024,5.48033857346,43.65263748169,8.84364509583,0.07816127688,0.13003395498,0.80790394545,0.14775541425,0.00000000000,4612054.00000000000,0.09632497281,0.32772514224,0.41932594776,2.82544445992,95390286.72000000000,4.00000000000,8.33333301544,TRUE,30.11580848694,46.55228042603,6.48422384262,3.43082690239,3.20181012154,0.00000000000,3.00000000000
224,KRBR.NS,Kirloskar Brothers Ltd,India,Machinery,2022,4.81371116638,54.36613082886,8.56474113464,0.09480486065,0.44960385561,0.84118127823,0.09528645128,0.00000000000,10591030.00000000000,0.15427313745,0.25244200230,0.19675096869,12.70400524139,27393232.72000000000,5.00000000000,28.57142829895,TRUE,40.13301849365,56.59303665161,7.60936498642,3.37059593201,5.89714193344,3.09096860886,3.00000000000
224,KRBR.NS,Kirloskar Brothers Ltd,India,Machinery,2023,4.62314367294,59.58448028564,8.60084819794,0.05784768984,0.42249271274,0.87476599216,0.11240638047,0.00000000000,5353545.50000000000,0.19214425981,0.26712709665,0.19469718635,5.73296260834,40735488.90000000000,7.00000000000,30.00000000000,TRUE,50.45947647095,61.61285400391,9.19075489044,3.40314126015,2.59194946289,2.75507783890,3.00000000000
224,KRBR.NS,Kirloskar Brothers Ltd,India,Machinery,2024,4.26535844803,52.83737564087,8.63242149353,0.04952507466,0.37035337090,0.86321204901,0.19346840680,0.00000000000,6696641.50000000000,0.20659334958,0.25031924248,0.18337109685,9.51323890686,47213856.06000000000,6.00000000000,27.27272796631,TRUE,24.86703109741,61.58085250854,6.48422384262,3.43082690239,3.20181012154,2.47223258018,3.00000000000
226,KSBL.NS,KSB Ltd,India,Machinery,2022,7.31844520569,38.76115036011,8.34362316132,0.00157934101,0.34806162119,0.93171590567,0.04401185736,0.00219200691,-2975325.50000000000,0.08861859143,0.30747771263,0.20468683541,9.54730701447,22092314.76000000000,4.00000000000,12.50000000000,TRUE,53.49392700195,33.63044738770,7.60936498642,3.37059593201,5.89714193344,0.00000000000,3.00000000000
226,KSBL.NS,KSB Ltd,India,Machinery,2023,6.45414257050,47.56360626221,8.39500522614,0.00156650704,0.34684470296,0.93802058697,0.06633430719,0.03485428542,10526986.00000000000,0.09534412622,0.31109097600,0.20766861737,22.64049148560,25091116.72000000000,5.00000000000,12.50000000000,TRUE,55.95903396606,40.32509231567,9.19075489044,3.40314126015,2.59194946289,1.61659586430,3.00000000000
226,KSBL.NS,KSB Ltd,India,Machinery,2024,6.08211946487,51.67606735229,8.43846321106,0.00146335596,0.34124210477,0.92878919840,0.08224815130,0.01277667936,-2761647.50000000000,0.12833045423,0.27377143502,0.20101974905,9.60532855988,28926175.28000000000,4.00000000000,12.50000000000,TRUE,54.42845535278,39.85579299927,6.48422384262,3.43082690239,3.20181012154,1.00000000000,3.00000000000
227,KVRI.NS,Kaveri Seed Company Ltd,India,Food Products,2022,2.73305201530,31.60975456238,8.39731597900,0.00029540999,0.31252381206,0.93441635370,0.03351926431,0.00000000000,178687.92187500000,0.28416803479,0.41798540950,0.19129975140,1.94215822220,33184627.56000000000,5.00000000000,20.00000000000,TRUE,33.98474502563,41.36747360229,7.60936498642,3.37059593201,5.89714193344,2.36324954033,3.00000000000
227,KVRI.NS,Kaveri Seed Company Ltd,India,Food Products,2023,2.74217152596,37.75127410889,8.39117240906,0.00006341610,0.37247049809,0.93320101500,0.03151842579,0.00000000000,311457.71875000000,0.23835723102,0.43490150571,0.20943374932,5.76013898849,35978536.29000000000,5.00000000000,20.00000000000,TRUE,47.55095672607,50.44518661499,9.19075489044,3.40314126015,2.59194946289,2.16653156281,3.00000000000
227,KVRI.NS,Kaveri Seed Company Ltd,India,Food Products,2024,2.16239285469,31.98662185669,8.49209403992,0.00000000000,0.41112703085,0.94510012865,0.00011192700,0.00769056380,-407220.59375000000,0.29946327209,0.38766208291,0.19029626250,2.34691715240,33034663.55000000000,6.00000000000,20.00000000000,TRUE,46.47042846680,40.81230163574,6.48422384262,3.43082690239,3.20181012154,2.69111442566,3.00000000000
228,LAOP.NS,La Opala R G Ltd,India,Household Durables,2022,2.93068909645,35.53043365479,8.03809261322,0.01421242766,0.07024244964,0.51652079821,0.00044760600,0.00000000000,182.57058715820,0.45601570606,0.08440726995,0.24250400066,29.49528121948,14968463.97000000000,4.00000000000,25.00000000000,TRUE,59.08477401733,16.86119651794,7.60936498642,3.37059593201,5.89714193344,1.92910432816,3.00000000000
228,LAOP.NS,La Opala R G Ltd,India,Household Durables,2023,2.82230472565,42.20047378540,8.04629802704,0.01001354028,0.03218175471,0.39399573207,0.00681612501,0.00000000000,21019.79687500000,0.52325528860,0.11030434072,0.21839615703,-20.42992210388,15323611.28000000000,5.00000000000,25.00000000000,TRUE,62.93131637573,18.80151176453,9.19075489044,3.40314126015,2.59194946289,1.92910432816,3.00000000000
228,LAOP.NS,La Opala R G Ltd,India,Household Durables,2024,2.92410492897,36.49383544922,8.02308654785,0.01200882345,0.03740259260,0.43897143006,0.00287490198,0.00000000000,-12463.42871093750,0.53753286600,0.07893777639,0.21340811253,-11.34389686584,11303124.63000000000,4.00000000000,25.00000000000,TRUE,56.22180938721,17.40053749084,6.48422384262,3.43082690239,3.20181012154,1.40779542923,3.00000000000
229,LART.NS,Larsen and Toubro Ltd,India,Construction & Engineering,2022,1.40863788128,77.27336883545,10.60431671143,0.36521747708,0.49058529735,0.67239946127,0.06451995671,0.01958575659,384183296.00000000000,0.15712478757,0.02067120373,0.04971431941,8.21303272247,1536620010.00000000000,8.00000000000,5.88235282898,TRUE,45.40285110474,92.77095794678,7.60936498642,3.37059593201,5.89714193344,2.72023224831,3.00000000000
229,LART.NS,Larsen and Toubro Ltd,India,Construction & Engineering,2023,1.38662493229,75.57008361816,10.61074733734,0.34198740125,0.52070194483,0.69789481163,0.05117767304,0.00850968529,-596063616.00000000000,0.14511153102,0.01946336217,0.05434323847,18.60521125793,1867992801.00000000000,7.00000000000,5.55555534363,TRUE,41.24256515503,91.92083740234,9.19075489044,3.40314126015,2.59194946289,2.67629599571,3.00000000000
229,LART.NS,Larsen and Toubro Ltd,India,Construction & Engineering,2024,1.25180351734,83.05314636230,10.64752769470,0.34888145328,0.53216886520,0.71654301882,0.04594840109,0.00765895983,26740784.00000000000,0.17416985333,0.02021096833,0.05108618736,12.99429321289,2069911059.00000000000,6.00000000000,5.00000000000,TRUE,67.18976593018,92.52502441406,6.48422384262,3.43082690239,3.20181012154,2.16517424583,3.00000000000
230,LATN.NS,Latent View Analytics Ltd,India,Professional Services,2022,6.46209192276,29.90553092957,8.18676185608,0.01699134149,0.02688481472,0.61067152023,1.51220655441,0.00160800596,-22319742.00000000000,0.68309712410,0.00000000000,0.01835232787,22.04528045654,18918086.66000000000,16.00000000000,33.33333206177,FALSE,33.68467330933,24.25205802917,7.60936498642,3.37059593201,5.89714193344,1.40501654148,3.00000000000
230,LATN.NS,Latent View Analytics Ltd,India,Professional Services,2023,5.73199796677,49.86104965210,8.24221801758,0.01647943631,0.03642551601,0.65095067024,2.33470988274,0.02819747664,13375285.00000000000,0.71549981833,0.00000000000,0.01889104582,17.21982574463,19033473.31000000000,4.00000000000,33.33333206177,FALSE,57.46507644653,25.52040481567,9.19075489044,3.40314126015,2.59194946289,1.37430274487,3.00000000000
230,LATN.NS,Latent View Analytics Ltd,India,Professional Services,2024,4.78681230545,49.63905715942,8.32080936432,0.01607931033,0.07418286800,0.45972558856,0.49180018902,0.00234145205,-11166881.00000000000,0.44250944257,0.00000000000,0.02691663057,29.08202743530,20303920.42000000000,5.00000000000,33.33333206177,FALSE,53.32653427124,36.14378738403,6.48422384262,3.43082690239,3.20181012154,1.62037324905,3.00000000000
231,LAUL.NS,Laurus Labs Ltd,India,Pharmaceuticals,2022,5.82849740982,34.78509140015,8.96959114075,0.26305285096,0.31751084328,0.67136275768,0.00795145333,0.00343715702,-3612463.50000000000,0.00605493784,0.21993760765,0.48302569985,13.06508731842,96962025.32000000000,6.00000000000,11.11111068726,TRUE,21.81942939758,33.13495254517,7.60936498642,3.37059593201,5.89714193344,2.65196323395,3.00000000000
231,LAUL.NS,Laurus Labs Ltd,India,Pharmaceuticals,2023,5.34846735001,34.51902770996,9.00270271301,0.30730783939,0.37108248472,0.72783482075,0.03913851082,0.00204243907,11190162.00000000000,0.01787848212,0.22003141046,0.48259395361,-17.74157333374,20181163.77000000000,5.00000000000,12.50000000000,TRUE,20.91572761536,32.42575454712,9.19075489044,3.40314126015,2.59194946289,1.40739369392,3.00000000000
231,LAUL.NS,Laurus Labs Ltd,India,Pharmaceuticals,2024,4.89897680283,37.59578704834,9.03842830658,0.29604297876,0.37916484475,0.72788661718,0.02573932335,0.00090299803,-4610883.50000000000,0.01157665160,0.20743671060,0.46231350303,7.47172832489,41475716.79000000000,8.00000000000,12.50000000000,TRUE,20.75100898743,36.72045516968,6.48422384262,3.43082690239,3.20181012154,1.68986749649,3.00000000000
232,LAXR.NS,Laxmi Organic Industries Ltd,India,Chemicals,2022,2.30247378349,17.74258232117,8.46775245667,0.16819459200,0.34413316846,0.82976120710,0.04940743372,0.03554473072,5769474.00000000000,0.06027534232,0.12878657877,0.48139002919,-16.23054695129,15166991.24000000000,5.00000000000,11.11111068726,TRUE,29.83943748474,16.63579368591,7.60936498642,3.37059593201,5.89714193344,2.29015398026,3.00000000000
232,LAXR.NS,Laxmi Organic Industries Ltd,India,Chemicals,2023,2.01304745674,30.95072937012,8.53045368195,0.05050330237,0.31519573927,0.86550891399,0.05626464263,0.03492510691,3614277.25000000000,0.11113675684,0.10439403355,0.46744948626,0.98188722134,14461307.74000000000,6.00000000000,11.11111068726,TRUE,60.74053192139,12.75313091278,9.19075489044,3.40314126015,2.59194946289,2.19073057175,3.00000000000
232,LAXR.NS,Laxmi Organic Industries Ltd,India,Chemicals,2024,1.87901377678,32.75243759155,8.55181598663,0.08459549397,0.34567031264,0.92487442493,0.03956302628,0.00805594679,-8133645.50000000000,0.07298963517,0.12725453079,0.51372289658,1.64276909828,13283089.53000000000,6.00000000000,11.11111068726,TRUE,62.59333419800,14.55497264862,6.48422384262,3.43082690239,3.20181012154,2.12461280823,3.00000000000
233,LMVL.NS,LMW Ltd,India,Machinery,2022,3.71882319450,39.09152603149,8.69706916809,0.00000000000,0.33468040824,0.78153270483,0.10624842346,0.00293408893,9606500.00000000000,0.27512019873,0.19979433715,0.22293657064,37.48747253418,46740384.62000000000,4.00000000000,12.50000000000,TRUE,57.75695419312,24.13927268982,7.60936498642,3.37059593201,5.89714193344,1.15766274929,3.00000000000
233,LMVL.NS,LMW Ltd,India,Machinery,2023,3.81443476677,38.45304107666,8.68455219269,0.00000000000,0.26237654686,0.79663044214,0.10958165675,0.00062012899,-4681463.50000000000,0.31422653794,0.17680370808,0.23995515704,-1.91417694092,44830233.95000000000,4.00000000000,10.00000000000,TRUE,37.63855361938,30.71091651917,9.19075489044,3.40314126015,2.59194946289,1.45830380917,3.00000000000
233,LMVL.NS,LMW Ltd,India,Machinery,2024,3.79870510101,35.60419082642,8.67120361328,0.00000000000,0.25100737810,0.81758189201,0.11770260334,0.00536691397,2517261.50000000000,0.41387212276,0.16693821549,0.24340239167,-37.43451690674,12008191.93000000000,4.00000000000,11.11111068726,TRUE,26.58553123474,30.20340347290,6.48422384262,3.43082690239,3.20181012154,1.22445142269,3.00000000000
234,LTEH.NS,L&T Technology Services Ltd,India,Professional Services,2022,5.19881629944,64.58706665039,8.99902629852,0.05540645868,0.40378892422,0.87971401215,0.09168907255,0.02819117717,35272640.00000000000,0.42441919446,0.00397677394,0.08163364977,23.96262550354,148052580.30000000000,6.00000000000,10.00000000000,TRUE,62.51111221313,58.95054626465,7.60936498642,3.37059593201,5.89714193344,2.61501622200,3.00000000000
234,LTEH.NS,L&T Technology Services Ltd,India,Professional Services,2023,5.20003461838,59.10368728638,9.00792503357,0.07761088759,0.29888671637,0.80252420902,0.30613693595,0.04069034755,72177568.00000000000,0.32267826796,0.00381692895,0.11791247129,7.87322425842,156724655.10000000000,5.00000000000,16.66666603088,TRUE,42.96095275879,60.16554260254,9.19075489044,3.40314126015,2.59194946289,2.20578384399,3.00000000000
234,LTEH.NS,L&T Technology Services Ltd,India,Professional Services,2024,4.63574314117,62.33319854736,9.05252265930,0.05989526585,0.31005340815,0.83906269073,0.32648828626,0.04219422489,29666472.00000000000,0.26928305626,0.00942603778,0.09397003055,7.88380193710,147864248.10000000000,6.00000000000,18.18181800842,TRUE,37.58520126343,63.55913925171,6.48422384262,3.43082690239,3.20181012154,1.90341484547,3.00000000000
235,LTIM.NS,LTIMindtree Ltd,India,IT Services,2022,6.20066261292,54.54754257202,9.45633506775,0.06559386849,0.23334085941,0.79411935806,0.37963739038,0.00792471878,108507792.00000000000,0.34155070782,0.00014044900,0.12922143936,17.41396522522,536794060.40000000000,6.00000000000,8.33333301544,TRUE,29.31413459778,48.50691986084,7.60936498642,3.37059593201,5.89714193344,2.20740294456,3.00000000000
235,LTIM.NS,LTIMindtree Ltd,India,IT Services,2023,5.41649818420,61.69968414307,9.51942062378,0.07512244582,0.20836628973,0.76111215353,0.28902006149,0.00393643696,-62111576.00000000000,0.39996784925,0.00010884200,0.14598193765,5.50558614731,550041991.60000000000,8.00000000000,7.14285707474,TRUE,40.82301712036,49.74925994873,9.19075489044,3.40314126015,2.59194946289,2.37003111839,3.00000000000
235,LTIM.NS,LTIMindtree Ltd,India,IT Services,2024,4.87512922287,57.16968154907,9.55443477631,0.07141038030,0.19477309287,0.75215905905,0.32744431496,0.00267058401,28355764.00000000000,0.37871077657,0.00009141360,0.14838066697,4.38387680054,538560561.70000000000,7.00000000000,7.69230747223,TRUE,33.01389312744,48.51869201660,6.48422384262,3.43082690239,3.20181012154,2.01599431038,3.00000000000
236,LUXI.NS,Lux Industries Ltd,India,"Textiles, Apparel & Luxury Goods",2022,1.73908495903,38.99216079712,8.41143798828,0.12638519704,0.29048913717,0.92267793417,0.04360682517,0.00014630600,-3079357.25000000000,0.05995937064,0.33464065194,0.15936078131,-4.28664493561,16731986.37000000000,8.00000000000,16.66666603088,TRUE,48.08189773560,14.17545700073,7.60936498642,3.37059593201,5.89714193344,1.85765612125,3.00000000000
236,LUXI.NS,Lux Industries Ltd,India,"Textiles, Apparel & Luxury Goods",2023,1.70094728470,41.89777755737,8.41940975189,0.09632082283,0.27494919300,0.96672445536,0.05151505023,0.00929956418,2905818.75000000000,0.12029611319,0.31610295177,0.15806974471,-3.68082141876,15068986.20000000000,4.00000000000,16.66666603088,TRUE,61.76948928833,11.69681358337,9.19075489044,3.40314126015,2.59194946289,2.01329255104,3.00000000000
236,LUXI.NS,Lux Industries Ltd,India,"Textiles, Apparel & Luxury Goods",2024,1.48334884644,33.78583526611,8.47715663910,0.12352021039,0.31430622935,0.96690547466,0.00000000000,0.01196313184,-2615564.75000000000,0.09532590210,0.32287582755,0.14459124207,8.40210533142,19255705.09000000000,6.00000000000,16.66666603088,TRUE,49.38939666748,10.71538829803,6.48422384262,3.43082690239,3.20181012154,1.81870400906,3.00000000000
237,MAHM.NS,Mahindra and Mahindra Ltd,India,Automobiles,2022,1.86558449268,85.85370635986,10.39897823334,0.44997841120,0.34279859066,0.47202104330,0.02979395725,0.00675388798,708373.87500000000,0.13515579700,0.08186325431,0.10478316247,24.25592231750,1384430380.00000000000,6.00000000000,23.07692337036,TRUE,75.25511169434,93.00604248047,7.60936498642,3.37059593201,5.89714193344,2.81605386734,3.00000000000
237,MAHM.NS,Mahindra and Mahindra Ltd,India,Automobiles,2023,1.64217460155,89.44165039063,10.45255947113,0.45978382230,0.31970128417,0.44409835339,0.03457273915,0.00811796077,124377928.00000000000,0.12234865874,0.07867293060,0.10524694622,12.42902946472,1472083983.00000000000,9.00000000000,23.07692337036,TRUE,88.65151214600,95.35874176025,9.19075489044,3.40314126015,2.59194946289,2.52052116394,3.00000000000
237,MAHM.NS,Mahindra and Mahindra Ltd,India,Automobiles,2024,1.40402269363,89.02235412598,10.51168632507,0.46480894089,0.32538357377,0.45037734509,0.02029992454,0.01113297138,46084260.00000000000,0.17543096840,0.07324184477,0.10622780770,11.95443630219,1646947923.00000000000,9.00000000000,30.00000000000,TRUE,87.48902893066,94.81041717529,6.48422384262,3.43082690239,3.20181012154,2.43609142303,3.00000000000
238,MAIT.NS,Maithan Alloys Ltd,India,Metals & Mining,2022,0.94814288616,22.67901039124,8.58227729797,0.00630879682,0.09341859818,0.87352967262,0.30510669947,0.00095221098,137536.51562500000,0.66121304035,0.10210951418,0.08043158054,-10.93659496307,60733933.79000000000,5.00000000000,12.50000000000,TRUE,14.96941566467,22.01121330261,7.60936498642,3.37059593201,5.89714193344,1.36015629768,3.00000000000
238,MAIT.NS,Maithan Alloys Ltd,India,Metals & Mining,2023,0.86328119040,27.25126457214,8.61918354034,0.00871087238,0.07243489474,0.77015757561,0.16257314384,0.00034889599,-5838032.50000000000,0.56993466616,0.10373175144,0.08369184285,-40.93624114990,41866826.63000000000,4.00000000000,12.50000000000,TRUE,33.26959609985,15.98048210144,9.19075489044,3.40314126015,2.59194946289,1.45951318741,3.00000000000
238,MAIT.NS,Maithan Alloys Ltd,India,Metals & Mining,2024,0.62121427059,27.43035316467,8.75393486023,0.12136054784,0.17481964827,0.76862883568,0.02571694739,0.00764909387,-2228203.75000000000,0.58205157518,0.22388398647,0.06122162938,1.88562881947,73845523.70000000000,5.00000000000,12.50000000000,TRUE,30.80351257324,14.67856693268,6.48422384262,3.43082690239,3.20181012154,1.47066283226,3.00000000000
239,MAST.NS,Mastek Ltd,India,IT Services,2022,2.30890107155,79.64070892334,8.58239364624,0.12841542065,0.23417173326,0.50464153290,0.28230750561,0.00000000000,-63162124.00000000000,0.09780061245,0.00806138385,0.03042440116,8.43843078613,37764118.79000000000,10.00000000000,14.28571414948,FALSE,87.90645599365,44.73849487305,7.60936498642,3.37059593201,5.89714193344,1.69900870323,3.00000000000
239,MAST.NS,Mastek Ltd,India,IT Services,2023,2.08073067665,77.19473266602,8.64554691315,0.14082542062,0.29590272903,0.68249756098,0.23527200520,0.03380342200,20813438.00000000000,0.14368914068,0.01010547765,0.02417282388,17.46852111816,37308938.21000000000,10.00000000000,20.00000000000,FALSE,85.68887329102,41.04408264160,9.19075489044,3.40314126015,2.59194946289,1.72271847725,3.00000000000
239,MAST.NS,Mastek Ltd,India,IT Services,2024,1.97626066208,76.84768676758,8.65520477295,0.15095536411,0.24293735623,0.67003905773,0.00000000000,0.11946113408,9320070.00000000000,0.16914080083,0.00000000000,0.02175550722,10.32886219025,43994148.62000000000,8.00000000000,16.66666603088,FALSE,81.76628875732,39.42647933960,6.48422384262,3.43082690239,3.20181012154,1.95964574814,3.00000000000
240,MAXE.NS,Max Healthcare Institute Ltd,India,Health Care Providers & Services,2022,11.18008232117,57.71364593506,9.08974075317,0.06820137054,0.10350282490,0.38836145401,0.03241294250,0.13272717595,-32423320.00000000000,0.13820271194,0.00754614314,0.22031904757,7.21310901642,134312317.40000000000,8.00000000000,12.50000000000,TRUE,63.27833938599,62.84235382080,7.60936498642,3.37059593201,5.89714193344,2.21123147011,3.00000000000
240,MAXE.NS,Max Healthcare Institute Ltd,India,Health Care Providers & Services,2023,9.41710376740,70.60820770264,9.15827369690,0.10824637860,0.10405968875,0.34765577316,0.03747066855,0.07775455713,-47344932.00000000000,0.09561126679,0.00665336708,0.30759152770,16.79387855530,126891421.70000000000,8.00000000000,14.28571414948,TRUE,79.62480926514,70.46529388428,9.19075489044,3.40314126015,2.59194946289,2.47823667526,3.00000000000
240,MAXE.NS,Max Healthcare Institute Ltd,India,Health Care Providers & Services,2024,7.37548398972,88.07032012939,9.25054550171,0.19785690308,0.11921340972,0.31091725826,0.05531572551,0.03688919917,-37284960.00000000000,0.05377703160,0.00698084990,0.41817927361,26.81658935547,125907548.30000000000,8.00000000000,12.50000000000,TRUE,95.48397827148,75.21067047119,6.48422384262,3.43082690239,3.20181012154,3.52104330063,3.00000000000
241,MAZG.NS,Mazagon Dock Shipbuilders Ltd,India,Aerospace & Defense,2022,3.47827386856,17.49857330322,9.55461883545,0.00020500200,0.81932288408,0.97720277309,0.07739982009,0.38753467798,139721280.00000000000,0.41230267286,0.38309693336,0.03626867011,26.12219619751,127321080.80000000000,9.00000000000,11.11111068726,TRUE,16.40702819824,6.28042268753,7.60936498642,3.37059593201,5.89714193344,2.00802922249,3.00000000000
241,MAZG.NS,Mazagon Dock Shipbuilders Ltd,India,Aerospace & Defense,2023,3.59210872650,28.00818061829,9.54816246033,0.00003158020,0.76859980822,0.97539401054,0.15566958487,0.36287203431,198567488.00000000000,0.47539883852,0.31792455912,0.03015028499,19.21821403503,217022195.60000000000,10.00000000000,11.11111068726,TRUE,9.42278575897,45.59793090820,9.19075489044,3.40314126015,2.59194946289,2.16092443466,3.00000000000
241,MAZG.NS,Mazagon Dock Shipbuilders Ltd,India,Aerospace & Defense,2024,3.68350338936,29.65749168396,9.52628707886,0.00070817198,0.69051218033,0.95450609922,0.00000000000,0.56255286932,7830310.00000000000,0.54441869259,0.15804390609,0.05495107174,17.79262161255,266511410.20000000000,9.00000000000,10.00000000000,TRUE,14.55053997040,45.20660400391,6.48422384262,3.43082690239,3.20181012154,1.67743682861,3.00000000000
242,MBFL.NS,Mphasis Ltd,India,IT Services,2022,4.39198923111,77.68256378174,9.15015125275,0.09068174660,0.24099624157,0.76139461994,0.35870185494,0.00367803499,26444256.00000000000,0.20795626938,0.00329059293,0.08417894691,7.81851387024,199357594.90000000000,6.00000000000,25.00000000000,TRUE,76.10013580322,48.19525909424,7.60936498642,3.37059593201,5.89714193344,2.33358216286,3.00000000000
242,MBFL.NS,Mphasis Ltd,India,IT Services,2023,3.73841047287,65.03450775146,9.22924423218,0.16904067993,0.29756209254,0.78802627325,0.17672500014,0.00453955587,-28698140.00000000000,0.28927990794,0.00247936393,0.06618685275,-5.05201435089,186541091.80000000000,5.00000000000,25.00000000000,TRUE,49.44369125366,46.91587448120,9.19075489044,3.40314126015,2.59194946289,2.86229205132,3.00000000000
242,MBFL.NS,Mphasis Ltd,India,IT Services,2024,3.57651281357,66.25086212158,9.24166774750,0.12667001784,0.29843837023,0.84284079075,0.17279705405,0.01470594108,21232416.00000000000,0.23444344103,0.00167576503,0.05512741953,4.04839134216,199197074.30000000000,5.00000000000,25.00000000000,TRUE,48.33498001099,54.17975997925,6.48422384262,3.43082690239,3.20181012154,2.60633659363,3.00000000000
244,METB.NS,Metro Brands Ltd,India,Specialty Retail,2022,10.22058963776,39.03164291382,8.54869079590,0.32444596291,0.17716945708,0.37899664044,0.04408451915,0.06046374142,-3616175.75000000000,0.26626074314,0.22218781710,0.39648428559,46.32643890381,44224866.11000000000,10.00000000000,22.22222137451,FALSE,46.30828857422,29.32952690125,7.60936498642,3.37059593201,5.89714193344,2.47168827057,3.00000000000
244,METB.NS,Metro Brands Ltd,India,Specialty Retail,2023,8.85268974304,48.15227508545,8.60448646545,0.32762745023,0.15091806650,0.33981880546,0.09174275398,0.01961117610,1930413.87500000000,0.28735962510,0.21181562543,0.39604437351,9.21244716644,49484103.18000000000,5.00000000000,22.22222137451,FALSE,52.51348876953,34.31327056885,9.19075489044,3.40314126015,2.59194946289,2.59625506401,3.00000000000
244,METB.NS,Metro Brands Ltd,India,Specialty Retail,2024,9.06290912628,52.12678909302,8.59131240845,0.36800071597,0.16229963303,0.33296418190,0.17524668574,0.00180539500,5490930.50000000000,0.22846540809,0.19100601971,0.43392163515,3.77939271927,41290813.34000000000,6.00000000000,20.00000000000,FALSE,55.85876083374,40.69478225708,6.48422384262,3.43082690239,3.20181012154,2.49383735657,3.00000000000
246,MGAS.NS,Mahanagar Gas Ltd,India,Gas Utilities,2022,2.04454231262,9.56715679169,8.86582279205,0.01899935491,0.25880134106,0.82249522209,0.07552028447,0.00000000000,4311100.50000000000,0.27018871903,0.00885067228,0.61820101738,65.15739440918,96159931.84000000000,9.00000000000,11.11111068726,TRUE,10.47135543823,9.03716945648,7.60936498642,3.37059593201,5.89714193344,1.47596108913,3.00000000000
246,MGAS.NS,Mahanagar Gas Ltd,India,Gas Utilities,2023,1.71506142616,38.19977951050,8.93963623047,0.01949844137,0.23434251547,0.80368226767,0.06415536255,0.00280144508,1374925.00000000000,0.23500733078,0.00696500996,0.63447213173,-1.54682850838,154131973.60000000000,11.00000000000,12.50000000000,TRUE,35.78516387939,34.35064315796,9.19075489044,3.40314126015,2.59194946289,1.70678365231,3.00000000000
246,MGAS.NS,Mahanagar Gas Ltd,India,Gas Utilities,2024,1.49399304390,34.90026855469,8.98580455780,0.02430772595,0.22671371698,0.78449642658,0.08038528264,0.00012454300,2619075.50000000000,0.18801262975,0.00758021884,0.66383200884,12.41578865051,121761263.90000000000,11.00000000000,12.50000000000,TRUE,19.68866157532,36.91860580444,6.48422384262,3.43082690239,3.20181012154,1.91231036186,3.00000000000
247,MHSM.NS,Maharashtra Seamless Ltd,India,Metals & Mining,2022,1.43743693829,38.11911392212,8.85314655304,0.04167933390,0.09273098409,0.50081413984,0.10016158968,0.00000000000,-2015713.25000000000,0.11558587104,0.26069161296,0.34625697136,25.41367149353,93429783.35000000000,4.00000000000,14.28571414948,TRUE,76.83177185059,13.27874851227,7.60936498642,3.37059593201,5.89714193344,1.41265022755,3.00000000000
247,MHSM.NS,Maharashtra Seamless Ltd,India,Metals & Mining,2023,1.28779613972,38.57608413696,8.89783763885,0.00000000000,0.06528533250,0.50176745653,0.12676416337,0.00000000000,13197.36035156250,0.20631147921,0.24222470820,0.29615733027,-6.81205129623,114176364.70000000000,6.00000000000,12.50000000000,TRUE,67.55095672607,17.53318023682,9.19075489044,3.40314126015,2.59194946289,1.00000000000,3.00000000000
247,MHSM.NS,Maharashtra Seamless Ltd,India,Metals & Mining,2024,1.22065639496,34.60092926025,8.91544437408,0.00001421820,0.03857528418,0.39132001996,0.15410415828,0.00000000000,-1487419.50000000000,0.33457309008,0.19411766529,0.26662030816,-4.90258169174,90971328.26000000000,4.00000000000,12.50000000000,TRUE,51.54016113281,23.39696502686,6.48422384262,3.43082690239,3.20181012154,1.00000000000,3.00000000000
248,MINC.NS,Minda Corporation Ltd,India,Automobile Components,2022,3.48720431328,33.71355819702,8.59377479553,0.22116428614,0.39354279637,0.77679830790,0.07305540144,0.00471420214,4515579.50000000000,0.04745020345,0.18980863690,0.29454454780,33.49026107788,34627555.99000000000,7.00000000000,12.50000000000,TRUE,37.76869201660,12.25045394897,7.60936498642,3.37059593201,5.89714193344,1.63811516762,3.00000000000
248,MINC.NS,Minda Corporation Ltd,India,Automobile Components,2023,3.33956289291,48.03036499023,8.61552619934,0.15562663972,0.32055830956,0.75589686632,0.05361030623,0.02704274468,5302939.50000000000,0.13995717466,0.16004651785,0.32209944725,6.61834764481,27018596.28000000000,8.00000000000,12.50000000000,TRUE,72.62280273438,32.74035644531,9.19075489044,3.40314126015,2.59194946289,1.00000000000,3.00000000000
248,MINC.NS,Minda Corporation Ltd,India,Automobile Components,2024,2.34538388252,51.88603210449,8.75698375702,0.32960620522,0.40187585354,0.73199295998,0.01722380891,0.00862157159,-8917496.00000000000,0.02498833276,0.12246318907,0.28911963105,6.03814077377,27992978.35000000000,4.00000000000,12.50000000000,TRUE,68.61971282959,37.75511169434,6.48422384262,3.43082690239,3.20181012154,2.10646533966,3.00000000000
249,MINS.NS,Mindspace Business Parks REIT,India,Office REITs,2022,1.06796896458,51.71530151367,9.44180679321,0.24055697024,0.08052158356,0.23042920232,0.18074001372,0.00387271098,22650926.00000000000,0.01762636937,0.00031685800,0.00570344692,19.48324012756,37548685.49000000000,5.00000000000,16.66666603088,FALSE,36.64665985107,60.26055908203,7.60936498642,3.37059593201,5.89714193344,1.75681483746,3.00000000000
249,MINS.NS,Mindspace Business Parks REIT,India,Office REITs,2023,1.02158570290,62.20350646973,9.45648479462,0.29296359420,0.13684859872,0.33724692464,0.10364377499,0.00000000000,-11481704.00000000000,0.03105123900,0.00018452801,0.00473482488,5.20909404755,67330533.89000000000,9.00000000000,14.28571414948,TRUE,56.62577819824,60.96380615234,9.19075489044,3.40314126015,2.59194946289,1.22663199902,3.00000000000
249,MINS.NS,Mindspace Business Parks REIT,India,Office REITs,2024,0.91869133711,58.39650726318,9.50222301483,0.37279736996,0.10002073646,0.20728063583,0.22174479067,0.00000000000,-2442364.00000000000,0.03355372325,0.00018508600,0.00665257080,4.69343376160,60122410.77000000000,7.00000000000,12.50000000000,FALSE,36.72978210449,69.91201782227,6.48422384262,3.43082690239,3.20181012154,2.81675338745,3.00000000000
250,MIRZ.NS,Mirza International Ltd,India,"Textiles, Apparel & Luxury Goods",2022,0.59146589041,25.26223373413,7.94818639755,0.03616291657,0.21435819566,0.79831463099,0.09577122331,0.00000000000,-4739532.50000000000,0.00972009078,0.22527427971,0.53919363022,-64.06339263916,3216893.86600000000,6.00000000000,8.33333301544,TRUE,37.98597717285,19.25903320313,7.60936498642,3.37059593201,5.89714193344,1.00000000000,3.00000000000
250,MIRZ.NS,Mirza International Ltd,India,"Textiles, Apparel & Luxury Goods",2023,0.60174107552,40.50275039673,7.93586540222,0.04928588122,0.18108111620,0.78222995996,0.13378389180,0.00000000000,413917.21875000000,0.02356164157,0.21544495225,0.55270004272,-4.84528970718,1444511.09800000000,6.00000000000,8.33333301544,TRUE,63.60957336426,29.76597595215,9.19075489044,3.40314126015,2.59194946289,1.39698219299,3.00000000000
250,MIRZ.NS,Mirza International Ltd,India,"Textiles, Apparel & Luxury Goods",2024,0.58999270201,34.53351974487,7.93414974213,0.06505692750,0.18080295622,0.78130882978,0.12466104329,0.00000000000,73727.32812500000,0.02247733809,0.22362041473,0.56108021736,-10.05999374390,-386190.75480000000,5.00000000000,10.00000000000,TRUE,51.59019088745,26.80191993713,6.48422384262,3.43082690239,3.20181012154,1.39698219299,3.00000000000
251,MISR.NS,Mishra Dhatu Nigam Ltd,India,Metals & Mining,2022,2.40884947777,15.84702587128,8.54213142395,0.17068946362,0.27976343036,0.50773620605,0.01784360781,0.00000000000,537232.25000000000,0.00474998495,0.42858460546,0.38092547655,-6.27925634384,19019535.05000000000,5.00000000000,0.00000000000,TRUE,6.11438369751,7.36785125732,7.60936498642,3.37059593201,5.89714193344,1.79085874557,3.00000000000
251,MISR.NS,Mishra Dhatu Nigam Ltd,India,Metals & Mining,2023,2.39307332039,17.58984947205,8.54230403900,0.14890924096,0.26679155231,0.48865979910,0.02125090361,0.00000141000,262207.56250000000,0.00567323016,0.45201000571,0.38233116269,21.26500320435,11011613.68000000000,7.00000000000,16.66666603088,TRUE,8.13358879089,15.15878772736,9.19075489044,3.40314126015,2.59194946289,1.87807905674,3.00000000000
251,MISR.NS,Mishra Dhatu Nigam Ltd,India,Metals & Mining,2024,2.38688802719,20.65464973450,8.53287506104,0.12000069767,0.23521293700,0.45713883638,0.00000000000,0.01745723933,-654745.43750000000,0.02399351634,0.43949630857,0.37612777948,-2.32781481743,12971023.99000000000,8.00000000000,16.66666603088,TRUE,9.31180000305,18.75914192200,6.48422384262,3.43082690239,3.20181012154,1.76431322098,3.00000000000
252,MMFO.NS,MM Forgings Ltd,India,Metals & Mining,2022,0.87204927206,33.61849212646,8.30547904968,0.45532935858,0.37296664715,0.62725204229,0.02190321125,0.00000000000,-969595.93750000000,0.14243490994,0.18420068920,0.52211880684,18.50517463684,15571884.13000000000,6.00000000000,28.57142829895,TRUE,46.37009429932,40.82953643799,7.60936498642,3.37059593201,5.89714193344,2.16536664963,3.00000000000
252,MMFO.NS,MM Forgings Ltd,India,Metals & Mining,2023,0.74437987804,40.87406539917,8.37334346771,0.47274187207,0.37741935253,0.62963336706,0.00338211795,0.00000000000,-766310.75000000000,0.12425240874,0.17516870797,0.52705758810,5.39496946335,16201511.70000000000,5.00000000000,28.57142829895,TRUE,53.23099136353,43.61813354492,9.19075489044,3.40314126015,2.59194946289,2.17520499229,3.00000000000
252,MMFO.NS,MM Forgings Ltd,India,Metals & Mining,2024,0.64642089605,49.53263473511,8.43916511536,0.50457817316,0.33481547236,0.53953391314,0.00458084280,0.00000000000,951749.56250000000,0.10760051012,0.14546535909,0.57376968861,-4.82178592682,14261205.38000000000,5.00000000000,20.00000000000,TRUE,69.03948974609,50.37509155273,6.48422384262,3.43082690239,3.20181012154,2.27784562111,3.00000000000
253,MOIL.NS,Moil Ltd,India,Metals & Mining,2022,2.34536457062,30.84922218323,8.51536369324,0.00000000000,0.14113083482,0.84914517403,0.00329156802,0.00438387180,-1423795.00000000000,0.31908625364,0.06337340176,0.39870271087,-13.70595932007,30500292.11000000000,5.00000000000,25.00000000000,TRUE,18.36852836609,33.59326171875,7.60936498642,3.37059593201,5.89714193344,1.48480606079,3.00000000000
253,MOIL.NS,Moil Ltd,India,Metals & Mining,2023,2.21340036392,30.80052375793,8.53981494904,0.00000000000,0.12325613946,0.81713181734,0.08557002246,0.00328853703,3229526.00000000000,0.31095466018,0.07355256379,0.41486051679,6.49089670181,35193845.23000000000,6.00000000000,20.00000000000,TRUE,21.24767684937,34.81394958496,9.19075489044,3.40314126015,2.59194946289,1.52015292645,3.00000000000
253,MOIL.NS,Moil Ltd,India,Metals & Mining,2024,2.00883054733,29.57801628113,8.57497596741,0.00000000000,0.13690130413,0.76664775610,0.00000000000,0.28025475144,-4348519.50000000000,0.34202787280,0.08983649313,0.41027212143,6.66231679916,44662036.28000000000,7.00000000000,33.33333206177,TRUE,21.72777175903,26.20955467224,6.48422384262,3.43082690239,3.20181012154,0.00000000000,3.00000000000
254,MRCO.NS,Marico Ltd,India,Food Products,2022,12.84587764740,72.28560638428,8.92707443237,0.08753239363,0.34969767928,0.77184617519,0.08069164306,0.00158364500,-8398247.00000000000,0.21267436445,0.18859775364,0.12597177923,-5.17010164261,160905550.10000000000,5.00000000000,10.00000000000,TRUE,80.82844543457,92.38687896729,7.60936498642,3.37059593201,5.89714193344,1.41394019127,3.00000000000
254,MRCO.NS,Marico Ltd,India,Food Products,2023,12.02344131470,82.63983154297,8.94955635071,0.07114943862,0.32933565974,0.68096965551,0.08224222809,0.00363832409,2519496.00000000000,0.17029476166,0.20441989601,0.12841935456,-2.54831290245,180203959.20000000000,6.00000000000,27.27272796631,TRUE,79.99382019043,98.06106567383,9.19075489044,3.40314126015,2.59194946289,1.25747942925,3.00000000000
254,MRCO.NS,Marico Ltd,India,Food Products,2024,10.89688491821,86.60282135010,8.98934936523,0.06644279510,0.29515472054,0.56406140327,0.11905729771,0.00335811893,10883558.00000000000,0.28259831667,0.16946509480,0.11753418297,9.44597339630,194031597.40000000000,5.00000000000,25.00000000000,TRUE,77.77218627930,98.17879486084,6.48422384262,3.43082690239,3.20181012154,1.25747942925,3.00000000000
255,MRF.NS,MRF Ltd,India,Automobile Components,2022,2.41524672508,33.44267654419,9.47218418121,0.12349252403,0.30757084489,0.77577251196,0.02662194520,0.00200948608,-715676.75000000000,0.09159023315,0.16992820799,0.53911399841,10.03840255737,93592989.29000000000,4.00000000000,21.42857170105,TRUE,39.36178207397,19.81307220459,7.60936498642,3.37059593201,5.89714193344,2.16726970673,3.00000000000
255,MRF.NS,MRF Ltd,India,Automobile Components,2023,2.20588088036,28.35422515869,9.50802993774,0.10473927855,0.28715804219,0.75987535715,0.03732281178,0.00057021697,6545891.00000000000,0.11109652370,0.16643109918,0.53651082516,7.82913064957,249697660.50000000000,4.00000000000,17.64705848694,TRUE,35.17658996582,16.71244812012,9.19075489044,3.40314126015,2.59194946289,1.66115224361,3.00000000000
255,MRF.NS,MRF Ltd,India,Automobile Components,2024,1.99192631245,29.34513282776,9.53909492493,0.12690232694,0.30302610993,0.80873274803,0.02127334289,0.00608922308,7907548.50000000000,0.14270414412,0.19023850560,0.48595005274,9.10669708252,218758338.20000000000,4.00000000000,15.00000000000,TRUE,29.29731750488,19.18768310547,6.48422384262,3.43082690239,3.20181012154,1.45368146896,3.00000000000
256,NAAL.NS,Nava Limited,India,Industrial Conglomerates,2022,1.60292840004,26.11236000061,9.13300323486,0.27548906207,0.17299529910,0.37600618601,0.20361460745,0.00000000000,8175645.00000000000,0.07148333639,0.07294520736,0.46655285358,-2.63689398766,148511854.90000000000,7.00000000000,10.00000000000,TRUE,42.72564697266,15.04329681396,7.60936498642,3.37059593201,5.89714193344,2.93567204475,3.00000000000
256,NAAL.NS,Nava Limited,India,Industrial Conglomerates,2023,1.86626946926,26.37933158875,9.06578063965,0.04265329242,0.07033225149,0.24453632534,0.38558459282,0.00000000000,-15465495.00000000000,0.06798262894,0.07390012592,0.52564007044,6.67373228073,150607702.50000000000,4.00000000000,11.11111068726,TRUE,41.64962005615,14.11975669861,9.19075489044,3.40314126015,2.59194946289,1.98129177094,3.00000000000
256,NAAL.NS,Nava Limited,India,Industrial Conglomerates,2024,1.61568605900,29.03562355042,9.12028026581,0.07924008369,0.05967276171,0.18374881148,1.47099208832,0.00000000000,84678864.00000000000,0.14806105196,0.08199018240,0.49716624618,1.76872634888,168019262.70000000000,4.00000000000,12.50000000000,TRUE,45.34704208374,12.41568946838,6.48422384262,3.43082690239,3.20181012154,2.09727907181,3.00000000000
257,NAFL.NS,Navin Fluorine International Ltd,India,Chemicals,2022,6.86843776703,35.44465255737,8.63302707672,0.24400091171,0.14775776863,0.38790783286,0.02765206620,0.00001416720,-7457400.00000000000,0.01947966777,0.15254059434,0.50534242392,32.04935455322,45665774.10000000000,8.00000000000,16.66666603088,TRUE,51.20388793945,31.70015525818,7.60936498642,3.37059593201,5.89714193344,2.13206195831,3.00000000000
257,NAFL.NS,Navin Fluorine International Ltd,India,Chemicals,2023,5.56632900238,30.03032302856,8.72027111053,0.31272560358,0.17969842255,0.39438807964,0.00837846845,0.00001142330,-939412.12500000000,0.13866576552,0.08817911893,0.55859261751,-2.01561784744,32454709.06000000000,8.00000000000,16.66666603088,TRUE,41.85621261597,33.81335830688,9.19075489044,3.40314126015,2.59194946289,2.11649775505,3.00000000000
257,NAFL.NS,Navin Fluorine International Ltd,India,Chemicals,2024,4.95949792862,48.22998809814,8.75226879120,0.30364897847,0.18935570121,0.41497176886,0.02145059407,0.00001242140,1526038.62500000000,0.11038985103,0.06950798631,0.60999965668,10.97486972809,33774136.92000000000,9.00000000000,16.66666603088,0,69.23457336426,43.74581527710,6.48422384262,3.43082690239,3.20181012154,2.32548809052,3.00000000000
259,NALU.NS,National Aluminium Co Ltd,India,Metals & Mining,2022,1.85154020786,48.50488281250,9.33150863647,0.00593477720,0.16370986402,0.64122134447,0.02193266712,0.00000056700,-42540164.00000000000,0.11523804814,0.15053376555,0.54811108112,-7.13516855240,174617818.90000000000,5.00000000000,12.50000000000,TRUE,28.98471260071,53.14604949951,7.60936498642,3.37059593201,5.89714193344,1.30029928684,3.00000000000
259,NALU.NS,National Aluminium Co Ltd,India,Metals & Mining,2023,1.73017442226,42.60771179199,9.36318683624,0.00501065003,0.16520275176,0.65560537577,0.01368608512,0.00000000000,-2375525.00000000000,0.15097098053,0.12440479547,0.57092344761,-9.07369327545,238567486.50000000000,8.00000000000,12.50000000000,TRUE,17.47635459900,49.03839874268,9.19075489044,3.40314126015,2.59194946289,1.36337280273,3.00000000000
259,NALU.NS,National Aluminium Co Ltd,India,Metals & Mining,2024,1.45624077320,46.01436233521,9.42778491974,0.00794243161,0.15287892520,0.68906694651,0.03470356017,0.23185442388,9117613.00000000000,0.30468532443,0.08342000842,0.51278859377,24.53322792053,616493856.10000000000,7.00000000000,12.50000000000,TRUE,21.46073532104,49.01794433594,6.48422384262,3.43082690239,3.20181012154,1.33543658257,3.00000000000
260,NARY.NS,Narayana Hrudayalaya Ltd,India,Health Care Providers & Services,2022,8.32683563232,58.22518539429,8.70465183258,0.21243417263,0.23720464110,0.48616838455,0.15675581992,0.00000000000,-478821.81250000000,0.11987186968,0.02632521093,0.55638843775,12.93514251709,73827409.93000000000,5.00000000000,30.00000000000,TRUE,89.73112487793,42.14376449585,7.60936498642,3.37059593201,5.89714193344,1.92613101006,3.00000000000
260,NARY.NS,Narayana Hrudayalaya Ltd,India,Health Care Providers & Services,2023,6.34271144867,61.27137374878,8.82918453217,0.28921160102,0.19741594791,0.40511584282,0.18994814157,0.00940727908,11655549.00000000000,0.29291743040,0.02484913915,0.51853406429,6.53346204758,94299820.04000000000,8.00000000000,23.07692337036,TRUE,76.87322235107,57.55911636353,9.19075489044,3.40314126015,2.59194946289,1.71071040630,3.00000000000
260,NARY.NS,Narayana Hrudayalaya Ltd,India,Health Care Providers & Services,2024,4.84570503235,63.01319503784,8.92952537537,0.33425441384,0.16423073411,0.32790544629,0.24907785654,0.02202331275,24039906.00000000000,0.27882164717,0.02175682969,0.56565308571,9.36609840393,92430544.18000000000,5.00000000000,33.33333206177,TRUE,82.05053710938,58.78199386597,6.48422384262,3.43082690239,3.20181012154,1.84036600590,3.00000000000
261,NATP.NS,Natco Pharma Ltd,India,Pharmaceuticals,2022,2.62850975990,42.94960021973,8.83795642853,0.02946583182,0.12074451149,0.87174576521,0.19309031963,0.00000000000,2531645.50000000000,0.14340783656,0.14298087358,0.40714815259,28.59340858459,87061830.57000000000,6.00000000000,11.11111068726,TRUE,36.22632980347,23.74647521973,7.60936498642,3.37059593201,5.89714193344,1.84364759922,3.00000000000
261,NATP.NS,Natco Pharma Ltd,India,Pharmaceuticals,2023,2.15912890434,45.15496063232,8.91833972931,0.05374802649,0.14085689187,0.92366123199,0.06589227170,0.00091221102,-7378524.50000000000,0.24239714444,0.11463446170,0.35257664323,45.60631561279,166562687.50000000000,6.00000000000,10.00000000000,TRUE,32.39564514160,37.61195373535,9.19075489044,3.40314126015,2.59194946289,1.98611187935,3.00000000000
261,NATP.NS,Natco Pharma Ltd,India,Pharmaceuticals,2024,1.73105168343,55.83478927612,9.00433921814,0.03237243369,0.10931779444,0.92156672478,0.00000000000,0.25212031603,5804564.00000000000,0.41203033924,0.08872874081,0.30788570642,8.04845428467,220409596.30000000000,5.00000000000,10.00000000000,TRUE,35.89559173584,59.52728652954,6.48422384262,3.43082690239,3.20181012154,1.80127549171,3.00000000000
262,NAVN.NS,Navneet Education Ltd,India,Media,2022,1.97379529476,40.58695983887,8.30454158783,0.17375372350,0.28015622497,0.91675722599,0.05050744489,0.00061574101,-782619.25000000000,0.01825607382,0.38631123304,0.11281345785,40.18711471558,24800389.48000000000,5.00000000000,8.33333301544,TRUE,25.80581092834,46.71656799316,7.60936498642,3.37059593201,5.89714193344,1.25871801376,3.00000000000
262,NAVN.NS,Navneet Education Ltd,India,Media,2023,1.83065474033,37.23300552368,8.32144165039,0.14738270640,0.23175673187,0.89227008820,0.04126639292,0.00311351707,-151169.76562500000,0.01347191539,0.37838393450,0.11469076574,1.74671614170,30202759.45000000000,4.00000000000,9.09090900421,TRUE,16.55049514771,44.60713577271,9.19075489044,3.40314126015,2.59194946289,1.39867711067,3.00000000000
262,NAVN.NS,Navneet Education Ltd,India,Media,2024,1.38167381287,35.11323547363,8.44007015228,0.08483051509,0.14362305403,0.65079790354,0.00000000000,0.01783021167,2043300.12500000000,0.03332326189,0.27010837197,0.14553479850,-0.57795006037,94064365.13000000000,5.00000000000,9.09090900421,TRUE,15.72917747498,43.36035919189,6.48422384262,3.43082690239,3.20181012154,1.59482204914,3.00000000000
263,NAZA.NS,Nazara Technologies Ltd,India,Entertainment,2022,5.92418909073,39.57218933105,8.31624794006,0.02244682051,0.19649782777,0.56022787094,0.32775118947,0.00869667437,-8033106.00000000000,0.37567630410,0.02996826917,0.00869667437,62.11874771118,7716650.43800000000,11.00000000000,14.28571414948,FALSE,40.90737915039,20.68065261841,7.60936498642,3.37059593201,5.89714193344,1.68103432655,3.00000000000
263,NAZA.NS,Nazara Technologies Ltd,India,Entertainment,2023,3.56214070320,50.88807296753,8.52028369904,0.01002976298,0.13835641742,0.50068134069,0.49603515863,0.13667996228,50977804.00000000000,0.82589769363,0.01147810463,0.00837141275,2.84405231476,10733053.39000000000,9.00000000000,14.28571414948,TRUE,62.36884307861,26.74250984192,9.19075489044,3.40314126015,2.59194946289,1.81902694702,3.00000000000
263,NAZA.NS,Nazara Technologies Ltd,India,Entertainment,2024,2.30762004852,50.60411834717,8.71522712708,0.04934313521,0.20875127614,0.58884394169,0.00000000000,0.10329683125,-31383266.00000000000,0.23517295718,0.00056814699,0.02772648633,39.15742492676,7317729.66600000000,12.00000000000,14.28571414948,TRUE,61.57172012329,30.91622352600,6.48422384262,3.43082690239,3.20181012154,1.64842450619,3.00000000000
264,NCCL.NS,NCC Ltd,India,Construction & Engineering,2022,0.77437072992,23.28524017334,9.30414104462,0.05884066224,0.59762889147,0.95257186890,0.02853248827,0.00001087610,1929162.62500000000,0.02106241509,0.16866283119,0.07570519298,29.00582504272,78652629.02000000000,7.00000000000,9.09090900421,TRUE,42.01927947998,4.30816078186,7.60936498642,3.37059593201,5.89714193344,1.17395162582,3.00000000000
264,NCCL.NS,NCC Ltd,India,Construction & Engineering,2023,0.72226488590,26.94229507446,9.33670997620,0.05415258929,0.61421155930,0.97014576197,0.04957348481,0.00004917840,32338332.00000000000,0.03802658990,0.18793991208,0.07151588053,32.10835266113,88831433.71000000000,6.00000000000,9.09090900421,TRUE,33.16355514526,13.39822959900,9.19075489044,3.40314126015,2.59194946289,1.31572151184,3.00000000000
264,NCCL.NS,NCC Ltd,India,Construction & Engineering,2024,0.61793911457,30.79708099365,9.39063930511,0.07586171478,0.62495440245,0.95946407318,0.07500515878,0.00017756500,51078992.00000000000,0.05477557331,0.15039145947,0.06595043838,3.88023543358,101609128.10000000000,8.00000000000,15.38461494446,TRUE,32.38730621338,16.42594909668,6.48422384262,3.43082690239,3.20181012154,2.10828232765,3.00000000000
265,NEFI.NS,Network18 Media & Investments Ltd,India,Media,2022,0.58117681742,58.76901626587,9.23097610474,0.43398991227,0.64253103733,0.67512130737,0.01449486706,0.00699506188,-13498053.00000000000,0.03520263731,0.43470931053,0.04209694639,-2.23191690445,-1916991.23700000000,6.00000000000,37.50000000000,TRUE,61.61340332031,46.70120620728,7.60936498642,3.37059593201,5.89714193344,1.00000000000,3.00000000000
265,NEFI.NS,Network18 Media & Investments Ltd,India,Media,2023,0.20321868360,58.12129974365,9.67986106873,0.20450535417,0.26873433590,0.43471759558,0.02803849056,0.11359652877,552224384.00000000000,0.56776577234,0.25831860304,0.03609833866,47.27179336548,-38943011.40000000000,6.00000000000,42.85714340210,TRUE,50.29706573486,45.38329315186,9.19075489044,3.40314126015,2.59194946289,1.00000000000,3.00000000000
265,NEFI.NS,Network18 Media & Investments Ltd,India,Media,2024,0.94668632746,59.83074188232,8.99758720398,0.34830293059,0.40593999624,0.91862064600,0.00078851101,0.00000000000,-565024000.00000000000,0.00276574795,0.00127564499,0.05986824632,-27.73670196533,-207919251.00000000000,6.00000000000,33.33333206177,TRUE,60.63684844971,44.10746383667,6.48422384262,3.43082690239,3.20181012154,0.00000000000,3.00000000000
267,NEWG.NS,Newgen Software Technologies Ltd,India,Software,2022,8.51594257355,62.00230789185,8.21397972107,0.03176288679,0.22043165565,0.81836682558,0.00000000000,0.15493547916,541613.93750000000,0.35387420654,0.00000000000,0.16999490559,15.51087284088,21544729.80000000000,6.00000000000,28.57142829895,FALSE,73.50767517090,49.51876449585,7.60936498642,3.37059593201,5.89714193344,1.72510802746,3.00000000000
267,NEWG.NS,Newgen Software Technologies Ltd,India,Software,2023,7.29868364334,67.90689086914,8.30607509613,0.02876261063,0.22507800162,0.81991308928,0.29126027226,0.00830956828,1985902.87500000000,0.54305130243,0.00061329000,0.14109461010,25.88264465332,30186562.69000000000,6.00000000000,28.57142829895,FALSE,76.97465515137,55.72819900513,9.19075489044,3.40314126015,2.59194946289,1.36057174206,3.00000000000
267,NEWG.NS,Newgen Software Technologies Ltd,India,Software,2024,6.00019121170,66.54616546631,8.37899780273,0.02615293488,0.21138858795,0.81776094437,0.24000604451,0.00000680000,-2434534.75000000000,0.53429484367,0.00026893799,0.12204476446,16.60272026062,36892030.43000000000,6.00000000000,28.57142829895,FALSE,70.78903198242,54.33321380615,6.48422384262,3.43082690239,3.20181012154,1.36057174206,3.00000000000
268,NIIT.NS,NIIT Ltd,India,Diversified Consumer Services,2022,1.26223921776,38.66381072998,8.14233016968,0.01129776984,0.11374246329,0.89866060019,0.37620669603,0.00000000000,-580209.37500000000,0.31304904819,0.00060952897,0.13036549091,25.79155540466,1353091.52900000000,7.00000000000,33.33333206177,TRUE,35.99434661865,32.89651489258,7.60936498642,3.37059593201,5.89714193344,1.63699495792,3.00000000000
268,NIIT.NS,NIIT Ltd,India,Diversified Consumer Services,2023,1.25492143631,43.42727279663,8.14483642578,0.00711771008,0.09756359458,0.87432312965,0.34225478768,0.00000000000,-1192201.50000000000,0.62016880512,0.00090679701,0.12602670491,-12.34013557434,4788722.25600000000,9.00000000000,33.33333206177,TRUE,36.11883544922,43.78964233398,9.19075489044,3.40314126015,2.59194946289,1.24319350719,3.00000000000
268,NIIT.NS,NIIT Ltd,India,Diversified Consumer Services,2024,1.21596050262,43.43555450439,8.14886569977,0.00531704118,0.09085404128,0.87523907423,0.00000000000,0.04706424847,-814160.31250000000,0.66194748878,0.00087634398,0.12169387937,14.93486118317,5794382.68000000000,8.00000000000,25.00000000000,TRUE,33.75403976440,42.22750091553,6.48422384262,3.43082690239,3.20181012154,1.30283308029,3.00000000000
269,NKML.NS,Nilkamal Ltd,India,Containers & Packaging,2022,1.07048285007,48.29086303711,8.40243530273,0.16918213665,0.17895880342,0.48795002699,0.04158442467,0.00217411690,-5523807.00000000000,0.01275367290,0.32584357262,0.38389083743,5.94451951981,16309347.61000000000,4.00000000000,8.33333301544,TRUE,72.07646179199,41.80187988281,7.60936498642,3.37059593201,5.89714193344,1.25184702873,3.00000000000
269,NKML.NS,Nilkamal Ltd,India,Containers & Packaging,2023,1.00405001640,49.16386413574,8.42560768127,0.18279643357,0.20379279554,0.55810928345,0.16526119411,0.00321620307,7436209.00000000000,0.05542068556,0.27833580971,0.36269065738,0.63290512562,14688890.22000000000,4.00000000000,8.33333301544,TRUE,75.86807250977,35.38968658447,9.19075489044,3.40314126015,2.59194946289,1.30597174168,3.00000000000
269,NKML.NS,Nilkamal Ltd,India,Containers & Packaging,2024,0.88981229067,56.86526489258,8.47387790680,0.20857524872,0.24107028544,0.58018070459,0.17664368451,0.01203283761,6674066.50000000000,0.06171956286,0.28255727887,0.39473068714,1.09502673149,12499157.40000000000,4.00000000000,8.33333301544,TRUE,82.53401947021,42.03969573975,6.48422384262,3.43082690239,3.20181012154,1.35623455048,3.00000000000
270,NMDC.NS,NMDC Ltd,India,Metals & Mining,2022,1.93751883507,48.76114273071,9.56177902222,0.07104048878,0.19719512761,0.80557793379,0.01574517973,0.00000000000,-3359299.00000000000,0.24746741354,0.08882539719,0.14623950422,-37.14144515991,674099318.40000000000,9.00000000000,20.00000000000,TRUE,21.64853668213,51.02710723877,7.60936498642,3.37059593201,5.89714193344,0.00000000000,3.00000000000
270,NMDC.NS,NMDC Ltd,India,Metals & Mining,2023,1.65825855732,44.54505538940,9.63128852844,0.09418628365,0.23568640649,0.84005105495,0.00512325112,0.00186001405,1966406.75000000000,0.40206825733,0.07759030163,0.16126847267,18.88706207275,668535093.00000000000,9.00000000000,11.11111068726,TRUE,14.71308135986,44.94917297363,9.19075489044,3.40314126015,2.59194946289,1.90156316757,3.00000000000
270,NMDC.NS,NMDC Ltd,India,Metals & Mining,2024,1.46124589443,54.30271911621,9.68114471436,0.10427079350,0.23577409983,0.85476666689,0.00877294596,0.00000000000,-2875365.75000000000,0.26824593544,0.09110495448,0.21739718318,9.43395614624,765330602.70000000000,8.00000000000,10.00000000000,TRUE,18.52649307251,71.22499084473,6.48422384262,3.43082690239,3.20181012154,1.94569218159,3.00000000000
271,NSEN.NS,Nesco Ltd,India,Real Estate Management & Development,2022,4.23463630676,49.14465713501,8.43994045258,0.00018098899,0.04957947135,0.37637916207,0.10600677133,0.00000000000,988948.37500000000,0.19190371037,0.00865672156,0.10378453135,49.49954223633,35374427.95000000000,4.00000000000,33.33333206177,TRUE,45.34770202637,40.38758468628,7.60936498642,3.37059593201,5.89714193344,1.00000000000,3.00000000000
271,NSEN.NS,Nesco Ltd,India,Real Estate Management & Development,2023,3.64189434052,46.84971237183,8.50239181519,0.00009764870,0.05669199675,0.42466679215,0.14700666070,0.00000000000,1223335.37500000000,0.15548461676,0.00818396825,0.10620047152,22.43597030640,43525326.93000000000,5.00000000000,20.00000000000,TRUE,48.95207214355,32.63879776001,9.19075489044,3.40314126015,2.59194946289,1.37127709389,3.00000000000
271,NSEN.NS,Nesco Ltd,India,Real Estate Management & Development,2024,3.27926588058,61.60383605957,8.54766273499,0.00032165999,0.04857416824,0.37931290269,0.09509921819,0.00000000000,-954686.93750000000,0.09724648297,0.00712870993,0.34845519066,5.28359699249,43910228.20000000000,4.00000000000,33.33333206177,TRUE,66.57775115967,37.39947891235,6.48422384262,3.43082690239,3.20181012154,1.72751808167,3.00000000000
272,NTPC.NS,NTPC Ltd,India,Independent Power and Renewable Electricity Producers,2022,0.68639689684,50.04822540283,10.73653316498,0.49767038226,0.19159989059,0.28522086143,0.00434804708,0.00020651300,-25574488.00000000000,0.00487949979,0.04202693328,0.73246139288,23.76147460938,2134185735.00000000000,15.00000000000,8.33333301544,TRUE,21.43777465820,51.60520935059,7.60936498642,3.37059593201,5.89714193344,1.99356615543,3.00000000000
272,NTPC.NS,NTPC Ltd,India,Independent Power and Renewable Electricity Producers,2023,0.64922946692,57.87769699097,10.76051330566,0.49382063746,0.20492511988,0.30800706148,0.00875367876,0.00000404000,47713256.00000000000,0.00876189023,0.04745947942,0.71818113327,-0.51632463932,2439382124.00000000000,15.00000000000,8.33333301544,TRUE,21.30876922607,62.56425476074,9.19075489044,3.40314126015,2.59194946289,2.01314806938,3.00000000000
272,NTPC.NS,NTPC Ltd,India,Independent Power and Renewable Electricity Producers,2024,0.60118514299,55.07402038574,10.78775596619,0.47713285685,0.19282713532,0.29719233513,0.00723842019,0.00132582395,65912228.00000000000,0.00921000354,0.04214561731,0.70709264278,3.24574351311,2369950848.00000000000,15.00000000000,7.14285707474,TRUE,26.65343475342,59.21632766724,6.48422384262,3.43082690239,3.20181012154,1.86229085922,3.00000000000
274,OLEC.NS,Olectra Greentech Ltd,India,Machinery,2022,7.70564556122,21.38235282898,8.27760028839,0.08587533981,0.42703494430,0.92707192898,0.00957102980,0.10331655294,-1574683.50000000000,0.12976558506,0.10748054087,0.22267371416,69.85400390625,8141808.66600000000,8.00000000000,28.57142829895,TRUE,23.57358169556,32.72061157227,7.60936498642,3.37059593201,5.89714193344,2.11695384979,3.00000000000
274,OLEC.NS,Olectra Greentech Ltd,India,Machinery,2023,7.87021684647,24.38283157349,8.28010272980,0.07601060718,0.38629069924,0.90898096561,0.01119689085,0.00000000000,60911.81640625000,0.00435025198,0.15482541919,0.24583725631,4.29946184158,9436616.67700000000,7.00000000000,28.57142829895,TRUE,20.72217941284,31.93095207214,9.19075489044,3.40314126015,2.59194946289,2.13277029991,3.00000000000
274,OLEC.NS,Olectra Greentech Ltd,India,Machinery,2024,5.87196397781,34.80985260010,8.40502834320,0.11736557633,0.42530211806,0.82298332453,0.00613458315,0.00000000000,-141100.06250000000,0.03352048621,0.13353429735,0.24300731719,52.28835296631,16291398.48000000000,7.00000000000,33.33333206177,TRUE,27.48452186584,50.74061203003,6.48422384262,3.43082690239,3.20181012154,2.12051510811,3.00000000000
275,ONTE.NS,Orient Electric Ltd,India,Household Durables,2022,3.39983081818,43.46236801147,8.18730258942,0.07689996064,0.46144720912,0.85818910599,0.10828363895,0.07943034917,1662609.50000000000,0.12731885910,0.22507768869,0.22945050895,-4.56881237030,9231986.36800000000,5.00000000000,16.66666603088,TRUE,64.27210998535,34.29352951050,7.60936498642,3.37059593201,5.89714193344,2.13845396042,3.00000000000
275,ONTE.NS,Orient Electric Ltd,India,Household Durables,2023,3.01339602470,40.08579254150,8.24075889587,0.07689922303,0.49464848638,0.88383865356,0.03229626641,0.02929723822,-11751650.00000000000,0.08029951155,0.21713450551,0.30612891912,9.60002517700,9030593.88100000000,5.00000000000,16.66666603088,0,40.13476943970,44.18536758423,9.19075489044,3.40314126015,2.59194946289,2.25471639633,3.00000000000
275,ONTE.NS,Orient Electric Ltd,India,Household Durables,2024,2.84440469742,54.81392669678,8.25992870331,0.05559343472,0.50492703915,0.91238754988,0.02456050925,0.02237116359,-1569338.75000000000,0.04580693692,0.27637198567,0.27758124471,7.30873537064,9737858.39700000000,7.00000000000,16.66666603088,TRUE,46.88414001465,54.20542907715,6.48422384262,3.43082690239,3.20181012154,2.29785585403,3.00000000000
276,PAFO.NS,Patanjali Foods Ltd,India,Food Products,2022,4.63993930817,33.44691085815,9.20734500885,0.10981883109,0.24190227687,0.94307792187,0.06807780266,0.04417232797,52110772.00000000000,0.06604505330,0.30731695890,0.27655848861,20.31724929810,107892052.10000000000,14.00000000000,16.66666603088,FALSE,56.69685363770,22.71575164795,7.60936498642,3.37059593201,5.89714193344,1.16963624954,3.00000000000
276,PAFO.NS,Patanjali Foods Ltd,India,Food Products,2023,4.69833707809,40.73382568359,9.20170593262,0.07907744497,0.22832493484,0.99061179161,0.03712929413,0.03204628825,-31873750.00000000000,0.12280152738,0.28410241008,0.26465255022,-0.81267142296,91799748.05000000000,11.00000000000,16.66666603088,FALSE,56.54523086548,33.34017562866,9.19075489044,3.40314126015,2.59194946289,1.07690453529,3.00000000000
276,PAFO.NS,Patanjali Foods Ltd,India,Food Products,2024,4.10089206696,41.83245086670,9.25910091400,0.05076156184,0.26457816362,0.99016398191,0.00000000000,0.01909082197,-50119508.00000000000,0.03960483149,0.40022009611,0.26319015026,5.03187465668,152218420.10000000000,6.00000000000,16.66666603088,FALSE,57.36827850342,36.81975555420,6.48422384262,3.43082690239,3.20181012154,1.07200145721,3.00000000000
277,PAGE.NS,Page Industries Ltd,India,"Textiles, Apparel & Luxury Goods",2022,17.79201889038,76.34438323975,8.51554489136,0.15091893077,0.44325408340,0.90303623676,0.00055295002,0.00000000000,-17638388.00000000000,0.00029201800,0.60068809986,0.23508417606,12.05776405334,69528846.15000000000,5.00000000000,7.69230747223,0,71.97973632813,64.24279022217,7.60936498642,3.37059593201,5.89714193344,1.57132697105,3.00000000000
277,PAGE.NS,Page Industries Ltd,India,"Textiles, Apparel & Luxury Goods",2023,18.53759574890,68.60654449463,8.50764751434,0.06890752167,0.34973371029,0.86417025328,0.03537240252,0.00000000000,10694061.00000000000,0.11493028700,0.43885609508,0.26927053928,-4.19870758057,68289502.10000000000,5.00000000000,7.69230747223,TRUE,57.28486251831,63.64891433716,9.19075489044,3.40314126015,2.59194946289,1.69956099987,3.00000000000
277,PAGE.NS,Page Industries Ltd,India,"Textiles, Apparel & Luxury Goods",2024,18.72985267639,71.73789978027,8.49038696289,0.09905861318,0.38232833147,0.81767737865,0.10191410780,0.05119312927,24002692.00000000000,0.16784790158,0.33001375198,0.31233620644,5.06275510788,85329666.47000000000,4.00000000000,7.14285707474,TRUE,56.46387863159,63.08264923096,6.48422384262,3.43082690239,3.20181012154,1.39698219299,3.00000000000
278,PDSL.NS,PDS Ltd,India,"Textiles, Apparel & Luxury Goods",2022,1.39545357227,36.44777297974,8.57796573639,0.23126338422,0.60845464468,0.92037850618,0.27025768161,0.00000000000,5242977.00000000000,0.21264673769,0.09855484217,0.11391741037,10.68255901337,39772200.58000000000,6.00000000000,25.00000000000,FALSE,59.66585540771,34.66245651245,7.60936498642,3.37059593201,5.89714193344,2.36891150475,3.00000000000
278,PDSL.NS,PDS Ltd,India,"Textiles, Apparel & Luxury Goods",2023,1.07209217548,34.82800292969,8.68782234192,0.25946918130,0.65590363741,0.92015492916,0.17321728170,0.00000000000,-18937336.00000000000,0.22121801972,0.09449520707,0.11294676363,-3.33219504356,24316832.63000000000,8.00000000000,22.22222137451,FALSE,52.05903244019,33.88718414307,9.19075489044,3.40314126015,2.59194946289,2.47607874870,3.00000000000
278,PDSL.NS,PDS Ltd,India,"Textiles, Apparel & Luxury Goods",2024,0.93471097946,57.46456146240,8.74388694763,0.26003783941,0.58971983194,0.90495449305,0.12331568450,0.01916723698,11664623.00000000000,0.13671748340,0.12158650160,0.10486217588,18.28100967407,28247489.76000000000,6.00000000000,30.00000000000,FALSE,56.17972946167,64.30197143555,6.48422384262,3.43082690239,3.20181012154,2.25451970100,3.00000000000
279,PFIZ.NS,Pfizer Ltd,India,Pharmaceuticals,2022,6.09839200974,60.89235687256,8.68747901917,0.03361136466,0.16430751979,0.82849150896,0.01795086265,0.00717369094,-3184031.25000000000,0.43731909990,0.10613813251,0.04635654017,-14.20679187775,75940847.13000000000,5.00000000000,14.28571414948,TRUE,64.77490234375,45.78000259399,7.60936498642,3.37059593201,5.89714193344,1.20836150646,3.00000000000
279,PFIZ.NS,Pfizer Ltd,India,Pharmaceuticals,2023,5.62774944305,57.15278244019,8.70530986786,0.02235632949,0.12924768031,0.86311668158,0.01633855328,0.02545887977,9046191.00000000000,0.50116091967,0.10443200916,0.03579046577,-10.84240150452,66146370.73000000000,5.00000000000,28.57142829895,TRUE,58.48949432373,42.07929611206,9.19075489044,3.40314126015,2.59194946289,1.65930759907,3.00000000000
279,PFIZ.NS,Pfizer Ltd,India,Pharmaceuticals,2024,4.76886415482,61.19732284546,8.75946712494,0.02207240276,0.11596360058,0.82097446918,0.00865656417,0.10040907562,44829724.00000000000,0.64319300652,0.09922196716,0.03654163703,1.46427571774,89830310.12000000000,5.00000000000,42.85714340210,TRUE,64.29929351807,46.18822097778,6.48422384262,3.43082690239,3.20181012154,1.61062836647,3.00000000000
280,PIIL.NS,PI Industries Ltd,India,Chemicals,2022,6.50566864014,54.81783294678,9.01372051239,0.00548368506,0.13936813176,0.92241650820,0.31917414069,0.05843367055,63546740.00000000000,0.38186854124,0.17018291354,0.30153188109,13.17043113709,149647030.20000000000,4.00000000000,18.18181800842,TRUE,42.09260177612,48.23660278320,7.60936498642,3.37059593201,5.89714193344,2.01845359802,3.00000000000
280,PIIL.NS,PI Industries Ltd,India,Chemicals,2023,5.22556543350,67.17369842529,9.11106777191,0.01770717278,0.15891861916,0.84141659737,0.25716122985,0.04149015248,1655668.87500000000,0.45919105411,0.12565031648,0.29054254293,16.39485931396,201739652.10000000000,7.00000000000,22.22222137451,TRUE,48.50858688354,76.16040802002,9.19075489044,3.40314126015,2.59194946289,3.63924241066,3.00000000000
280,PIIL.NS,PI Industries Ltd,India,Chemicals,2024,4.56436014175,70.67346191406,9.15736961365,0.01499588694,0.14072999358,0.81506818533,0.24645482004,0.01356227696,-34429492.00000000000,0.34068259597,0.08421644568,0.30157941580,1.51242375374,194289057.90000000000,7.00000000000,20.00000000000,TRUE,47.44759368896,77.56534576416,6.48422384262,3.43082690239,3.20181012154,3.34100461006,3.00000000000
281,PIVI.NS,Privi Speciality Chemicals Ltd,India,Chemicals,2022,3.73035025597,23.40766143799,8.46393871307,0.45139130950,0.46057397127,0.70502871275,0.01849761419,0.00193190703,-1469060.37500000000,0.01350753382,0.33927166462,0.46034079790,5.81476783752,2589836.90400000000,4.00000000000,12.50000000000,TRUE,49.25098037720,15.07785701752,7.60936498642,3.37059593201,5.89714193344,2.54793429375,3.00000000000
281,PIVI.NS,Privi Speciality Chemicals Ltd,India,Chemicals,2023,3.81058263779,24.41011810303,8.44878292084,0.43037918210,0.38250690699,0.63183432817,0.02667045221,0.00003786480,424403.12500000000,0.02619631961,0.29076051712,0.47519883513,7.42610073090,11449262.15000000000,4.00000000000,12.50000000000,TRUE,55.91475677490,11.18222332001,9.19075489044,3.40314126015,2.59194946289,2.37472271919,3.00000000000
281,PIVI.NS,Privi Speciality Chemicals Ltd,India,Chemicals,2024,3.28163290024,30.70974731445,8.51397132874,0.40954264998,0.39539960027,0.65401023626,0.04501647130,0.00003382900,3016676.50000000000,0.02386112697,0.29437014461,0.45613434911,16.96792221069,21620866.00000000000,6.00000000000,12.50000000000,TRUE,79.40967559814,16.06892776489,6.48422384262,3.43082690239,3.20181012154,1.85264563560,3.00000000000
282,PLMD.NS,Poly Medicure Ltd,India,Health Care Equipment & Supplies,2022,12.51536273956,38.40876007080,8.28322887421,0.09448131174,0.18596303463,0.87401169538,0.02407888509,0.00000000000,-84591.03906250000,0.20215694606,0.13229367137,0.41996851563,11.61506080627,21821141.67000000000,4.00000000000,18.18181800842,TRUE,59.15094757080,13.20867347717,7.60936498642,3.37059593201,5.89714193344,0.00000000000,3.00000000000
282,PLMD.NS,Poly Medicure Ltd,India,Health Care Equipment & Supplies,2023,11.00759124756,41.13135910034,8.34829711914,0.09369717538,0.18897445500,0.90382105112,0.03431570530,0.00000000000,598764.25000000000,0.18270152807,0.11891846359,0.47826445103,21.60302162170,30984967.01000000000,4.00000000000,16.66666603088,TRUE,52.22592163086,19.76756286621,9.19075489044,3.40314126015,2.59194946289,0.00000000000,3.00000000000
282,PLMD.NS,Poly Medicure Ltd,India,Health Care Equipment & Supplies,2024,6.43295001984,46.73203659058,8.57241249084,0.05645985901,0.11595136672,0.86732459068,0.02349952422,0.04468179867,-392545.34375000000,0.63803899288,0.08945246041,0.35402229428,18.38919639587,39620503.22000000000,5.00000000000,16.66666603088,TRUE,47.75495910645,29.80924987793,6.48422384262,3.43082690239,3.20181012154,1.39698219299,3.00000000000
283,POLC.NS,Polycab India Ltd,India,Electrical Equipment,2022,10.66856765747,60.55647659302,9.05964279175,0.14164833724,0.27802214026,0.93982720375,0.05819291249,0.00002737260,-267405.06250000000,0.25452703238,0.34570783377,0.24374121428,6.79582595825,156169182.10000000000,4.00000000000,20.00000000000,TRUE,55.14562606812,56.80853652954,7.60936498642,3.37059593201,5.89714193344,1.57246553898,3.00000000000
283,POLC.NS,Polycab India Ltd,India,Electrical Equipment,2023,8.38608551025,64.12763214111,9.16112136841,0.16748724878,0.29621073604,0.91935378313,0.08581190556,0.00000041400,18830234.00000000000,0.23219832778,0.32959285378,0.23338489234,26.04318237305,216306778.60000000000,5.00000000000,20.00000000000,TRUE,66.68487548828,55.76315689087,9.19075489044,3.40314126015,2.59194946289,2.40266799927,3.00000000000
283,POLC.NS,Polycab India Ltd,India,Electrical Equipment,2024,7.53011894226,67.75567626953,9.20730781555,0.10954061896,0.25486192107,0.88915979862,0.04920507595,0.00324336393,-6911059.00000000000,0.20049016178,0.27473917603,0.26359620690,21.16565895081,239384084.30000000000,5.00000000000,18.18181800842,TRUE,57.35380554199,66.25138854980,6.48422384262,3.43082690239,3.20181012154,1.88588893414,3.00000000000
284,PRAF.NS,Paras Defence and Space Technologies Ltd,India,Aerospace & Defense,2022,9.96069622040,28.71986389160,7.80179452896,0.02808828838,0.15935273468,0.77312654257,0.00000000000,0.03286447376,1816893.87500000000,0.03453120589,0.20915113389,0.28768965602,12.55463314056,4374440.11700000000,13.00000000000,28.57142829895,TRUE,49.30921173096,13.23034000397,7.60936498642,3.37059593201,5.89714193344,2.10207891464,3.00000000000
284,PRAF.NS,Paras Defence and Space Technologies Ltd,India,Aerospace & Defense,2023,8.06124210358,25.90861892700,7.88508987427,0.10286191851,0.26688367128,0.87504100800,0.00000000000,0.00466088299,-1694733.00000000000,0.00564630097,0.27712833881,0.28549000621,12.34256839752,3603827.23500000000,9.00000000000,33.33333206177,TRUE,42.15848541260,13.17706394196,9.19075489044,3.40314126015,2.59194946289,1.60119795799,3.00000000000
284,PRAF.NS,Paras Defence and Space Technologies Ltd,India,Aerospace & Defense,2024,6.01326990128,40.94671630859,7.99870681763,0.02819746919,0.22420316935,0.90091246367,0.00000000000,0.04046213999,3685242.75000000000,0.06018497422,0.20207336545,0.21986423433,40.31632995605,7196196.60600000000,9.00000000000,33.33333206177,TRUE,48.42782211304,14.18412971497,6.48422384262,3.43082690239,3.20181012154,1.60119795799,3.00000000000
286,PROC.NS,Procter & Gamble Hygiene and Health Care Ltd,India,Personal Care Products,2022,18.99857139587,37.81056213379,8.41557407379,0.00188553904,0.50765913725,0.91080260277,0.07495645434,0.41290026903,41277364.00000000000,0.55091410875,0.10429884493,0.09020642936,-3.40761470795,82608324.91000000000,4.00000000000,20.00000000000,TRUE,60.20993423462,28.85400199890,7.60936498642,3.37059593201,5.89714193344,1.00000000000,3.00000000000
286,PROC.NS,Procter & Gamble Hygiene and Health Care Ltd,India,Personal Care Products,2023,21.93748664856,39.95512008667,8.34824466705,0.00165719702,0.52764505148,0.90491831303,0.05981685966,0.27710163593,-46807032.00000000000,0.26433610916,0.12465564907,0.08980608732,5.71797466278,80981344.85000000000,5.00000000000,20.00000000000,TRUE,47.23037719727,41.07408523560,9.19075489044,3.40314126015,2.59194946289,1.40312039852,3.00000000000
286,PROC.NS,Procter & Gamble Hygiene and Health Care Ltd,India,Personal Care Products,2024,23.66814231873,37.93407821655,8.31249809265,0.00132214103,0.51350349188,0.88535380363,0.06255964935,0.23365418613,-12557051.00000000000,0.24478393793,0.12915946543,0.09806636721,-21.73268508911,74498537.16000000000,4.00000000000,18.18181800842,TRUE,38.19352340698,39.43538284302,6.48422384262,3.43082690239,3.20181012154,0.00000000000,3.00000000000
287,PSPP.NS,PSP Projects Ltd,India,Construction & Engineering,2022,1.41801035404,39.17746353149,8.33218193054,0.08212385327,0.52351343632,0.95832043886,0.10182429105,0.00000000000,743111.00000000000,0.17620240152,0.15339168906,0.14508947730,2.41003084183,16387682.57000000000,8.00000000000,28.57142829895,TRUE,45.65448760986,28.19651794434,7.60936498642,3.37059593201,5.89714193344,1.88214528561,3.00000000000
287,PSPP.NS,PSP Projects Ltd,India,Construction & Engineering,2023,1.27996051311,40.41125869751,8.38803100586,0.22343967855,0.52903652191,0.96045601368,0.10496554524,0.00000000000,2278920.25000000000,0.12674960494,0.19709365070,0.15889695287,27.46441078186,14811997.60000000000,4.00000000000,33.33333206177,TRUE,35.33967590332,36.68627929688,9.19075489044,3.40314126015,2.59194946289,2.04548501968,3.00000000000
287,PSPP.NS,PSP Projects Ltd,India,Construction & Engineering,2024,1.13629543781,36.82002258301,8.43992233276,0.11539418250,0.47717329860,0.98137855530,0.07100246847,0.05444696918,-3906237.50000000000,0.37334969640,0.13766725361,0.13120245934,-2.21089029312,6782960.79600000000,4.00000000000,33.33333206177,TRUE,22.76023483276,36.02266693115,6.48422384262,3.43082690239,3.20181012154,1.57294130325,3.00000000000
288,PTCI.NS,PTC India Ltd,India,Independent Power and Renewable Electricity Producers,2022,0.31444308162,29.14880180359,9.30622100830,0.39363545179,0.35281184316,0.50531315804,0.08915276825,0.02690684050,-33617332.00000000000,0.08542119712,0.00172343303,0.09719596058,-12.78361988068,59011684.52000000000,11.00000000000,33.33333206177,TRUE,49.47258758545,15.39978408813,7.60936498642,3.37059593201,5.89714193344,1.10297214985,3.00000000000
288,PTCI.NS,PTC India Ltd,India,Independent Power and Renewable Electricity Producers,2023,0.34958782792,28.51716041565,9.25873088837,0.28612804413,0.41313499212,0.62596946955,0.10675884038,0.01276272163,-11518896.00000000000,0.12755608559,0.00135489402,0.00282484596,6.76318788528,58014397.12000000000,10.00000000000,20.00000000000,TRUE,31.96773719788,24.35512924194,9.19075489044,3.40314126015,2.59194946289,1.38459634781,3.00000000000
288,PTCI.NS,PTC India Ltd,India,Independent Power and Renewable Electricity Producers,2024,0.39964243770,24.57423782349,9.17941188812,0.22936338186,0.33451998234,0.60761630535,0.06137313694,0.11185068637,100477472.00000000000,0.19513773918,0.00220813393,0.00286701298,-6.98948764801,99909888.82000000000,8.00000000000,13.33333301544,TRUE,27.17945289612,22.07974433899,6.48422384262,3.43082690239,3.20181012154,1.36314582825,3.00000000000
289,QUEC.NS,Quess Corp Ltd,India,Professional Services,2022,0.62444388866,47.23781967163,8.87200355530,0.16528384387,0.45208865404,0.77921450138,0.15818440914,0.00000000000,3299415.75000000000,0.10350830108,0.00988956820,0.10553524643,15.77264785767,27131085.69000000000,8.00000000000,12.50000000000,TRUE,48.95706176758,32.93838119507,7.60936498642,3.37059593201,5.89714193344,2.06673312187,3.00000000000
289,QUEC.NS,Quess Corp Ltd,India,Professional Services,2023,0.61660015583,57.10889816284,8.87532424927,0.13399012387,0.41951239109,0.75926792622,0.19770905375,0.00021150900,9904139.00000000000,0.09675250202,0.00768915610,0.09923353046,-21.32382202148,16245710.86000000000,7.00000000000,12.50000000000,TRUE,59.89015960693,50.95725250244,9.19075489044,3.40314126015,2.59194946289,1.97010660172,3.00000000000
289,QUEC.NS,Quess Corp Ltd,India,Professional Services,2024,1.37838983536,60.64419937134,8.51727676392,0.04014683515,0.50165867805,0.81679028273,0.17659994960,0.00000356000,-31715272.00000000000,0.04116573930,0.01093132328,0.03587595001,6.60293912888,5370275.01500000000,6.00000000000,12.50000000000,TRUE,64.12763977051,51.91044998169,6.48422384262,3.43082690239,3.20181012154,2.16940259933,3.00000000000
290,RADC.NS,Radico Khaitan Ltd,India,Beverages,2022,9.78844356537,44.12873840332,8.65577602386,0.20264008641,0.29609015584,0.72868639231,0.11085501313,0.00000000000,2535370.00000000000,0.04238286987,0.19924473763,0.41725566983,-5.59214305878,24874829.60000000000,4.00000000000,12.50000000000,TRUE,35.83454513550,60.14834594727,7.60936498642,3.37059593201,5.89714193344,1.82192230225,3.00000000000
290,RADC.NS,Radico Khaitan Ltd,India,Beverages,2023,9.06128406525,44.69675064087,8.69134616852,0.25167849660,0.29597657919,0.73217636347,0.07116033882,0.00000000000,-4298044.50000000000,0.02549882233,0.20171852410,0.42643854022,19.76556015015,30681079.78000000000,4.00000000000,12.50000000000,TRUE,37.85235214233,57.01951980591,9.19075489044,3.40314126015,2.59194946289,1.53478288651,3.00000000000
290,RADC.NS,Radico Khaitan Ltd,India,Beverages,2024,8.17475605011,45.05439758301,8.73470783234,0.23767612875,0.33291903138,0.81920212507,0.02600970119,0.00000000000,-5392440.00000000000,0.01265002880,0.24182586372,0.39385440946,7.71411228180,40446026.92000000000,4.00000000000,12.50000000000,TRUE,30.66539001465,64.52082824707,6.48422384262,3.43082690239,3.20181012154,2.26633644104,3.00000000000
291,RAID.NS,Rain Industries Ltd,India,Chemicals,2022,0.21359904110,49.47586441040,9.42835426331,0.43876034021,0.17693452537,0.28535100818,0.00000000000,0.07532296330,7805892.50000000000,0.08219522983,0.20355416834,0.25214868784,30.21059608459,190637595.70000000000,5.00000000000,25.00000000000,TRUE,92.38939666748,27.48626899719,7.60936498642,3.37059593201,5.89714193344,1.72069942951,3.00000000000
291,RAID.NS,Rain Industries Ltd,India,Chemicals,2023,0.23388758302,54.95297241211,9.38115215302,0.43431571126,0.16202685237,0.25595188141,0.39469453692,0.00627520913,28544536.00000000000,0.09784089774,0.16278216243,0.27575352788,-14.14811706543,-95708498.62000000000,4.00000000000,14.28571414948,TRUE,97.43042755127,22.32946586609,9.19075489044,3.40314126015,2.59194946289,2.01696419716,3.00000000000
291,RAID.NS,Rain Industries Ltd,India,Chemicals,2024,0.24377277493,56.95018005371,9.34506797791,0.44855767488,0.21271619201,0.32751530409,0.26123145223,0.01419975888,-9814269.00000000000,0.08917018026,0.16406495869,0.28563874960,-17.59455871582,-52591112.05000000000,5.00000000000,14.28571414948,TRUE,90.17089843750,23.88184356689,6.48422384262,3.43082690239,3.20181012154,2.37296175957,3.00000000000
293,RALL.NS,Rallis India Ltd,India,Chemicals,2022,2.47237730026,51.22828674316,8.53214073181,0.04886016622,0.35342845321,0.92613494396,0.00926366821,0.01251026616,4098417.75000000000,0.08523467928,0.28856810927,0.26077309251,5.26240205765,11190798.44000000000,8.00000000000,33.33333206177,TRUE,89.20544433594,29.45205688477,7.60936498642,3.37059593201,5.89714193344,2.07143545151,3.00000000000
293,RALL.NS,Rallis India Ltd,India,Chemicals,2023,2.34791636467,49.52635955811,8.55671501160,0.04451547563,0.33905008435,0.86742305756,0.01536845043,0.00366245490,-2100779.75000000000,0.09659209102,0.27440443635,0.26869764924,-12.01243782043,17740851.83000000000,8.00000000000,16.66666603088,TRUE,80.84309387207,26.95609092712,9.19075489044,3.40314126015,2.59194946289,2.30042576790,3.00000000000
293,RALL.NS,Rallis India Ltd,India,Chemicals,2024,2.33541321754,57.63163757324,8.54170036316,0.02121372148,0.32568272948,0.90516144037,0.00371616706,0.00815602019,141603.28125000000,0.14202101529,0.26688945293,0.23674646020,-1.92131853104,14643651.26000000000,7.00000000000,16.66666603088,TRUE,80.15609741211,41.30054092407,6.48422384262,3.43082690239,3.20181012154,2.26109123230,3.00000000000
294,RATE.NS,Rategain Travel Technologies Ltd,India,Software,2022,5.81463432312,40.80359268188,8.06090068817,0.01871505007,0.20343241096,0.81643301249,0.51965409517,0.00000000000,8012658.00000000000,0.37548428774,0.00034592900,0.02428693138,42.41455841064,8325340.79800000000,23.00000000000,33.33333206177,0,39.57415771484,27.62955856323,7.60936498642,3.37059593201,5.89714193344,1.94978952408,3.00000000000
294,RATE.NS,Rategain Travel Technologies Ltd,India,Software,2023,3.42063355446,36.80497360229,8.31739330292,0.00962503254,0.14307683706,0.88283503056,0.75019681454,0.04720084742,20104860.00000000000,1.10490858555,0.00059098500,0.01236390136,66.92984771729,17443671.27000000000,6.00000000000,33.33333206177,TRUE,30.10425376892,28.95264434814,9.19075489044,3.40314126015,2.59194946289,1.86062288284,3.00000000000
294,RATE.NS,Rategain Travel Technologies Ltd,India,Software,2024,3.09851169586,30.62047004700,8.34797954559,0.00842861366,0.10124997795,0.87058871984,0.00000000000,0.18242496252,9344997.00000000000,0.66267102957,0.00000000000,0.01250558719,9.73625755310,24450438.85000000000,4.00000000000,33.33333206177,TRUE,30.77061271667,29.65748786926,6.48422384262,3.43082690239,3.20181012154,1.53381431103,3.00000000000
295,REDY.NS,Dr Reddy's Laboratories Ltd,India,Pharmaceuticals,2022,3.09905433655,88.31019592285,9.59434127808,0.04172822833,0.26551258564,0.95256137848,0.03143920377,0.00906919874,-110430864.00000000000,0.19143633544,0.15075065196,0.20533929765,5.77978849411,548600292.10000000000,7.00000000000,27.27272796631,FALSE,96.33168029785,82.07835388184,7.60936498642,3.37059593201,5.89714193344,2.68443155289,3.00000000000
295,REDY.NS,Dr Reddy's Laboratories Ltd,India,Pharmaceuticals,2023,2.61683535576,88.36468505859,9.66863918304,0.05151323229,0.24670773745,0.90376096964,0.04536921158,0.00669002999,15932813.00000000000,0.24826338887,0.16352492571,0.19554701447,11.92345905304,669214157.20000000000,8.00000000000,33.33333206177,FALSE,93.05052947998,82.10346221924,9.19075489044,3.40314126015,2.59194946289,2.04654479027,3.00000000000
295,REDY.NS,Dr Reddy's Laboratories Ltd,India,Pharmaceuticals,2024,2.07481503487,87.00272369385,9.76224899292,0.09461706877,0.26370012760,0.82092332840,0.09204529971,0.00507216807,87606784.00000000000,0.14496660233,0.15556401014,0.19620609283,13.67511749268,670005851.40000000000,6.00000000000,36.36363601685,FALSE,90.82467651367,81.11035919189,6.48422384262,3.43082690239,3.20181012154,2.20338606834,3.00000000000
296,RELI.NS,Reliance Industries Ltd,India,"Oil, Gas & Consumable Fuels",2022,1.11618018150,81.30337524414,11.29147148132,0.20802883804,0.24619594216,0.44387751818,0.01003681682,0.00000000000,3953992192.00000000000,0.09932281822,0.08710047603,0.42786407471,14.74004364014,8966650438.00000000000,5.00000000000,14.28571414948,TRUE,90.01589202881,67.56542968750,7.60936498642,3.37059593201,5.89714193344,2.55430507660,3.00000000000
296,RELI.NS,Reliance Industries Ltd,India,"Oil, Gas & Consumable Fuels",2023,1.03596770763,79.57412719727,11.32361507416,0.19712115824,0.22629280388,0.41284668446,0.18625603616,0.00000000000,3426634752.00000000000,0.12958136201,0.08699955791,0.43193170428,1.13371777534,9480503899.00000000000,6.00000000000,15.38461494446,TRUE,89.21939086914,66.90829467773,9.19075489044,3.40314126015,2.59194946289,2.23965096474,3.00000000000
296,RELI.NS,Reliance Industries Ltd,India,"Oil, Gas & Consumable Fuels",2024,0.93730837107,62.38160324097,11.35834980011,0.18951387703,0.23267120123,0.40990909934,0.10244921595,0.00000000000,1085664128.00000000000,0.13264542818,0.07489894331,0.43731236458,4.54649209976,9454300761.00000000000,7.00000000000,14.28571414948,TRUE,75.29164886475,52.50876617432,6.48422384262,3.43082690239,3.20181012154,2.27011704445,3.00000000000
297,RESR.NS,Restaurant Brands Asia Ltd,India,"Hotels, Restaurants & Leisure",2022,1.76131236553,26.74024391174,8.48209857941,0.46828603745,0.23687063158,0.35410702229,0.26252183318,0.00000000000,-3694498.50000000000,0.11733498424,0.01484111417,0.76834595203,27.34530830383,-29430623.17000000000,9.00000000000,12.50000000000,TRUE,28.97968673706,16.89354705811,7.60936498642,3.37059593201,5.89714193344,1.36151742935,3.00000000000
297,RESR.NS,Restaurant Brands Asia Ltd,India,"Hotels, Restaurants & Leisure",2023,1.63248014450,38.22866439819,8.51184082031,0.52785766125,0.23938874900,0.31143105030,0.04825334623,0.00000000000,-14846671.00000000000,0.04605703428,0.01675138995,0.83381259441,16.93950843811,-28402879.42000000000,8.00000000000,12.50000000000,TRUE,48.71952438354,33.90744400024,9.19075489044,3.40314126015,2.59194946289,1.33028721809,3.00000000000
297,RESR.NS,Restaurant Brands Asia Ltd,India,"Hotels, Restaurants & Leisure",2024,1.27514564991,38.11590576172,8.60769939423,0.52902978659,0.22498960793,0.30502524972,0.68576049805,0.00000000000,58860504.00000000000,0.20166848600,0.01802481338,0.72557747364,2.09170556068,-27243300.18000000000,9.00000000000,22.22222137451,TRUE,44.19478988647,40.26771163940,6.48422384262,3.43082690239,3.20181012154,1.68829822540,3.00000000000
298,RLXO.NS,Relaxo Footwears Ltd,India,"Textiles, Apparel & Luxury Goods",2022,4.47668838501,40.31656265259,8.48237323761,0.06576906145,0.18865315616,0.73568952084,0.02182088606,0.00000000000,385832.53125000000,0.10308442265,0.22938203812,0.48390445113,-3.10860204697,18801119.77000000000,4.00000000000,14.28571414948,TRUE,62.26269531250,29.98343658447,7.60936498642,3.37059593201,5.89714193344,1.36489105225,3.00000000000
298,RLXO.NS,Relaxo Footwears Ltd,India,"Textiles, Apparel & Luxury Goods",2023,4.06468868256,47.27819824219,8.51268959045,0.07552571595,0.19140280783,0.72874581814,0.02568100952,0.00994874630,3608878.25000000000,0.06685304642,0.22853742540,0.50910681486,3.22288751602,24051589.68000000000,5.00000000000,10.00000000000,TRUE,62.20957183838,29.20635795593,9.19075489044,3.40314126015,2.59194946289,1.75685298443,3.00000000000
298,RLXO.NS,Relaxo Footwears Ltd,India,"Textiles, Apparel & Luxury Goods",2024,3.99814987183,41.88494110107,8.50958538055,0.07693114877,0.16319453716,0.67853701115,0.01637016982,0.00542630302,-2104154.50000000000,0.10477352142,0.20454882085,0.50116020441,-6.62329626083,19933294.32000000000,5.00000000000,10.00000000000,TRUE,40.01346588135,31.65341758728,6.48422384262,3.43082690239,3.20181012154,2.08768033981,3.00000000000
299,RMT.NS,Ratnamani Metals and Tubes Ltd,India,Metals & Mining,2022,4.22194194794,40.54110717773,8.66286373138,0.06269253045,0.22769743204,0.73170381784,0.03789845482,0.00000000000,-1623636.75000000000,0.05359460786,0.33308976889,0.31834697723,31.69338607788,62351314.51000000000,4.00000000000,16.66666603088,TRUE,60.94996261597,40.13188171387,7.60936498642,3.37059593201,5.89714193344,2.81204414368,3.00000000000
299,RMT.NS,Ratnamani Metals and Tubes Ltd,India,Metals & Mining,2023,4.06401824951,46.60946655273,8.68330192566,0.03802924231,0.14927041531,0.68240511417,0.19599308074,0.02114515938,20728314.00000000000,0.07612843066,0.33900073171,0.32608234882,11.45323371887,74997060.59000000000,5.00000000000,10.00000000000,TRUE,50.03509902954,56.56611251831,9.19075489044,3.40314126015,2.59194946289,2.43889474869,3.00000000000
299,RMT.NS,Ratnamani Metals and Tubes Ltd,India,Metals & Mining,2024,3.33481240273,48.77987670898,8.75901222229,0.03208279610,0.20325863361,0.78584522009,0.14911161363,0.01528952736,2144330.00000000000,0.09785015881,0.31592091918,0.30844032764,-0.00166071602,63378630.78000000000,5.00000000000,14.28571414948,TRUE,52.20893096924,54.41364288330,6.48422384262,3.43082690239,3.20181012154,1.62664771080,3.00000000000
300,ROLE.NS,Rolex Rings Ltd,India,Machinery,2022,3.50403666496,21.86402702332,8.09105777740,0.08046065271,0.20193968713,0.75714159012,0.14858564734,0.00394472107,2179284.25000000000,0.03225018084,0.26042658091,0.43031603098,7.12501335144,24110516.07000000000,10.00000000000,14.28571414948,TRUE,36.56861495972,5.02623033524,7.60936498642,3.37059593201,5.89714193344,1.13842439651,3.00000000000
300,ROLE.NS,Rolex Rings Ltd,India,Machinery,2023,3.24292135239,24.58491325378,8.12866306305,0.01611644216,0.14390425384,0.72423791885,0.09745013714,0.00281201396,-334013.18750000000,0.13255099952,0.22280925512,0.41932368279,2.15096163750,18720815.84000000000,5.00000000000,14.28571414948,TRUE,41.97695922852,9.61612987518,9.19075489044,3.40314126015,2.59194946289,1.14636147022,3.00000000000
300,ROLE.NS,Rolex Rings Ltd,India,Machinery,2024,2.85083460808,24.04879570007,8.17624664307,0.01103409100,0.13118542731,0.80060064793,0.00000000000,0.03812251985,3511995.25000000000,0.29028856754,0.19025774300,0.37309780717,-7.80296802521,20362434.17000000000,7.00000000000,16.66666603088,TRUE,41.38755798340,9.17092037201,6.48422384262,3.43082690239,3.20181012154,1.13842439651,3.00000000000
301,ROSB.NS,Rossari Biotech Ltd,India,Chemicals,2022,2.41209721565,40.26521682739,8.22128772736,0.05405812338,0.25483834743,0.77035534382,0.03430337459,0.04185760766,3860881.25000000000,0.11045486480,0.14542123675,0.23887932301,3.15373134613,13054649.46000000000,7.00000000000,16.66666603088,TRUE,78.10012054443,37.75637817383,7.60936498642,3.37059593201,5.89714193344,1.82743084431,3.00000000000
301,ROSB.NS,Rossari Biotech Ltd,India,Chemicals,2023,2.09831690788,42.28874969482,8.27558898926,0.07556017488,0.27016296983,0.80991297960,0.02842464857,0.00833062455,-5282303.50000000000,0.05104251951,0.19515937567,0.23019608855,8.97056388855,15679544.09000000000,5.00000000000,33.33333206177,TRUE,82.27619934082,33.60679244995,9.19075489044,3.40314126015,2.59194946289,1.53034007549,3.00000000000
301,ROSB.NS,Rossari Biotech Ltd,India,Chemicals,2024,1.76154410839,60.29304504395,8.34616851807,0.11496669054,0.28297466040,0.75495368242,0.08237850666,0.00000052700,2227267.50000000000,0.06518148631,0.21416592598,0.26037609577,10.84976100922,15959976.59000000000,7.00000000000,33.33333206177,TRUE,88.20490264893,55.97330856323,6.48422384262,3.43082690239,3.20181012154,1.61001360416,3.00000000000
302,ROUT.NS,Route Mobile Ltd,India,Software,2022,1.80832278728,62.01309967041,8.54553508759,0.04820939153,0.27142822742,0.73542362452,0.52741456032,0.02445474267,9284323.00000000000,0.28207123280,0.02511324547,0.02353976853,64.69989013672,40544060.37000000000,10.00000000000,14.28571414948,TRUE,83.75259399414,36.36026763916,7.60936498642,3.37059593201,5.89714193344,1.88123953342,3.00000000000
302,ROUT.NS,Route Mobile Ltd,India,Software,2023,1.50984621048,72.35241699219,8.61966705322,0.10776396096,0.29817622900,0.78288650513,0.44170972705,0.02447334863,7035393.00000000000,0.23343074322,0.05787254497,0.01835861243,11.11217021942,46651469.71000000000,11.00000000000,14.28571414948,TRUE,88.72792053223,46.43831253052,9.19075489044,3.40314126015,2.59194946289,1.57941997051,3.00000000000
302,ROUT.NS,Route Mobile Ltd,India,Software,2024,1.38192605972,72.11992645264,8.65100097656,0.12139937282,0.33838337660,0.92885226011,0.50258004665,0.05222023651,36062024.00000000000,0.32760435343,0.07093566656,0.01535397302,10.93335533142,39078993.56000000000,9.00000000000,14.28571414948,TRUE,87.73459625244,45.74067306519,6.48422384262,3.43082690239,3.20181012154,2.12445449829,3.00000000000
303,RSPO.NS,Responsive Industries Ltd,India,Chemicals,2022,3.79465079308,28.62348365784,8.21065235138,0.19460524619,0.24124734104,0.88896375895,0.00000000000,0.01820782758,-889240.50000000000,0.04568852857,0.16066770256,0.51797217131,-18.48173332214,2974318.40300000000,8.00000000000,40.00000000000,TRUE,37.96110534668,18.75008773804,7.60936498642,3.37059593201,5.89714193344,1.00000000000,3.00000000000
303,RSPO.NS,Responsive Industries Ltd,India,Chemicals,2023,3.30483770370,32.69617462158,8.26830577850,0.13885909319,0.24004434049,0.90749031305,0.04414594173,0.00000000000,-949610.06250000000,0.02013577148,0.08146475255,0.52693134546,10.04419708252,19348050.39000000000,10.00000000000,16.66666603088,TRUE,48.74966430664,21.85669898987,9.19075489044,3.40314126015,2.59194946289,1.00000000000,3.00000000000
303,RSPO.NS,Responsive Industries Ltd,India,Chemicals,2024,2.94985127449,33.11558914185,8.30830669403,0.14744421840,0.14457726479,0.64015883207,0.02987770364,0.00000000000,-1038759.50000000000,0.01836957783,0.10979829729,0.45841354132,27.24010848999,23272287.89000000000,6.00000000000,33.33333206177,TRUE,50.63249206543,19.74792861938,6.48422384262,3.43082690239,3.20181012154,1.00000000000,3.00000000000
304,RSYS.NS,R Systems International Ltd,India,IT Services,2022,6.00645732880,58.38210296631,8.00307559967,0.09258038551,0.23764988780,0.68841606379,0.00044955401,0.24745362997,225104.87500000000,0.34763240814,0.00083908602,0.17090591788,18.08580017090,16886613.39000000000,8.00000000000,16.66666603088,TRUE,55.78940200806,37.50997924805,7.60936498642,3.37059593201,5.89714193344,1.68461954594,3.00000000000
304,RSYS.NS,R Systems International Ltd,India,IT Services,2023,4.05900049210,48.67409133911,8.19873619080,0.09978153557,0.28014928102,0.52373915911,0.00024436900,0.11962191761,-5875706.00000000000,0.21758325398,0.00114936195,0.09413969517,10.49650001526,16841687.70000000000,11.00000000000,14.28571414948,TRUE,28.58117294312,39.87280654907,9.19075489044,3.40314126015,2.59194946289,2.53390908241,3.00000000000
304,RSYS.NS,R Systems International Ltd,India,IT Services,2024,4.42617034912,47.08620071411,8.15254306793,0.05995661393,0.21341188252,0.43855670094,0.58183866739,0.03220605105,3826706.00000000000,0.14654067159,0.00064578297,0.07672721893,0.53915554285,15333239.83000000000,6.00000000000,14.28571414948,TRUE,22.77589797974,41.08609771729,6.48422384262,3.43082690239,3.20181012154,1.55873692036,3.00000000000
305,RUCL.NS,Rupa & Company Ltd,India,"Textiles, Apparel & Luxury Goods",2022,1.07202816010,39.71608734131,8.22769927979,0.18603889644,0.31582555175,0.92060911655,0.01532273833,0.00000000000,290871.46875000000,0.06672599912,0.35367372632,0.17863918841,-28.36458587646,6539897.76000000000,4.00000000000,8.33333301544,0,46.67671203613,18.16747665405,7.60936498642,3.37059593201,5.89714193344,1.34702575207,3.00000000000
305,RUCL.NS,Rupa & Company Ltd,India,"Textiles, Apparel & Luxury Goods",2023,1.03702008724,38.83405303955,8.23931694031,0.16231456399,0.31461599469,0.93208771944,0.03313266858,0.00000000000,1002831.43750000000,0.15667830408,0.29788264632,0.16811652482,4.90470886230,8371613.67700000000,4.00000000000,7.14285707474,0,40.08379745483,23.63977432251,9.19075489044,3.40314126015,2.59194946289,1.19869375229,3.00000000000
305,RUCL.NS,Rupa & Company Ltd,India,"Textiles, Apparel & Luxury Goods",2024,0.98701328039,45.28630065918,8.24772930145,0.15739452839,0.30570408702,0.93524521589,0.04522392154,0.00000000000,681474.56250000000,0.13232845068,0.30043679476,0.15881890059,-0.62914031744,9747466.35500000000,4.00000000000,7.14285707474,TRUE,41.92690277100,35.80727767944,6.48422384262,3.43082690239,3.20181012154,1.40602827072,3.00000000000
306,SAFA.NS,Safari Industries (India) Ltd,India,"Textiles, Apparel & Luxury Goods",2022,12.40565681458,48.00275802612,7.95927476883,0.18637806177,0.32592111826,0.75638091564,0.00049998402,0.00373166311,88838.85156250000,0.17032438517,0.35824587941,0.24545007944,58.19787216187,15225158.23000000000,4.00000000000,12.50000000000,TRUE,76.70896911621,29.62035751343,7.60936498642,3.37059593201,5.89714193344,1.70115542412,3.00000000000
306,SAFA.NS,Safari Industries (India) Ltd,India,"Textiles, Apparel & Luxury Goods",2023,8.79456329346,48.56734085083,8.13760375977,0.12782506645,0.20203281939,0.72071707249,0.06043171883,0.02186642401,4328734.50000000000,0.48392868042,0.23790879548,0.25595602393,26.46886634827,21092981.40000000000,5.00000000000,10.00000000000,TRUE,73.01345825195,30.00369262695,9.19075489044,3.40314126015,2.59194946289,1.14874505997,3.00000000000
306,SAFA.NS,Safari Industries (India) Ltd,India,"Textiles, Apparel & Luxury Goods",2024,7.67541551590,60.35171127319,8.18858909607,0.09461252391,0.20924520493,0.75484031439,0.04184327647,0.00000000000,-3211234.75000000000,0.19468076527,0.26893424988,0.32207372785,11.45638275146,16711527.21000000000,4.00000000000,14.28571414948,TRUE,81.48296356201,53.48040771484,6.48422384262,3.43082690239,3.20181012154,1.00000000000,3.00000000000
307,SAMD.NS,Samvardhana Motherson International Ltd,India,Automobile Components,2022,1.52775943279,68.84783172607,9.87669086456,0.22298982739,0.44486084580,0.69835686684,0.15270358324,0.00543881580,-41321812.00000000000,0.08103272319,0.12647671998,0.30694064498,14.43215656281,203213242.50000000000,8.00000000000,10.00000000000,0,80.00940704346,55.61487579346,7.60936498642,3.37059593201,5.89714193344,2.02590441704,3.00000000000
307,SAMD.NS,Samvardhana Motherson International Ltd,India,Automobile Components,2023,1.12192249298,72.44502258301,10.00862407684,0.23431546986,0.49070295691,0.70872545242,0.14456237853,0.00837433338,264559088.00000000000,0.12303427607,0.12003288418,0.28327122331,23.61092567444,362279544.10000000000,12.00000000000,10.00000000000,0,77.68376159668,58.57963943481,9.19075489044,3.40314126015,2.59194946289,2.35420131683,3.00000000000
307,SAMD.NS,Samvardhana Motherson International Ltd,India,Automobile Components,2024,1.03064858913,72.44479370117,10.03605747223,0.18548412621,0.45310309529,0.72574740648,0.12220045924,0.00533779711,-128800472.00000000000,0.07676235586,0.12975175679,0.28472447395,12.33898448944,485160912.80000000000,16.00000000000,12.50000000000,0,81.57421112061,55.89592361450,6.48422384262,3.43082690239,3.20181012154,2.54995965958,3.00000000000
308,SANO.NS,Sanofi India Ltd,India,Pharmaceuticals,2022,5.50773715973,45.96076965332,8.39873218536,0.01139161084,0.35748419166,0.93051892519,0.05103969947,0.46681469679,-64448664.00000000000,0.29554837942,0.19959454238,0.15639330447,-15.65254974365,75026898.94000000000,8.00000000000,12.50000000000,TRUE,21.21117401123,48.14347839355,7.60936498642,3.37059593201,5.89714193344,2.09497475624,3.00000000000
308,SANO.NS,Sanofi India Ltd,India,Pharmaceuticals,2023,6.66969156265,58.94526290894,8.31414222717,0.01108000893,0.37981104851,0.93096053600,0.10072163492,0.19180078804,-73374200.00000000000,0.18934062123,0.38803359866,0.18853510916,-28.35094070435,43827383.10000000000,9.00000000000,25.00000000000,TRUE,30.85913467407,86.95832061768,9.19075489044,3.40314126015,2.59194946289,2.20457220078,3.00000000000
308,SANO.NS,Sanofi India Ltd,India,Pharmaceuticals,2024,7.12167119980,50.59731292725,8.27507114410,0.01197419036,0.44620919228,0.95740151405,0.05603448302,0.15107333660,-12939196.00000000000,0.16092729568,0.31300410628,0.20430573821,-1.93016779423,36666900.44000000000,6.00000000000,25.00000000000,TRUE,16.89544105530,83.34254455566,6.48422384262,3.43082690239,3.20181012154,1.93664121628,3.00000000000
309,SAPI.NS,Sapphire Foods India Ltd,India,"Hotels, Restaurants & Leisure",2022,3.81160926819,40.10650253296,8.49931812286,0.37114879489,0.20574398339,0.39885523915,0.06495275348,0.00375898089,-2017770.25000000000,0.12309487909,0.04402568191,0.62338715792,21.57447814941,28382546.25000000000,16.00000000000,22.22222137451,TRUE,40.15743255615,31.12919044495,7.60936498642,3.37059593201,5.89714193344,1.37430274487,3.00000000000
309,SAPI.NS,Sapphire Foods India Ltd,India,"Hotels, Restaurants & Leisure",2023,3.51651644707,54.63408279419,8.53242492676,0.40981754661,0.15646173060,0.29605713487,0.17983004451,0.00621285103,5920576.00000000000,0.06882094592,0.03742252290,0.70827734470,12.87382793427,6233473.30500000000,4.00000000000,22.22222137451,TRUE,59.21906661987,38.60033035278,9.19075489044,3.40314126015,2.59194946289,1.37430274487,3.00000000000
309,SAPI.NS,Sapphire Foods India Ltd,India,"Hotels, Restaurants & Leisure",2024,3.33759307861,55.79796600342,8.55130290985,0.42488691211,0.15084768832,0.27921333909,0.12702353299,0.00000000000,-4608777.00000000000,0.07846617699,0.03729577363,0.71289366484,8.35534477234,1954827.38400000000,4.00000000000,22.22222137451,TRUE,61.05597686768,49.87587356567,6.48422384262,3.43082690239,3.20181012154,1.69869494438,3.00000000000
310,SCHE.NS,Schaeffler India Ltd,India,Machinery,2022,10.20581245422,68.87477874756,8.84031105042,0.01001969725,0.24060718715,0.95632350445,0.06033863500,0.01447600033,-4951823.50000000000,0.28565204144,0.22100609541,0.23948787153,11.18547725677,106291330.70000000000,4.00000000000,30.00000000000,TRUE,76.65117645264,62.04608917236,7.60936498642,3.37059593201,5.89714193344,2.20952200890,3.00000000000
310,SCHE.NS,Schaeffler India Ltd,India,Machinery,2023,9.38108634949,70.73573303223,8.87695503235,0.00815445930,0.22423167527,0.96166741848,0.04526918754,0.00097342901,-11579517.00000000000,0.27511572838,0.21436652541,0.28262141347,4.98386478424,108068277.40000000000,5.00000000000,30.00000000000,TRUE,80.18357849121,59.13665008545,9.19075489044,3.40314126015,2.59194946289,1.30844199657,3.00000000000
310,SCHE.NS,Schaeffler India Ltd,India,Machinery,2024,8.74157714844,69.42776489258,8.90553283691,0.00806779694,0.21619312465,0.96096199751,0.05204833299,0.05615203828,46079668.00000000000,0.20926097035,0.21782469749,0.32941833138,10.39863395691,109738878.40000000000,6.00000000000,33.33333206177,TRUE,84.00923156738,55.16405487061,6.48422384262,3.43082690239,3.20181012154,2.15999579430,3.00000000000
311,SEIN.NS,Schneider Electric Infrastructure Ltd,India,Electrical Equipment,2022,14.27519798279,46.89347839355,8.21761226654,0.35067549348,0.56867790222,0.63997977972,0.02536471561,0.00000000000,-2014362.25000000000,0.01544812974,0.22691071033,0.24620954692,7.28390979767,15046616.36000000000,5.00000000000,20.00000000000,TRUE,83.31376647949,31.06938552856,7.60936498642,3.37059593201,5.89714193344,1.99796557426,3.00000000000
311,SEIN.NS,Schneider Electric Infrastructure Ltd,India,Electrical Equipment,2023,12.34425640106,51.08948135376,8.27817440033,0.34575793147,0.47073739767,0.57920289040,0.06353342533,0.00000000000,3328134.25000000000,0.03438297659,0.19400078058,0.27380907536,22.39433097839,20639472.11000000000,5.00000000000,16.66666603088,TRUE,68.90694427490,37.45351791382,9.19075489044,3.40314126015,2.59194946289,1.57566857338,3.00000000000
311,SEIN.NS,Schneider Electric Infrastructure Ltd,India,Electrical Equipment,2024,10.37726402283,59.15919876099,8.35443878174,0.26987436414,0.41697368026,0.58789283037,0.13455191255,0.07761403918,24708016.00000000000,0.15938824415,0.18019910157,0.26142477989,16.55114555359,31350497.37000000000,7.00000000000,16.66666603088,TRUE,71.62242126465,38.83580017090,6.48422384262,3.43082690239,3.20181012154,1.44282436371,3.00000000000
312,SEQU.NS,SeQuent Scientific Ltd,India,Pharmaceuticals,2022,2.70377445221,32.44033432007,8.26978206635,0.29009765387,0.34403118491,0.63355112076,0.07902810723,0.00000000000,-1937926.00000000000,0.02650238015,0.23075644672,0.23028101027,-7.08838319778,-14846275.56000000000,6.00000000000,11.11111068726,TRUE,44.51605224609,25.64794540405,7.60936498642,3.37059593201,5.89714193344,1.28167295456,3.00000000000
312,SEQU.NS,SeQuent Scientific Ltd,India,Pharmaceuticals,2023,2.69905376434,33.50867080688,8.26672363281,0.31660482287,0.40703487396,0.70940595865,0.10336688161,0.00000000000,2787762.50000000000,0.04434106871,0.22916883230,0.20204377174,-4.97807025909,-3552849.43000000000,5.00000000000,12.50000000000,TRUE,31.26406478882,26.70505332947,9.19075489044,3.40314126015,2.59194946289,1.28167295456,3.00000000000
312,SEQU.NS,SeQuent Scientific Ltd,India,Pharmaceuticals,2024,2.64608478546,35.99152374268,8.27293586731,0.30041149259,0.31524407864,0.56269609928,0.12407822162,0.00000000000,-251609.12500000000,0.04002295062,0.24556571245,0.18691703677,10.47745037079,3775190.17000000000,6.00000000000,11.11111068726,TRUE,43.63960647583,23.36669921875,6.48422384262,3.43082690239,3.20181012154,1.28167295456,3.00000000000
313,SHAD.NS,Sharda Motor Industries Ltd,India,Automobile Components,2022,4.11311340332,46.54090881348,8.22801876068,0.01774199121,0.43104305863,0.94868481159,0.23427616060,0.01223967876,-4399245.50000000000,0.49003377557,0.14926670492,0.15028230846,10.59511184692,25003079.36000000000,4.00000000000,25.00000000000,FALSE,80.98049926758,31.62453079224,7.60936498642,3.37059593201,5.89714193344,2.03419876099,3.00000000000
313,SHAD.NS,Sharda Motor Industries Ltd,India,Automobile Components,2023,3.53559350967,40.77248764038,8.29070758820,0.01453786157,0.36122402549,0.94543004036,0.38852867484,0.02101795934,12129994.00000000000,0.42438936234,0.12254568189,0.12840716541,2.56370377541,35380587.88000000000,4.00000000000,28.57142829895,0,75.85037994385,28.65643692017,9.19075489044,3.40314126015,2.59194946289,2.14353585243,3.00000000000
313,SHAD.NS,Sharda Motor Industries Ltd,India,Automobile Components,2024,3.28707671165,38.94995117188,8.31302356720,0.02938802168,0.36142387986,0.91362595558,0.00000000000,0.11463477463,-6962504.50000000000,0.54865640402,0.11795109510,0.14289583266,-1.50937938690,36564435.34000000000,4.00000000000,28.57142829895,FALSE,71.14786529541,26.47558021545,6.48422384262,3.43082690239,3.20181012154,2.04085564613,3.00000000000
314,SHCR.NS,Sharda Cropchem Ltd,India,Chemicals,2022,1.87527048588,23.00130271912,8.72391128540,0.00068141101,0.45291599631,0.93003302813,0.08949990571,0.00000000000,14565604.00000000000,0.05270034820,0.26131203771,0.00114401197,4.39265871048,41623989.78000000000,4.00000000000,25.00000000000,TRUE,62.36270523071,3.77667236328,7.60936498642,3.37059593201,5.89714193344,1.66127896309,3.00000000000
314,SHCR.NS,Sharda Cropchem Ltd,India,Chemicals,2023,2.08013534546,21.51978492737,8.68529510498,0.00453153485,0.39138761163,0.87749439478,0.05526103824,0.00014246001,-10680516.00000000000,0.08177998662,0.24588742852,0.00449733809,-22.92349052429,3827978.40400000000,4.00000000000,25.00000000000,TRUE,43.20245742798,10.68420505524,9.19075489044,3.40314126015,2.59194946289,1.69282627106,3.00000000000
314,SHCR.NS,Sharda Cropchem Ltd,India,Chemicals,2024,1.80146861076,29.08259582520,8.74267578125,0.00164231600,0.42027610540,0.89275622368,0.06406314671,0.01971190050,4665910.00000000000,0.12548038363,0.20612928271,0.00214633206,33.21709060669,35625231.13000000000,5.00000000000,25.00000000000,TRUE,44.57355880737,20.93328475952,6.48422384262,3.43082690239,3.20181012154,1.84660720825,3.00000000000
315,SHEF.NS,Sheela Foam Ltd,India,Household Durables,2022,2.64603710175,35.16963958740,8.51843738556,0.21070058644,0.25208395720,0.61540383101,0.06166600063,0.00004836210,177422.10937500000,0.29379758239,0.12913903594,0.30436569452,-10.97873687744,24715457.64000000000,6.00000000000,20.00000000000,TRUE,68.44986724854,12.47336292267,7.60936498642,3.37059593201,5.89714193344,1.63072073460,3.00000000000
315,SHEF.NS,Sheela Foam Ltd,India,Household Durables,2023,1.37629663944,42.35556030273,8.80659866333,0.27963268757,0.21142083406,0.46660879254,0.03889661655,0.00002060100,209958.01562500000,0.02406854555,0.06668739021,0.29040330648,2.31127095222,22067186.56000000000,7.00000000000,22.22222137451,TRUE,88.19550323486,23.99023437500,9.19075489044,3.40314126015,2.59194946289,1.46228110790,3.00000000000
315,SHEF.NS,Sheela Foam Ltd,India,Household Durables,2024,1.39770460129,53.73428726196,8.80604839325,0.26748171449,0.27379032969,0.61549627781,0.02743093856,0.00003475310,-324166.18750000000,0.09458045661,0.06716857105,0.27676811814,12.48559761047,11316559.39000000000,9.00000000000,22.22222137451,FALSE,78.46082305908,45.14235687256,6.48422384262,3.43082690239,3.20181012154,1.37430274487,3.00000000000
317,SISI.NS,SIS Ltd,India,Commercial Services & Supplies,2022,0.84855073690,40.64479827881,8.84218120575,0.28839111328,0.39575445652,0.66900062561,0.23124447465,0.02499937080,-23731500.00000000000,0.13142420352,0.00550142303,0.05778016895,4.19949769974,42174050.63000000000,4.00000000000,16.66666603088,TRUE,63.86714172363,2.97797513008,7.60936498642,3.37059593201,5.89714193344,1.00000000000,3.00000000000
317,SISI.NS,SIS Ltd,India,Commercial Services & Supplies,2023,0.81985813379,49.38285827637,8.85529422760,0.27758339047,0.50002628565,0.83906507492,0.15733566880,0.03039725125,-6292981.50000000000,0.12084763497,0.00517369015,0.06290077418,6.52742147446,22800239.95000000000,7.00000000000,20.00000000000,TRUE,72.04064178467,20.23306655884,9.19075489044,3.40314126015,2.59194946289,1.00000000000,3.00000000000
317,SISI.NS,SIS Ltd,India,Commercial Services & Supplies,2024,0.82494425774,46.47050857544,8.85443687439,0.26923620701,0.40856689215,0.67419439554,0.24283330142,0.01809255965,29481568.00000000000,0.17221720517,0.00464303605,0.06221155077,4.92178678513,1379520.18700000000,5.00000000000,27.27272796631,TRUE,72.21695709229,22.18198776245,6.48422384262,3.43082690239,3.20181012154,1.00000000000,3.00000000000
318,SNDO.NS,Sundrop Brands Ltd,India,Food Products,2022,4.61611175537,27.51606750488,7.89098262787,0.09704650939,0.19890365005,0.83027058840,0.05286256969,0.00000000000,158836.42187500000,0.01003603265,0.25984928012,0.49588161707,-14.36146640778,1834956.18300000000,4.00000000000,14.28571414948,TRUE,49.37101745605,17.69846725464,7.60936498642,3.37059593201,5.89714193344,1.64199841022,3.00000000000
318,SNDO.NS,Sundrop Brands Ltd,India,Food Products,2023,4.66082572937,35.10443115234,7.88730192184,0.06532243639,0.18167325854,0.81835889816,0.11109018326,0.00000000000,750569.87500000000,0.02001180314,0.22674359381,0.52164947987,-11.87232303619,1248950.21000000000,4.00000000000,11.11111068726,TRUE,50.80042648315,19.85527801514,9.19075489044,3.40314126015,2.59194946289,1.60709345341,3.00000000000
318,SNDO.NS,Sundrop Brands Ltd,India,Food Products,2024,1.66892600060,32.10641098022,8.32045936584,0.00800753385,0.13062894344,0.66929751635,0.20159856975,0.00000000000,3989233.50000000000,0.07139766216,0.10889540613,0.22563439608,15.41513538361,-12861439.44000000000,5.00000000000,11.11111068726,TRUE,47.88112258911,17.25269126892,6.48422384262,3.43082690239,3.20181012154,1.78539907932,3.00000000000
319,SNFS.NS,Sundram Fasteners Ltd,India,Automobile Components,2022,4.26506137848,27.29487800598,8.75039386749,0.15792137384,0.27521899343,0.79115796089,0.04497454315,0.00006271100,2563291.25000000000,0.01859866455,0.20551899076,0.45072105527,6.71810913086,60899464.46000000000,6.00000000000,44.44444274902,TRUE,69.79934692383,15.01782131195,7.60936498642,3.37059593201,5.89714193344,1.50154697895,3.00000000000
319,SNFS.NS,Sundram Fasteners Ltd,India,Automobile Components,2023,3.93876242638,30.93090629578,8.77706718445,0.12960530818,0.25715190172,0.81822299957,0.01750843972,0.00001002300,-4201559.50000000000,0.01452241186,0.19496123493,0.45188263059,-1.36574506760,63064187.16000000000,4.00000000000,50.00000000000,TRUE,72.07838439941,14.48775959015,9.19075489044,3.40314126015,2.59194946289,1.77303528786,3.00000000000
319,SNFS.NS,Sundram Fasteners Ltd,India,Automobile Components,2024,3.59815216064,38.67591094971,8.81083679199,0.14897173643,0.25747498870,0.82870537043,0.02569453232,0.00003075390,1665301.37500000000,0.01527311374,0.20237854123,0.44081327319,2.51929283142,63399648.92000000000,5.00000000000,50.00000000000,TRUE,62.90689468384,25.51817512512,6.48422384262,3.43082690239,3.20181012154,0.00000000000,3.00000000000
320,SOBH.NS,Sobha Ltd,India,Real Estate Management & Development,2022,1.18227994442,18.00279808044,9.18530464172,0.17170991004,0.74864846468,0.93368029594,0.02964569069,0.00000000000,17078992.00000000000,0.02236226574,0.69596487284,0.03362860158,19.39293861389,12683179.16000000000,7.00000000000,14.28571414948,TRUE,13.53185558319,16.52014923096,7.60936498642,3.37059593201,5.89714193344,2.39743351936,3.00000000000
320,SOBH.NS,Sobha Ltd,India,Real Estate Management & Development,2023,1.11936926842,27.14414405823,9.21570396423,0.14543221891,0.75970047712,0.93049925566,0.00539267203,0.00000000000,-19874626.00000000000,0.00439385185,0.68458503485,0.03495807946,-9.61682415009,5892381.52400000000,5.00000000000,16.66666603088,TRUE,15.72233963013,12.66406250000,9.19075489044,3.40314126015,2.59194946289,2.23399090767,3.00000000000
320,SOBH.NS,Sobha Ltd,India,Real Estate Management & Development,2024,0.90104532242,41.68723297119,9.30434703827,0.06922378391,0.67993718386,0.92486047745,0.00603524409,0.00000000000,1501696.87500000000,0.00503276894,0.65340155363,0.03072191030,27.79025077820,11080866.00000000000,5.00000000000,16.66666603088,TRUE,61.72892761230,12.00026798248,6.48422384262,3.43082690239,3.20181012154,2.62727499008,3.00000000000
321,SOFT.NS,Sonata Software Ltd,India,IT Services,2022,2.23567342758,66.59746551514,8.72451496124,0.13553276658,0.49653193355,0.70784264803,0.12189079076,0.03527983278,-38496836.00000000000,0.33628678322,0.00661482522,0.03021198697,23.91894721985,55002434.27000000000,4.00000000000,16.66666603088,TRUE,80.81146240234,42.84984207153,7.60936498642,3.37059593201,5.89714193344,2.40122437477,3.00000000000
321,SOFT.NS,Sonata Software Ltd,India,IT Services,2023,1.95727956295,63.46427917480,8.79082775116,0.14865840971,0.60073953867,0.82645481825,0.05338023230,0.07203172892,14231554.00000000000,0.24665695429,0.01903237775,0.02577722073,13.97440338135,37012597.48000000000,6.00000000000,14.28571414948,TRUE,54.83604812622,45.04099655151,9.19075489044,3.40314126015,2.59194946289,2.48063111305,3.00000000000
321,SOFT.NS,Sonata Software Ltd,India,IT Services,2024,2.07479429245,69.44529724121,8.74545192719,0.10851813108,0.55403298140,0.86399757862,0.08153318614,0.02001619339,-26452896.00000000000,0.12932926416,0.00993449241,0.02178900875,15.03028774261,49698069.05000000000,6.00000000000,14.28571414948,TRUE,63.51807785034,51.67965698242,6.48422384262,3.43082690239,3.20181012154,2.44194054604,3.00000000000
323,SPRC.NS,Sun Pharma Advanced Research Co Ltd,India,Pharmaceuticals,2022,5.37287998199,27.61962509155,8.00448322296,0.01888303459,0.21556447446,0.56387311220,0.00326132495,0.13370257616,-77969.81250000000,1.34125220776,0.00128390105,0.12923386693,60.72321701050,-27091467.87000000000,7.00000000000,16.66666603088,FALSE,52.75242614746,19.68492317200,7.60936498642,3.37059593201,5.89714193344,1.91703236103,3.00000000000
323,SPRC.NS,Sun Pharma Advanced Research Co Ltd,India,Pharmaceuticals,2023,8.67761230469,29.89620399475,7.79093742371,0.11873007566,0.51463317871,0.68088054657,0.02010693587,0.00000000000,569394.12500000000,0.18658299744,0.00287199789,0.21088758111,-68.81368255615,-46456376.72000000000,5.00000000000,16.66666603088,FALSE,41.89606475830,31.57737350464,9.19075489044,3.40314126015,2.59194946289,2.02955126762,3.00000000000
323,SPRC.NS,Sun Pharma Advanced Research Co Ltd,India,Pharmaceuticals,2024,13.45071125031,34.44261932373,7.59402370453,0.80151194334,1.11535894871,0.67738068104,0.00524769817,0.00000000000,-393867.75000000000,0.00371937593,0.00582236890,0.29581367970,-7.33732604980,-40083019.31000000000,6.00000000000,16.66666603088,FALSE,53.42782211304,24.23708152771,6.48422384262,3.43082690239,3.20181012154,1.89881515503,3.00000000000
325,STEN.NS,Sterling and Wilson Renewable Energy Ltd,India,Construction & Engineering,2022,1.91871809959,47.61886978149,8.58918094635,0.63616758585,0.84640341997,0.79062497616,0.01773850620,0.00000000000,-49855160.00000000000,0.02441806346,0.01614546217,0.01205189433,-64.19433593750,-143008763.40000000000,9.00000000000,16.66666603088,0,82.91955566406,32.83354187012,7.60936498642,3.37059593201,5.89714193344,1.48156368732,3.00000000000
325,STEN.NS,Sterling and Wilson Renewable Energy Ltd,India,Construction & Engineering,2023,1.40280437469,45.73356628418,8.71261405945,0.11991135776,0.70818114281,0.91420871019,0.04543693364,0.03436569124,29721656.00000000000,0.09032993764,0.01559814997,0.01195439603,48.48728179932,-25289742.05000000000,6.00000000000,25.00000000000,0,75.96208190918,32.07503890991,9.19075489044,3.40314126015,2.59194946289,1.29651761055,3.00000000000
325,STEN.NS,Sterling and Wilson Renewable Energy Ltd,India,Construction & Engineering,2024,1.07859015465,51.18736267090,8.81879806519,0.16630668938,0.71737754345,0.87365019321,0.14248114824,0.00000000000,32747806.00000000000,0.13059154153,0.06377775222,0.00745823281,102.51194763184,10011702.75000000000,6.00000000000,25.00000000000,0,78.44623565674,43.11982345581,6.48422384262,3.43082690239,3.20181012154,1.13009417057,3.00000000000
326,STYE.NS,Styrenix Performance Materials Ltd,India,Chemicals,2022,3.40661716461,69.17830657959,8.18666458130,0.02778301947,0.38030195236,0.87630498409,0.01394943800,0.07608622313,-7705246.00000000000,0.07729084045,0.27441897988,0.25443840027,0.57586866617,22275073.03000000000,5.00000000000,14.28571414948,TRUE,67.67978668213,66.50458526611,7.60936498642,3.37059593201,5.89714193344,1.30473554134,3.00000000000
326,STYE.NS,Styrenix Performance Materials Ltd,India,Chemicals,2023,4.35772514343,59.91545104980,8.09522914886,0.02634291910,0.24718408287,0.81412839890,0.04541202262,0.04126800597,-5794841.00000000000,0.08649860322,0.26167556643,0.31158643961,-7.66479206085,20776244.75000000000,7.00000000000,12.50000000000,0,47.51802825928,58.58044052124,9.19075489044,3.40314126015,2.59194946289,1.56393253803,3.00000000000
326,STYE.NS,Styrenix Performance Materials Ltd,India,Chemicals,2024,2.01231694221,60.78443908691,8.42837524414,0.17337092757,0.28829106688,0.58782649040,0.14782688022,0.00000000000,5052077.00000000000,0.10184223950,0.33714917302,0.38506019115,30.91368865967,27520187.24000000000,8.00000000000,12.50000000000,TRUE,31.03646087646,60.10856246948,6.48422384262,3.43082690239,3.20181012154,1.84167122841,3.00000000000
329,SUZL.NS,Suzlon Energy Ltd,India,Electrical Equipment,2022,13.66039371490,60.94977188110,8.82754421234,0.35085761547,0.48897415400,0.61045289040,0.13600094616,0.00000000000,-16202532.00000000000,0.05240729451,0.33079925179,0.14140254259,-15.73808097839,351422833.50000000000,6.00000000000,10.00000000000,FALSE,48.85290145874,57.65971755981,7.60936498642,3.37059593201,5.89714193344,1.13242161274,3.00000000000
329,SUZL.NS,Suzlon Energy Ltd,India,Electrical Equipment,2023,10.43435764313,53.31778335571,8.93515968323,0.02092764713,0.41911709309,0.92332547903,0.14186151326,0.00000000000,7142171.50000000000,0.07766561955,0.31930401921,0.11501848698,7.68885135651,79226154.77000000000,5.00000000000,10.00000000000,0,25.95030593872,58.93795394897,9.19075489044,3.40314126015,2.59194946289,1.19670259953,3.00000000000
329,SUZL.NS,Suzlon Energy Ltd,India,Electrical Equipment,2024,5.87657928467,62.77542877197,9.18087959290,0.02493674681,0.45639097691,0.86296355724,0.18814839423,0.00000000000,80279696.00000000000,0.18262760341,0.24951021373,0.07027459890,62.91982650757,242437682.90000000000,6.00000000000,12.50000000000,FALSE,31.40018081665,72.62705993652,6.48422384262,3.43082690239,3.20181012154,1.16005504131,3.00000000000
330,SYMP.NS,Symphony Ltd,India,Household Durables,2022,4.40860939026,43.73397064209,8.23251438141,0.16513702273,0.28489077091,0.76523053646,0.13421374559,0.00000000000,-1247565.75000000000,0.18291334808,0.21671962738,0.09892544895,5.58346986771,14104186.95000000000,6.00000000000,25.00000000000,TRUE,38.57848358154,42.32059097290,7.60936498642,3.37059593201,5.89714193344,1.38058686256,3.00000000000
330,SYMP.NS,Symphony Ltd,India,Household Durables,2023,5.12056922913,39.73860549927,8.16461658478,0.13953106105,0.31531229615,0.81926423311,0.10795957595,0.00000000000,-1464907.00000000000,0.12872035801,0.20251303911,0.09692440182,-4.04151201248,17772045.59000000000,4.00000000000,25.00000000000,TRUE,31.01049041748,39.18572998047,9.19075489044,3.40314126015,2.59194946289,2.16908693314,3.00000000000
330,SYMP.NS,Symphony Ltd,India,Household Durables,2024,4.67518186569,47.26195526123,8.19345664978,0.10619621724,0.40780636668,0.94861376286,0.06455526501,0.00000000000,-740784.06250000000,0.15342113376,0.22914604843,0.08736619353,32.94834518433,24868344.06000000000,4.00000000000,25.00000000000,TRUE,30.65081787109,45.17461395264,6.48422384262,3.43082690239,3.20181012154,2.10236620903,3.00000000000
331,SYNN.NS,Syngene International Ltd,India,Life Sciences Tools & Services,2022,4.32545900345,57.04552841187,8.85108280182,0.13980449736,0.20377293229,0.53691822290,0.07532402128,0.00000000000,-20971276.00000000000,0.22516949475,0.05707425624,0.47628194094,13.26620197296,56523855.89000000000,4.00000000000,44.44444274902,TRUE,77.59816741943,54.45993804932,7.60936498642,3.37059593201,5.89714193344,1.46748280525,3.00000000000
331,SYNN.NS,Syngene International Ltd,India,Life Sciences Tools & Services,2023,4.14893293381,57.92627334595,8.86808204651,0.09025294334,0.18600039184,0.60418206453,0.07489949465,0.00000000000,-467906.40625000000,0.18201471865,0.03877039999,0.58805841208,7.70123577118,61187762.45000000000,5.00000000000,40.00000000000,TRUE,81.61238861084,54.00000000000,9.19075489044,3.40314126015,2.59194946289,2.04066109657,3.00000000000
331,SYNN.NS,Syngene International Ltd,India,Life Sciences Tools & Services,2024,3.74011135101,80.20140838623,8.90053462982,0.08503656834,0.20547683537,0.67488276958,0.20166140795,0.01258111466,32943242.00000000000,0.22159363329,0.02288144268,0.58906108141,1.84272193909,58069046.23000000000,6.00000000000,44.44444274902,TRUE,83.24409484863,79.18643188477,6.48422384262,3.43082690239,3.20181012154,2.03855800629,3.00000000000
332,TABE.NS,Tasty Bite Eatables Ltd,India,Food Products,2022,5.09640979767,45.47264480591,7.74905109406,0.29152885079,0.27184817195,0.57615655661,0.00766008394,0.02718156390,1160053.50000000000,0.02892955020,0.20422939956,0.56428372860,18.09718894959,3676971.76200000000,7.00000000000,28.57142829895,0,36.37009429932,41.72666549683,7.60936498642,3.37059593201,5.89714193344,1.41988909245,3.00000000000
332,TABE.NS,Tasty Bite Eatables Ltd,India,Food Products,2023,5.26757049561,45.15277481079,7.72910833359,0.19351777434,0.18312148750,0.51085090637,0.03105134517,0.01343189366,-594001.18750000000,0.01826002635,0.22026738524,0.57388663292,11.97124290466,4981043.79100000000,9.00000000000,28.57142829895,0,43.64505767822,38.44947433472,9.19075489044,3.40314126015,2.59194946289,2.21764492989,3.00000000000
332,TABE.NS,Tasty Bite Eatables Ltd,India,Food Products,2024,5.28281402588,43.56268692017,7.72632503510,0.15926967561,0.17170189321,0.54363846779,0.04285220429,0.02637206018,796723.25000000000,0.03351439163,0.20056611300,0.52073174715,0.08514718711,2996840.25700000000,5.00000000000,25.00000000000,TRUE,35.66196823120,36.71427154541,6.48422384262,3.43082690239,3.20181012154,1.64670681953,3.00000000000
333,TACN.NS,Tata Consumer Products Ltd,India,Food Products,2022,4.42455959320,64.11274719238,9.44348621368,0.07014295459,0.17205110192,0.60061645508,0.18904726207,0.03496582434,-10555015.00000000000,0.10231646150,0.11843648553,0.09972412884,2.47757124901,163889970.80000000000,6.00000000000,12.50000000000,TRUE,52.13662719727,69.19173431396,7.60936498642,3.37059593201,5.89714193344,1.65833044052,3.00000000000
333,TACN.NS,Tata Consumer Products Ltd,India,Food Products,2023,3.63484191895,74.09807586670,9.52657699585,0.12409362197,0.22094511986,0.51747012138,0.21973675489,0.03843411431,33768448.00000000000,0.11634453386,0.09883144498,0.09472951293,8.74686145782,156087582.50000000000,7.00000000000,12.50000000000,TRUE,72.75827026367,84.19088745117,9.19075489044,3.40314126015,2.59194946289,2.10216569901,3.00000000000
333,TACN.NS,Tata Consumer Products Ltd,India,Food Products,2024,3.25923514366,72.33571624756,9.57313442230,0.07482343912,0.18266178668,0.48770937324,0.24488195777,0.04272886738,24092452.00000000000,0.10825662315,0.11257570982,0.08696847409,13.01779651642,161534230.50000000000,5.00000000000,11.11111068726,TRUE,51.40922164917,90.70693206787,6.48422384262,3.43082690239,3.20181012154,2.94206976891,3.00000000000
336,TBEI.NS,Tube Investments of India Ltd,India,Automobile Components,2022,5.43637895584,23.16872787476,9.09765815735,0.10945779085,0.46147587895,0.74915969372,0.04276750237,0.06218682230,56127068.00000000000,0.16746810079,0.13150739670,0.23295077682,11.06534004211,140995618.30000000000,11.00000000000,14.28571414948,TRUE,35.28329467773,15.78323745728,7.60936498642,3.37059593201,5.89714193344,1.57903981209,3.00000000000
336,TBEI.NS,Tube Investments of India Ltd,India,Automobile Components,2023,4.28307437897,32.80126190186,9.19820690155,0.15991659462,0.37191414833,0.60774135590,0.03852410987,0.02640990540,-40362328.00000000000,0.25326070189,0.13587449491,0.22949039936,11.25616264343,143652069.60000000000,7.00000000000,14.28571414948,TRUE,55.79196166992,24.58880043030,9.19075489044,3.40314126015,2.59194946289,1.69359815121,3.00000000000
336,TBEI.NS,Tube Investments of India Ltd,India,Automobile Components,2024,3.58000111580,30.07828330994,9.27144241333,0.19402198493,0.32769185305,0.50163537264,0.10340193659,0.00723105296,14101814.00000000000,0.21846164763,0.13929548860,0.24655109644,12.40923690796,123380924.50000000000,6.00000000000,12.50000000000,TRUE,32.12826538086,31.15362358093,6.48422384262,3.43082690239,3.20181012154,2.11974430084,3.00000000000
337,TCIE.NS,TCI Express Ltd,India,Air Freight & Logistics,2022,3.42194628716,23.71461868286,7.95159149170,0.00961983297,0.16904781759,0.89658653736,0.11107534170,0.00000000000,-236124.64062500000,0.06455226243,0.00000000000,0.58807522058,6.01081180573,16952288.22000000000,4.00000000000,12.50000000000,TRUE,41.90718078613,13.51553153992,7.60936498642,3.37059593201,5.89714193344,2.62703824043,3.00000000000
337,TCIE.NS,TCI Express Ltd,India,Air Freight & Logistics,2023,2.95296549797,31.91514396667,8.00872802734,0.01229980495,0.15179558098,0.88146126270,0.13176853955,0.00000000000,385122.96875000000,0.14357857406,0.00000000000,0.54469555616,-0.41022792459,15797240.55000000000,4.00000000000,12.50000000000,TRUE,43.77001190186,38.05462646484,9.19075489044,3.40314126015,2.59194946289,1.75101828575,3.00000000000
337,TCIE.NS,TCI Express Ltd,India,Air Freight & Logistics,2024,2.75970172882,38.57951354980,8.03143787384,0.01073314063,0.14669351280,0.87370330095,0.08719204366,0.00000000000,-615564.68750000000,0.18341535330,0.00000000000,0.52015459538,-6.00119400024,10042129.90000000000,4.00000000000,12.50000000000,TRUE,45.10714340210,43.97864913940,6.48422384262,3.43082690239,3.20181012154,2.03302359581,3.00000000000
338,TCS.NS,Tata Consultancy Services Ltd,India,IT Services,2022,7.23696231842,71.62010192871,10.24264812469,0.05351859704,0.30322098732,0.81834405661,0.04876256734,0.03479962051,-652994176.00000000000,0.30841580033,0.00084231899,0.13243207335,8.62019348145,5148855891.00000000000,6.00000000000,22.22222137451,TRUE,53.55699539185,73.98874664307,7.60936498642,3.37059593201,5.89714193344,2.93171668053,3.00000000000
338,TCS.NS,Tata Consultancy Services Ltd,India,IT Services,2023,7.38373661041,69.14713287354,10.24478054047,0.05476991832,0.31481266022,0.82387417555,0.06062380597,0.04241749644,227114576.00000000000,0.30034661293,0.00139297603,0.12854987383,5.32060766220,5530773845.00000000000,5.00000000000,22.22222137451,TRUE,47.89418411255,75.83915710449,9.19075489044,3.40314126015,2.59194946289,2.78218054771,3.00000000000
338,TCS.NS,Tata Consultancy Services Ltd,India,IT Services,2024,6.97939586639,68.89524841309,10.27139949799,0.05883642659,0.33202612400,0.81699627638,0.06460255384,0.03074002825,-78876536.00000000000,0.29066440463,0.00154733798,0.13656039536,3.38582468033,5710590989.00000000000,5.00000000000,25.00000000000,TRUE,47.92457580566,75.70419311523,6.48422384262,3.43082690239,3.20181012154,2.95238709450,3.00000000000
340,TIME.NS,Time Technoplast Ltd,India,Containers & Packaging,2022,2.67291498184,27.13525390625,8.66845989227,0.23510347307,0.28047809005,0.68847858906,0.06448388100,0.00000000000,97857.83593750000,0.02582566626,0.25988152623,0.37871706486,8.57164001465,27235455.21000000000,5.00000000000,12.50000000000,TRUE,54.41718673706,18.66040802002,7.60936498642,3.37059593201,5.89714193344,1.00000000000,3.00000000000
340,TIME.NS,Time Technoplast Ltd,India,Containers & Packaging,2023,2.52673220634,25.06208992004,8.69335746765,0.20158566535,0.27849578857,0.73385953903,0.07959089428,0.00000000000,2631241.75000000000,0.03934490308,0.25530505180,0.34259179235,14.72870159149,37899196.16000000000,5.00000000000,11.11111068726,TRUE,45.72896575928,20.26029777527,9.19075489044,3.40314126015,2.59194946289,2.00530242920,3.00000000000
340,TIME.NS,Time Technoplast Ltd,India,Containers & Packaging,2024,2.33241295815,32.67999267578,8.71161746979,0.16641537845,0.24595737457,0.71810549498,0.11681189388,0.00000000000,4118197.75000000000,0.04201244935,0.26104548573,0.33007383347,6.61851453781,46160994.73000000000,4.00000000000,11.11111068726,TRUE,38.56987762451,30.38428115845,6.48422384262,3.43082690239,3.20181012154,1.78185856342,3.00000000000
341,TITN.NS,Titan Company Ltd,India,"Textiles, Apparel & Luxury Goods",2022,11.18298149109,59.16604232788,9.51707267761,0.34663066268,0.49084112048,0.87424200773,0.01749095321,0.00000000000,1582278.50000000000,0.11838759482,0.62032341957,0.10217222571,30.15788269043,398490749.80000000000,9.00000000000,15.38461494446,TRUE,58.94985580444,47.31278228760,7.60936498642,3.37059593201,5.89714193344,1.29141843319,3.00000000000
341,TITN.NS,Titan Company Ltd,India,"Textiles, Apparel & Luxury Goods",2023,9.76959896088,53.79024505615,9.57809352875,0.49217116833,0.52389860153,0.74599450827,0.02474438958,0.00000000000,21235752.00000000000,0.09265203774,0.60865294933,0.10675118864,24.10268974304,419436112.80000000000,7.00000000000,23.07692337036,TRUE,38.91102981567,49.64379119873,9.19075489044,3.40314126015,2.59194946289,1.36313843727,3.00000000000
341,TITN.NS,Titan Company Ltd,India,"Textiles, Apparel & Luxury Goods",2024,7.64968967438,54.32224273682,9.67731666565,0.51115703583,0.63456100225,0.88870894909,0.01577947475,0.00000000000,-234055.00000000000,0.06937724352,0.69739466906,0.09154427052,15.43780231476,390520772.40000000000,9.00000000000,16.66666603088,TRUE,48.99811172485,45.86036300659,6.48422384262,3.43082690239,3.20181012154,1.46240818501,3.00000000000
342,TLSV.NS,TeamLease Services Ltd,India,Professional Services,2022,1.65109252930,45.97929000854,8.33276844025,0.05663586408,0.42799615860,0.78799903393,0.19752764702,0.00000000000,-2589106.50000000000,0.26317313313,0.00922459736,0.04966623336,12.20205211639,13577142.16000000000,5.00000000000,22.22222137451,TRUE,84.76962280273,14.42809677124,7.60936498642,3.37059593201,5.89714193344,1.18055534363,3.00000000000
342,TLSV.NS,TeamLease Services Ltd,India,Professional Services,2023,1.50826549530,48.18425369263,8.36619472504,0.05411307886,0.49140107632,0.83573782444,0.14908906817,0.01350632682,872225.56250000000,0.18732132018,0.01065120474,0.04140184820,16.75283432007,13516496.70000000000,6.00000000000,30.00000000000,TRUE,78.84820556641,14.70033073425,9.19075489044,3.40314126015,2.59194946289,1.48050355911,3.00000000000
342,TLSV.NS,TeamLease Services Ltd,India,Professional Services,2024,1.37236869335,55.80870056152,8.39963436127,0.05504989251,0.48245826364,0.83725523949,0.04337573051,0.02332369611,-9142188.00000000000,0.12133439630,0.01362958085,0.03607665747,16.73733711243,12928028.09000000000,5.00000000000,30.00000000000,TRUE,84.04476165771,15.05835151672,6.48422384262,3.43082690239,3.20181012154,1.82963812351,3.00000000000
343,TMIN.NS,3M India Ltd,India,Industrial Conglomerates,2022,11.92845439911,66.26073455811,8.51901721954,0.00985380076,0.36116024852,0.94540560246,0.03999154270,0.27961724997,-64466784.00000000000,0.24531441927,0.23045495152,0.13344684243,9.65028381348,54895228.82000000000,6.00000000000,37.50000000000,TRUE,69.82501983643,66.55366516113,7.60936498642,3.37059593201,5.89714193344,2.36354160309,3.00000000000
343,TMIN.NS,3M India Ltd,India,Industrial Conglomerates,2023,10.07264232636,66.37293243408,8.59074020386,0.00559622794,0.32617270947,0.96201080084,0.07528566569,0.29693922400,29524104.00000000000,0.49218532443,0.16532596946,0.10603413731,4.29822587967,69996016.80000000000,5.00000000000,37.50000000000,TRUE,70.59131622314,66.06735229492,9.19075489044,3.40314126015,2.59194946289,1.85278844833,3.00000000000
343,TMIN.NS,3M India Ltd,India,Industrial Conglomerates,2024,11.08515262604,68.07301330566,8.54751682281,0.03301783651,0.34596917033,0.89286911488,0.03170719370,0.29845169187,-13049690.00000000000,0.28010863066,0.21637192369,0.14153730869,3.50747656822,55712978.35000000000,7.00000000000,42.85714340210,TRUE,78.20867919922,70.33815765381,6.48422384262,3.43082690239,3.20181012154,2.03144574165,3.00000000000
344,TORP.NS,Torrent Pharmaceuticals Ltd,India,Pharmaceuticals,2022,7.81707286835,67.23423767090,9.26177406311,0.35762149096,0.36286666989,0.61804354191,0.08638224751,0.00253000110,13404333.00000000000,0.05096962675,0.15193863213,0.23047392070,4.45799303055,151561587.10000000000,5.00000000000,28.57142829895,0,57.87078094482,79.26811218262,7.60936498642,3.37059593201,5.89714193344,1.94744205475,3.00000000000
344,TORP.NS,Torrent Pharmaceuticals Ltd,India,Pharmaceuticals,2023,7.85807418823,63.47055435181,9.25693607330,0.26705080271,0.36022847891,0.66125863791,0.08033730835,0.02651225962,39185364.00000000000,0.06592563540,0.15430746973,0.23755857348,9.92216396332,198725854.80000000000,7.00000000000,20.00000000000,0,52.61911773682,76.86405944824,9.19075489044,3.40314126015,2.59194946289,1.41207134724,3.00000000000
344,TORP.NS,Torrent Pharmaceuticals Ltd,India,Pharmaceuticals,2024,7.93823957443,62.29690551758,9.24408245087,0.21363413334,0.31469458342,0.63753998280,0.07249230891,0.01544523146,-30621416.00000000000,0.04455755278,0.17347532511,0.25503510237,4.70955181122,223668812.20000000000,5.00000000000,18.18181800842,0,46.09555435181,77.34741973877,6.48422384262,3.43082690239,3.20181012154,2.04309153557,3.00000000000
345,TVSM.NS,TVS Motor Company Ltd,India,Automobiles,2022,4.17548656464,48.40225219727,9.63228797913,0.63507610559,0.54547578096,0.64648675919,0.00000000000,0.05254150182,49356136.00000000000,0.07027513534,0.05453736335,0.12752877176,21.28093338013,159379260.00000000000,6.00000000000,16.66666603088,TRUE,68.35005950928,43.55559921265,7.60936498642,3.37059593201,5.89714193344,1.05478799343,3.00000000000
345,TVSM.NS,TVS Motor Company Ltd,India,Automobiles,2023,17.58326530457,45.47730636597,9.70461750031,0.61595016718,0.49924159050,0.59480881691,0.09990411997,0.00592130003,60541092.00000000000,0.07117153704,0.05325380340,0.10971292108,19.55082702637,210387522.50000000000,6.00000000000,16.66666603088,TRUE,59.10375595093,45.17838287354,9.19075489044,3.40314126015,2.59194946289,1.00000000000,3.00000000000
345,TVSM.NS,TVS Motor Company Ltd,India,Automobiles,2024,15.81202125549,59.67064666748,9.74895763397,0.59679919481,0.48341748118,0.58766078949,0.17603568733,0.00074326899,205874784.00000000000,0.10712660849,0.05041167885,0.12834618986,10.89942455292,275002925.70000000000,8.00000000000,18.18181800842,TRUE,68.71969604492,62.54106140137,6.48422384262,3.43082690239,3.20181012154,1.24665272236,3.00000000000
346,THYO.NS,Thyrocare Technologies Ltd,India,Health Care Providers & Services,2022,10.02121353149,28.74516105652,7.88655090332,0.03684094176,0.12185484916,0.78337734938,0.00000000000,0.02808509208,503894.84375000000,0.21294812858,0.04777784646,0.30729231238,-17.37416076660,7833495.61800000000,15.00000000000,14.28571414948,0,28.29716491699,23.32620048523,7.60936498642,3.37059593201,5.89714193344,1.71173810959,3.00000000000
346,THYO.NS,Thyrocare Technologies Ltd,India,Health Care Providers & Services,2023,9.91036987305,39.97826004028,7.88789939880,0.06575759500,0.14052307606,0.77260696888,0.00000000000,0.01444368530,-1014997.00000000000,0.22753322124,0.08127290756,0.31637883186,7.03385162354,8337132.57300000000,4.00000000000,12.50000000000,TRUE,33.21255111694,43.75286102295,9.19075489044,3.40314126015,2.59194946289,1.85533666611,3.00000000000
346,THYO.NS,Thyrocare Technologies Ltd,India,Health Care Providers & Services,2024,9.45245552063,46.92694854736,7.90886449814,0.03562612832,0.17587874830,0.83452051878,0.00000000000,0.02552147210,980690.43750000000,0.23485745490,0.07764706016,0.28626489639,17.23750495911,10620245.76000000000,7.00000000000,22.22222137451,TRUE,58.45017242432,35.46437835693,6.48422384262,3.43082690239,3.20181012154,1.78646349907,3.00000000000
347,TRCE.NS,Ramco Cements Limited,India,Construction Materials,2022,1.63490056992,41.30275726318,9.24953556061,0.30881741643,0.21158924699,0.39930409193,0.04426684603,0.00000000000,-991966.87500000000,0.01177796908,0.06433961540,0.81556165218,25.52071380615,41624878.29000000000,4.00000000000,16.66666603088,FALSE,53.13988876343,29.43927192688,7.60936498642,3.37059593201,5.89714193344,1.53499042988,3.00000000000
347,TRCE.NS,Ramco Cements Limited,India,Construction Materials,2023,1.46973335743,36.92249298096,9.29055500031,0.30336028337,0.24405431747,0.43956887722,0.02411977574,0.00000000000,-4009598.00000000000,0.00661077583,0.06479490548,0.79035419226,13.30376243591,47214157.17000000000,5.00000000000,14.28571414948,0,38.73755264282,35.10110473633,9.19075489044,3.40314126015,2.59194946289,1.50061106682,3.00000000000
347,TRCE.NS,Ramco Cements Limited,India,Construction Materials,2024,1.47271180153,42.93299102783,9.28126049042,0.28626778722,0.26413300633,0.48528721929,0.03974580020,0.00000000000,8806319.00000000000,0.01027590223,0.06635965407,0.80262345076,-11.38285446167,31379754.24000000000,8.00000000000,10.00000000000,FALSE,52.79630661011,29.02066421509,6.48422384262,3.43082690239,3.20181012154,1.43626105785,3.00000000000
348,TRIE.NS,Trident Ltd,India,"Textiles, Apparel & Luxury Goods",2022,2.00007081032,45.58088302612,8.91968059540,0.21119415760,0.21453152597,0.55573552847,0.00233450299,0.01855832711,-17565726.00000000000,0.05612735450,0.16205625236,0.64798778296,-16.40212059021,53750000.00000000000,5.00000000000,12.50000000000,TRUE,47.06544494629,45.04640197754,7.60936498642,3.37059593201,5.89714193344,3.12566637993,3.00000000000
348,TRIE.NS,Trident Ltd,India,"Textiles, Apparel & Luxury Goods",2023,1.80987358093,44.19392776489,8.95780467987,0.28107777238,0.22537575662,0.52483010292,0.00033439300,0.00415163813,-12037193.00000000000,0.07116702199,0.19673343003,0.61308717728,5.99089956284,41990401.92000000000,6.00000000000,6.66666650772,TRUE,26.15927696228,48.32424926758,9.19075489044,3.40314126015,2.59194946289,2.73888969421,3.00000000000
348,TRIE.NS,Trident Ltd,India,"Textiles, Apparel & Luxury Goods",2024,1.92380762100,58.39218902588,8.92324447632,0.22836111486,0.17449781299,0.49199324846,0.02568965964,0.00478164200,6716208.50000000000,0.08261071891,0.18253470957,0.62337446213,0.09600903094,43385605.62000000000,9.00000000000,14.28571414948,FALSE,57.04277420044,57.20400619507,6.48422384262,3.43082690239,3.20181012154,2.58141922951,3.00000000000
349,TRVT.NS,Triveni Turbine Ltd,India,Electrical Equipment,2022,11.92053699493,24.76324462891,8.21240615845,0.00277337898,0.41953021288,0.96995681524,0.05285872519,0.00000000000,-343476.15625000000,0.45964619517,0.16189336777,0.19851674139,35.23464202881,23476144.11000000000,6.00000000000,10.00000000000,TRUE,16.52989578247,30.02154922485,7.60936498642,3.37059593201,5.89714193344,1.73169434071,3.00000000000
349,TRVT.NS,Triveni Turbine Ltd,India,Electrical Equipment,2023,9.73467063904,27.81372833252,8.29754161835,0.00188551005,0.40433424711,0.96363973618,0.03905879706,0.00181415305,-71625.67187500000,0.63122862577,0.14621409774,0.16701941192,30.68225479126,32331973.61000000000,6.00000000000,10.00000000000,TRUE,22.95147705078,34.62009811401,9.19075489044,3.40314126015,2.59194946289,1.69741117954,3.00000000000
349,TRVT.NS,Triveni Turbine Ltd,India,Electrical Equipment,2024,8.13570117950,26.30286788940,8.37341690063,0.01939359121,0.36975064874,0.93013232946,0.09314895421,0.01419439539,8084143.00000000000,0.58221477270,0.11141940951,0.16634158790,18.29582786560,41969104.74000000000,7.00000000000,0.00000000000,TRUE,20.88638496399,36.83795928955,6.48422384262,3.43082690239,3.20181012154,1.75581705570,3.00000000000
350,UNOI.NS,UNO Minda Ltd,India,Automobile Components,2022,8.25343894958,37.40635299683,9.00487232208,0.16793240607,0.35531792045,0.71089422703,0.03826598823,0.00100978499,-10428432.00000000000,0.02419198677,0.17103397846,0.36307606101,24.87118911743,85227604.67000000000,8.00000000000,22.22222137451,TRUE,53.17000579834,25.09036445618,7.60936498642,3.37059593201,5.89714193344,1.97134780884,3.00000000000
350,UNOI.NS,UNO Minda Ltd,India,Automobile Components,2023,7.10154199600,40.56560134888,9.07486057281,0.17230452597,0.37091019750,0.74051553011,0.05109008029,0.00534889009,14075585.00000000000,0.03183754161,0.17717881501,0.35946416855,23.08620262146,110943011.40000000000,9.00000000000,20.00000000000,TRUE,40.94336318970,31.70590972900,9.19075489044,3.40314126015,2.59194946289,2.41164493561,3.00000000000
350,UNOI.NS,UNO Minda Ltd,India,Automobile Components,2024,6.10604810715,38.34809112549,9.13808536530,0.21057453752,0.34570643306,0.67480123043,0.02882407978,0.00688721985,-5000585.00000000000,0.02040286548,0.15962545574,0.41674494743,16.61670112610,119434757.20000000000,7.00000000000,20.00000000000,TRUE,36.14765930176,35.37834930420,6.48422384262,3.43082690239,3.20181012154,2.89879179001,3.00000000000
351,USBL.NS,Usha Martin Ltd,India,Metals & Mining,2022,3.49950218201,42.83481597900,8.57485198975,0.13494102657,0.22974054515,0.67151796818,0.14264562726,0.01587389037,-513631.93750000000,0.05455954745,0.30457782745,0.33377608657,12.30495929718,41243914.31000000000,6.00000000000,14.28571414948,TRUE,54.07092666626,29.84248542786,7.60936498642,3.37059593201,5.89714193344,2.20917272568,3.00000000000
351,USBL.NS,Usha Martin Ltd,India,Metals & Mining,2023,3.37764596939,60.75650405884,8.60155582428,0.10925399512,0.18494172394,0.64798098803,0.17032538354,0.01347695105,-45590.88281250000,0.05355512723,0.28058063984,0.37733662128,-2.71154093742,49390521.90000000000,5.00000000000,14.28571414948,TRUE,36.79397201538,57.99804687500,9.19075489044,3.40314126015,2.59194946289,3.33894300461,3.00000000000
351,USBL.NS,Usha Martin Ltd,India,Metals & Mining,2024,3.06353092194,62.41841506958,8.64208030701,0.11118374765,0.18542985618,0.69772905111,0.16449394822,0.03906145692,12983031.00000000000,0.08029800653,0.27138108015,0.38953131437,5.07192802429,45466354.59000000000,5.00000000000,14.28571414948,TRUE,36.96952056885,64.58480834961,6.48422384262,3.43082690239,3.20181012154,1.89066064358,3.00000000000
352,VARB.NS,Varun Beverages Ltd,India,Beverages,2022,14.24405956268,42.08833694458,9.14754581451,0.33428582549,0.34159675241,0.60909110308,0.02529257350,0.00464373082,433042.78125000000,0.01450019609,0.19352591038,0.59937727451,34.56824493408,187399688.10000000000,4.00000000000,20.00000000000,TRUE,51.30596542358,52.22420883179,7.60936498642,3.37059593201,5.89714193344,3.05730295181,3.00000000000
352,VARB.NS,Varun Beverages Ltd,India,Beverages,2023,10.91383838654,57.60174942017,9.26140594482,0.35762459040,0.27346822619,0.50337785482,0.04355111346,0.00403860305,10563770.00000000000,0.02072902396,0.15496408939,0.64265120029,21.19185066223,252652121.60000000000,6.00000000000,20.00000000000,TRUE,75.08560943604,61.13085174561,9.19075489044,3.40314126015,2.59194946289,2.77116131783,3.00000000000
352,VARB.NS,Varun Beverages Ltd,India,Beverages,2024,7.25675201416,61.22734832764,9.43219661713,0.12211652845,0.19549095631,0.69243478775,0.04884421825,0.08837275207,236584032.00000000000,0.14510010183,0.14613071084,0.56828707457,22.02265739441,307909039.90000000000,5.00000000000,20.00000000000,0,82.14346313477,56.36697006226,6.48422384262,3.43082690239,3.20181012154,3.40799713135,3.00000000000
353,VART.NS,Vardhman Textiles Ltd,India,"Textiles, Apparel & Luxury Goods",2022,0.99589550495,50.89231491089,9.13966751099,0.14803627133,0.12749458849,0.52176862955,0.05671216175,0.00003529650,1091772.12500000000,0.12558139861,0.22557392716,0.35156840086,-2.67170929909,97949123.66000000000,7.00000000000,20.00000000000,TRUE,49.80858230591,56.71806716919,7.60936498642,3.37059593201,5.89714193344,1.85782933235,3.00000000000
353,VART.NS,Vardhman Textiles Ltd,India,"Textiles, Apparel & Luxury Goods",2023,0.94994729757,48.32110214233,9.15757942200,0.14951851964,0.17211553454,0.71583592892,0.01641061530,0.00003839480,-4955009.00000000000,0.02431480214,0.35609337687,0.31865260005,-7.58086776733,76388722.26000000000,6.00000000000,30.00000000000,TRUE,49.53343582153,53.26983261108,9.19075489044,3.40314126015,2.59194946289,1.54673886299,3.00000000000
353,VART.NS,Vardhman Textiles Ltd,India,"Textiles, Apparel & Luxury Goods",2024,0.90375936031,43.60258483887,9.16283226013,0.09960183501,0.10955912620,0.53706902266,0.00000000000,0.00716049597,2253949.75000000000,0.05441335961,0.30256190896,0.35328304768,0.41799396276,103770626.10000000000,5.00000000000,30.00000000000,TRUE,30.70615768433,51.00088882446,6.48422384262,3.43082690239,3.20181012154,2.80459427834,3.00000000000
355,VIJA.NS,Vijaya Diagnostic Centre Ltd,India,Health Care Providers & Services,2022,11.56391429901,41.60905838013,8.01649570465,0.29008319974,0.07753475755,0.21436192095,0.18373037875,0.01407886390,1597736.12500000000,0.33071851730,0.00490832701,0.63684135675,-8.24639225006,10370861.73000000000,10.00000000000,12.50000000000,FALSE,52.96445083618,22.42597770691,7.60936498642,3.37059593201,5.89714193344,1.62037324905,3.00000000000
355,VIJA.NS,Vijaya Diagnostic Centre Ltd,India,Health Care Providers & Services,2023,10.16010951996,37.68500900269,8.07153892517,0.26373094320,0.07414469868,0.22381760180,0.13987612724,0.01225984935,-231457.70312500000,0.21183848381,0.00614121882,0.62108922005,17.58656692505,14353581.28000000000,5.00000000000,14.28571414948,FALSE,40.14834213257,22.01372909546,9.19075489044,3.40314126015,2.59194946289,1.37900364399,3.00000000000
355,VIJA.NS,Vijaya Diagnostic Centre Ltd,India,Health Care Providers & Services,2024,7.93737459183,45.04215621948,8.17332649231,0.25092068315,0.12767894566,0.34026613832,0.04247297347,0.00462250598,-1105512.00000000000,0.27889293432,0.00581666501,0.62339788675,21.32858276367,16827794.03000000000,5.00000000000,37.50000000000,TRUE,63.63960647583,21.16561889648,6.48422384262,3.43082690239,3.20181012154,1.37900364399,3.00000000000
356,VMAR.NS,V-mart Retail Ltd,India,Broadline Retail,2022,2.03440022469,55.64121246338,8.52349090576,0.48555976152,0.28195384145,0.40837290883,0.01530119311,0.00227173511,-1823271.62500000000,0.01262397133,0.32807293534,0.54424369335,36.66485214233,-955331.06130000000,5.00000000000,16.66666603088,TRUE,81.30442810059,35.26427459717,7.60936498642,3.37059593201,5.89714193344,2.66280817986,3.00000000000
356,VMAR.NS,V-mart Retail Ltd,India,Broadline Retail,2023,1.98644733429,57.73872375488,8.53322696686,0.48895910382,0.31356644630,0.42519325018,0.03052006289,0.00000000000,1100180.00000000000,0.01755772345,0.29828175902,0.56699573994,11.39992046356,-11608878.22000000000,6.00000000000,16.66666603088,TRUE,81.94846343994,40.54660415649,9.19075489044,3.40314126015,2.59194946289,2.48131227493,3.00000000000
356,VMAR.NS,V-mart Retail Ltd,India,Broadline Retail,2024,2.34915184975,54.38465118408,8.45500755310,0.32119578123,0.47946426272,0.71835601330,0.03374740109,0.00000000000,1426565.25000000000,0.02129229158,0.41578006744,0.41112533212,13.93932628632,5356348.74200000000,5.00000000000,16.66666603088,TRUE,76.36865234375,42.00006103516,6.48422384262,3.43082690239,3.20181012154,2.11126947403,3.00000000000
357,VODA.NS,Vodafone Idea Ltd,India,Wireless Telecommunication Services,2022,0.34774270654,54.03936004639,10.40181922913,1.14728283882,0.28962516785,0.21314743161,0.00378190307,0.00000869000,-149026288.00000000000,0.00375282997,0.00007865170,0.29010140896,1.16529703140,-3566346154.00000000000,13.00000000000,7.69230747223,TRUE,58.14653015137,35.64098739624,7.60936498642,3.37059593201,5.89714193344,2.69823503494,3.00000000000
357,VODA.NS,Vodafone Idea Ltd,India,Wireless Telecommunication Services,2023,0.41241770983,50.29476165771,10.34626102448,1.31790292263,0.29265931249,0.18723356724,0.00309375697,0.00000162000,-7318536.50000000000,0.00115389505,0.00000649000,0.28548896313,-0.31876105070,-3747858428.00000000000,11.00000000000,7.69230747223,TRUE,36.60581970215,43.90181732178,9.19075489044,3.40314126015,2.59194946289,2.42981672287,3.00000000000
357,VODA.NS,Vodafone Idea Ltd,India,Wireless Telecommunication Services,2024,0.35834348202,50.50679397583,10.36466026306,1.17871689796,0.28106763959,0.20737001300,0.00450966414,0.00003032350,10415448.00000000000,0.05358520150,0.00000556000,0.29649874568,-0.35449579358,-3204610884.00000000000,8.00000000000,8.33333301544,FALSE,34.38485336304,45.30898284912,6.48422384262,3.43082690239,3.20181012154,2.13677573204,3.00000000000
358,VOTL.NS,Voltamp Transformers Ltd,India,Electrical Equipment,2022,6.40133714676,22.65068054199,8.17259407043,0.00000000000,0.08343375474,0.88472676277,0.17373405397,0.00000000000,538084.25000000000,0.07400656492,0.14538146555,0.05496751517,13.51867771149,24335783.84000000000,5.00000000000,28.57142829895,TRUE,30.63792991638,11.74086952209,7.60936498642,3.37059593201,5.89714193344,1.40739369392,3.00000000000
358,VOTL.NS,Voltamp Transformers Ltd,India,Electrical Equipment,2023,5.11875295639,25.66551399231,8.26124572754,0.00211317395,0.09678118676,0.87906622887,0.19852307439,0.00000000000,1380228.00000000000,0.04886231571,0.15354183316,0.05056688190,15.02006626129,36875908.82000000000,4.00000000000,33.33333206177,TRUE,34.73571014404,17.16728973389,9.19075489044,3.40314126015,2.59194946289,1.00000000000,3.00000000000
358,VOTL.NS,Voltamp Transformers Ltd,India,Electrical Equipment,2024,4.38702344894,24.21927833557,8.31764793396,0.00119820202,0.09035880119,0.85325372219,0.24058783054,0.00000000000,1097320.12500000000,0.10411760211,0.13652132452,0.06800740957,16.73484611511,38082293.74000000000,4.00000000000,33.33333206177,TRUE,25.34310722351,18.33793258667,6.48422384262,3.43082690239,3.20181012154,1.66045236588,3.00000000000
359,VRLL.NS,VRL Logistics Ltd,India,Ground Transportation,2022,2.42393732071,16.23981475830,8.36219787598,0.38045683503,0.16183838248,0.33427125216,0.03792537004,0.00000000000,361441.09375000000,0.01787763648,0.02929425053,0.80325335264,13.09003734589,20221214.70000000000,5.00000000000,16.66666603088,TRUE,24.12632560730,12.33211803436,7.60936498642,3.37059593201,5.89714193344,1.09726309776,3.00000000000
359,VRLL.NS,VRL Logistics Ltd,India,Ground Transportation,2023,2.10956239700,18.72050476074,8.42426490784,0.46808749437,0.17455174029,0.30473059416,0.04725253955,0.00000000000,809970.00000000000,0.00951516628,0.02063692547,0.86853021383,7.50823545456,10685182.96000000000,6.00000000000,16.66666603088,TRUE,25.04288673401,20.23727035522,9.19075489044,3.40314126015,2.59194946289,1.26891016960,3.00000000000
359,VRLL.NS,VRL Logistics Ltd,India,Ground Transportation,2024,1.82947683334,28.45178604126,8.48086261749,0.47405394912,0.15142665803,0.26083174348,0.13569565117,0.00000000000,4080702.25000000000,0.02340809815,0.01887453161,0.87272429466,6.73833656311,21408180.22000000000,5.00000000000,15.38461494446,TRUE,46.00081634521,26.33384895325,6.48422384262,3.43082690239,3.20181012154,1.94779574871,3.00000000000
360,VST.NS,VST Tillers Tractors Ltd,India,Machinery,2022,3.96279621124,34.02500152588,8.12308120728,0.00173112797,0.19822165370,0.81181478500,0.04587257653,0.00091676501,-1737354.00000000000,0.39274048805,0.10148731619,0.22718493640,8.88995742798,11241260.95000000000,5.00000000000,10.00000000000,FALSE,59.71266174316,14.45611572266,7.60936498642,3.37059593201,5.89714193344,2.15428280830,3.00000000000
360,VST.NS,VST Tillers Tractors Ltd,India,Machinery,2023,3.77647256851,32.19064712524,8.14610767365,0.00116082304,0.16058315337,0.77038192749,0.08123202622,0.02438199334,3929502.00000000000,0.43523472548,0.10340888053,0.19824026525,-5.18759489059,14525134.97000000000,5.00000000000,11.11111068726,FALSE,67.33887481689,12.45418643951,9.19075489044,3.40314126015,2.59194946289,1.26115572453,3.00000000000
360,VST.NS,VST Tillers Tractors Ltd,India,Machinery,2024,3.58919000626,34.87097930908,8.17043685913,0.00155235897,0.16061131656,0.77171349525,0.23208619654,0.01897767000,3218162.75000000000,0.46384719014,0.08288720995,0.17906154692,0.21270588040,10879637.21000000000,7.00000000000,11.11111068726,FALSE,55.44378280640,16.03274345398,6.48422384262,3.43082690239,3.20181012154,1.99964606762,3.00000000000
361,WCKH.NS,Wockhardt Ltd,India,Pharmaceuticals,2022,2.94377136230,44.49689483643,8.97087001801,0.28426396847,0.44709098339,0.79348582029,0.02620087378,0.00000000000,-34079844.00000000000,0.01008664072,0.09449433535,0.31706365943,-24.17776870728,-75584225.90000000000,6.00000000000,27.27272796631,TRUE,57.28422164917,42.26120376587,7.60936498642,3.37059593201,5.89714193344,2.40936017036,3.00000000000
361,WCKH.NS,Wockhardt Ltd,India,Pharmaceuticals,2023,2.92911958694,39.14789581299,8.96269893646,0.30801412463,0.36488428712,0.65058273077,0.18093873560,0.00000000000,49790040.00000000000,0.06479110569,0.08981566131,0.30186951160,4.03819513321,-56628674.27000000000,6.00000000000,20.00000000000,TRUE,48.01573562622,41.10139083862,9.19075489044,3.40314126015,2.59194946289,2.14570879936,3.00000000000
361,WCKH.NS,Wockhardt Ltd,India,Pharmaceuticals,2024,2.86417651176,45.40603637695,8.97864532471,0.24843269587,0.25101414323,0.53992599249,0.05484818667,0.00000000000,-45991808.00000000000,0.06809733808,0.10116779059,0.27424708009,5.00277948380,-6670567.58300000000,5.00000000000,27.27272796631,TRUE,69.76878356934,44.00885772705,6.48422384262,3.43082690239,3.20181012154,2.29357910156,3.00000000000
362,WEST.NS,Westlife Foodworld Ltd,India,"Hotels, Restaurants & Leisure",2022,4.87697219849,51.46328353882,8.40733432770,0.57315522432,0.00000000000,0.00000000000,0.00000000000,0.00000000000,-1810613.37500000000,0.00423996290,0.03403047100,0.75828725100,33.50144958496,13580817.92000000000,4.00000000000,25.00000000000,TRUE,64.15760803223,38.93588256836,7.60936498642,3.37059593201,5.89714193344,1.86775290966,3.00000000000
362,WEST.NS,Westlife Foodworld Ltd,India,"Hotels, Restaurants & Leisure",2023,4.58429622650,52.83754348755,8.43813037872,0.59608566761,0.00000000000,0.00000000000,0.00000000000,0.00000000000,703659.25000000000,0.00662748795,0.02766615711,0.77673792839,3.86392068863,8303659.26800000000,4.00000000000,28.57142829895,TRUE,41.64962005615,49.91202926636,9.19075489044,3.40314126015,2.59194946289,2.17798876762,3.00000000000
362,WEST.NS,Westlife Foodworld Ltd,India,"Hotels, Restaurants & Leisure",2024,4.11546468735,60.84303283691,8.48457908630,0.62240940332,0.00000000000,0.00000000000,0.00000000000,0.01288390998,5214043.50000000000,0.02503478527,0.03096854873,0.76377046108,1.48503351212,1421533.06000000000,4.00000000000,25.00000000000,TRUE,59.74802780151,47.88982772827,6.48422384262,3.43082690239,3.20181012154,2.14582490921,3.00000000000
363,WGSR.NS,Welspun Corp Ltd,India,Metals & Mining,2022,1.43576478958,65.21131134033,9.27114677429,0.21915842593,0.53230315447,0.76977008581,0.05763858557,0.03557579964,45780184.00000000000,0.20880205929,0.37641400099,0.29899942875,38.57979202271,24241723.47000000000,9.00000000000,37.50000000000,TRUE,85.97702026367,70.94578552246,7.60936498642,3.37059593201,5.89714193344,3.05314779282,3.00000000000
363,WGSR.NS,Welspun Corp Ltd,India,Metals & Mining,2023,1.87707972527,63.76104354858,9.15282154083,0.16443309188,0.33559179306,0.63793361187,0.09688848257,0.03657481819,-23709658.00000000000,0.09467382729,0.20559769869,0.37692600489,75.15745544434,136292741.50000000000,9.00000000000,37.50000000000,TRUE,84.94738006592,75.89949035645,9.19075489044,3.40314126015,2.59194946289,2.52665734291,3.00000000000
363,WGSR.NS,Welspun Corp Ltd,India,Metals & Mining,2024,1.47270417213,59.62672042847,9.25118541718,0.07242671400,0.41492047906,0.81321680546,0.07154731452,0.04559911042,38430660.00000000000,0.14473861456,0.28965827823,0.33062851429,-21.37055587769,222619075.50000000000,6.00000000000,36.36363601685,TRUE,78.81641387939,68.09954071045,6.48422384262,3.43082690239,3.20181012154,2.00682020187,3.00000000000
364,ZENT.NS,Zensar Technologies Ltd,India,IT Services,2022,4.11116409302,58.51634597778,8.70034217834,0.06624605507,0.20825041831,0.74965059757,0.34141224623,0.04401844367,-3773125.50000000000,0.28211587667,0.00131036201,0.07915554196,5.53948593140,39873417.72000000000,9.00000000000,9.09090900421,TRUE,57.01531219482,46.39428329468,7.60936498642,3.37059593201,5.89714193344,2.59721469879,3.00000000000
364,ZENT.NS,Zensar Technologies Ltd,India,IT Services,2023,3.77191352844,81.55415344238,8.74634170532,0.04012650996,0.18374285102,0.78644442558,0.26733019948,0.04623692855,-3743251.25000000000,0.32831913233,0.00230216398,0.04927062243,-0.33590063453,79784043.19000000000,5.00000000000,10.00000000000,TRUE,88.13591003418,52.78335952759,9.19075489044,3.40314126015,2.59194946289,2.33568549156,3.00000000000
364,ZENT.NS,Zensar Technologies Ltd,India,IT Services,2024,3.44682073593,74.03076934814,8.78202247620,0.02420305833,0.17054264247,0.79967367649,0.14826570451,0.02706412226,-20175542.00000000000,0.41860258579,0.00144986401,0.03653656691,5.07813644409,76044470.45000000000,8.00000000000,11.11111068726,TRUE,71.07659912109,53.63048934937,6.48422384262,3.43082690239,3.20181012154,2.26041793823,3.00000000000
365,ZYDU.NS,Zydus Lifesciences Ltd,India,Pharmaceuticals,2022,3.63445377350,56.84666824341,9.49622440338,0.04639235139,0.21473109722,0.67115259171,0.08819860220,0.00000000000,-20691334.00000000000,0.03947177157,0.13895963132,0.26504868269,5.39002943039,243658714.70000000000,8.00000000000,12.50000000000,TRUE,66.95555114746,47.71060562134,7.60936498642,3.37059593201,5.89714193344,2.93271207809,3.00000000000
365,ZYDU.NS,Zydus Lifesciences Ltd,India,Pharmaceuticals,2023,3.34600257874,63.16223144531,9.54567718506,0.02746509761,0.18243695796,0.56520265341,0.07731331140,0.00000000000,-8974205.00000000000,0.05178064480,0.12286891043,0.23615474999,11.78204917908,459676064.80000000000,5.00000000000,20.00000000000,TRUE,67.81888580322,55.98169326782,9.19075489044,3.40314126015,2.59194946289,3.06226730347,3.00000000000
365,ZYDU.NS,Zydus Lifesciences Ltd,India,Pharmaceuticals,2024,2.60600757599,61.02923965454,9.63885116577,0.08637239784,0.24304266274,0.68245702982,0.09144399315,0.00000000000,48425980.00000000000,0.25996944308,0.11006755382,0.19783774018,15.97615051270,540058513.80000000000,5.00000000000,20.00000000000,TRUE,58.06809234619,64.23423004150,6.48422384262,3.43082690239,3.20181012154,2.56964516640,3.00000000000
366,ADVA.KL,Advance Synergy Bhd,Malaysia,Industrial Conglomerates,2022,0.20627124608,36.06999969482,8.27769088745,0.21975474060,0.15348273516,0.37036457658,1.36801362038,0.00000000000,10556364.00000000000,0.21740630269,0.04315450415,0.37974739075,97.84399414063,-10097954.55000000000,7.00000000000,44.43999862671,0,28.54999923706,30.20000076294,8.86182212830,4.06996726990,6.40348529816,1.87773096561,3.00000000000
366,ADVA.KL,Advance Synergy Bhd,Malaysia,Industrial Conglomerates,2023,0.23958143592,43.52000045776,8.21174812317,0.22131806612,0.18236236274,0.41710785031,0.47787967324,0.00000000000,5296514.00000000000,0.13406687975,0.06022908539,0.38379716873,13.39371776581,-17565359.48000000000,5.00000000000,37.50000000000,0,54.33000183105,28.92000007629,3.55548715591,4.05610752106,-1.87225568295,1.62451291084,3.00000000000
366,ADVA.KL,Advance Synergy Bhd,Malaysia,Industrial Conglomerates,2024,0.31569644809,48.81999969482,8.12411594391,0.19221635163,0.14523230493,0.35990813375,0.75682061911,0.00000000000,-2958146.75000000000,0.13937103748,0.10669922829,0.38988506794,-3.36365556717,-16927484.33000000000,7.00000000000,55.56000137329,0,61.31999969482,33.81999969482,5.11415529251,4.07435035706,0.78250986338,1.60709345341,3.00000000000
367,ADVE.KL,Adventa Bhd,Malaysia,Health Care Equipment & Supplies,2022,0.70953261852,22.75000000000,7.22785854340,0.00816795975,0.15311147273,1.00114142895,0.71986263990,0.00000000000,335831.81250000000,0.10491175205,0.26557856798,0.18994510174,-42.77984619141,-1183000.00000000000,6.00000000000,20.00000000000,FALSE,46.56999969482,13.06999969482,8.86182212830,4.06996726990,6.40348529816,1.37127709389,3.00000000000
367,ADVE.KL,Adventa Bhd,Malaysia,Health Care Equipment & Supplies,2023,0.54200643301,23.06999969482,7.35686302185,0.07411345840,0.06510910392,0.54415178299,5.01883172989,0.00000000000,5056255.00000000000,0.43979343772,0.11882866919,0.28584018350,-39.39807891846,-1995331.15000000000,8.00000000000,16.67000007629,0,46.52999877930,13.18999958038,3.55548715591,4.05610752106,-1.87225568295,1.40739369392,3.00000000000
367,ADVE.KL,Adventa Bhd,Malaysia,Health Care Equipment & Supplies,2024,0.48982781172,24.29999923706,7.40082406998,0.08314569294,0.12878842652,1.00032055378,0.31119474769,0.00000000000,-869964.18750000000,0.07191137224,0.13350588083,0.47161778808,60.57664108276,486025.07000000000,5.00000000000,16.67000007629,0,31.50000000000,24.92000007629,5.11415529251,4.07435035706,0.78250986338,1.66331052780,3.00000000000
368,AEOM.KL,AEON CO (M) Bhd,Malaysia,Consumer Staples Distribution & Retail,2022,0.36549538374,48.83000183105,9.09105300903,0.41965562105,0.35384199023,0.53050690889,0.02456849068,0.00000000000,9979773.00000000000,0.03833253682,0.11158182472,0.76716256142,7.95007801056,25280000.00000000000,5.00000000000,12.50000000000,TRUE,66.80999755859,18.19000053406,8.86182212830,4.06996726990,6.40348529816,2.05314636230,3.00000000000
368,AEOM.KL,AEON CO (M) Bhd,Malaysia,Consumer Staples Distribution & Retail,2023,0.38352298737,52.61999893188,9.05615234375,0.39128595591,0.28707161546,0.44568797946,0.03322972357,0.00000000000,-29987800.00000000000,0.01763563417,0.10593862832,0.79665315151,-4.41851329803,25017864.92000000000,8.00000000000,18.18000030518,0,67.01999664307,26.14999961853,3.55548715591,4.05610752106,-1.87225568295,1.71960616112,3.00000000000
368,AEOM.KL,AEON CO (M) Bhd,Malaysia,Consumer Staples Distribution & Retail,2024,0.34344226122,54.25999832153,9.10076236725,0.40937632322,0.27252009511,0.41530740261,0.04197032377,0.02140393108,60771264.00000000000,0.07303375751,0.10899188370,0.75697577000,6.02680683136,28655326.77000000000,6.00000000000,36.36000061035,0,87.38999938965,28.55999946594,5.11415529251,4.07435035706,0.78250986338,1.86722779274,3.00000000000
369,AJIY.KL,Ajiya Bhd,Malaysia,Building Products,2022,1.59554004669,43.45000076294,8.03905105591,0.02525601536,0.10901209712,0.60160303116,0.93312072754,0.00000000000,2520220.50000000000,0.33840939403,0.13985130191,0.30307629704,3.52213120461,6960927.30000000000,5.00000000000,14.28999996185,FALSE,65.34999847412,39.47999954224,8.86182212830,4.06996726990,6.40348529816,1.00000000000,3.00000000000
369,AJIY.KL,Ajiya Bhd,Malaysia,Building Products,2023,1.40885674953,45.49000167847,8.09575271606,0.00860669743,0.10629012436,0.61843007803,0.52184373140,0.00000000000,-2136523.50000000000,0.43474155664,0.12915289402,0.26154378057,-1.10308277607,12173364.83000000000,5.00000000000,14.28999996185,FALSE,73.58999633789,37.04999923706,3.55548715591,4.05610752106,-1.87225568295,1.38964557648,3.00000000000
369,AJIY.KL,Ajiya Bhd,Malaysia,Building Products,2024,1.01854395866,45.25999832153,8.23663997650,0.02065768279,0.07910730690,0.62377279997,0.69296801090,0.00000000000,1898643.75000000000,0.21315652132,0.09752459079,0.26908120513,30.42879867554,14199071.17000000000,5.00000000000,14.28999996185,0,76.18000030518,43.75000000000,5.11415529251,4.07435035706,0.78250986338,2.40492892265,3.00000000000
370,ALDR.KL,Aldrich Resources Bhd,Malaysia,Software,2022,0.84063529968,22.36000061035,6.79933071136,0.02022231370,0.15933039784,1.05237150192,1.36741662025,0.00000000000,917163.62500000000,0.24517114460,0.00000000000,0.07830009609,28.52893829346,-100070.45000000000,6.00000000000,12.50000000000,TRUE,25.23999977112,7.90999984741,8.86182212830,4.06996726990,6.40348529816,1.00000000000,3.00000000000
370,ALDR.KL,Aldrich Resources Bhd,Malaysia,Software,2023,0.80096971989,15.76000022888,6.81939363480,0.01305495109,0.27792927623,1.06053209305,0.36613011360,0.00000000000,-644370.37500000000,0.10656945407,0.00000000000,0.04178772867,40.75171661377,-249082.79000000000,5.00000000000,16.67000007629,0,10.43000030518,6.75000000000,3.55548715591,4.05610752106,-1.87225568295,1.37127709389,3.00000000000
370,ALDR.KL,Aldrich Resources Bhd,Malaysia,Software,2024,0.67000257969,20.76000022888,6.89693355560,0.07294797152,0.27571877837,0.83600872755,0.34314885736,0.00000000000,56542.07812500000,0.11310676485,0.00000000000,0.05722645298,32.98308944702,350333.48000000000,5.00000000000,33.33000183105,0,17.97999954224,20.01000022888,5.11415529251,4.07435035706,0.78250986338,0.00000000000,3.00000000000
371,AMRY.KL,AmanahRaya Real Estate Investment Trust,Malaysia,Diversified REITs,2022,0.16350977123,16.52000045776,8.50647258759,0.45042821765,0.03895154223,0.08131645620,0.12851172686,0.00000000000,-385950.00000000000,0.02746258490,0.00000000000,0.00000000000,-14.88946533203,2795579.55000000000,6.00000000000,0.00000000000,FALSE,2.06999993324,10.27000045776,8.86182212830,4.06996726990,6.40348529816,1.37430274487,3.00000000000
371,AMRY.KL,AmanahRaya Real Estate Investment Trust,Malaysia,Diversified REITs,2023,0.16959877312,19.79999923706,8.48398780823,0.39917826653,0.07679054141,0.15962751210,0.15765935183,0.00000000000,-3296928.00000000000,0.01806869730,0.00000000000,0.00000000000,-10.85913658142,1098015.25000000000,8.00000000000,22.21999931335,FALSE,5.09000015259,8.57999992371,3.55548715591,4.05610752106,-1.87225568295,1.24803209305,3.00000000000
371,AMRY.KL,AmanahRaya Real Estate Investment Trust,Malaysia,Diversified REITs,2024,0.17632180452,17.09000015259,8.46710395813,0.42043423653,0.43315878510,0.96605676413,0.00698497798,0.00000000000,-2903672.75000000000,0.00291024009,0.00000000000,0.00000000000,9.99501800537,403484.78000000000,6.00000000000,37.50000000000,0,3.90000009537,7.03999996185,5.11415529251,4.07435035706,0.78250986338,1.24640488625,3.00000000000
372,ANCM.KL,Ancom Nylex Bhd,Malaysia,Chemicals,2022,0.97396945953,36.27000045776,8.41690349579,0.33846399188,0.48008254170,0.81092911959,0.18274068832,0.00000000000,9463690.00000000000,0.14295543730,0.17522466183,0.26538321376,-3.69491004944,16654454.80000000000,5.00000000000,0.00000000000,TRUE,74.61000061035,18.76000022888,8.86182212830,4.06996726990,6.40348529816,2.61414408684,3.00000000000
372,ANCM.KL,Ancom Nylex Bhd,Malaysia,Chemicals,2023,0.97474491596,36.38000106812,8.41671943665,0.29178470373,0.46134221554,0.83325684071,0.18698246777,0.00000000000,-6653911.50000000000,0.11272969097,0.17822709680,0.27234283090,-4.17669582367,17186437.07000000000,4.00000000000,12.50000000000,TRUE,68.00000000000,19.40999984741,3.55548715591,4.05610752106,-1.87225568295,2.28557968140,3.00000000000
372,ANCM.KL,Ancom Nylex Bhd,Malaysia,Chemicals,2024,0.85981231928,36.29000091553,8.46881389618,0.30543744564,0.40134742856,0.77138406038,0.23736158013,0.00000000000,4374794.50000000000,0.13674947619,0.14662873745,0.31904026866,3.85147380829,15313190.69000000000,4.00000000000,12.50000000000,TRUE,67.66000366211,19.51000022888,5.11415529251,4.07435035706,0.78250986338,1.55874204636,3.00000000000
373,ANCO.KL,Ancom Logistics Bhd,Malaysia,Ground Transportation,2022,1.11662697792,22.45999908447,6.98117351532,0.08382949233,0.25250717998,0.48910325766,0.53388917446,0.00000000000,43572.51171875000,0.13034027815,0.00000000000,0.52708667517,-3.16754174232,108822.89000000000,4.00000000000,0.00000000000,FALSE,54.88000106812,9.31000041962,8.86182212830,4.06996726990,6.40348529816,0.00000000000,3.00000000000
373,ANCO.KL,Ancom Logistics Bhd,Malaysia,Ground Transportation,2023,0.93340951204,15.43999958038,7.05808067322,0.28716221452,0.22938014567,0.34124612808,0.37360143661,0.00000000000,-286989.81250000000,0.11757289618,0.00000000000,0.66312694550,0.88256454468,-625425.17000000000,5.00000000000,0.00000000000,FALSE,35.00000000000,7.30999994278,3.55548715591,4.05610752106,-1.87225568295,0.00000000000,3.00000000000
373,ANCO.KL,Ancom Logistics Bhd,Malaysia,Ground Transportation,2024,0.45147114992,23.47999954224,7.35004186630,0.59297221899,0.17040179670,0.20645079017,0.27659311891,0.00000000000,36679.98828125000,0.10984115303,0.00000000000,0.82826447487,17.42866325378,166235.60000000000,5.00000000000,14.28999996185,FALSE,38.45000076294,7.17999982834,5.11415529251,4.07435035706,0.78250986338,1.00000000000,3.00000000000
374,ANNJ.KL,Ann Joo Resources Bhd,Malaysia,Metals & Mining,2022,0.19178201258,41.11000061035,8.79209995270,0.46606540680,0.53344964981,0.94840329885,0.07709821314,0.00000000000,12709773.00000000000,0.04793235287,0.33429449797,0.31810659170,19.88906478882,-30259318.18000000000,5.00000000000,11.10999965668,0,41.15000152588,43.41999816895,8.86182212830,4.06996726990,6.40348529816,1.49796462059,3.00000000000
374,ANNJ.KL,Ann Joo Resources Bhd,Malaysia,Metals & Mining,2023,0.17020775378,52.88000106812,8.83986473083,0.47260290384,0.53011780977,0.85183614492,0.03731013834,0.00000000000,-2926579.50000000000,0.04173154384,0.30564165115,0.37741890550,-20.78243446350,-1551198.26000000000,7.00000000000,11.10999965668,0,62.00999832153,49.15999984741,3.55548715591,4.05610752106,-1.87225568295,1.28192055225,3.00000000000
374,ANNJ.KL,Ann Joo Resources Bhd,Malaysia,Metals & Mining,2024,0.17386826873,60.86999893188,8.83375930786,0.46903660893,0.56708019972,0.85273438692,0.03427525237,0.00000000000,-2162936.50000000000,0.03470395133,0.26505109668,0.38546854258,3.39236497879,-66393464.64000000000,5.00000000000,16.67000007629,0,80.98999786377,47.04000091553,5.11415529251,4.07435035706,0.78250986338,1.42499399185,3.00000000000
376,APER.KL,Apex Healthcare Bhd,Malaysia,Pharmaceuticals,2022,2.52942371368,36.25000000000,8.22885322571,0.02146832645,0.22891186178,0.91312253475,0.61673176289,0.00000000000,13784668.00000000000,0.24276252091,0.14831033349,0.26219579577,7.77247333527,22947990.91000000000,4.00000000000,12.50000000000,TRUE,76.01000213623,9.31999969482,8.86182212830,4.06996726990,6.40348529816,1.63461923599,3.00000000000
376,APER.KL,Apex Healthcare Bhd,Malaysia,Pharmaceuticals,2023,1.74794447422,56.52999877930,8.38841915131,0.00938074756,0.16978044808,0.93273824453,0.45603999496,0.00000000000,47016968.00000000000,0.49260351062,0.11312112212,0.18317019939,2.24165630341,86707814.81000000000,5.00000000000,12.50000000000,TRUE,76.41999816895,52.45000076294,3.55548715591,4.05610752106,-1.87225568295,1.30858826637,3.00000000000
376,APER.KL,Apex Healthcare Bhd,Malaysia,Pharmaceuticals,2024,1.89329254627,58.88999938965,8.35372924805,0.05632988736,0.16157759726,0.74345052242,0.53362077475,0.00000000000,-37623588.00000000000,0.19584940374,0.13118717074,0.26253786683,5.54079198837,17131743.51000000000,4.00000000000,14.28999996185,TRUE,72.18000030518,50.08000183105,5.11415529251,4.07435035706,0.78250986338,3.77334094048,3.00000000000
377,APMA.KL,APM Automotive Holdings Bhd,Malaysia,Automobile Components,2022,0.34283170104,22.06999969482,8.64807033539,0.07305171341,0.22480241954,0.65766888857,0.38788959384,0.00000000000,12298636.00000000000,0.18258108199,0.19148401916,0.32058072090,34.45442199707,9473409.09000000000,6.00000000000,22.21999931335,TRUE,21.85000038147,7.00000000000,8.86182212830,4.06996726990,6.40348529816,1.38732528687,3.00000000000
377,APMA.KL,APM Automotive Holdings Bhd,Malaysia,Automobile Components,2023,0.32546541095,36.22000122070,8.66971778870,0.06297517568,0.21315798163,0.63917958736,0.44851127267,0.00000000000,27360130.00000000000,0.23669920862,0.17360797524,0.33383500576,6.18187332153,18824836.60000000000,5.00000000000,22.21999931335,TRUE,36.79000091553,16.42000007629,3.55548715591,4.05610752106,-1.87225568295,1.75186276436,3.00000000000
377,APMA.KL,APM Automotive Holdings Bhd,Malaysia,Automobile Components,2024,0.27985340357,41.41999816895,8.73255252838,0.14868317544,0.23290583491,0.57713007927,0.24753175676,0.00000000000,11130260.00000000000,0.30645367503,0.15142595768,0.28281962872,10.88003158569,25974709.04000000000,5.00000000000,22.21999931335,TRUE,38.36000061035,21.92000007629,5.11415529251,4.07435035706,0.78250986338,1.50730407238,3.00000000000
379,ASPY.KL,Asia Poly Holdings Bhd,Malaysia,Chemicals,2022,0.72465831041,13.78999996185,7.72941875458,0.28562197089,0.23875766993,0.59692347050,0.28190892935,0.00000000000,-5010972.50000000000,0.12667077780,0.17768512666,0.47799113393,3.51152563095,-2274706.82000000000,5.00000000000,0.00000000000,0,27.67000007629,7.53999996185,8.86182212830,4.06996726990,6.40348529816,2.10281586647,3.00000000000
379,ASPY.KL,Asia Poly Holdings Bhd,Malaysia,Chemicals,2023,0.83441537619,13.27000045776,7.66724109650,0.28503188491,0.24650605023,0.61545592546,0.24202698469,0.00000000000,-698333.31250000000,0.11442611367,0.18007700145,0.53829717636,15.43997001648,-2480483.66000000000,6.00000000000,0.00000000000,0,28.77000045776,4.94999980927,3.55548715591,4.05610752106,-1.87225568295,1.72062110901,3.00000000000
379,ASPY.KL,Asia Poly Holdings Bhd,Malaysia,Chemicals,2024,0.84004974365,32.04000091553,7.66431856155,0.31782373786,0.26426386833,0.63872683048,0.10755315423,0.00000000000,-2060731.87500000000,0.10345295072,0.17432968318,0.54778850079,8.45996284485,-2512003.13000000000,5.00000000000,20.00000000000,0,30.42000007629,44.84000015259,5.11415529251,4.07435035706,0.78250986338,1.64904582500,3.00000000000
381,AXIA.KL,Axiata Group Bhd,Malaysia,Wireless Telecommunication Services,2022,0.30491656065,74.47000122070,10.26845455170,0.43948066235,0.25812199712,0.36518537998,0.13998274505,0.00000000000,3150909.00000000000,0.09720260650,0.00265003811,0.44726151228,-5.24099111557,-548715909.10000000000,23.00000000000,20.00000000000,TRUE,88.68000030518,69.41999816895,8.86182212830,4.06996726990,6.40348529816,2.11840581894,3.00000000000
381,AXIA.KL,Axiata Group Bhd,Malaysia,Wireless Telecommunication Services,2023,0.32917341590,72.48999786377,10.23260211945,0.47111964226,0.19349287450,0.26925113797,0.14667123556,0.00000000000,-640003264.00000000000,0.05415496975,0.00279131811,0.48945856094,6.86400842667,-142642047.90000000000,30.00000000000,22.21999931335,FALSE,86.44000244141,65.41000366211,3.55548715591,4.05610752106,-1.87225568295,2.37221527100,3.00000000000
381,AXIA.KL,Axiata Group Bhd,Malaysia,Wireless Telecommunication Services,2024,0.34578678012,67.55999755859,10.22120285034,0.46029916406,0.21890166402,0.30616638064,0.13601519167,0.00000000000,34263652.00000000000,0.06367441267,0.00164967298,0.47470933199,2.80551505089,357846687.60000000000,18.00000000000,27.27000045776,TRUE,84.09999847412,60.43000030518,5.11415529251,4.07435035706,0.78250986338,2.47047543526,3.00000000000
382,AXSR.KL,Axis Real Estate Investment Trust,Malaysia,Diversified REITs,2022,1.01359951496,41.52000045776,8.98551559448,0.36328449845,0.20377740264,0.51502108574,0.02588877082,0.00000000000,-33313410.00000000000,0.01072768588,0.00000000000,0.00043682900,9.34950351715,43265227.27000000000,4.00000000000,14.28999996185,TRUE,24.04999923706,47.11000061035,8.86182212830,4.06996726990,6.40348529816,2.48734021187,3.00000000000
382,AXSR.KL,Axis Real Estate Investment Trust,Malaysia,Diversified REITs,2023,0.99277263880,59.75000000000,8.99360370636,0.34380075336,0.19396236539,0.51698726416,0.00888209045,0.00000000000,1786710.25000000000,0.01164921466,0.00000000000,0.00030754699,-2.81207585335,47444880.17000000000,4.00000000000,33.33000183105,TRUE,60.04000091553,63.68999862671,3.55548715591,4.05610752106,-1.87225568295,2.56392264366,3.00000000000
382,AXSR.KL,Axis Real Estate Investment Trust,Malaysia,Diversified REITs,2024,0.81896585226,68.13999938965,9.07075309753,0.33287528157,0.17730431259,0.47582703829,0.01516251732,0.00000000000,15437108.00000000000,0.02741264179,0.00000000000,0.00021146500,14.75001049042,47002238.14000000000,4.00000000000,50.00000000000,TRUE,68.01000213623,74.43000030518,5.11415529251,4.07435035706,0.78250986338,2.69098210335,3.00000000000
383,BATO.KL,British American Tobacco (Malaysia) Bhd,Malaysia,Tobacco,2022,1.06168448925,82.00000000000,8.48983764648,0.53616154194,0.70661133528,0.97796118259,0.01732121035,0.00000000000,-1179772.75000000000,0.01130974293,0.04118167609,0.04140754044,-6.82345056534,59663409.09000000000,5.00000000000,28.56999969482,0,79.29000091553,86.16000366211,8.86182212830,4.06996726990,6.40348529816,1.27914750576,3.00000000000
383,BATO.KL,British American Tobacco (Malaysia) Bhd,Malaysia,Tobacco,2023,1.23735976219,82.30000305176,8.40963363647,0.50191378593,0.65075612068,0.95739704370,0.03630317375,0.00000000000,2442919.50000000000,0.01964081638,0.02762937173,0.05572700873,-14.68231868744,42428758.17000000000,5.00000000000,28.56999969482,0,85.56999969482,82.19000244141,3.55548715591,4.05610752106,-1.87225568295,1.30905783176,3.00000000000
383,BATO.KL,British American Tobacco (Malaysia) Bhd,Malaysia,Tobacco,2024,1.18685400486,79.81999969482,8.42773246765,0.49800637364,0.65369182825,0.96739524603,0.04524808750,0.00000000000,1686660.75000000000,0.03083698824,0.00880870875,0.04204491153,2.92634296417,40989704.57000000000,6.00000000000,28.56999969482,0,74.41999816895,82.58000183105,5.11415529251,4.07435035706,0.78250986338,1.43108737469,3.00000000000
385,BESH.KL,Beshom Holdings Bhd,Malaysia,Consumer Staples Distribution & Retail,2022,0.60806465149,68.76999664307,7.89885854721,0.01083007827,0.08009003848,0.64994847775,0.38838210702,0.00000000000,-4982169.00000000000,0.25220793486,0.24782475829,0.26186525822,-18.83487319946,3762895.92000000000,6.00000000000,25.00000000000,0,79.52999877930,37.29999923706,8.86182212830,4.06996726990,6.40348529816,1.00000000000,3.00000000000
385,BESH.KL,Beshom Holdings Bhd,Malaysia,Consumer Staples Distribution & Retail,2023,0.65578806400,67.13999938965,7.86511659622,0.01271516364,0.06914988905,0.61097645760,0.42315453291,0.00000000000,-134700.20312500000,0.27432674170,0.21992979944,0.24159073830,-18.93031501770,2301681.34000000000,5.00000000000,37.50000000000,0,76.91999816895,34.75999832153,3.55548715591,4.05610752106,-1.87225568295,1.00000000000,3.00000000000
385,BESH.KL,Beshom Holdings Bhd,Malaysia,Consumer Staples Distribution & Retail,2024,0.57900744677,71.72000122070,7.91919565201,0.02997265384,0.08123622835,0.60446459055,0.00000000000,0.08805758506,-692718.00000000000,0.29260754585,0.20888118446,0.23465542495,13.54642772675,2012523.19000000000,6.00000000000,33.33000183105,0,72.69999694824,51.50000000000,5.11415529251,4.07435035706,0.78250986338,1.00000000000,3.00000000000
386,BGRO.KL,Berjaya Corporation Bhd,Malaysia,Industrial Conglomerates,2022,0.08905201405,39.54000091553,9.66666126251,0.35017883778,0.24057751894,0.34214180708,0.14672189951,0.00000000000,31060146.00000000000,0.06828308851,0.07623993605,0.24862200022,2.90389323235,5332047.21000000000,6.00000000000,57.13999938965,TRUE,29.87000083923,26.20000076294,8.86182212830,4.06996726990,6.40348529816,1.83520352840,3.00000000000
386,BGRO.KL,Berjaya Corporation Bhd,Malaysia,Industrial Conglomerates,2023,0.08670737594,40.22999954224,9.67732048035,0.37804776430,0.29184183478,0.40382504463,0.16070170701,0.00000000000,75460024.00000000000,0.08161841333,0.08669374138,0.26395675540,11.31949234009,4093247.59000000000,5.00000000000,100.00000000000,TRUE,26.55999946594,24.96999931335,3.55548715591,4.05610752106,-1.87225568295,1.34979772568,3.00000000000
386,BGRO.KL,Berjaya Corporation Bhd,Malaysia,Industrial Conglomerates,2024,0.08640328795,38.45999908447,9.67884540558,0.36649885774,0.28614923358,0.39741629362,0.13859993219,0.00000000000,4415058.50000000000,0.08687131107,0.07343698293,0.23672094941,3.83590364456,84462142.10000000000,6.00000000000,100.00000000000,TRUE,24.29000091553,30.02000045776,5.11415529251,4.07435035706,0.78250986338,1.54732215405,3.00000000000
387,BONI.KL,Bonia Corporation Bhd,Malaysia,Specialty Retail,2022,0.38977059722,27.12000083923,8.17249679565,0.24185785651,0.15142755210,0.39452779293,1.07009363174,0.00000000000,-4596999.00000000000,0.20918215811,0.13565193117,0.31413349509,8.48795700073,13418006.43000000000,5.00000000000,11.10999965668,0,19.95000076294,15.78999996185,8.86182212830,4.06996726990,6.40348529816,1.89659404755,3.00000000000
387,BONI.KL,Bonia Corporation Bhd,Malaysia,Specialty Retail,2023,0.38181120157,22.09000015259,8.18052864075,0.23814122379,0.13239227235,0.34107086062,0.93655121326,0.00000000000,-2524496.25000000000,0.20438390970,0.12851691246,0.33205693960,-3.50577902794,8467444.33000000000,6.00000000000,22.21999931335,TRUE,15.23999977112,17.80999946594,3.55548715591,4.05610752106,-1.87225568295,1.40869724751,3.00000000000
387,BONI.KL,Bonia Corporation Bhd,Malaysia,Specialty Retail,2024,0.33546605706,30.53000068665,8.20870018005,0.22822189331,0.00000000000,0.00000000000,0.00000000000,0.00000000000,0.00000000000,0.17137704790,0.14047780633,0.35700950027,2.15767693520,1875534.44000000000,6.00000000000,22.21999931335,TRUE,30.38999938965,19.75000000000,5.11415529251,4.07435035706,0.78250986338,1.64442002773,3.00000000000
389,BPPL.KL,BP Plastics Holding Bhd,Malaysia,Containers & Packaging,2022,0.80715662241,49.52999877930,7.84308338165,0.00000000000,0.15890902281,0.79457676411,0.68594634533,0.00000000000,1354588.62500000000,0.19614362717,0.22615511715,0.40815666318,6.37613058090,6940343.18000000000,5.00000000000,28.56999969482,TRUE,81.61000061035,39.86999893188,8.86182212830,4.06996726990,6.40348529816,1.58612215519,3.00000000000
389,BPPL.KL,BP Plastics Holding Bhd,Malaysia,Containers & Packaging,2023,0.74311441183,45.34999847412,7.88063430786,0.00000000000,0.20379160345,0.83513790369,0.27294966578,0.00000000000,-3054769.00000000000,0.22731038928,0.25391817093,0.39343017340,-10.43251609802,7676139.43000000000,5.00000000000,28.56999969482,TRUE,67.91000366211,37.43000030518,3.55548715591,4.05610752106,-1.87225568295,1.36266267300,3.00000000000
389,BPPL.KL,BP Plastics Holding Bhd,Malaysia,Containers & Packaging,2024,0.70748394728,50.54000091553,7.88893032074,0.00000000000,0.18219292164,0.81166630983,0.19846974313,0.00000000000,-1541141.50000000000,0.14882872999,0.28497827053,0.41747510433,6.68605995178,4833531.78000000000,5.00000000000,28.56999969482,TRUE,60.29999923706,42.86999893188,5.11415529251,4.07435035706,0.78250986338,1.17672216892,3.00000000000
390,CABC.KL,CAB Cakaran Corporation Bhd,Malaysia,Food Products,2022,0.38575854897,21.77000045776,8.48744773865,0.34780034423,0.36836954951,0.57030951977,0.14589078724,0.00000000000,11369702.00000000000,0.08418783545,0.05605088174,0.52821469307,2.65775036812,12152705.50000000000,6.00000000000,12.50000000000,0,20.26000022888,8.73999977112,8.86182212830,4.06996726990,6.40348529816,1.34678614140,3.00000000000
390,CABC.KL,CAB Cakaran Corporation Bhd,Malaysia,Food Products,2023,0.36348727345,22.87000083923,8.51539325714,0.27388465405,0.33656585217,0.55950605869,0.18486623466,0.00000000000,11798428.00000000000,0.11952681094,0.14027185738,0.48533394933,13.49462509155,30122200.92000000000,5.00000000000,12.50000000000,0,23.87000083923,10.89000034332,3.55548715591,4.05610752106,-1.87225568295,0.00000000000,3.00000000000
390,CABC.KL,CAB Cakaran Corporation Bhd,Malaysia,Food Products,2024,0.32147625089,22.57999992371,8.57775020599,0.23835581541,0.30471974611,0.54216164351,0.15593892336,0.00000000000,5756729.00000000000,0.14423583448,0.14027501643,0.48093932867,16.48321914673,22613038.10000000000,5.00000000000,16.67000007629,0,19.96999931335,12.72999954224,5.11415529251,4.07435035706,0.78250986338,1.00000000000,3.00000000000
391,CAPI.KL,Capital A Berhad,Malaysia,Passenger Airlines,2022,0.18229238689,72.40000152588,9.65600109100,0.90300178528,0.51577007771,0.40066170692,0.04421132430,0.00078183302,-191175680.00000000000,0.02220565826,0.01026012842,0.55526298285,231.76416015625,-889958409.10000000000,7.00000000000,16.67000007629,TRUE,89.48999786377,57.88000106812,8.86182212830,4.06996726990,6.40348529816,2.71249985695,3.00000000000
391,CAPI.KL,Capital A Berhad,Malaysia,Passenger Airlines,2023,0.12815350294,60.88999938965,9.79988956451,0.82540839911,0.52170050144,0.40012255311,0.04258260876,0.00205856911,40377344.00000000000,0.03380877525,0.01017455291,0.51276546717,-80.78801727295,-183202396.50000000000,11.00000000000,16.67000007629,TRUE,83.27999877930,41.31000137329,3.55548715591,4.05610752106,-1.87225568295,2.22700381279,3.00000000000
391,CAPI.KL,Capital A Berhad,Malaysia,Passenger Airlines,2024,0.11826101691,57.74000167847,9.83753585815,0.05171376839,0.04464349523,0.03472936898,0.00000000000,0.01402859576,62717772.00000000000,0.01529891137,0.00479829218,0.02057095803,36.14274978638,-197334601.60000000000,12.00000000000,16.67000007629,TRUE,82.58000183105,29.65999984741,5.11415529251,4.07435035706,0.78250986338,1.00000000000,3.00000000000
392,CBIP.KL,CB Industrial Product Holding Bhd,Malaysia,Machinery,2022,0.45827853680,32.50000000000,8.43755435944,0.14522822201,0.19311152399,0.55199617147,0.00000000000,0.04978279024,-13383409.00000000000,0.05668327585,0.10483504832,0.47556751966,37.62668609619,-2913181.82000000000,5.00000000000,14.28999996185,0,69.23999786377,13.97999954224,8.86182212830,4.06996726990,6.40348529816,1.00000000000,3.00000000000
392,CBIP.KL,CB Industrial Product Holding Bhd,Malaysia,Machinery,2023,0.46702086926,31.39999961853,8.42841911316,0.13969331980,0.17113228142,0.52871060371,0.00000000000,0.08102930337,5908932.50000000000,0.07934267819,0.07904949784,0.42809838057,-8.52294445038,16393464.05000000000,6.00000000000,28.56999969482,0,65.55999755859,12.98999977112,3.55548715591,4.05610752106,-1.87225568295,1.00000000000,3.00000000000
392,CBIP.KL,CB Industrial Product Holding Bhd,Malaysia,Machinery,2024,0.48332935572,36.25000000000,8.41755199432,0.12972211838,0.21044790745,0.61964958906,0.00000000000,0.05339475349,-1702775.25000000000,0.07668454200,0.02890300937,0.41977909207,-9.71380996704,-6286257.83000000000,5.00000000000,28.56999969482,0,75.77999877930,14.07999992371,5.11415529251,4.07435035706,0.78250986338,1.86754262447,3.00000000000
393,CBMS.KL,Carlsberg Brewery Malaysia Bhd,Malaysia,Beverages,2022,5.01874065399,61.04000091553,8.38111114502,0.11885955930,0.83930295706,0.97540676594,0.10274370760,0.00000000000,3560227.25000000000,0.10683351755,0.11759702861,0.29998961091,28.78170776367,73832045.45000000000,4.00000000000,25.00000000000,0,37.11999893188,55.63000106812,8.86182212830,4.06996726990,6.40348529816,1.86812615395,3.00000000000
393,CBMS.KL,Carlsberg Brewery Malaysia Bhd,Malaysia,Beverages,2023,5.39492273331,65.58999633789,8.34564113617,0.12910112739,0.75691211224,0.97691357136,0.12342096865,0.00000000000,824618.75000000000,0.08609233797,0.09587530047,0.33376419544,-10.16198825836,72953812.64000000000,4.00000000000,28.56999969482,0,49.22000122070,59.81999969482,3.55548715591,4.05610752106,-1.87225568295,2.15062046051,3.00000000000
393,CBMS.KL,Carlsberg Brewery Malaysia Bhd,Malaysia,Beverages,2024,4.68509387970,64.87000274658,8.40426445007,0.08131387085,0.72396516800,0.95947557688,0.10301609337,0.00000000000,-2351835.25000000000,0.08535841852,0.10971901566,0.34681388736,7.97919750214,76263205.01000000000,4.00000000000,28.56999969482,0,62.29999923706,52.65999984741,5.11415529251,4.07435035706,0.78250986338,2.65530824661,3.00000000000
394,CELC.KL,CelcomDigi Bhd,Malaysia,Wireless Telecommunication Services,2022,1.21646046638,64.05000305176,9.93103313446,0.39657723904,0.22263169289,0.39186060429,0.12221194059,0.00000000000,230401136.00000000000,0.14736822248,0.00437829923,0.36393889785,1.17337524891,173561136.40000000000,18.00000000000,30.00000000000,FALSE,67.33999633789,42.61000061035,8.86182212830,4.06996726990,6.40348529816,2.09351229668,3.00000000000
394,CELC.KL,CelcomDigi Bhd,Malaysia,Wireless Telecommunication Services,2023,1.28039300442,66.08999633789,9.89960861206,0.35679617524,0.20374152064,0.36962068081,0.03373881057,0.00000000000,-179589104.00000000000,0.01013890374,0.00677118823,0.34511974454,79.48654174805,341381045.80000000000,18.00000000000,30.00000000000,FALSE,81.41999816895,39.47999954224,3.55548715591,4.05610752106,-1.87225568295,2.06583094597,3.00000000000
394,CELC.KL,CelcomDigi Bhd,Malaysia,Wireless Telecommunication Services,2024,1.26073527336,69.91999816895,9.90632820129,0.36246183515,0.19436606765,0.35109829903,0.01515569072,0.00000000000,-39080124.00000000000,0.00669365795,0.00725515094,0.32515871525,2.70822787285,311085049.20000000000,12.00000000000,30.00000000000,FALSE,90.58000183105,39.41999816895,5.11415529251,4.07435035706,0.78250986338,2.46570205688,3.00000000000
395,CITR.KL,Citra Nusa Holdings Bhd,Malaysia,Distributors,2022,0.43458458781,30.46999931335,7.29446220398,0.02430975623,0.17915868759,0.89335125685,0.00000000000,0.15018714964,625338.62500000000,0.24699915946,0.16261872649,0.33962014318,-1.51461958885,-508965.91000000000,5.00000000000,16.67000007629,TRUE,49.49000167847,6.30000019073,8.86182212830,4.06996726990,6.40348529816,1.99197626114,3.00000000000
395,CITR.KL,Citra Nusa Holdings Bhd,Malaysia,Distributors,2023,0.42257437110,37.00000000000,7.25994729996,0.03273781016,0.17001707852,0.89118939638,0.00000000000,0.16255450249,79919.39062500000,0.29118362069,0.13265933096,0.34548604488,-22.96550178528,-353566.45000000000,5.00000000000,16.67000007629,TRUE,42.81000137329,20.14999961853,3.55548715591,4.05610752106,-1.87225568295,1.00000000000,3.00000000000
395,CITR.KL,Citra Nusa Holdings Bhd,Malaysia,Distributors,2024,0.46326282620,34.43999862671,7.26578044891,0.02731861360,0.18809254467,0.93308067322,0.00000000000,0.18823528290,323243.06250000000,0.36453911662,0.12827749550,0.32519087195,-3.88992810249,-443784.69000000000,4.00000000000,16.67000007629,TRUE,39.59000015259,21.80999946594,5.11415529251,4.07435035706,0.78250986338,1.74020707607,3.00000000000
396,CJCE.KL,CJ Century Logistics Holdings Bhd,Malaysia,Air Freight & Logistics,2022,0.12544874847,31.70999908447,8.24205398560,0.22982282937,0.26419675350,0.62653493881,0.00000000000,0.09058817476,6013863.50000000000,0.11979092658,0.04884693399,0.55683451891,4.44483566284,6400681.82000000000,4.00000000000,11.10999965668,TRUE,9.31999969482,28.23999977112,8.86182212830,4.06996726990,6.40348529816,1.87363851070,3.00000000000
396,CJCE.KL,CJ Century Logistics Holdings Bhd,Malaysia,Air Freight & Logistics,2023,0.13748423755,28.12999916077,8.21512699127,0.22264955938,0.25729671121,0.63955134153,0.00000000000,0.10900218040,2725708.00000000000,0.11734873801,0.03177957982,0.57687014341,-24.11548423767,2571459.69000000000,4.00000000000,11.10999965668,TRUE,8.56000041962,24.75000000000,3.55548715591,4.05610752106,-1.87225568295,1.46228110790,3.00000000000
396,CJCE.KL,CJ Century Logistics Holdings Bhd,Malaysia,Air Freight & Logistics,2024,0.13719028234,38.79999923706,8.21605682373,0.21755278111,0.27675113082,0.69618010521,0.00000000000,0.10312315822,-2543867.50000000000,0.12361469865,0.04457669333,0.56974744797,-3.65273118019,-1707923.01000000000,4.00000000000,11.10999965668,TRUE,14.15999984741,34.68000030518,5.11415529251,4.07435035706,0.78250986338,1.88434278965,3.00000000000
398,CNON.KL,Can-One Bhd,Malaysia,Containers & Packaging,2022,0.09526020288,35.84000015259,8.98632144928,0.37599262595,0.31936663389,0.55873781443,0.16470396519,0.03424240649,31215000.00000000000,0.09223388135,0.20238330960,0.54587501287,11.29156017303,19974545.45000000000,6.00000000000,20.00000000000,0,48.25999832153,12.52999973297,8.86182212830,4.06996726990,6.40348529816,2.09805321693,3.00000000000
398,CNON.KL,Can-One Bhd,Malaysia,Containers & Packaging,2023,0.09290257841,34.11999893188,8.98977756500,0.39304399490,0.31359806657,0.53422230482,0.23104903102,0.00546124578,193899.78125000000,0.08702646196,0.17880004644,0.57880997658,-7.57929849625,6235947.71000000000,4.00000000000,10.00000000000,0,40.68999862671,10.68999958038,3.55548715591,4.05610752106,-1.87225568295,2.07948541641,3.00000000000
398,CNON.KL,Can-One Bhd,Malaysia,Containers & Packaging,2024,0.09175869823,35.83000183105,8.99297046661,0.42524811625,0.29020482302,0.49321976304,0.17378433049,0.02575072832,5526634.00000000000,0.09747978300,0.16233329475,0.58389216661,7.40020942688,-5762981.20000000000,4.00000000000,11.10999965668,0,41.24000167847,13.51000022888,5.11415529251,4.07435035706,0.78250986338,2.80479860306,3.00000000000
399,COMF.KL,Comfort Gloves Bhd,Malaysia,Health Care Equipment & Supplies,2022,0.11084044725,29.05999946594,8.35243892670,0.03603455797,0.08541313559,0.85863959789,1.59040760994,0.00000000000,-19723990.00000000000,0.19033122063,0.11072693765,0.44922649860,-58.71442413330,-9614436.36000000000,5.00000000000,33.33000183105,TRUE,25.26000022888,7.73000001907,8.86182212830,4.06996726990,6.40348529816,1.00000000000,3.00000000000
399,COMF.KL,Comfort Gloves Bhd,Malaysia,Health Care Equipment & Supplies,2023,0.11855293065,33.00000000000,8.32229614258,0.04394425079,0.08345654607,0.85262024403,1.75473201275,0.00000000000,1442178.62500000000,0.23876400292,0.08847343922,0.44948792458,-48.50776290894,-8020233.12000000000,5.00000000000,33.33000183105,TRUE,17.72999954224,26.95999908447,3.55548715591,4.05610752106,-1.87225568295,0.00000000000,3.00000000000
399,COMF.KL,Comfort Gloves Bhd,Malaysia,Health Care Equipment & Supplies,2024,0.12216174603,28.96999931335,8.32117271423,0.05320011824,0.11797727644,0.90364480019,0.51672238111,0.00000000000,-18827446.00000000000,0.17532587051,0.11612474173,0.46192592382,9.31077098846,-12508563.12000000000,5.00000000000,33.33000183105,TRUE,9.15999984741,25.51000022888,5.11415529251,4.07435035706,0.78250986338,1.99747061729,3.00000000000
400,CSTH.KL,CSC Steel Holdings Bhd,Malaysia,Metals & Mining,2022,0.44909244776,30.45000076294,8.32898807526,0.00000000000,0.06342871487,0.77292811871,0.98340612650,0.00000000000,9517305.00000000000,0.24620212615,0.35483983159,0.17406527698,9.04987049103,3319997.73000000000,5.00000000000,25.00000000000,0,73.95999908447,15.42000007629,8.86182212830,4.06996726990,6.40348529816,0.00000000000,3.00000000000
400,CSTH.KL,CSC Steel Holdings Bhd,Malaysia,Metals & Mining,2023,0.44845592976,36.63000106812,8.32867527008,0.00000000000,0.06437035650,0.80754894018,0.30957919359,0.00000000000,15986882.00000000000,0.35624605417,0.33853468299,0.16274282336,-12.01977920532,10779488.02000000000,5.00000000000,25.00000000000,0,73.00000000000,29.81999969482,3.55548715591,4.05610752106,-1.87225568295,1.00000000000,3.00000000000
400,CSTH.KL,CSC Steel Holdings Bhd,Malaysia,Metals & Mining,2024,0.44083735347,36.24000167847,8.33611679077,0.00000000000,0.05457818881,0.77145522833,0.45033484697,0.00000000000,5738899.00000000000,0.39316177368,0.31788545847,0.16016870737,-0.27462610602,7644845.57000000000,5.00000000000,42.86000061035,0,70.45999908447,24.76000022888,5.11415529251,4.07435035706,0.78250986338,1.00000000000,3.00000000000
401,CTPB.KL,Chin Teck Plantations Bhd,Malaysia,Food Products,2022,1.09679424763,22.54000091553,8.27915191650,0.00000000000,0.01979978755,0.40327814221,4.07209873199,0.00000000000,13357982.00000000000,0.47572517395,0.02459167875,0.14963786304,32.29885482788,24031238.27000000000,5.00000000000,0.00000000000,0,62.97000122070,12.85000038147,8.86182212830,4.06996726990,6.40348529816,1.83352231979,3.00000000000
401,CTPB.KL,Chin Teck Plantations Bhd,Malaysia,Food Products,2023,1.04800212383,20.06999969482,8.29343891144,0.01212809142,0.01733730361,0.30085501075,4.24489831924,0.00000000000,1248223.00000000000,0.43369013071,0.01878784224,0.20655098557,-23.76127243042,11509519.09000000000,6.00000000000,12.50000000000,0,56.50000000000,10.82999992371,3.55548715591,4.05610752106,-1.87225568295,1.83352231979,3.00000000000
401,CTPB.KL,Chin Teck Plantations Bhd,Malaysia,Food Products,2024,0.94096040726,24.65999984741,8.34927749634,0.01101837214,0.02093287930,0.34582266212,3.49218654633,0.00000000000,-1832248.75000000000,0.50656872988,0.02070880309,0.20796380937,38.28989791870,20228263.08000000000,5.00000000000,14.28999996185,0,49.43999862671,28.52000045776,5.11415529251,4.07435035706,0.78250986338,2.28465199471,3.00000000000
402,CYLC.KL,CYL Corp Bhd,Malaysia,Containers & Packaging,2022,0.44823068380,8.26000022888,7.23661565781,0.00000000000,0.05732156709,0.41581854224,0.58930689096,0.00000000000,526723.00000000000,0.12068469077,0.07109745592,0.69080996513,-10.84105587006,-41222.14000000000,6.00000000000,37.50000000000,0,28.81999969482,1.69000005722,8.86182212830,4.06996726990,6.40348529816,0.00000000000,3.00000000000
402,CYLC.KL,CYL Corp Bhd,Malaysia,Containers & Packaging,2023,0.50506973267,6.46999979019,7.18383741379,0.00000000000,0.07233119011,0.48166540265,0.24219776690,0.00000000000,-418544.53125000000,0.08948741853,0.05993278325,0.71144592762,-13.64700222015,-332104.93000000000,6.00000000000,37.50000000000,0,23.36000061035,1.05999994278,3.55548715591,4.05610752106,-1.87225568295,0.00000000000,3.00000000000
402,CYLC.KL,CYL Corp Bhd,Malaysia,Containers & Packaging,2024,0.26606073976,10.06000041962,7.46220827103,0.00185125496,0.04700482264,0.33417639136,0.17435827851,0.00000000000,-370973.03125000000,0.08304673433,0.04242924601,0.80450677872,19.01083564758,-91224.72000000000,6.00000000000,25.00000000000,0,30.21999931335,1.50999999046,5.11415529251,4.07435035706,0.78250986338,0.00000000000,3.00000000000
403,CHIN.KL,Chin Hin Group Property Bhd,Malaysia,Machinery,2022,2.03091478348,32.13999938965,8.24674224854,0.33201727271,0.42554867268,0.58431500196,0.17671377957,0.00000000000,8994193.00000000000,0.13913169503,0.29643705487,0.07594025135,147.92463684082,2419954.55000000000,5.00000000000,28.56999969482,0,31.15999984741,11.61999988556,8.86182212830,4.06996726990,6.40348529816,1.65961372852,3.00000000000
403,CHIN.KL,Chin Hin Group Property Bhd,Malaysia,Machinery,2023,1.36504852772,26.63999938965,8.42215061188,0.32172018290,0.47071686387,0.65775579214,0.06871888787,0.00000000000,-6467516.50000000000,0.15823085606,0.40512421727,0.06489227712,76.46066284180,7957244.01000000000,5.00000000000,28.56999969482,0,19.25000000000,11.53999996185,3.55548715591,4.05610752106,-1.87225568295,1.30283308029,3.00000000000
403,CHIN.KL,Chin Hin Group Property Bhd,Malaysia,Machinery,2024,1.45440173149,28.14999961853,8.40210247040,0.35538944602,0.38811406493,0.61176037788,0.05858119950,0.00000000000,434149.50000000000,0.07122778893,0.52497524023,0.04687845707,21.81718063354,5781342.88000000000,6.00000000000,28.56999969482,0,26.89999961853,18.96999931335,5.11415529251,4.07435035706,0.78250986338,2.59225726128,3.00000000000
404,DEHB.KL,Dayang Enterprise Holdings Bhd,Malaysia,Energy Equipment & Services,2022,0.90791708231,31.89999961853,8.72978401184,0.17398428917,0.15813131630,0.40780672431,0.72694921494,0.00000000000,-5993182.00000000000,0.18444740772,0.00319464505,0.44975939393,39.48551559448,28485681.82000000000,5.00000000000,18.18000030518,0,61.63000106812,15.52000045776,8.86182212830,4.06996726990,6.40348529816,1.15861058235,3.00000000000
404,DEHB.KL,Dayang Enterprise Holdings Bhd,Malaysia,Energy Equipment & Services,2023,0.87965750694,35.54000091553,8.73765277863,0.09839855134,0.16926398873,0.49593523145,0.36200013757,0.00000000000,-9023094.00000000000,0.21939520538,0.00306481589,0.42936873436,8.40622520447,51237037.04000000000,5.00000000000,33.33000183105,0,17.42000007629,29.79999923706,3.55548715591,4.05610752106,-1.87225568295,1.19652903080,3.00000000000
404,DEHB.KL,Dayang Enterprise Holdings Bhd,Malaysia,Energy Equipment & Services,2024,0.79632246494,36.06000137329,8.78581237793,0.04784952477,0.17873808742,0.57130324841,0.36279883981,0.00000000000,25601836.00000000000,0.29992124438,0.00292650401,0.37924957275,35.51173400879,81601163.83000000000,6.00000000000,40.00000000000,0,23.35000038147,29.47999954224,5.11415529251,4.07435035706,0.78250986338,1.22265064716,3.00000000000
405,DELM.KL,DKSH Holdings (Malaysia) Bhd,Malaysia,Trading Companies & Distributors,2022,0.27072644234,34.58000183105,8.82356452942,0.17579673231,0.61295694113,0.85573822260,0.00000501000,0.01225311402,-18593864.00000000000,0.01268455107,0.26951596141,0.05457402021,0.59537261724,23685000.00000000000,4.00000000000,33.33000183105,0,37.18999862671,18.34000015259,8.86182212830,4.06996726990,6.40348529816,2.45197319984,3.00000000000
405,DELM.KL,DKSH Holdings (Malaysia) Bhd,Malaysia,Trading Companies & Distributors,2023,0.26953342557,42.81999969482,8.82545566559,0.19258776307,0.64374250174,0.90712291002,0.00000000000,0.01270823646,2475381.25000000000,0.01276370417,0.28341001272,0.04781788588,0.70033806562,24077342.05000000000,4.00000000000,50.00000000000,0,44.84000015259,13.31000041962,3.55548715591,4.05610752106,-1.87225568295,1.89488685131,3.00000000000
405,DELM.KL,DKSH Holdings (Malaysia) Bhd,Malaysia,Trading Companies & Distributors,2024,0.23147931695,39.04000091553,8.89155673981,0.19166639447,0.68763548136,0.96016168594,0.03907339647,0.00000000000,12196732.00000000000,0.03128526732,0.31298363209,0.03952222690,8.45176792145,27556848.70000000000,4.00000000000,33.33000183105,0,39.81999969482,13.69999980927,5.11415529251,4.07435035706,0.78250986338,3.48355340958,3.00000000000
406,DIAL.KL,Dialog Group Bhd,Malaysia,Energy Equipment & Services,2022,1.25116610527,60.81999969482,9.30017471313,0.23462493718,0.13596665859,0.39117744565,0.59986400604,0.00000000000,-25656162.00000000000,0.18632449210,0.00760908192,0.29534068704,22.24488067627,111601929.30000000000,9.00000000000,44.43999862671,0,55.33000183105,69.25000000000,8.86182212830,4.06996726990,6.40348529816,1.34579908848,3.00000000000
406,DIAL.KL,Dialog Group Bhd,Malaysia,Energy Equipment & Services,2023,1.28693830967,60.49000167847,9.28700351715,0.18933497369,0.11216517538,0.38110762835,0.89421451092,0.00000000000,-31499470.00000000000,0.16783043742,0.01037326921,0.30602946877,3.89692568779,128390880.20000000000,10.00000000000,37.50000000000,0,59.84999847412,59.22999954224,3.55548715591,4.05610752106,-1.87225568295,1.70747399330,3.00000000000
406,DIAL.KL,Dialog Group Bhd,Malaysia,Energy Equipment & Services,2024,1.22073435783,57.41999816895,9.31458473206,0.18534061313,0.17972436547,0.63810813427,0.00000000000,0.19223326445,23027316.00000000000,0.20486570895,0.00848400407,0.30436924100,-11.11213016510,73564370.55000000000,7.00000000000,33.33000183105,0,49.09000015259,60.04999923706,5.11415529251,4.07435035706,0.78250986338,1.43906044960,3.00000000000
407,DLEU.KL,Deleum Bhd,Malaysia,Energy Equipment & Services,2022,0.90060734749,64.62999725342,8.21013355255,0.01231016777,0.39679589868,0.87133836746,0.01659520157,0.00000000000,-3372434.00000000000,0.27089643478,0.05605708435,0.15450882912,18.31081581116,11581409.09000000000,11.00000000000,14.28999996185,TRUE,76.79000091553,51.25999832153,8.86182212830,4.06996726990,6.40348529816,1.53164386749,3.00000000000
407,DLEU.KL,Deleum Bhd,Malaysia,Energy Equipment & Services,2023,1.06414997578,61.83000183105,8.13102340698,0.00388327008,0.25880590081,0.77504718304,0.07616175711,0.00000000000,6471407.50000000000,0.28991150856,0.02857738174,0.14685788751,8.76135444641,13802019.61000000000,11.00000000000,14.28999996185,TRUE,68.70999908447,51.63000106812,3.55548715591,4.05610752106,-1.87225568295,1.50257325172,3.00000000000
407,DLEU.KL,Deleum Bhd,Malaysia,Energy Equipment & Services,2024,0.88291460276,65.70999908447,8.21497344971,0.02061713859,0.29762503505,0.80818414688,0.09978748858,0.00000000000,-2191642.75000000000,0.32344558835,0.06196788698,0.12459839135,17.71053504944,22595011.19000000000,12.00000000000,12.50000000000,TRUE,64.87999725342,62.09999847412,5.11415529251,4.07435035706,0.78250986338,1.53738605976,3.00000000000
408,DOVT.KL,D & O Green Technologies Bhd,Malaysia,Semiconductors & Semiconductor Equipment,2022,1.21663832664,35.04000091553,8.56036186218,0.26911374927,0.33371609449,0.68771338463,0.07923983783,0.00000000000,-7024091.00000000000,0.18618512154,0.27869299054,0.32369279861,9.89397525787,18964545.45000000000,6.00000000000,10.00000000000,0,48.88999938965,27.12000083923,8.86182212830,4.06996726990,6.40348529816,1.22498834133,3.00000000000
408,DOVT.KL,D & O Green Technologies Bhd,Malaysia,Semiconductors & Semiconductor Equipment,2023,1.28864622116,32.38000106812,8.58770656586,0.27676516771,0.36463603377,0.72720998526,0.20890927315,0.00000000000,1597603.50000000000,0.15660917759,0.32595643401,0.29971101880,-0.86427456141,10390413.94000000000,5.00000000000,20.00000000000,0,52.86000061035,22.64999961853,3.55548715591,4.05610752106,-1.87225568295,1.37711060047,3.00000000000
408,DOVT.KL,D & O Green Technologies Bhd,Malaysia,Semiconductors & Semiconductor Equipment,2024,1.24997389317,44.93000030518,8.61084747314,0.27868214250,0.36133527756,0.72148454189,0.30302074552,0.00000000000,-4981423.50000000000,0.13819579780,0.33470416069,0.31817099452,8.74805355072,9576544.32000000000,5.00000000000,20.00000000000,0,54.58000183105,56.47000122070,5.11415529251,4.07435035706,0.78250986338,1.37711060047,3.00000000000
409,DUFU.KL,Dufu Technology Corp Bhd,Malaysia,Machinery,2022,1.52226555347,56.04999923706,7.98432159424,0.13464795053,0.08195669949,0.41555252671,1.44108390808,0.00000000000,5204732.00000000000,0.26446703076,0.22429579496,0.32898321748,-18.43143653870,15230304.55000000000,4.00000000000,16.67000007629,FALSE,71.08999633789,20.98999977112,8.86182212830,4.06996726990,6.40348529816,1.26001966000,3.00000000000
409,DUFU.KL,Dufu Technology Corp Bhd,Malaysia,Machinery,2023,1.62553536892,61.27999877930,7.95871305466,0.11342843622,0.07744890451,0.42007631063,1.60872626305,0.00000000000,-990355.12500000000,0.23310433328,0.16395466030,0.35483938456,-28.17086982727,5304647.06000000000,4.00000000000,16.67000007629,0,76.47000122070,33.59999847412,3.55548715591,4.05610752106,-1.87225568295,1.82502484322,3.00000000000
409,DUFU.KL,Dufu Technology Corp Bhd,Malaysia,Machinery,2024,1.50237631798,61.22999954224,8.00048446655,0.14299440384,0.11779993773,0.50884932280,1.70879006386,0.00000000000,-359518.81250000000,0.25006046891,0.15850912035,0.40462496877,17.06477355957,5046078.78000000000,4.00000000000,33.33000183105,FALSE,78.05000305176,34.59000015259,5.11415529251,4.07435035706,0.78250986338,1.71045422554,3.00000000000
410,DUOP.KL,Duopharma Biotech Bhd,Malaysia,Pharmaceuticals,2022,1.09558224678,57.86999893188,8.44359016418,0.35164523125,0.21653726697,0.46690028906,0.25411674380,0.06427594274,4467500.00000000000,0.12814874947,0.19246692955,0.47459691763,3.15604233742,15934545.45000000000,17.00000000000,40.00000000000,0,78.87999725342,19.73999977112,8.86182212830,4.06996726990,6.40348529816,1.91315901279,3.00000000000
410,DUOP.KL,Duopharma Biotech Bhd,Malaysia,Pharmaceuticals,2023,1.02819454670,61.86999893188,8.46695327759,0.40692719817,0.12394889444,0.25338140130,0.59285783768,0.12028160691,24589324.00000000000,0.21221107244,0.18070156872,0.43294167519,-3.03734588623,11469498.91000000000,12.00000000000,40.00000000000,0,93.72000122070,23.51000022888,3.55548715591,4.05610752106,-1.87225568295,2.31886386871,3.00000000000
410,DUOP.KL,Duopharma Biotech Bhd,Malaysia,Pharmaceuticals,2024,1.01412546635,62.04999923706,8.48908329010,0.37237167358,0.12917748094,0.26617324352,0.58036911488,0.09344238043,-1333258.75000000000,0.20203806460,0.18039050698,0.41189390421,18.61517524719,14020814.68000000000,10.00000000000,50.00000000000,0,95.79000091553,24.10000038147,5.11415529251,4.07435035706,0.78250986338,2.69806098938,3.00000000000
411,ECOW.KL,Eco World Development Group Bhd,Malaysia,Real Estate Management & Development,2022,0.75869846344,65.87999725342,9.29862117767,0.29955777526,0.27193972468,0.54838430882,0.42494812608,0.00000000000,101719848.00000000000,0.11821519583,0.10187946260,0.01595642231,-12.38622474670,33264705.88000000000,9.00000000000,30.77000045776,TRUE,56.65999984741,60.38000106812,8.86182212830,4.06996726990,6.40348529816,1.87794673443,3.00000000000
411,ECOW.KL,Eco World Development Group Bhd,Malaysia,Real Estate Management & Development,2023,0.82061737776,79.44999694824,9.27173900604,0.28624024987,0.23045234382,0.49685734510,0.23657478392,0.00000000000,-117609200.00000000000,0.14111685753,0.11117145419,0.01620830595,8.14541530609,39757034.86000000000,6.00000000000,33.33000183105,TRUE,79.43000030518,83.51000213623,3.55548715591,4.05610752106,-1.87225568295,1.56882059574,3.00000000000
411,ECOW.KL,Eco World Development Group Bhd,Malaysia,Real Estate Management & Development,2024,0.74175977707,72.73000335693,9.30954265594,0.25571563840,0.23091399670,0.51135039330,0.27209568024,0.00000000000,31550172.00000000000,0.16586163640,0.13079342246,0.01465124544,10.37810516357,69380342.86000000000,7.00000000000,36.36000061035,TRUE,67.72000122070,79.51000213623,5.11415529251,4.07435035706,0.78250986338,1.66629517078,3.00000000000
412,EKOV.KL,Ekovest Bhd,Malaysia,Construction & Engineering,2022,0.10793289542,17.57999992371,9.40622997284,0.61125218868,0.12593890727,0.16032890975,0.05549701303,0.01514678169,-27028824.00000000000,0.07766444981,0.02892154828,0.07580926269,-43.77136611938,-28017703.13000000000,9.00000000000,33.33000183105,0,48.86000061035,0.00000000000,8.86182212830,4.06996726990,6.40348529816,1.91797971725,3.00000000000
412,EKOV.KL,Ekovest Bhd,Malaysia,Construction & Engineering,2023,0.11100101471,26.26000022888,9.38752365112,0.60059571266,0.12846772373,0.16108030081,0.05822256580,0.02747634798,-917041.81250000000,0.05680995807,0.01908657141,0.07491436601,30.47599220276,-23434941.05000000000,7.00000000000,37.50000000000,0,70.13999938965,4.36000013351,3.55548715591,4.05610752106,-1.87225568295,1.66064214706,3.00000000000
412,EKOV.KL,Ekovest Bhd,Malaysia,Construction & Engineering,2024,0.11087556928,28.77000045776,9.38801479340,0.58059543371,0.15913078189,0.19872635603,0.03925603628,0.01820942387,-5941463.50000000000,0.04193416610,0.01655872352,0.06632724404,1.60042166710,-25070625.66000000000,6.00000000000,33.33000183105,0,69.33000183105,7.01999998093,5.11415529251,4.07435035706,0.78250986338,1.33996486664,3.00000000000
414,ELSR.KL,Elsoft Research Bhd,Malaysia,Semiconductors & Semiconductor Equipment,2022,1.39138817787,13.07999992371,7.53663110733,0.00000000000,0.07600273937,0.92341834307,0.97362434864,0.00000000000,-372154.56250000000,0.57642889023,0.02406349406,0.12700425088,-8.88769626617,9765704.55000000000,5.00000000000,28.56999969482,TRUE,24.68000030518,0.25999999046,8.86182212830,4.06996726990,6.40348529816,1.00000000000,3.00000000000
414,ELSR.KL,Elsoft Research Bhd,Malaysia,Semiconductors & Semiconductor Equipment,2023,1.56177997589,14.72000026703,7.48553085327,0.00000000000,0.03248308972,0.76233255863,2.07368016243,0.00000000000,-380274.50000000000,0.61959761381,0.02234059013,0.13305880129,-45.15872955322,1530324.62000000000,4.00000000000,25.00000000000,TRUE,31.28000068665,1.76999998093,3.55548715591,4.05610752106,-1.87225568295,0.00000000000,3.00000000000
414,ELSR.KL,Elsoft Research Bhd,Malaysia,Semiconductors & Semiconductor Equipment,2024,1.90738868713,17.50000000000,7.40613555908,0.00000000000,0.03314511478,0.78196167946,1.11270284653,0.00000000000,-1203265.50000000000,0.56185823679,0.02334822156,0.15838184953,-11.23923778534,494039.84000000000,5.00000000000,22.21999931335,TRUE,31.37999916077,1.41999995708,5.11415529251,4.07435035706,0.78250986338,1.37900364399,3.00000000000
415,ENOB.KL,Eastern & Oriental Bhd,Malaysia,Real Estate Management & Development,2022,0.57079404593,64.37000274658,8.95009803772,0.39560532570,0.14971509576,0.30848574638,0.78330582380,0.00000000000,94141040.00000000000,0.16001723707,0.10115922987,0.06148744002,115.76428222656,11740136.05000000000,6.00000000000,16.67000007629,0,67.20999908447,50.77000045776,8.86182212830,4.06996726990,6.40348529816,1.40501654148,3.00000000000
415,ENOB.KL,Eastern & Oriental Bhd,Malaysia,Real Estate Management & Development,2023,0.58263152838,60.65000152588,8.93252277374,0.37262180448,0.10871432722,0.23245592415,0.75729596615,0.00000000000,-38676760.00000000000,0.09155710787,0.11445275694,0.05592323467,24.13941955566,29880995.24000000000,5.00000000000,16.67000007629,0,55.22000122070,63.18999862671,3.55548715591,4.05610752106,-1.87225568295,1.00000000000,3.00000000000
415,ENOB.KL,Eastern & Oriental Bhd,Malaysia,Real Estate Management & Development,2024,0.48640224338,54.97000122070,9.01351451874,0.38094913960,0.14689667523,0.29752209783,0.20440335572,0.00000000000,-41597744.00000000000,0.07335066050,0.12515150011,0.04961821064,86.62886810303,40971138.67000000000,5.00000000000,16.67000007629,0,38.06999969482,72.87000274658,5.11415529251,4.07435035706,0.78250986338,1.69117414951,3.00000000000
416,EPMB.KL,EP Manufacturing Bhd,Malaysia,Automobile Components,2022,0.18106958270,20.27000045776,8.14351463318,0.29883357882,0.47554484010,0.88651883602,0.00000000000,0.09972824156,5218636.50000000000,0.11341490597,0.06656170636,0.34525823593,41.55564498901,90681.82000000000,5.00000000000,11.10999965668,FALSE,52.93999862671,5.55999994278,8.86182212830,4.06996726990,6.40348529816,1.67466986179,3.00000000000
416,EPMB.KL,EP Manufacturing Bhd,Malaysia,Automobile Components,2023,0.18686728179,20.00000000000,8.12889766693,0.31666517258,0.42773941159,0.84610676765,0.00000000000,0.08738109469,-1491503.25000000000,0.08911545575,0.10311444849,0.35739025474,20.69909286499,4405446.62000000000,7.00000000000,12.50000000000,FALSE,49.88999938965,4.46000003815,3.55548715591,4.05610752106,-1.87225568295,1.82672560215,3.00000000000
416,EPMB.KL,EP Manufacturing Bhd,Malaysia,Automobile Components,2024,0.17814756930,25.45999908447,8.16691017151,0.24805350602,0.38816118240,0.86901515722,0.00000000000,0.13754893839,8163608.00000000000,0.15532377362,0.07802115381,0.38947638869,-6.02375173569,3896374.22000000000,7.00000000000,14.28999996185,FALSE,57.11999893188,11.64999961853,5.11415529251,4.07435035706,0.78250986338,1.37711060047,3.00000000000
417,ESCM.KL,ES Ceramics Technology Bhd,Malaysia,Building Products,2022,0.24639803171,30.32999992371,7.81181001663,0.09675226361,0.35983416438,0.77970308065,0.00000000000,0.17033851147,-4187357.50000000000,0.31672814488,0.03257854283,0.35316628218,122.09358978272,4945629.74000000000,5.00000000000,0.00000000000,0,65.45999908447,7.00000000000,8.86182212830,4.06996726990,6.40348529816,1.00000000000,3.00000000000
417,ESCM.KL,ES Ceramics Technology Bhd,Malaysia,Building Products,2023,0.23296178877,30.78000068665,7.83523416519,0.09974437207,0.32635346055,0.76862710714,0.00000000000,0.26410391927,9188359.00000000000,0.27938443422,0.02769860439,0.31140515208,33.19566726685,125977.89000000000,5.00000000000,20.00000000000,TRUE,65.98999786377,10.90999984741,3.55548715591,4.05610752106,-1.87225568295,1.00000000000,3.00000000000
417,ESCM.KL,ES Ceramics Technology Bhd,Malaysia,Building Products,2024,0.19797189534,23.72999954224,7.90591526031,0.10117951035,0.32354155183,0.76187652349,0.00000000000,0.22349990904,-2003388.25000000000,0.26300165057,0.03076683544,0.29806908965,42.07780456543,1514808.37000000000,4.00000000000,20.00000000000,TRUE,34.43000030518,13.06000041962,5.11415529251,4.07435035706,0.78250986338,1.00000000000,3.00000000000
418,ETEX.KL,Engtex Group Bhd,Malaysia,Trading Companies & Distributors,2022,0.30415204167,43.04999923706,8.54188823700,0.38366863132,0.43936824799,0.91419166327,0.09041080624,0.00000000000,455454.56250000000,0.08582956344,0.33410102129,0.28637185693,15.96122550964,7800909.09000000000,5.00000000000,28.56999969482,0,48.61999893188,39.68999862671,8.86182212830,4.06996726990,6.40348529816,1.27043354511,3.00000000000
418,ETEX.KL,Engtex Group Bhd,Malaysia,Trading Companies & Distributors,2023,0.29762899876,40.81999969482,8.54255008698,0.40482103825,0.45705434680,0.92048001289,0.05084488541,0.00000000000,-10060566.00000000000,0.04792806134,0.33883297443,0.28972980380,-2.42354178429,2220043.57000000000,5.00000000000,37.50000000000,0,37.84000015259,35.27000045776,3.55548715591,4.05610752106,-1.87225568295,1.00000000000,3.00000000000
418,ETEX.KL,Engtex Group Bhd,Malaysia,Trading Companies & Distributors,2024,0.30630564690,41.66999816895,8.54558277130,0.37365311384,0.42236706614,0.88772052526,0.20818038285,0.00000000000,10987690.00000000000,0.08854463696,0.30411538482,0.29990193248,2.13893032074,2280886.30000000000,5.00000000000,37.50000000000,0,37.88000106812,38.11000061035,5.11415529251,4.07435035706,0.78250986338,1.41406464577,3.00000000000
419,EVGN.KL,Evergreen Fibreboard Bhd,Malaysia,Paper & Forest Products,2022,0.12135632336,27.42000007629,8.47503185272,0.11422806233,0.17635969818,0.76829367876,0.39148926735,0.01902946644,5506109.00000000000,0.08011138439,0.16593800485,0.66931462288,11.60313129425,-5927906.82000000000,5.00000000000,37.50000000000,TRUE,55.27000045776,9.14999961853,8.86182212830,4.06996726990,6.40348529816,1.40723395348,3.00000000000
419,EVGN.KL,Evergreen Fibreboard Bhd,Malaysia,Paper & Forest Products,2023,0.11395184696,40.84999847412,8.50144481659,0.16474753618,0.22676378489,0.71760916710,0.53329378366,0.01347666793,16466869.00000000000,0.14846731722,0.12884037197,0.63601714373,-23.40413284302,-8120971.68000000000,5.00000000000,33.33000183105,TRUE,53.72999954224,26.94000053406,3.55548715591,4.05610752106,-1.87225568295,1.73234689236,3.00000000000
419,EVGN.KL,Evergreen Fibreboard Bhd,Malaysia,Paper & Forest Products,2024,0.10962544382,44.00999832153,8.50602054596,0.18792386353,0.21660256386,0.69647651911,0.37427404523,0.01610058360,-11654691.00000000000,0.10109471530,0.14960849285,0.67271161079,11.70869636536,456376.45000000000,5.00000000000,37.50000000000,TRUE,67.94999694824,26.22999954224,5.11415529251,4.07435035706,0.78250986338,1.56594240665,3.00000000000
421,FMHB.KL,FM Global Logistics Holdings Bhd,Malaysia,Marine Transportation,2022,0.51700383425,48.95999908447,8.16938877106,0.21890097857,0.21855121851,0.49371176958,0.70212298632,0.00000000000,3069882.00000000000,0.15513832867,0.00000000000,0.51380705833,-22.31128501892,10107609.86000000000,5.00000000000,37.50000000000,0,71.09999847412,23.86000061035,8.86182212830,4.06996726990,6.40348529816,1.76965725422,3.00000000000
421,FMHB.KL,FM Global Logistics Holdings Bhd,Malaysia,Marine Transportation,2023,0.43558660150,60.09000015259,8.24287891388,0.27845731378,0.24619463086,0.51726269722,0.44498121738,0.00000000000,-6026087.00000000000,0.13239747286,0.00000000000,0.55951035023,-14.71516609192,7149734.89000000000,5.00000000000,37.50000000000,0,70.79000091553,41.29000091553,3.55548715591,4.05610752106,-1.87225568295,1.42365515232,3.00000000000
421,FMHB.KL,FM Global Logistics Holdings Bhd,Malaysia,Marine Transportation,2024,0.36934134364,52.02999877930,8.31073284149,0.28158134222,0.27916443348,0.55375677347,0.40250116587,0.00000000000,1223990.50000000000,0.13136535883,0.00000000000,0.55178898573,30.53190994263,8349643.71000000000,5.00000000000,37.50000000000,0,51.36999893188,32.27000045776,5.11415529251,4.07435035706,0.78250986338,1.77314293385,3.00000000000
422,FRAS.KL,Fraser & Neave Holdings Bhd,Malaysia,Beverages,2022,2.62408065796,70.27999877930,8.95622920990,0.07400414348,0.19885888696,0.68979322910,0.00000000000,0.11021898687,-20171090.00000000000,0.11483281106,0.21509343386,0.37714543939,-2.29262518883,82474433.66000000000,7.00000000000,36.36000061035,FALSE,76.56999969482,69.97000122070,8.86182212830,4.06996726990,6.40348529816,2.06476569176,3.00000000000
422,FRAS.KL,Fraser & Neave Holdings Bhd,Malaysia,Beverages,2023,2.09226894379,69.12999725342,9.03706169128,0.15022173524,0.16639880836,0.48097649217,0.00000000000,0.20180189610,121369344.00000000000,0.24308443069,0.14949907362,0.38184198737,10.48845291138,115484819.40000000000,7.00000000000,36.36000061035,FALSE,80.04000091553,62.59000015259,3.55548715591,4.05610752106,-1.87225568295,2.51419639587,3.00000000000
422,FRAS.KL,Fraser & Neave Holdings Bhd,Malaysia,Beverages,2024,1.75591754913,71.08000183105,9.12333965302,0.13899920881,0.20270265639,0.58451920748,0.00000000000,0.20730198920,25075468.00000000000,0.25286108255,0.13607874513,0.38265207410,19.45500755310,132081533.60000000000,7.00000000000,27.27000045776,FALSE,75.05000305176,66.08000183105,5.11415529251,4.07435035706,0.78250986338,2.31268048286,3.00000000000
423,FRKN.KL,Frontken Corporation Bhd,Malaysia,Commercial Services & Supplies,2022,8.99788761139,30.79000091553,8.26278591156,0.06531996280,0.23069581389,0.72235494852,1.70715212822,0.00000000000,5700461.50000000000,0.45104163885,0.02641064487,0.32864198089,8.71137046814,30719895.45000000000,6.00000000000,16.67000007629,TRUE,13.77999973297,37.45999908447,8.86182212830,4.06996726990,6.40348529816,1.60405409336,3.00000000000
423,FRKN.KL,Frontken Corporation Bhd,Malaysia,Commercial Services & Supplies,2023,8.57818317413,58.74000167847,8.28533935547,0.03741443902,0.18794816732,0.68130385876,1.89991676807,0.00000000000,16760420.00000000000,0.49922889471,0.02521977201,0.30656564236,-7.29655742645,27089128.54000000000,5.00000000000,20.00000000000,TRUE,34.25999832153,49.75999832153,3.55548715591,4.05610752106,-1.87225568295,1.43696224689,3.00000000000
423,FRKN.KL,Frontken Corporation Bhd,Malaysia,Commercial Services & Supplies,2024,7.59921884537,59.45000076294,8.34488296509,0.02911591157,0.18998378515,0.70082771778,1.88062930107,0.00000000000,23101886.00000000000,0.60169070959,0.02148284018,0.26038014889,16.91444206238,33814115.94000000000,5.00000000000,33.33000183105,TRUE,34.75999832153,68.48999786377,5.11415529251,4.07435035706,0.78250986338,1.43588340282,3.00000000000
424,GADA.KL,Gadang Holdings Bhd,Malaysia,Construction & Engineering,2022,0.15178640187,27.30999946594,8.47877311707,0.16328275204,0.23575249314,0.54883438349,0.39120492339,0.00000000000,-16254065.00000000000,0.13260142505,0.40763390064,0.02626166865,-27.80691146851,-8930414.05000000000,6.00000000000,33.33000183105,TRUE,37.84000015259,11.52999973297,8.86182212830,4.06996726990,6.40348529816,2.25939083099,3.00000000000
424,GADA.KL,Gadang Holdings Bhd,Malaysia,Construction & Engineering,2023,0.15454900265,39.93999862671,8.47001075745,0.13530372083,0.31609237194,0.73576426506,0.19188699126,0.00000000000,-9653274.00000000000,0.12099942565,0.38555872440,0.02243849263,15.36595058441,105229.59000000000,6.00000000000,33.33000183105,TRUE,46.86999893188,17.93000030518,3.55548715591,4.05610752106,-1.87225568295,2.35040879250,3.00000000000
424,GADA.KL,Gadang Holdings Bhd,Malaysia,Construction & Engineering,2024,0.14317077398,46.75000000000,8.51217746735,0.14483624697,0.35174331069,0.85863035917,0.26946792006,0.00000000000,17351046.00000000000,0.20603799820,0.28991252184,0.01659603044,52.31932830811,1645426.76000000000,6.00000000000,33.33000183105,0,58.88000106812,24.62999916077,5.11415529251,4.07435035706,0.78250986338,1.94027709961,3.00000000000
425,GAMU.KL,Gamuda Bhd,Malaysia,Construction & Engineering,2022,1.70958995819,76.19999694824,9.65853309631,0.23641784489,0.31336790323,0.61303693056,0.13019742072,0.00000000000,134473248.00000000000,0.17990104854,0.13163554668,0.05797842890,32.16696166992,166684802.20000000000,8.00000000000,42.86000061035,0,82.26999664307,79.44000244141,8.86182212830,4.06996726990,6.40348529816,1.85730087757,3.00000000000
425,GAMU.KL,Gamuda Bhd,Malaysia,Construction & Engineering,2023,1.45284605026,73.08999633789,9.72364044189,0.29231765866,0.28803515434,0.52601099014,0.25040453672,0.00000000000,204604400.00000000000,0.20345661044,0.19411706924,0.07646558434,65.49739074707,185649434.20000000000,8.00000000000,57.13999938965,0,67.91999816895,78.62999725342,3.55548715591,4.05610752106,-1.87225568295,1.85730087757,3.00000000000
425,GAMU.KL,Gamuda Bhd,Malaysia,Construction & Engineering,2024,1.32919645309,79.55000305176,9.76382160187,0.29800331593,0.29615411162,0.51624965668,0.21128551662,0.00000000000,-50784188.00000000000,0.13836358488,0.21222807467,0.06997921318,59.35498046875,205360627.20000000000,4.00000000000,42.86000061035,0,81.61000061035,84.69999694824,5.11415529251,4.07435035706,0.78250986338,2.41861414909,3.00000000000
426,GENM.KL,Genting Malaysia Bhd,Malaysia,"Hotels, Restaurants & Leisure",2022,0.43403387070,68.02999877930,9.81338405609,0.45056056976,0.13092103601,0.23434676230,0.57144379616,0.01400579792,-363022720.00000000000,0.09473812580,0.00526003307,0.56608569622,95.86610412598,-151681818.20000000000,6.00000000000,16.67000007629,TRUE,35.86000061035,82.04000091553,8.86182212830,4.06996726990,6.40348529816,1.17903888226,3.00000000000
426,GENM.KL,Genting Malaysia Bhd,Malaysia,"Hotels, Restaurants & Leisure",2023,0.45094746351,65.81999969482,9.80231857300,0.44653454423,0.10802994668,0.19310556352,0.85830098391,0.04072674736,183267968.00000000000,0.13009193540,0.00615125708,0.52472525835,13.53733062744,78627450.98000000000,4.00000000000,10.00000000000,TRUE,30.81999969482,77.51000213623,3.55548715591,4.05610752106,-1.87225568295,1.96409749985,3.00000000000
426,GENM.KL,Genting Malaysia Bhd,Malaysia,"Hotels, Restaurants & Leisure",2024,0.43637168407,70.84999847412,9.80575752258,0.46622022986,0.11699349433,0.20077735186,0.61324876547,0.05240238830,-77954344.00000000000,0.12513534725,0.00653892197,0.52092242241,10.01383590698,36280214.86000000000,5.00000000000,22.21999931335,TRUE,41.33000183105,86.84999847412,5.11415529251,4.07435035706,0.78250986338,1.99771773815,3.00000000000
427,GENP.KL,Genting Plantations Bhd,Malaysia,Food Products,2022,0.53613942862,56.93000030518,9.30062580109,0.27631863952,0.13017450273,0.31948348880,0.12684299052,0.14043575525,-12399773.00000000000,0.17015756667,0.03284271061,0.60850965977,-3.56138086319,109847954.60000000000,4.00000000000,11.10999965668,TRUE,35.36000061035,69.68000030518,8.86182212830,4.06996726990,6.40348529816,2.16059231758,3.00000000000
427,GENP.KL,Genting Plantations Bhd,Malaysia,Food Products,2023,0.55904477835,55.29000091553,9.27102088928,0.24470739067,0.11726334691,0.31075519323,0.58783841133,0.03940239549,-114857952.00000000000,0.11432999372,0.02633612044,0.65544670820,-10.85106372833,57905882.35000000000,4.00000000000,10.00000000000,TRUE,31.12999916077,65.83000183105,3.55548715591,4.05610752106,-1.87225568295,2.81154394150,3.00000000000
427,GENP.KL,Genting Plantations Bhd,Malaysia,Food Products,2024,0.49034020305,57.52000045776,9.33325576782,0.32811617851,0.23240324855,0.51426905394,0.37365674973,0.07408776134,186173008.00000000000,0.22548356652,0.03579692915,0.56551688910,1.74091887474,74967547.00000000000,4.00000000000,20.00000000000,TRUE,35.90000152588,73.48999786377,5.11415529251,4.07435035706,0.78250986338,2.75337314606,3.00000000000
428,GENT.KL,Genting Bhd,Malaysia,"Hotels, Restaurants & Leisure",2022,0.11397216469,72.41999816895,10.36731147766,0.38937523961,0.08738303185,0.12645815313,0.58145040274,0.16301302612,-150704544.00000000000,0.20488482714,0.00815143157,0.57565242052,56.56986236572,10113636.36000000000,5.00000000000,12.50000000000,TRUE,29.85000038147,90.11000061035,8.86182212830,4.06996726990,6.40348529816,1.68517565727,3.00000000000
428,GENT.KL,Genting Bhd,Malaysia,"Hotels, Restaurants & Leisure",2023,0.11067543924,71.43000030518,10.36689662933,0.37279272079,0.09604442120,0.14025974274,0.50704622269,0.17276445031,379302848.00000000000,0.22351655364,0.00811446644,0.56106257439,16.13827705383,493943355.10000000000,5.00000000000,12.50000000000,TRUE,31.13999938965,85.00000000000,3.55548715591,4.05610752106,-1.87225568295,1.66169190407,3.00000000000
428,GENT.KL,Genting Bhd,Malaysia,"Hotels, Restaurants & Leisure",2024,0.11108293384,70.16999816895,10.37146091461,0.38451847434,0.10354352742,0.14939160645,0.43166968226,0.16848219931,-281154880.00000000000,0.21739555895,0.00946590211,0.56173104048,4.99738359451,452394807.50000000000,4.00000000000,12.50000000000,TRUE,31.45000076294,84.48999786377,5.11415529251,4.07435035706,0.78250986338,1.63428628445,3.00000000000
429,GESH.KL,GE-SHEN Corporation Bhd,Malaysia,Containers & Packaging,2022,2.47335100174,16.11000061035,7.79628562927,0.36976715922,0.34542989731,0.62726032734,0.12040133774,0.00000000000,875454.56250000000,0.07251685858,0.13964404166,0.48447087407,0.08356335014,2180454.55000000000,5.00000000000,28.56999969482,0,28.86000061035,0.43999999762,8.86182212830,4.06996726990,6.40348529816,1.00000000000,3.00000000000
429,GESH.KL,GE-SHEN Corporation Bhd,Malaysia,Containers & Packaging,2023,2.29447484016,10.84000015259,7.83064889908,0.33889237046,0.31219553947,0.59249264002,0.23453506827,0.00000000000,2522658.00000000000,0.10066757351,0.15912878513,0.46594440937,-3.11660027504,1982788.67000000000,5.00000000000,33.33000183105,TRUE,13.46000003815,0.38999998569,3.55548715591,4.05610752106,-1.87225568295,0.00000000000,3.00000000000
429,GESH.KL,GE-SHEN Corporation Bhd,Malaysia,Containers & Packaging,2024,1.86978387833,13.53999996185,7.91414546967,0.34786558151,0.24283251166,0.50357449055,0.42082977295,0.00000000000,3782229.25000000000,0.14639429748,0.12232173979,0.32843863964,10.24712276459,2872426.14000000000,6.00000000000,40.00000000000,FALSE,16.44000053406,5.40999984741,5.11415529251,4.07435035706,0.78250986338,0.00000000000,3.00000000000
430,GKMS.KL,George Kent (Malaysia) Bhd,Malaysia,Construction & Engineering,2022,0.24146191776,50.31999969482,8.26261520386,0.24721956253,0.17259749770,0.49744218588,0.54961818457,0.00000000000,-8578231.00000000000,0.30967050791,0.13133704662,0.16185970604,-33.71949768066,162131.52000000000,9.00000000000,16.67000007629,0,61.16999816895,27.01000022888,8.86182212830,4.06996726990,6.40348529816,1.58125126362,3.00000000000
430,GKMS.KL,George Kent (Malaysia) Bhd,Malaysia,Construction & Engineering,2023,0.26904401183,49.70999908447,8.22124290466,0.26301360130,0.17810876667,0.49026411772,0.00000000000,0.34902656078,6432610.00000000000,0.35994461179,0.10549169779,0.17670035362,-49.17777252197,-5475489.68000000000,5.00000000000,33.33000183105,0,68.98000335693,25.04000091553,3.55548715591,4.05610752106,-1.87225568295,1.83223986626,3.00000000000
430,GKMS.KL,George Kent (Malaysia) Bhd,Malaysia,Construction & Engineering,2024,0.25955182314,49.68000030518,8.23031139374,0.26953035593,0.32898417115,0.95839935541,0.00000000000,0.32594457269,-5252536.50000000000,0.38169246912,0.09466095269,0.17890809476,8.90603828430,979706.88000000000,4.00000000000,33.33000183105,0,63.34000015259,28.50000000000,5.11415529251,4.07435035706,0.78250986338,1.93212592602,3.00000000000
431,GOLD.KL,Golden Land Bhd,Malaysia,Real Estate Management & Development,2022,0.07903463393,19.30999946594,8.16897392273,0.31980940700,0.23496069014,0.55753695965,0.45463711023,0.00000000000,-237044.93750000000,0.10914196074,0.15683482587,0.57190501690,-33.37897872925,-5117076.71000000000,5.00000000000,33.33000183105,TRUE,23.18000030518,7.92000007629,8.86182212830,4.06996726990,6.40348529816,1.31236934662,3.00000000000
431,GOLD.KL,Golden Land Bhd,Malaysia,Real Estate Management & Development,2023,0.08489981294,23.55999946594,8.13695621490,0.31429243088,0.22520732880,0.56419384480,0.29618203640,0.00000000000,-5869702.00000000000,0.06196171418,0.14375907183,0.64274358749,32.20698165894,-3081858.52000000000,5.00000000000,33.33000183105,TRUE,31.44000053406,7.57000017166,3.55548715591,4.05610752106,-1.87225568295,1.87460887432,3.00000000000
431,GOLD.KL,Golden Land Bhd,Malaysia,Real Estate Management & Development,2024,0.08746109158,25.39999961853,8.12404823303,0.31852245331,0.24213488400,0.52094089985,0.31549352407,0.00000000000,960294.81250000000,0.07415486872,0.11372845620,0.62171071768,55.51743316650,-3366965.01000000000,6.00000000000,33.33000183105,TRUE,38.49000167847,6.65999984741,5.11415529251,4.07435035706,0.78250986338,1.59874761105,3.00000000000
432,GOPK.KL,Gopeng Bhd,Malaysia,Food Products,2022,0.93316590786,19.88999938965,7.83165216446,0.00669769384,0.01355559845,0.13200935721,0.00000000000,0.00000000000,-783875.00000000000,0.21041995287,0.00413733302,0.72430956364,-15.32307147980,-831115.91000000000,5.00000000000,0.00000000000,0,44.77999877930,15.56000041962,8.86182212830,4.06996726990,6.40348529816,2.25948429108,3.00000000000
432,GOPK.KL,Gopeng Bhd,Malaysia,Food Products,2023,0.49748659134,30.28000068665,8.11043167114,0.00000000000,0.27494615316,0.76015931368,0.00000000000,0.00000000000,1168640.50000000000,0.20129664242,0.00055307098,0.60978019238,-33.27264404297,-155960.78000000000,5.00000000000,0.00000000000,0,59.29999923706,27.18000030518,3.55548715591,4.05610752106,-1.87225568295,2.36178898811,3.00000000000
432,GOPK.KL,Gopeng Bhd,Malaysia,Food Products,2024,0.44679799676,31.43000030518,8.15710163116,0.00056272000,0.29403492808,0.77368438244,0.00000000000,0.00000000000,5819998.00000000000,0.08005329967,0.00037608700,0.55860608816,3066.08569335937,5307981.20000000000,5.00000000000,12.50000000000,0,49.33000183105,45.58000183105,5.11415529251,4.07435035706,0.78250986338,2.13528442383,3.00000000000
433,HAPS.KL,Hap Seng Consolidated Bhd,Malaysia,Industrial Conglomerates,2022,0.35053107142,42.59999847412,9.62732505798,0.38644373417,0.22787022591,0.38711485267,0.10359802842,0.07633361965,46823408.00000000000,0.15323245525,0.11593028903,0.25524479151,11.91402244568,241564318.20000000000,6.00000000000,10.00000000000,0,36.93000030518,57.38999938965,8.86182212830,4.06996726990,6.40348529816,1.87182903290,3.00000000000
433,HAPS.KL,Hap Seng Consolidated Bhd,Malaysia,Industrial Conglomerates,2023,0.35041719675,40.31000137329,9.60888099670,0.37362039089,0.23608714342,0.40867817402,0.27132397890,0.06147506833,183530064.00000000000,0.17454914749,0.09308739752,0.24933114648,-17.94964599609,197928540.30000000000,6.00000000000,11.10999965668,0,35.70000076294,56.15999984741,3.55548715591,4.05610752106,-1.87225568295,1.74407792091,3.00000000000
433,HAPS.KL,Hap Seng Consolidated Bhd,Malaysia,Industrial Conglomerates,2024,0.34530028701,43.34999847412,9.62945175171,0.38280168176,0.21915654838,0.37731119990,0.29905891418,0.09296371043,-88234560.00000000000,0.19976712763,0.09730763733,0.25596845150,-4.95643901825,172787824.50000000000,7.00000000000,11.10999965668,0,41.90999984741,61.29999923706,5.11415529251,4.07435035706,0.78250986338,2.10492181778,3.00000000000
434,HEIN.KL,Heineken Malaysia Bhd,Malaysia,Beverages,2022,4.81718635559,50.38999938965,8.50521850586,0.12494416535,0.62665450573,0.95944631100,0.05955343321,0.00000000000,-5437500.00000000000,0.04570522904,0.13540773094,0.37025439739,36.50604629517,93823636.36000000000,4.00000000000,42.86000061035,0,71.58999633789,31.73999977112,8.86182212830,4.06996726990,6.40348529816,2.32193493843,3.00000000000
434,HEIN.KL,Heineken Malaysia Bhd,Malaysia,Beverages,2023,5.50783157349,51.77000045776,8.43420314789,0.11537890881,0.60057044029,0.94980961084,0.05782140046,0.00000000000,-2012200.50000000000,0.02948747389,0.09664998949,0.47723117471,-11.43622112274,84270152.51000000000,6.00000000000,42.86000061035,0,78.06999969482,34.79000091553,3.55548715591,4.05610752106,-1.87225568295,1.65139889717,3.00000000000
434,HEIN.KL,Heineken Malaysia Bhd,Malaysia,Beverages,2024,5.15918827057,52.93000030518,8.45716094971,0.07055682689,0.56232053041,0.97168928385,0.04512721673,0.00000000000,-2424351.00000000000,0.02675345726,0.11880911142,0.47033092380,8.92495346069,104464861.20000000000,5.00000000000,42.86000061035,0,75.29000091553,37.50999832153,5.11415529251,4.07435035706,0.78250986338,1.81704604626,3.00000000000
435,HEKR.KL,Hektar Real Estate Investment Trust,Malaysia,Retail REITs,2022,0.27932921052,36.13000106812,8.44839286804,0.44633007050,0.03341836110,0.06476186216,0.56075757742,0.00000000000,-10611770.00000000000,0.01780363172,0.00000000000,0.00003685940,15.06033420563,16964920.45000000000,5.00000000000,25.00000000000,TRUE,21.87999916077,36.90999984741,8.86182212830,4.06996726990,6.40348529816,1.00000000000,3.00000000000
435,HEKR.KL,Hektar Real Estate Investment Trust,Malaysia,Retail REITs,2023,0.27322277427,40.24000167847,8.45706367493,0.42759895325,0.02018224262,0.04132657126,2.38565063477,0.00000000000,10809192.00000000000,0.04911873490,0.00000000000,0.00031504699,-8.99487304688,10687886.71000000000,6.00000000000,50.00000000000,TRUE,25.60000038147,40.74000167847,3.55548715591,4.05610752106,-1.87225568295,1.00000000000,3.00000000000
435,HEKR.KL,Hektar Real Estate Investment Trust,Malaysia,Retail REITs,2024,0.24385803938,44.25000000000,8.50644302368,0.41719853878,0.03807347268,0.07890804112,0.34114035964,0.00000000000,-9709358.00000000000,0.01455242559,0.00000000000,0.00032703800,14.99117088318,5509218.89000000000,7.00000000000,20.00000000000,TRUE,18.75000000000,42.88000106812,5.11415529251,4.07435035706,0.78250986338,2.02563524246,3.00000000000
436,HENY.KL,Hengyuan Refining Company Bhd,Malaysia,"Oil, Gas & Consumable Fuels",2022,0.06020338461,46.45999908447,9.17753791809,0.24419301748,0.68375331163,0.86273533106,0.29480606318,0.00000000000,147516368.00000000000,0.23038597405,0.22679893672,0.31170138717,66.65193176270,-35827272.73000000000,5.00000000000,16.67000007629,FALSE,62.56000137329,23.17000007629,8.86182212830,4.06996726990,6.40348529816,1.22498834133,3.00000000000
436,HENY.KL,Hengyuan Refining Company Bhd,Malaysia,"Oil, Gas & Consumable Fuels",2023,0.07302907854,52.13000106812,9.08930110931,0.30539843440,0.66170841455,0.88084077835,0.27569934726,0.00000000000,-46583880.00000000000,0.14889009297,0.24678893387,0.39012068510,-30.17881965637,-106442265.80000000000,5.00000000000,28.56999969482,FALSE,76.52999877930,32.50000000000,3.55548715591,4.05610752106,-1.87225568295,1.21850383282,3.00000000000
436,HENY.KL,Hengyuan Refining Company Bhd,Malaysia,"Oil, Gas & Consumable Fuels",2024,0.10699041188,51.38999938965,8.92688560486,0.38185179234,0.59634810686,0.85759240389,0.30160087347,0.00000000000,-78227392.00000000000,0.12374183536,0.10593819618,0.55812084675,14.82170772552,-80027081.47000000000,5.00000000000,33.33000183105,FALSE,76.69999694824,29.43000030518,5.11415529251,4.07435035706,0.78250986338,1.41661322117,3.00000000000
437,HEVE.KL,HeveaBoard Bhd,Malaysia,Paper & Forest Products,2022,0.25104001164,27.27000045776,8.06308364868,0.01808222383,0.13922329247,0.85360854864,0.35099878907,0.00000000000,2713181.75000000000,0.21763303876,0.20618844032,0.44836640358,5.29923486710,2121136.36000000000,5.00000000000,22.21999931335,0,77.41000366211,7.03000020981,8.86182212830,4.06996726990,6.40348529816,1.94042944908,3.00000000000
437,HEVE.KL,HeveaBoard Bhd,Malaysia,Paper & Forest Products,2023,0.27140766382,29.30999946594,8.03825950623,0.03753259033,0.13054215908,0.76076263189,0.28525146842,0.00000000000,-8444227.00000000000,0.22854134440,0.18670339882,0.47560900450,-31.13533973694,-818736.38000000000,5.00000000000,25.00000000000,0,76.58999633789,12.64000034332,3.55548715591,4.05610752106,-1.87225568295,1.61422717571,3.00000000000
437,HEVE.KL,HeveaBoard Bhd,Malaysia,Paper & Forest Products,2024,0.27074319124,35.74000167847,8.03932476044,0.03990432248,0.12056752294,0.69706285000,0.34618058801,0.00000000000,-3038719.75000000000,0.21734717488,0.18182338774,0.50910055637,13.42286777496,-1145031.33000000000,5.00000000000,25.00000000000,0,81.80000305176,19.19000053406,5.11415529251,4.07435035706,0.78250986338,1.86024987698,3.00000000000
438,HEXR.KL,Hextar Healthcare Bhd,Malaysia,Household Products,2022,0.15335235000,35.77000045776,8.19674301147,0.00980129465,0.10513123870,0.83065855503,1.27527451515,0.00000000000,-46826204.00000000000,0.13204121590,0.11866346002,0.30675601959,-67.53002166748,-12655779.55000000000,4.00000000000,0.00000000000,0,24.10000038147,32.97000122070,8.86182212830,4.06996726990,6.40348529816,1.89618968964,3.00000000000
438,HEXR.KL,Hextar Healthcare Bhd,Malaysia,Household Products,2023,0.20287606120,55.02000045776,8.09909725189,0.00977721158,0.05314863473,0.89566892385,0.85020232201,0.00000000000,-14526880.00000000000,0.03608851880,0.09935714304,0.32995402813,-15.20815467834,-14025464.05000000000,5.00000000000,33.33000183105,0,61.45999908447,30.04000091553,3.55548715591,4.05610752106,-1.87225568295,1.81151676178,3.00000000000
438,HEXR.KL,Hextar Healthcare Bhd,Malaysia,Household Products,2024,0.19949315488,53.54000091553,8.08157634735,0.00691388408,0.05067419261,0.87969821692,0.33738461137,0.00000000000,-3771821.75000000000,0.01642068662,0.11845543981,0.32828471065,-2.45618033409,-3115508.06000000000,4.00000000000,33.33000183105,0,56.18999862671,34.15999984741,5.11415529251,4.07435035706,0.78250986338,0.00000000000,3.00000000000
439,HEXT.KL,Hextar Global Bhd,Malaysia,Chemicals,2022,5.92805624008,49.59999847412,8.15055942535,0.44246518612,0.32094749808,0.49256098270,0.25079622865,0.00000000000,-1553511.37500000000,0.08140481263,0.22417044640,0.20511735976,21.30546951294,13398922.73000000000,6.00000000000,16.67000007629,0,51.31999969482,41.00000000000,8.86182212830,4.06996726990,6.40348529816,1.21550107002,3.00000000000
439,HEXT.KL,Hextar Global Bhd,Malaysia,Chemicals,2023,4.32174396515,44.56999969482,8.28200435638,0.47783288360,0.50689595938,0.71544522047,0.17189168930,0.00000000000,2166296.25000000000,0.16621603072,0.21382561326,0.19594757259,7.80545377731,14741603.49000000000,9.00000000000,16.67000007629,0,42.31000137329,39.61999893188,3.55548715591,4.05610752106,-1.87225568295,1.13448977470,3.00000000000
439,HEXT.KL,Hextar Global Bhd,Malaysia,Chemicals,2024,4.47743082047,43.02999877930,8.26663494110,0.52989661694,0.49546280503,0.68123203516,0.12101208419,0.00000000000,-7320396.00000000000,0.07950647175,0.16706660390,0.20672337711,41.00260925293,16041900.18000000000,5.00000000000,16.67000007629,0,42.45000076294,36.70999908447,5.11415529251,4.07435035706,0.78250986338,1.30539822578,3.00000000000
440,HLIB.KL,Hong Leong Industries Bhd,Malaysia,Industrial Conglomerates,2022,1.69316971302,54.31000137329,8.76296043396,0.00274531194,0.17937360704,0.71835154295,0.00000000000,0.19460158050,-157782000.00000000000,0.54753583670,0.12450213730,0.08092492819,30.82629776001,84362915.33000000000,4.00000000000,28.56999969482,0,53.97999954224,46.97000122070,8.86182212830,4.06996726990,6.40348529816,1.44735789299,3.00000000000
440,HLIB.KL,Hong Leong Industries Bhd,Malaysia,Industrial Conglomerates,2023,1.65976655483,55.47000122070,8.77480888367,0.00207209098,0.17149341106,0.68684685230,0.00000000000,0.32535535097,80223120.00000000000,0.64177685976,0.07456428558,0.07328477502,-9.89260482788,109189183.50000000000,4.00000000000,28.56999969482,0,52.36000061035,56.00000000000,3.55548715591,4.05610752106,-1.87225568295,1.66112124920,3.00000000000
440,HLIB.KL,Hong Leong Industries Bhd,Malaysia,Industrial Conglomerates,2024,1.30373024940,60.33000183105,8.88645362854,0.03395451978,0.18505045772,0.64142125845,0.00000000000,0.11321505904,-129785032.00000000000,0.80458593369,0.07538878173,0.13667018712,28.51461982727,157181947.70000000000,4.00000000000,33.33000183105,0,46.59000015259,78.30000305176,5.11415529251,4.07435035706,0.78250986338,1.93404364586,3.00000000000
442,HSIB.KL,Hup Seng Industries Bhd,Malaysia,Food Products,2022,3.63808965683,55.34999847412,7.68459224701,0.00231117010,0.30485108495,0.90448302031,0.10853229463,0.00000000000,-730050.00000000000,0.28526085615,0.14067867398,0.36614623666,1.78976154327,5927479.55000000000,7.00000000000,33.33000183105,0,76.55999755859,39.11999893188,8.86182212830,4.06996726990,6.40348529816,1.40501654148,3.00000000000
442,HSIB.KL,Hup Seng Industries Bhd,Malaysia,Food Products,2023,3.37791514397,59.27000045776,7.71588850021,0.00110796897,0.29310801625,0.91508615017,0.07572805882,0.00000000000,6114276.50000000000,0.40763792396,0.12625415623,0.31411772966,7.63292646408,9822568.63000000000,8.00000000000,33.33000183105,0,81.44999694824,47.45000076294,3.55548715591,4.05610752106,-1.87225568295,1.65464556217,3.00000000000
442,HSIB.KL,Hup Seng Industries Bhd,Malaysia,Food Products,2024,3.14195227623,56.88000106812,7.74967861176,0.00231363298,0.31626406312,0.90985363722,0.09582804143,0.00000000000,-1655626.62500000000,0.35780555010,0.12702298164,0.35529538989,13.67972087860,12894122.65000000000,9.00000000000,33.33000183105,0,78.81999969482,37.59999847412,5.11415529251,4.07435035706,0.78250986338,1.68109333515,3.00000000000
443,HTVE.KL,Hiap Teck Venture Bhd,Malaysia,Metals & Mining,2022,0.25979277492,32.09000015259,8.65892410278,0.30253320932,0.36282271147,0.97392076254,0.00000000000,0.07399100065,-1904226.62500000000,0.09538756311,0.31640630960,0.12932510674,38.77019500732,35153776.98000000000,4.00000000000,0.00000000000,0,45.74000167847,28.54999923706,8.86182212830,4.06996726990,6.40348529816,1.41408896446,3.00000000000
443,HTVE.KL,Hiap Teck Venture Bhd,Malaysia,Metals & Mining,2023,0.28151106834,36.11999893188,8.62312698364,0.28710246086,0.31341865659,0.97851806879,0.00000000000,0.07097570598,-3493676.50000000000,0.06713335216,0.23467771709,0.15023873746,-1.18877148628,7062347.46000000000,4.00000000000,11.10999965668,0,51.54999923706,28.03000068665,3.55548715591,4.05610752106,-1.87225568295,1.31244874001,3.00000000000
443,HTVE.KL,Hiap Teck Venture Bhd,Malaysia,Metals & Mining,2024,0.25900211930,32.81000137329,8.65931892395,0.27144977450,0.33165130019,0.97650307417,0.00000000000,0.04479777813,-8805314.00000000000,0.05114314705,0.23480600119,0.14625211060,4.21661233902,23379573.17000000000,5.00000000000,0.00000000000,0,45.75000000000,26.76000022888,5.11415529251,4.07435035706,0.78250986338,1.59493947029,3.00000000000
444,HTHB.KL,Hartalega Holdings Bhd,Malaysia,Health Care Equipment & Supplies,2022,0.82669407129,64.62000274658,9.08024024963,0.02910469659,0.06675335765,0.53262811899,1.33984708786,0.00000000000,-148222000.00000000000,0.25892880559,0.04380653054,0.54659837484,-70.88703918457,-54151927.44000000000,6.00000000000,37.50000000000,TRUE,69.29000091553,38.97000122070,8.86182212830,4.06996726990,6.40348529816,2.09859967232,3.00000000000
444,HTHB.KL,Hartalega Holdings Bhd,Malaysia,Health Care Equipment & Supplies,2023,0.87671983242,67.80999755859,9.04661655426,0.01357269194,0.07324308157,0.63141667843,0.91436672211,0.01146108843,-62912016.00000000000,0.25126001239,0.07334692776,0.55742889643,-28.76557540894,4189094.76000000000,5.00000000000,37.50000000000,TRUE,76.16000366211,41.04999923706,3.55548715591,4.05610752106,-1.87225568295,1.00000000000,3.00000000000
444,HTHB.KL,Hartalega Holdings Bhd,Malaysia,Health Care Equipment & Supplies,2024,0.93558669090,63.08000183105,9.02911758423,0.00144458399,0.05106965825,0.57630580664,1.08738648891,0.01319566555,-122078920.00000000000,0.18695974350,0.07134655118,0.62763196230,49.78779220581,16777903.04000000000,5.00000000000,33.33000183105,TRUE,67.09999847412,42.25000000000,5.11415529251,4.07435035706,0.78250986338,1.40780174732,3.00000000000
445,HUMC.KL,Hume Cement Industries Bhd,Malaysia,Construction Materials,2022,1.88627815247,44.72000122070,8.46911239624,0.48375138640,0.44731312990,0.62439423800,0.01609254815,0.00385312503,3107807.50000000000,0.05003033951,0.12609736621,0.63825857639,13.17736053467,707671.36000000000,4.00000000000,20.00000000000,0,62.65999984741,30.37999916077,8.86182212830,4.06996726990,6.40348529816,1.68407881260,3.00000000000
445,HUMC.KL,Hume Cement Industries Bhd,Malaysia,Construction Materials,2023,2.16651868820,44.34000015259,8.40532112122,0.43772977591,0.47743672132,0.74775415659,0.06962064654,0.00000000000,-2703965.75000000000,0.03760021552,0.10719238222,0.65452384949,31.85529708862,12869024.65000000000,4.00000000000,20.00000000000,0,59.70999908447,30.94000053406,3.55548715591,4.05610752106,-1.87225568295,1.56714832783,3.00000000000
445,HUMC.KL,Hume Cement Industries Bhd,Malaysia,Construction Materials,2024,2.11218309402,46.20000076294,8.41362953186,0.25045660138,0.24396455288,0.46787363291,0.29952841997,0.00000000000,12013786.00000000000,0.09033281356,0.10353551805,0.60466468334,17.56517982483,44737857.90000000000,4.00000000000,25.00000000000,0,37.04000091553,40.50999832153,5.11415529251,4.07435035706,0.78250986338,2.33435797691,3.00000000000
446,IBHD.KL,I-Bhd,Malaysia,Real Estate Management & Development,2022,0.24806676805,31.65999984741,8.63971328735,0.16218063235,0.22536277771,0.57644653320,0.03046962060,0.00000573000,2283863.75000000000,0.00934960879,0.39028644562,0.14091882110,41.12396621704,6205681.82000000000,4.00000000000,33.33000183105,TRUE,51.43999862671,2.84999990463,8.86182212830,4.06996726990,6.40348529816,1.54146957397,3.00000000000
446,IBHD.KL,I-Bhd,Malaysia,Real Estate Management & Development,2023,0.27611023188,22.64999961853,8.60104465485,0.16560117900,0.18900766969,0.52902704477,0.07320165634,0.00000655000,1295642.75000000000,0.01266302355,0.35536006093,0.14840035141,40.70026779175,2632461.87000000000,5.00000000000,33.33000183105,TRUE,28.61000061035,5.55999994278,3.55548715591,4.05610752106,-1.87225568295,1.00000000000,3.00000000000
446,IBHD.KL,I-Bhd,Malaysia,Real Estate Management & Development,2024,0.25730049610,35.63000106812,8.62291336060,0.15647533536,0.17208510637,0.51403456926,0.08337723464,0.00000640000,349373.31250000000,0.01509566884,0.36409869790,0.15294113755,30.00046920776,6544538.94000000000,4.00000000000,28.56999969482,TRUE,43.84999847412,7.98999977112,5.11415529251,4.07435035706,0.78250986338,1.41311538219,3.00000000000
447,IFCA.KL,IFCA MSC Bhd,Malaysia,Software,2022,1.21889841557,15.67000007629,7.52922248840,0.00310875592,0.19117578864,0.93920302391,1.06201493740,0.00000000000,-1504461.37500000000,0.42881205678,0.00000000000,0.04482108727,-10.53007888794,-953861.36000000000,5.00000000000,16.67000007629,TRUE,25.15999984741,2.71000003815,8.86182212830,4.06996726990,6.40348529816,0.00000000000,3.00000000000
447,IFCA.KL,IFCA MSC Bhd,Malaysia,Software,2023,1.23326909542,13.19999980927,7.53075695038,0.01000226103,0.19782365859,0.89755296707,0.90896975994,0.00000000000,-2596906.25000000000,0.50778537989,0.00000000000,0.04834565148,-0.81644415855,581198.26000000000,5.00000000000,16.67000007629,TRUE,19.87000083923,2.09999990463,3.55548715591,4.05610752106,-1.87225568295,1.00000000000,3.00000000000
447,IFCA.KL,IFCA MSC Bhd,Malaysia,Software,2024,1.14950752258,21.20000076294,7.56872701645,0.00683021313,0.22547069192,0.90995055437,0.66202783585,0.00000000000,-1482773.00000000000,0.50594121218,0.00005606700,0.04167710245,39.50171279907,4264301.70000000000,5.00000000000,16.67000007629,TRUE,24.87999916077,7.78999996185,5.11415529251,4.07435035706,0.78250986338,1.00000000000,3.00000000000
448,IJMS.KL,IJM Corporation Bhd,Malaysia,Construction & Engineering,2022,0.55765897036,66.12000274658,9.66753959656,0.26501873136,0.23406390846,0.48892790079,0.37543800473,0.00000000000,-18062358.00000000000,0.12843622267,0.32532450557,0.05911866575,-1.15949368477,47980952.38000000000,6.00000000000,18.18000030518,TRUE,76.52999877930,51.11999893188,8.86182212830,4.06996726990,6.40348529816,1.86983466148,3.00000000000
448,IJMS.KL,IJM Corporation Bhd,Malaysia,Construction & Engineering,2023,0.56381422281,64.25000000000,9.65452003479,0.26338770986,0.23526629806,0.48919719458,0.37430119514,0.00000000000,8030916.00000000000,0.13397936523,0.29542884231,0.06366401166,20.87849044800,140855902.60000000000,5.00000000000,27.27000045776,TRUE,82.37000274658,48.34999847412,3.55548715591,4.05610752106,-1.87225568295,2.60045099258,3.00000000000
448,IJMS.KL,IJM Corporation Bhd,Malaysia,Construction & Engineering,2024,0.52550089359,65.22000122070,9.69095134735,0.27130475640,0.25374895334,0.51907163858,0.34164461493,0.00000000000,-89280272.00000000000,0.13577173650,0.29645380378,0.06750873476,12.47651576996,105357609.90000000000,6.00000000000,27.27000045776,TRUE,84.30000305176,51.79000091553,5.11415529251,4.07435035706,0.78250986338,2.26205492020,3.00000000000
449,INNY.KL,Innity Corporation Bhd,Malaysia,Media,2022,0.44214311242,23.85000038147,7.25515556335,0.03829576820,0.44333136082,0.88580083847,1.00958967209,0.00000000000,312861.37500000000,0.40290525556,0.00043584901,0.05984335020,-5.95874404907,-143254.55000000000,6.00000000000,11.10999965668,0,23.10000038147,17.48999977112,8.86182212830,4.06996726990,6.40348529816,1.15166008472,3.00000000000
449,INNY.KL,Innity Corporation Bhd,Malaysia,Media,2023,0.44575208426,28.54999923706,7.25069665909,0.05799037963,0.47638526559,0.91425478458,0.84169000387,0.00000000000,-1929211.37500000000,0.39687290788,0.00014592599,0.07251308113,-8.32387733459,-472599.13000000000,6.00000000000,11.10999965668,0,31.88999938965,30.44000053406,3.55548715591,4.05610752106,-1.87225568295,1.54080522060,3.00000000000
449,INNY.KL,Innity Corporation Bhd,Malaysia,Media,2024,0.50624525547,27.81999969482,7.19542932510,0.08091346174,0.54279112816,0.99594932795,0.47478523850,0.00000000000,-2401698.75000000000,0.22691456974,0.00000328000,0.07106155157,1.06850326061,-2170579.68000000000,6.00000000000,11.10999965668,0,30.06999969482,27.85000038147,5.11415529251,4.07435035706,0.78250986338,1.12514090538,3.00000000000
450,IOIB.KL,IOI Corporation Bhd,Malaysia,Food Products,2022,1.32277500629,54.06999969482,9.63852787018,0.26334789395,0.19572408497,0.45617148280,0.32503464818,0.00000000000,119836584.00000000000,0.13944649696,0.08677573502,0.45436617732,30.41173553467,401475261.00000000000,6.00000000000,16.67000007629,TRUE,52.13000106812,62.40000152588,8.86182212830,4.06996726990,6.40348529816,1.87527203560,3.00000000000
450,IOIB.KL,IOI Corporation Bhd,Malaysia,Food Products,2023,1.52360033989,53.86999893188,9.57621383667,0.21728596091,0.09529686719,0.26803281903,0.61086243391,0.00000000000,-68145768.00000000000,0.11344917864,0.06590869278,0.51161706448,-29.77161407471,242229367.60000000000,9.00000000000,33.33000183105,TRUE,50.52000045776,62.77000045776,3.55548715591,4.05610752106,-1.87225568295,1.99219834805,3.00000000000
450,IOIB.KL,IOI Corporation Bhd,Malaysia,Food Products,2024,1.51292645931,53.09000015259,9.58039379120,0.20982377231,0.08810513467,0.25237882137,0.47419029474,0.00000000000,-11304348.00000000000,0.12688554823,0.07109495997,0.51437950134,-17.97373008728,236755037.10000000000,6.00000000000,37.50000000000,TRUE,43.95999908447,69.84999847412,5.11415529251,4.07435035706,0.78250986338,1.99646878242,3.00000000000
452,JCYI.KL,JCY International Bhd,Malaysia,"Technology Hardware, Storage & Peripherals",2022,0.69807064533,21.80999946594,8.31161499023,0.07576607913,0.16940300167,0.96256482601,0.81021809578,0.02710262872,-23004314.00000000000,0.12889458239,0.34763562679,0.33845648170,-28.92740821838,-19240776.70000000000,0.00000000000,0.00000000000,0,50.70999908447,1.40999996662,8.86182212830,4.06996726990,6.40348529816,1.96039950848,3.00000000000
452,JCYI.KL,JCY International Bhd,Malaysia,"Technology Hardware, Storage & Peripherals",2023,0.87479531765,16.80999946594,8.22791957855,0.05627025664,0.13625906408,0.98795324564,0.61293005943,0.04648280889,-11290721.00000000000,0.10721522570,0.29009619355,0.34924569726,-43.48404693604,-19240225.84000000000,6.00000000000,0.00000000000,TRUE,34.43000030518,2.58999991417,3.55548715591,4.05610752106,-1.87225568295,1.68971431255,3.00000000000
452,JCYI.KL,JCY International Bhd,Malaysia,"Technology Hardware, Storage & Peripherals",2024,0.78544855118,23.77000045776,8.27470779419,0.04199786112,0.13329251111,0.97778683901,0.26322305202,0.18550139666,16498908.00000000000,0.24567939341,0.22614054382,0.31917032599,45.35393905640,6989808.30000000000,8.00000000000,20.00000000000,TRUE,63.97999954224,1.59000003338,5.11415529251,4.07435035706,0.78250986338,1.86422014236,3.00000000000
453,JENT.KL,Jentayu Sustainables Bhd,Malaysia,Trading Companies & Distributors,2022,1.23723149300,10.34000015259,7.52433824539,0.20859657228,0.24788105488,0.59043741226,0.07314936817,0.00000000000,-1665002.25000000000,0.02329504304,0.03245092183,0.20668970048,158.24641418457,6534725.37000000000,7.00000000000,16.67000007629,TRUE,9.85999965668,9.73999977112,8.86182212830,4.06996726990,6.40348529816,1.61341118813,3.00000000000
453,JENT.KL,Jentayu Sustainables Bhd,Malaysia,Trading Companies & Distributors,2023,0.96441292763,13.59000015259,7.62599372864,0.19570222497,0.20927920938,0.56430947781,0.00000000000,0.02671271749,346409.43750000000,0.03375775740,0.02258941345,0.45661148429,-51.38859176636,-1104608.79000000000,7.00000000000,16.67000007629,TRUE,19.81999969482,8.52000045776,3.55548715591,4.05610752106,-1.87225568295,1.40739369392,3.00000000000
453,JENT.KL,Jentayu Sustainables Bhd,Malaysia,Trading Companies & Distributors,2024,0.88724774122,24.94000053406,7.65078210831,0.12300051004,0.22631770372,0.69615989923,0.00000000000,0.01992502064,-134040.29687500000,0.02109538391,0.01461673714,0.49761363864,-49.04871749878,-4220360.55000000000,7.00000000000,33.33000183105,TRUE,14.53999996185,25.19000053406,5.11415529251,4.07435035706,0.78250986338,1.97979974747,3.00000000000
454,JHMC.KL,JHM Consolidation Bhd,Malaysia,"Electronic Equipment, Instruments & Components",2022,0.41868633032,25.22999954224,8.04870128632,0.17868474126,0.29848766327,0.78967082500,0.00000000000,0.12584312260,3258179.50000000000,0.14294962585,0.19343523681,0.30286055803,13.52625370026,4777043.18000000000,4.00000000000,28.56999969482,TRUE,60.25000000000,2.40000009537,8.86182212830,4.06996726990,6.40348529816,1.00000000000,3.00000000000
454,JHMC.KL,JHM Consolidation Bhd,Malaysia,"Electronic Equipment, Instruments & Components",2023,0.46511682868,39.84000015259,8.00872993469,0.14940114319,0.22623419762,0.71560937166,0.00000000000,0.15458062291,2295906.25000000000,0.15314885974,0.21723291278,0.32697916031,-16.27422904968,3113956.43000000000,4.00000000000,28.56999969482,TRUE,62.31000137329,22.69000053406,3.55548715591,4.05610752106,-1.87225568295,1.00000000000,3.00000000000
454,JHMC.KL,JHM Consolidation Bhd,Malaysia,"Electronic Equipment, Instruments & Components",2024,0.49256789684,44.68999862671,7.97719526291,0.11316151917,0.22454378009,0.76866614819,0.00000000000,0.15920156240,-1021689.81250000000,0.15569418669,0.23951883614,0.34859552979,-26.86093521118,-5123196.06000000000,4.00000000000,28.56999969482,TRUE,65.27999877930,31.02000045776,5.11415529251,4.07435035706,0.78250986338,1.55959284306,3.00000000000
455,JOEH.KL,Joe Holding Bhd,Malaysia,Distributors,2022,0.06278140843,9.38000011444,7.76296949387,0.22932174802,0.24489843845,0.82351547480,1.05056416988,0.00000000000,-15332880.00000000000,0.52749985456,0.02118116617,0.03074635193,6.87697935104,-8769161.00000000000,6.00000000000,0.00000000000,0,21.20999908447,1.73000001907,8.86182212830,4.06996726990,6.40348529816,0.00000000000,3.00000000000
455,JOEH.KL,Joe Holding Bhd,Malaysia,Distributors,2023,0.07137896866,10.35000038147,7.70630168915,0.26681795716,0.28603550792,0.86782395840,0.49618574977,0.00000000000,-9325781.00000000000,0.36930972338,0.01299631502,0.07722833753,3.43061709404,-4228268.93000000000,5.00000000000,0.00000000000,0,26.30999946594,2.68000006676,3.55548715591,4.05610752106,-1.87225568295,0.00000000000,3.00000000000
455,JOEH.KL,Joe Holding Bhd,Malaysia,Distributors,2024,0.07132592052,13.39999961853,7.70662450790,0.27016788721,0.28996467590,0.86572831869,0.38613754511,0.00000000000,-2002931.25000000000,0.43070560694,0.00742158620,0.07736172527,-28.89453315735,-2456144.31000000000,5.00000000000,25.00000000000,0,31.38999938965,4.61000013351,5.11415529251,4.07435035706,0.78250986338,1.35890650749,3.00000000000
456,JTIA.KL,Jaya Tiasa Holdings Bhd,Malaysia,Paper & Forest Products,2022,0.62719023228,26.42000007629,8.67107200623,0.27727872133,0.07708288729,0.20031145215,1.55240249634,0.00000000000,65805040.00000000000,0.11988385767,0.03209882975,0.80201333761,5.56466341019,30506808.90000000000,6.00000000000,42.86000061035,0,42.91999816895,6.88000011444,8.86182212830,4.06996726990,6.40348529816,1.35234165192,3.00000000000
456,JTIA.KL,Jaya Tiasa Holdings Bhd,Malaysia,Paper & Forest Products,2023,0.67284399271,29.62000083923,8.62218379974,0.17823894322,0.06937579811,0.23561701179,1.71479773521,0.00000000000,-7318328.00000000000,0.10630003363,0.03218930587,0.79622614384,-0.40514430404,32540621.65000000000,4.00000000000,37.50000000000,TRUE,52.40000152588,13.89000034332,3.55548715591,4.05610752106,-1.87225568295,1.35172736645,3.00000000000
456,JTIA.KL,Jaya Tiasa Holdings Bhd,Malaysia,Paper & Forest Products,2024,0.68818485737,29.54000091553,8.62294387817,0.09815321863,0.07383473217,0.28868758678,1.93828701973,0.00000000000,10621209.00000000000,0.14336338639,0.03183627874,0.77462750673,17.56148719788,27352279.96000000000,4.00000000000,33.33000183105,TRUE,42.61999893188,24.30999946594,5.11415529251,4.07435035706,0.78250986338,1.57715940475,3.00000000000
458,KESM.KL,KESM Industries Bhd,Malaysia,Semiconductors & Semiconductor Equipment,2022,0.27365863323,22.17000007629,7.98087978363,0.06410081685,0.08915943652,0.59967762232,0.66563898325,0.00000000000,3773606.00000000000,0.43150621653,0.00438631512,0.40069589019,-5.75185441971,374550.36000000000,5.00000000000,20.00000000000,TRUE,25.29000091553,11.02999973297,8.86182212830,4.06996726990,6.40348529816,1.38800358772,3.00000000000
458,KESM.KL,KESM Industries Bhd,Malaysia,Semiconductors & Semiconductor Equipment,2023,0.25039428473,27.50000000000,8.03189945221,0.19319823384,0.13410341740,0.49918651581,0.35975524783,0.00000000000,3788551.25000000000,0.54417246580,0.00306771905,0.37021672726,-8.69001483917,-694475.26000000000,5.00000000000,20.00000000000,TRUE,43.72999954224,11.68999958038,3.55548715591,4.05610752106,-1.87225568295,2.27103090286,3.00000000000
458,KESM.KL,KESM Industries Bhd,Malaysia,Semiconductors & Semiconductor Equipment,2024,0.25785115361,22.36000061035,8.00917053223,0.15620468557,0.14820042253,0.59752583504,0.37990963459,0.00000000000,-5437064.50000000000,0.49935162067,0.00337739894,0.34949892759,4.48719215393,40940.77000000000,5.00000000000,20.00000000000,TRUE,29.13999938965,15.14999961853,5.11415529251,4.07435035706,0.78250986338,2.09111046791,3.00000000000
459,KIML.KL,Kim Loong Resources Bhd,Malaysia,Food Products,2022,1.81279814243,31.29999923706,8.47189712524,0.04624624923,0.13557034731,0.39911246300,0.65998071432,0.00000000000,-17264856.00000000000,0.31040519476,0.05045975372,0.58365410566,9.99945926666,46841283.13000000000,5.00000000000,14.28999996185,0,37.70000076294,28.42000007629,8.86182212830,4.06996726990,6.40348529816,2.09031844139,3.00000000000
459,KIML.KL,Kim Loong Resources Bhd,Malaysia,Food Products,2023,1.99926817417,30.95000076294,8.42465400696,0.04094306752,0.11894645542,0.38152191043,0.62095934153,0.00000000000,-12597861.00000000000,0.29889595509,0.03786193952,0.58323162794,-27.87835121155,37626145.55000000000,5.00000000000,14.28999996185,0,31.09000015259,30.54000091553,3.55548715591,4.05610752106,-1.87225568295,2.14490580559,3.00000000000
459,KIML.KL,Kim Loong Resources Bhd,Malaysia,Food Products,2024,1.73117864132,33.02999877930,8.48908424377,0.11695102602,0.10124545544,0.28338745236,0.75445431471,0.00000000000,16399636.00000000000,0.44313237071,0.03264076263,0.54355370998,17.21436500549,43726467.42000000000,5.00000000000,14.28999996185,0,35.20000076294,34.70000076294,5.11415529251,4.07435035706,0.78250986338,2.85974597931,3.00000000000
460,KKBE.KL,KKB Engineering Berhad,Malaysia,Construction & Engineering,2022,0.71300703287,43.33000183105,8.10089874268,0.00042196101,0.18894866109,0.66899144650,0.06472756714,0.00000000000,-4213772.50000000000,0.40550604463,0.08585426956,0.24322088063,-6.52186298370,4196959.09000000000,4.00000000000,25.00000000000,0,69.94000244141,29.98999977112,8.86182212830,4.06996726990,6.40348529816,1.37711060047,3.00000000000
460,KKBE.KL,KKB Engineering Berhad,Malaysia,Construction & Engineering,2023,0.62175393105,42.33000183105,8.14597797394,0.00016107300,0.26377576590,0.72173649073,0.08975961059,0.00000000000,1977762.50000000000,0.40096396208,0.08017858863,0.21069854498,16.70934295654,7482721.13000000000,4.00000000000,22.21999931335,0,74.70999908447,28.38999938965,3.55548715591,4.05610752106,-1.87225568295,1.76274812222,3.00000000000
460,KKBE.KL,KKB Engineering Berhad,Malaysia,Construction & Engineering,2024,0.47965639830,45.65999984741,8.26545238495,0.00005183930,0.42592519522,0.85588359833,0.12116865814,0.00000000000,3934650.75000000000,0.34879967570,0.06494161487,0.15685823560,38.34692382813,9056172.78000000000,4.00000000000,22.21999931335,0,66.73999786377,43.95999908447,5.11415529251,4.07435035706,0.78250986338,2.37605214119,3.00000000000
461,KLCC.KL,KLCCP Stapled Group,Malaysia,Diversified REITs,2022,0.90126460791,42.95000076294,9.61445236206,0.13133871555,0.01782217808,0.06483906507,0.03995662183,0.00000000000,33246590.00000000000,0.01694032364,0.00008603240,0.03174263984,17.92621994019,207171363.60000000000,12.00000000000,50.00000000000,TRUE,28.02000045776,49.33000183105,8.86182212830,4.06996726990,6.40348529816,1.83286774158,3.00000000000
461,KLCC.KL,KLCCP Stapled Group,Malaysia,Diversified REITs,2023,0.92456191778,47.81000137329,9.60143375397,0.12895326316,0.07408360392,0.27194485068,0.00505663315,0.00000000000,4725708.00000000000,0.01880765334,0.00008765350,0.03001370467,6.36544513702,232327233.10000000000,8.00000000000,50.00000000000,TRUE,47.25999832153,48.68999862671,3.55548715591,4.05610752106,-1.87225568295,1.91411828995,3.00000000000
461,KLCC.KL,KLCCP Stapled Group,Malaysia,Diversified REITs,2024,0.88613891602,62.29999923706,9.62087440491,0.23133487999,0.03868200630,0.14462599158,0.02340521850,0.00000000000,31618622.00000000000,0.02445828915,0.00011193100,0.02906333096,8.54839897156,236621083.30000000000,5.00000000000,50.00000000000,TRUE,39.66999816895,65.44000244141,5.11415529251,4.07435035706,0.78250986338,2.13996648788,3.00000000000
462,KOBA.KL,Kobay Technology Bhd,Malaysia,Machinery,2022,0.72115647793,18.82999992371,8.11084365845,0.12617054582,0.24679210782,0.68320751190,0.32993489504,0.00000000000,6139632.50000000000,0.23656775057,0.20595447719,0.32455202937,112.49638366699,12002857.47000000000,4.00000000000,20.00000000000,TRUE,20.95000076294,5.07999992371,8.86182212830,4.06996726990,6.40348529816,1.79844832420,3.00000000000
462,KOBA.KL,Kobay Technology Bhd,Malaysia,Machinery,2023,0.78761774302,22.75000000000,8.08235359192,0.17966118455,0.20660236478,0.63411712646,0.18652716279,0.00000000000,-7744227.00000000000,0.07902276516,0.25419971347,0.32295811176,-16.34802246094,5485519.83000000000,5.00000000000,20.00000000000,TRUE,33.81000137329,10.17000007629,3.55548715591,4.05610752106,-1.87225568295,1.60131299496,3.00000000000
462,KOBA.KL,Kobay Technology Bhd,Malaysia,Machinery,2024,0.73685115576,18.28000068665,8.11128902435,0.20559638739,0.25994396210,0.69345098734,0.20057825744,0.00000000000,3708330.75000000000,0.10166328400,0.25102275610,0.29499405622,4.24046230316,2460133.62000000000,4.00000000000,33.33000183105,TRUE,25.75000000000,10.97000026703,5.11415529251,4.07435035706,0.78250986338,1.54456210136,3.00000000000
463,KPJH.KL,KPJ Healthcare Bhd,Malaysia,Health Care Providers & Services,2022,1.84203863144,71.15000152588,9.20127677917,0.53617209196,0.23927198350,0.35107028484,0.22665169835,0.00000000000,33384772.00000000000,0.07156548649,0.00941826962,0.62013441324,4.81759309769,45894090.91000000000,9.00000000000,16.67000007629,0,79.16999816895,55.86999893188,8.86182212830,4.06996726990,6.40348529816,1.67165243626,3.00000000000
463,KPJH.KL,KPJ Healthcare Bhd,Malaysia,Health Care Providers & Services,2023,1.78272473812,71.76000213623,9.19829559326,0.52747607231,0.19342032075,0.28820800781,0.38301387429,0.00000000000,29550544.00000000000,0.10762310028,0.01007540338,0.60174351931,14.24841690063,65925272.33000000000,11.00000000000,20.00000000000,0,74.19000244141,64.47000122070,3.55548715591,4.05610752106,-1.87225568295,1.76461482048,3.00000000000
463,KPJH.KL,KPJ Healthcare Bhd,Malaysia,Health Care Providers & Services,2024,1.75038433075,69.05999755859,9.21930885315,0.49597263336,0.17516909540,0.26647439599,0.38619962335,0.00000000000,9355640.00000000000,0.08704480529,0.01080621313,0.61988645792,17.86178398132,81639435.99000000000,7.00000000000,18.18000030518,0,77.83000183105,62.20999908447,5.11415529251,4.07435035706,0.78250986338,1.79168009758,3.00000000000
464,KPSB.KL,Kumpulan Perangsang Selangor Bhd,Malaysia,Trading Companies & Distributors,2022,0.15464133024,58.18999862671,8.69171142578,0.26269415021,0.20114442706,0.39565974474,0.37845459580,0.00000000000,841590.93750000000,0.22635589540,0.08521193266,0.22243227065,-17.23589897156,14063409.09000000000,7.00000000000,25.00000000000,TRUE,61.00000000000,55.09999847412,8.86182212830,4.06996726990,6.40348529816,2.25400495529,3.00000000000
464,KPSB.KL,Kumpulan Perangsang Selangor Bhd,Malaysia,Trading Companies & Distributors,2023,0.16474284232,64.68000030518,8.66330146790,0.23421581089,0.16804932058,0.33785244823,0.45000901818,0.00000000000,18241830.00000000000,0.19520591199,0.05918508768,0.22689478099,-13.66458320618,294553.38000000000,7.00000000000,37.50000000000,TRUE,69.19999694824,59.75999832153,3.55548715591,4.05610752106,-1.87225568295,1.85405981541,3.00000000000
464,KPSB.KL,Kumpulan Perangsang Selangor Bhd,Malaysia,Trading Companies & Distributors,2024,0.21316576004,61.22999954224,8.55502510071,0.12070040405,0.21513247490,0.66984158754,0.56332385540,0.00000000000,-12195613.00000000000,0.18736493587,0.07506565750,0.28168064356,4.55796813965,4271262.31000000000,6.00000000000,37.50000000000,TRUE,68.79000091553,54.68000030518,5.11415529251,4.07435035706,0.78250986338,1.61655855179,3.00000000000
465,KREJ.KL,Kerjaya Prospek Group Bhd,Malaysia,Construction & Engineering,2022,1.94267559052,39.25999832153,8.50874519348,0.00843163580,0.17470879853,0.83110696077,0.09537893534,0.13950179517,10273948.00000000000,0.17508934438,0.14197270572,0.06431633234,8.69688224792,26100875.00000000000,5.00000000000,37.50000000000,TRUE,55.40999984741,25.40999984741,8.86182212830,4.06996726990,6.40348529816,1.67577755451,3.00000000000
465,KREJ.KL,Kerjaya Prospek Group Bhd,Malaysia,Construction & Engineering,2023,1.80686748028,36.79000091553,8.55164051056,0.01874935813,0.26247110963,0.89059269428,0.15050621331,0.05600772426,-13443296.00000000000,0.13215899467,0.13211821020,0.05732908845,25.81085395813,28691958.61000000000,5.00000000000,37.50000000000,TRUE,44.95000076294,22.97999954224,3.55548715591,4.05610752106,-1.87225568295,1.57272970676,3.00000000000
465,KREJ.KL,Kerjaya Prospek Group Bhd,Malaysia,Construction & Engineering,2024,1.32860493660,37.06000137329,8.69717979431,0.01256830897,0.48600524664,0.99273061752,0.12396282703,0.00018382700,10756327.00000000000,0.18518276513,0.11220714450,0.04378430918,28.02894210815,35873491.50000000000,6.00000000000,37.50000000000,TRUE,31.44000053406,37.41999816895,5.11415529251,4.07435035706,0.78250986338,1.35272037983,3.00000000000
466,KRIB.KL,Kossan Rubber Industries Bhd,Malaysia,Health Care Equipment & Supplies,2022,0.74842631817,28.25000000000,8.99274921417,0.01930925436,0.06580523401,0.63069844246,4.73402881622,0.00000000000,-274944320.00000000000,0.38612157106,0.06634230912,0.32815957069,-66.55258178711,36184545.45000000000,4.00000000000,11.10999965668,TRUE,25.22999954224,8.22999954224,8.86182212830,4.06996726990,6.40348529816,1.39775621891,3.00000000000
466,KRIB.KL,Kossan Rubber Industries Bhd,Malaysia,Health Care Equipment & Supplies,2023,0.78895878792,37.47999954224,8.96167659760,0.00412581209,0.05085662007,0.58337360620,5.94865608215,0.00000000000,-16707407.00000000000,0.46389678121,0.05692754686,0.32462608814,-34.92592239380,3554684.10000000000,5.00000000000,11.10999965668,TRUE,29.62000083923,18.64999961853,3.55548715591,4.05610752106,-1.87225568295,1.28673815727,3.00000000000
466,KRIB.KL,Kossan Rubber Industries Bhd,Malaysia,Health Care Equipment & Supplies,2024,0.81871491671,39.02000045776,8.96347332001,0.01921568066,0.07455308735,0.66167759895,3.18753361702,0.00000000000,-66068712.00000000000,0.40745282173,0.05951285735,0.38315403461,23.72340583801,27031557.74000000000,6.00000000000,22.21999931335,TRUE,29.28000068665,25.26000022888,5.11415529251,4.07435035706,0.78250986338,1.66614818573,3.00000000000
467,KWNF.KL,Kawan Food Bhd,Malaysia,Food Products,2022,0.84315931797,38.72000122070,8.02006912231,0.01388590690,0.11119508743,0.80134183168,0.86107569933,0.00000000000,2268427.25000000000,0.22058035433,0.09121713042,0.49357306957,3.27875041962,8744940.91000000000,6.00000000000,25.00000000000,FALSE,40.29000091553,32.38000106812,8.86182212830,4.06996726990,6.40348529816,1.00000000000,3.00000000000
467,KWNF.KL,Kawan Food Bhd,Malaysia,Food Products,2023,0.86058062315,53.22000122070,8.00165939331,0.00772646395,0.11846865714,0.80758196115,1.15941488743,0.00000000000,1246193.87500000000,0.23619678617,0.07906462997,0.46203473210,0.20539700985,6563971.68000000000,7.00000000000,25.00000000000,0,52.43000030518,29.84000015259,3.55548715591,4.05610752106,-1.87225568295,1.30283308029,3.00000000000
467,KWNF.KL,Kawan Food Bhd,Malaysia,Food Products,2024,0.84369271994,47.58000183105,8.01026630402,0.00604763813,0.11326482147,0.76386046410,1.06939053535,0.00000000000,-7336880.00000000000,0.17814032733,0.08174976707,0.46271982789,13.58006381989,7031781.56000000000,7.00000000000,40.00000000000,FALSE,40.00999832153,25.23999977112,5.11415529251,4.07435035706,0.78250986338,1.48077857494,3.00000000000
468,LAND.KL,Land & General Bhd,Malaysia,Real Estate Management & Development,2022,0.22504951060,47.70000076294,8.57635211945,0.13796801865,0.11878612638,0.36857083440,0.34706702828,0.00000000000,7152834.50000000000,0.06671421230,0.19676713645,0.08177143335,23.09657859802,6010204.08000000000,7.00000000000,11.10999965668,0,52.59999847412,28.09000015259,8.86182212830,4.06996726990,6.40348529816,1.44129347801,3.00000000000
468,LAND.KL,Land & General Bhd,Malaysia,Real Estate Management & Development,2023,0.23455129564,44.50999832153,8.55746364594,0.12617596984,0.13660508394,0.40717607737,0.17332434654,0.00000000000,-5967813.50000000000,0.10118818283,0.24138313532,0.08022228628,-18.81500053406,4633986.24000000000,8.00000000000,11.10999965668,0,50.59999847412,23.35000038147,3.55548715591,4.05610752106,-1.87225568295,1.76662611961,3.00000000000
468,LAND.KL,Land & General Bhd,Malaysia,Real Estate Management & Development,2024,0.21578364074,63.38999938965,8.59368324280,0.13582827151,0.15899233520,0.46650254726,0.19114883244,0.00000000000,2823675.25000000000,0.08514036983,0.25416627526,0.07779685408,41.35572433472,7980157.84000000000,6.00000000000,30.00000000000,0,56.56999969482,76.48000335693,5.11415529251,4.07435035706,0.78250986338,1.72599136829,3.00000000000
469,LBSB.KL,Lbs Bina Group Bhd,Malaysia,Real Estate Management & Development,2022,0.18459276855,49.27000045776,8.97619628906,0.22020803392,0.38239651918,0.62131935358,0.06590161473,0.00000000000,18805298.00000000000,0.02793165855,0.12991233170,0.10051491112,19.44994354248,31253300.00000000000,7.00000000000,25.00000000000,TRUE,29.95000076294,58.29999923706,8.86182212830,4.06996726990,6.40348529816,1.55021500587,3.00000000000
469,LBSB.KL,Lbs Bina Group Bhd,Malaysia,Real Estate Management & Development,2023,0.18943913281,62.68999862671,8.96865844727,0.17989397049,0.39779701829,0.65543657541,0.09205329418,0.00000000000,63899348.00000000000,0.05282522738,0.13170279562,0.10089317709,0.43583652377,36455124.18000000000,6.00000000000,37.50000000000,TRUE,57.13999938965,69.98000335693,3.55548715591,4.05610752106,-1.87225568295,2.72434496880,3.00000000000
469,LBSB.KL,Lbs Bina Group Bhd,Malaysia,Real Estate Management & Development,2024,0.17729879916,66.19000244141,8.98808193207,0.22031366825,0.31425052881,0.54765617847,0.16128815711,0.00000000000,-9699255.00000000000,0.09042160958,0.16084827483,0.06572023779,-18.39853668213,24277551.48000000000,6.00000000000,37.50000000000,TRUE,39.88999938965,85.22000122070,5.11415529251,4.07435035706,0.78250986338,2.56600952148,3.00000000000
470,LCBH.KL,Luxchem Corporation Bhd,Malaysia,Trading Companies & Distributors,2022,0.61611449718,25.94000053406,8.21249866486,0.07826969028,0.11542743444,0.40412244201,0.91037124395,0.00000000000,224213.64062500000,0.26815423369,0.09468402714,0.16429542005,-17.80455970764,11659606.82000000000,5.00000000000,33.33000183105,TRUE,52.63999938965,11.02000045776,8.86182212830,4.06996726990,6.40348529816,1.00000000000,3.00000000000
470,LCBH.KL,Luxchem Corporation Bhd,Malaysia,Trading Companies & Distributors,2023,0.62169659138,25.68000030518,8.20765304565,0.06976807863,0.11524640769,0.41251203418,0.67586463690,0.00000000000,-17249882.00000000000,0.33747583628,0.08984758705,0.16350644827,-21.96093940735,9480089.32000000000,5.00000000000,33.33000183105,TRUE,41.45999908447,20.37999916077,3.55548715591,4.05610752106,-1.87225568295,1.36057174206,3.00000000000
470,LCBH.KL,Luxchem Corporation Bhd,Malaysia,Trading Companies & Distributors,2024,0.53849679232,28.97999954224,8.26451683044,0.10066381097,0.16263200343,0.51875066757,0.51152288914,0.00000000000,-698247.56250000000,0.35875535011,0.12322980165,0.15234360099,25.02818870544,13207862.58000000000,5.00000000000,33.33000183105,TRUE,42.75999832153,21.54999923706,5.11415529251,4.07435035706,0.78250986338,1.38751292229,3.00000000000
471,LHEN.KL,Lii Hen Industries Bhd,Malaysia,Household Durables,2022,0.33851534128,29.71999931335,8.15308094025,0.05174389482,0.14170494676,0.64399272203,0.85104769468,0.00000000000,15552898.00000000000,0.34327349067,0.15316273272,0.38278684020,-7.68601036072,17321604.55000000000,5.00000000000,0.00000000000,0,49.31000137329,24.30999946594,8.86182212830,4.06996726990,6.40348529816,1.31731736660,3.00000000000
471,LHEN.KL,Lii Hen Industries Bhd,Malaysia,Household Durables,2023,0.31415569782,30.05999946594,8.18458557129,0.05467790365,0.14792118967,0.64001631737,0.70616352558,0.00000000000,-1941498.87500000000,0.32210412621,0.16432462633,0.38625586033,-12.28222465515,13113801.74000000000,6.00000000000,0.00000000000,0,48.09000015259,27.97999954224,3.55548715591,4.05610752106,-1.87225568295,1.57772183418,3.00000000000
471,LHEN.KL,Lii Hen Industries Bhd,Malaysia,Household Durables,2024,0.32306599617,26.87999916077,8.17819118500,0.06022359431,0.12249781191,0.59688627720,0.57670980692,0.00000000000,-1606094.50000000000,0.29683497548,0.16308884323,0.40505614877,-1.75483083725,3938634.74000000000,5.00000000000,11.10999965668,0,32.11999893188,33.84999847412,5.11415529251,4.07435035706,0.78250986338,2.27846622467,3.00000000000
472,LLBM.KL,Lion Industries Corporation Bhd,Malaysia,Metals & Mining,2022,0.03245739266,23.61000061035,8.84592914581,0.05801651627,0.35594317317,0.69145810604,0.00000000000,0.06748539954,-117454544.00000000000,0.05671859533,0.12324779481,0.29970669746,-38.00965118408,-70418409.09000000000,7.00000000000,40.00000000000,0,28.38999938965,15.88000011444,8.86182212830,4.06996726990,6.40348529816,1.64814710617,3.00000000000
472,LLBM.KL,Lion Industries Corporation Bhd,Malaysia,Metals & Mining,2023,0.03908134997,27.77000045776,8.75334930420,0.07086082548,0.40431821346,0.70097482204,0.00000000000,0.04404167831,-23057298.00000000000,0.03632012755,0.12028247863,0.33836409450,-28.83169555664,-87671895.42000000000,5.00000000000,40.00000000000,0,43.79000091553,19.75000000000,3.55548715591,4.05610752106,-1.87225568295,1.63221216202,3.00000000000
472,LLBM.KL,Lion Industries Corporation Bhd,Malaysia,Metals & Mining,2024,0.04036492482,30.76000022888,8.73931407928,0.10258762538,0.37748295069,0.63310462236,0.00000000000,0.05879276618,9386526.00000000000,0.05789042637,0.09103743732,0.33238559961,-10.85839843750,-19002909.58000000000,5.00000000000,33.33000183105,0,50.11000061035,26.26000022888,5.11415529251,4.07435035706,0.78250986338,1.66045236588,3.00000000000
473,LTER.KL,Luster Industries Bhd,Malaysia,Chemicals,2022,0.28433889151,16.20999908447,8.10175895691,0.12485764921,0.27602612972,0.55853664875,0.42255547643,0.00000000000,2247541.00000000000,0.13054975867,0.36185890436,0.23013989627,-2.70067143440,-4228790.91000000000,4.00000000000,0.00000000000,0,35.88000106812,0.00000000000,8.86182212830,4.06996726990,6.40348529816,0.00000000000,3.00000000000
473,LTER.KL,Luster Industries Bhd,Malaysia,Chemicals,2023,0.30452296138,21.11000061035,8.07104682922,0.11041142792,0.24504725635,0.52122724056,0.54511308670,0.00000000000,-2398721.25000000000,0.12445837259,0.37531509995,0.24077157676,-13.49402618408,361997.82000000000,4.00000000000,12.50000000000,0,34.29999923706,7.42999982834,3.55548715591,4.05610752106,-1.87225568295,0.00000000000,3.00000000000
473,LTER.KL,Luster Industries Bhd,Malaysia,Chemicals,2024,0.28284478188,18.21999931335,8.10311889648,0.11957657337,0.26153272390,0.53319054842,0.51140737534,0.00000000000,2108372.75000000000,0.14400079846,0.32282888889,0.22847190499,20.04222106934,1292594.00000000000,4.00000000000,14.28999996185,0,26.07999992371,6.92999982834,5.11415529251,4.07435035706,0.78250986338,1.00000000000,3.00000000000
474,MAGM.KL,Magnum Bhd,Malaysia,"Hotels, Restaurants & Leisure",2022,0.60100710392,28.59000015259,8.90237331390,0.25594544411,0.11191372573,0.35024628043,0.06594929099,0.00000000000,-316590.90625000000,0.05767218769,0.00028029201,0.02112146281,52.60609054565,22971818.18000000000,5.00000000000,16.67000007629,0,47.36000061035,16.26000022888,8.86182212830,4.06996726990,6.40348529816,2.03975272179,3.00000000000
474,MAGM.KL,Magnum Bhd,Malaysia,"Hotels, Restaurants & Leisure",2023,0.62593895197,26.17000007629,8.88379287720,0.22261461616,0.12059778720,0.39408943057,0.10097996145,0.00000000000,-3322222.25000000000,0.05382701382,0.00024513100,0.02257167548,1.94068717957,27558823.53000000000,5.00000000000,16.67000007629,0,48.49000167847,9.35000038147,3.55548715591,4.05610752106,-1.87225568295,1.54702591896,3.00000000000
474,MAGM.KL,Magnum Bhd,Malaysia,"Hotels, Restaurants & Leisure",2024,0.61238980293,41.16999816895,8.89640998840,0.20692980289,0.12890979648,0.44049498439,0.12252337486,0.00000000000,3386750.25000000000,0.06288847327,0.00019660000,0.02337690815,6.11347484589,34544986.57000000000,5.00000000000,28.56999969482,0,72.26999664307,23.54000091553,5.11415529251,4.07435035706,0.78250986338,1.38430047035,3.00000000000
475,MAHS.KL,Mah Sing Group Bhd,Malaysia,Real Estate Management & Development,2022,0.49471190572,52.90000152588,9.16202735901,0.22207371891,0.22411262989,0.50583076477,0.07542894036,0.00000000000,-7209091.00000000000,0.04391117394,0.26470959187,0.07043550909,25.02674293518,42454090.91000000000,4.00000000000,42.86000061035,TRUE,36.34999847412,57.86999893188,8.86182212830,4.06996726990,6.40348529816,1.64950013161,3.00000000000
475,MAHS.KL,Mah Sing Group Bhd,Malaysia,Real Estate Management & Development,2023,0.50410670042,56.59999847412,9.14550399780,0.21134839952,0.20179609954,0.47682562470,0.07465936989,0.00000000000,65483224.00000000000,0.09366873652,0.23833234608,0.07086701691,7.69133520126,48405010.89000000000,4.00000000000,42.86000061035,TRUE,35.75999832153,69.08000183105,3.55548715591,4.05610752106,-1.87225568295,1.79374396801,3.00000000000
475,MAHS.KL,Mah Sing Group Bhd,Malaysia,Real Estate Management & Development,2024,0.41687458754,58.52000045776,9.22802162170,0.26997074485,0.28111347556,0.58644020557,0.05334842950,0.00004474890,65508504.00000000000,0.11200062186,0.20798560977,0.06870447844,-0.54142719507,53513652.64000000000,4.00000000000,28.56999969482,TRUE,40.11999893188,70.94999694824,5.11415529251,4.07435035706,0.78250986338,1.72697901726,3.00000000000
477,MATE.KL,Magni-Tech Industries Bhd,Malaysia,"Textiles, Apparel & Luxury Goods",2022,1.11647868156,24.69000053406,8.29623794556,0.00000000000,0.07119797915,0.90128749609,0.11260575801,0.00000000000,-2684547.00000000000,0.48002737761,0.29749989510,0.06507126242,19.67563056946,21393261.55000000000,5.00000000000,20.00000000000,0,29.52000045776,15.90999984741,8.86182212830,4.06996726990,6.40348529816,1.24507701397,3.00000000000
477,MATE.KL,Magni-Tech Industries Bhd,Malaysia,"Textiles, Apparel & Luxury Goods",2023,0.98693245649,21.51000022888,8.34479427338,0.00000000000,0.14471974969,0.95216262341,0.77880823612,0.00000000000,20379442.00000000000,0.57093226910,0.29980003834,0.05114303529,3.38105869293,26920272.54000000000,5.00000000000,20.00000000000,0,21.04999923706,16.32999992371,3.55548715591,4.05610752106,-1.87225568295,1.19258749485,3.00000000000
477,MATE.KL,Magni-Tech Industries Bhd,Malaysia,"Textiles, Apparel & Luxury Goods",2024,0.89118337631,22.29999923706,8.38706111908,0.00000000000,0.15392568707,0.95728433132,2.55949258804,0.00000000000,-21063312.00000000000,0.43424209952,0.29118108749,0.06082284078,22.53373908997,32182977.74000000000,5.00000000000,20.00000000000,0,21.27000045776,12.93000030518,5.11415529251,4.07435035706,0.78250986338,2.33435797691,3.00000000000
478,MAYB.KL,Maybulk Bhd,Malaysia,Marine Transportation,2022,0.47877442837,27.48999977112,8.16222858429,0.05179534107,0.23810745776,1.00000000000,0.37703496218,0.00000000000,39119320.00000000000,0.57192736864,0.00524351420,0.37815400958,-29.25309753418,21177500.00000000000,6.00000000000,14.28999996185,0,55.90000152588,23.37999916077,8.86182212830,4.06996726990,6.40348529816,1.57348608971,3.00000000000
478,MAYB.KL,Maybulk Bhd,Malaysia,Marine Transportation,2023,0.59337216616,20.68000030518,8.06810379028,0.00266888202,0.02543725446,0.93413585424,10.66459178925,0.00000000000,-14835076.00000000000,0.46666619182,0.01478221454,0.22415439785,-20.59463310242,10816122.00000000000,6.00000000000,20.00000000000,0,20.44000053406,28.92000007629,3.55548715591,4.05610752106,-1.87225568295,1.55865025520,3.00000000000
478,MAYB.KL,Maybulk Bhd,Malaysia,Marine Transportation,2024,0.46562510729,29.07999992371,8.16666126251,0.21488705277,0.01191665232,0.04699649289,11.91976928711,0.00000000000,-9696956.00000000000,0.51285958290,0.01009446383,0.45225334167,-24.27219200134,633616.83000000000,7.00000000000,16.67000007629,0,24.15999984741,38.47999954224,5.11415529251,4.07435035706,0.78250986338,1.71120584011,3.00000000000
479,MBMR.KL,MBM Resources Bhd,Malaysia,Distributors,2022,0.80554419756,33.97999954224,8.75942611694,0.00147710706,0.07099210471,0.37866914272,0.50236201286,0.00000000000,8968636.00000000000,0.11414065212,0.04573654011,0.07050488144,42.85945129395,67523409.09000000000,8.00000000000,14.28999996185,FALSE,44.25000000000,29.84000015259,8.86182212830,4.06996726990,6.40348529816,1.37430274487,3.00000000000
479,MBMR.KL,MBM Resources Bhd,Malaysia,Distributors,2023,0.81011128426,42.47000122070,8.75253963470,0.00786970556,0.06311980635,0.34999999404,0.57266122103,0.00000000000,-19174074.00000000000,0.07477688789,0.06202516332,0.07339602709,0.37088122964,80235511.98000000000,7.00000000000,16.67000007629,FALSE,64.73999786377,35.27999877930,3.55548715591,4.05610752106,-1.87225568295,1.89467942715,3.00000000000
479,MBMR.KL,MBM Resources Bhd,Malaysia,Distributors,2024,0.76078736782,47.83000183105,8.78766250610,0.02062911727,0.06541087478,0.34884458780,0.60061591864,0.00000000000,13328335.00000000000,0.10221356899,0.04167974368,0.07437241077,5.68248319626,83493733.21000000000,11.00000000000,28.56999969482,0,66.70999908447,39.72000122070,5.11415529251,4.07435035706,0.78250986338,1.94096827507,3.00000000000
481,MEGA.KL,Mega First Corporation Bhd,Malaysia,Independent Power and Renewable Electricity Producers,2022,0.87045675516,47.54999923706,8.98890590668,0.17083354294,0.11166226119,0.31131660938,0.28266397119,0.00000000000,51997272.00000000000,0.12158493698,0.03447918221,0.14005520940,38.60492706299,108119772.70000000000,5.00000000000,18.18000030518,0,38.41999816895,51.50999832153,8.86182212830,4.06996726990,6.40348529816,2.31806349754,3.00000000000
481,MEGA.KL,Mega First Corporation Bhd,Malaysia,Independent Power and Renewable Electricity Producers,2023,0.84529751539,50.06000137329,8.99221038818,0.20345726609,0.13530731201,0.42026850581,0.26862516999,0.00000000000,-4322222.00000000000,0.11787813902,0.02922027372,0.14378835261,-5.71369266510,98396514.16000000000,5.00000000000,25.00000000000,0,42.81999969482,49.66999816895,3.55548715591,4.05610752106,-1.87225568295,1.21712255478,3.00000000000
481,MEGA.KL,Mega First Corporation Bhd,Malaysia,Independent Power and Renewable Electricity Producers,2024,0.71616566181,54.13000106812,9.05927181244,0.22624129057,0.16281491518,0.46405756474,0.13487112522,0.00000000000,-52491048.00000000000,0.06098556519,0.03635698184,0.24033775926,35.80707168579,109896598.00000000000,5.00000000000,25.00000000000,0,44.70999908447,57.09999847412,5.11415529251,4.07435035706,0.78250986338,1.94121968746,3.00000000000
482,MGBB.KL,MGB Bhd,Malaysia,Construction & Engineering,2022,0.32076933980,54.47000122070,8.31880187988,0.12427832186,0.38573926687,0.86383295059,0.07108516991,0.00000000000,301411.37500000000,0.03259331360,0.08863832057,0.11404688656,-2.32857441902,3229913.64000000000,5.00000000000,12.50000000000,TRUE,41.04000091553,53.00999832153,8.86182212830,4.06996726990,6.40348529816,1.30858826637,3.00000000000
482,MGBB.KL,MGB Bhd,Malaysia,Construction & Engineering,2023,0.27257627249,48.65999984741,8.38857746124,0.08374752849,0.45680758357,0.89985138178,0.05418705195,0.00000000000,257093.68750000000,0.03723303601,0.11670837551,0.11353237927,52.02319717407,10993921.57000000000,5.00000000000,16.67000007629,TRUE,24.78000068665,52.22000122070,3.55548715591,4.05610752106,-1.87225568295,1.57630062103,3.00000000000
482,MGBB.KL,MGB Bhd,Malaysia,Construction & Engineering,2024,0.27333799005,60.65000152588,8.40086841583,0.07670084387,0.40656840801,0.87552726269,0.17061102390,0.00000000000,11075882.00000000000,0.08322969824,0.06753545254,0.12848165631,9.08802604675,13856725.60000000000,5.00000000000,28.56999969482,TRUE,66.55999755859,59.84000015259,5.11415529251,4.07435035706,0.78250986338,1.89049971104,3.00000000000
483,MISC.KL,MISC Bhd,Malaysia,Marine Transportation,2022,0.57393366098,81.41999816895,10.15356731415,0.28503525257,0.13990724087,0.34782734513,0.32826149464,0.00000000000,-133685912.00000000000,0.04980044812,0.00156195904,0.38786071539,22.97187423706,417043636.40000000000,13.00000000000,41.66999816895,TRUE,85.15000152588,73.25000000000,8.86182212830,4.06996726990,6.40348529816,1.69377946854,3.00000000000
483,MISC.KL,MISC Bhd,Malaysia,Marine Transportation,2023,0.55824947357,83.26000213623,10.15150165558,0.26967358589,0.12209589034,0.30819767714,0.31888419390,0.00000000000,30318518.00000000000,0.05966303125,0.00142764999,0.39107233286,-1.34189903736,426785838.80000000000,10.00000000000,40.00000000000,TRUE,89.52999877930,77.61000061035,3.55548715591,4.05610752106,-1.87225568295,1.31263458729,3.00000000000
483,MISC.KL,MISC Bhd,Malaysia,Marine Transportation,2024,0.59439504147,82.69000244141,10.13117599487,0.25637900829,0.15016871691,0.39750501513,0.28251078725,0.00000000000,-276455904.00000000000,0.07441352308,0.00175242499,0.38852503896,-4.71372699738,276018128.90000000000,11.00000000000,44.43999862671,TRUE,86.93000030518,74.58000183105,5.11415529251,4.07435035706,0.78250986338,0.00000000000,3.00000000000
484,MLTO.KL,Malton Bhd,Malaysia,Real Estate Management & Development,2022,0.07173124701,24.90999984741,8.76354122162,0.22556857765,0.50165230036,0.82590764761,0.11001516134,0.00000000000,17048116.00000000000,0.07549559325,0.19814603031,0.01176302601,-39.17461395264,17198819.79000000000,5.00000000000,14.28999996185,0,25.29000091553,4.73000001907,8.86182212830,4.06996726990,6.40348529816,1.56445765495,3.00000000000
484,MLTO.KL,Malton Bhd,Malaysia,Real Estate Management & Development,2023,0.07553771883,29.79999923706,8.74015712738,0.30342537165,0.50772130489,0.79188466072,0.10754422098,0.00000000000,-802358.00000000000,0.07696855068,0.20023864508,0.01079805940,21.77296638489,-21184780.28000000000,6.00000000000,14.28999996185,0,20.27000045776,22.60000038147,3.55548715591,4.05610752106,-1.87225568295,1.29498100281,3.00000000000
484,MLTO.KL,Malton Bhd,Malaysia,Real Estate Management & Development,2024,0.08618632704,38.38000106812,8.68288230896,0.25141376257,0.44432377815,0.76370894909,0.21008004248,0.00000000000,11688441.00000000000,0.09636723995,0.19680653512,0.01035580598,-18.56509780884,5490562.04000000000,5.00000000000,14.28999996185,0,22.67000007629,48.15999984741,5.11415529251,4.07435035706,0.78250986338,1.26383829117,3.00000000000
485,MPIM.KL,Malaysian Pacific Industries Bhd,Malaysia,Semiconductors & Semiconductor Equipment,2022,2.08717393875,56.29000091553,8.81001949310,0.09183891118,0.18044453859,0.54499429464,0.34049040079,0.00000000000,18921758.00000000000,0.31890794635,0.04964524880,0.48588216305,-20.07035827637,23182851.02000000000,4.00000000000,33.33000183105,0,55.99000167847,37.56999969482,8.86182212830,4.06996726990,6.40348529816,1.89613056183,3.00000000000
485,MPIM.KL,Malaysian Pacific Industries Bhd,Malaysia,Semiconductors & Semiconductor Equipment,2023,2.14042210579,49.65999984741,8.79782867432,0.03750552237,0.15268887579,0.52001106739,0.21741987765,0.00675647380,8565642.00000000000,0.35917904973,0.04938982427,0.45759165287,1.36547708511,49469353.13000000000,4.00000000000,33.33000183105,0,42.08000183105,35.02999877930,3.55548715591,4.05610752106,-1.87225568295,1.21794974804,3.00000000000
485,MPIM.KL,Malaysian Pacific Industries Bhd,Malaysia,Semiconductors & Semiconductor Equipment,2024,1.88225972652,56.50999832153,8.85396957397,0.04077137634,0.13304847479,0.43125256896,0.00000000000,0.15552952886,-148617104.00000000000,0.41300490499,0.05232259631,0.44461521506,13.92710018158,47437054.63000000000,5.00000000000,40.00000000000,0,54.00999832153,49.13999938965,5.11415529251,4.07435035706,0.78250986338,1.53909456730,3.00000000000
486,MSCB.KL,Malaysia Smelting Corporation Bhd,Malaysia,Metals & Mining,2022,0.77405029535,40.41999816895,8.47244167328,0.26249411702,0.30929031968,0.68843686581,0.14119508862,0.00000000000,6510227.50000000000,0.10883887112,0.43703889847,0.13388097286,32.17506027222,23055454.55000000000,4.00000000000,28.56999969482,TRUE,61.38000106812,42.50000000000,8.86182212830,4.06996726990,6.40348529816,1.30105328560,3.00000000000
486,MSCB.KL,Malaysia Smelting Corporation Bhd,Malaysia,Metals & Mining,2023,0.74951511621,44.88999938965,8.48170948029,0.26182863116,0.32519200444,0.70988118649,0.15182799101,0.00000000000,24618954.00000000000,0.19396096468,0.42773047090,0.13627675176,-8.46619033813,21179956.43000000000,4.00000000000,25.00000000000,TRUE,62.86999893188,42.54000091553,3.55548715591,4.05610752106,-1.87225568295,1.40602827072,3.00000000000
486,MSCB.KL,Malaysia Smelting Corporation Bhd,Malaysia,Metals & Mining,2024,0.73792731762,43.72000122070,8.48464965820,0.27517196536,0.35854846239,0.74691689014,0.15396051109,0.10012992471,-11722023.00000000000,0.15638747811,0.45155215263,0.14745593071,21.05162048340,20934198.75000000000,4.00000000000,28.56999969482,TRUE,68.15000152588,43.93000030518,5.11415529251,4.07435035706,0.78250986338,1.13910448551,3.00000000000
487,MUHI.KL,Muhibbah Engineering (M) Bhd,Malaysia,Construction & Engineering,2022,0.12547124922,34.75000000000,8.87912750244,0.25293046236,0.40321689844,0.64831984043,0.13435368240,0.00000000000,-35655456.00000000000,0.08650179952,0.09001707286,0.34018713236,-15.43959426880,1300000.00000000000,4.00000000000,10.00000000000,0,37.24000167847,45.40000152588,8.86182212830,4.06996726990,6.40348529816,1.99060058594,3.00000000000
487,MUHI.KL,Muhibbah Engineering (M) Bhd,Malaysia,Construction & Engineering,2023,0.12212050706,38.08000183105,8.87783432007,0.23198959231,0.40001043677,0.63746255636,0.18767592311,0.00000000000,23848148.00000000000,0.11343909800,0.09625285119,0.32130676508,34.17095184326,7931808.28000000000,4.00000000000,25.00000000000,0,48.41999816895,44.18999862671,3.55548715591,4.05610752106,-1.87225568295,2.05048108101,3.00000000000
487,MUHI.KL,Muhibbah Engineering (M) Bhd,Malaysia,Construction & Engineering,2024,0.11532727629,39.97999954224,8.90676879883,0.22676831484,0.38653331995,0.61938726902,0.14972175658,0.00000000000,38499104.00000000000,0.16937012970,0.06956599653,0.29706305265,58.75674438477,32100268.58000000000,4.00000000000,25.00000000000,0,61.47000122070,44.38999938965,5.11415529251,4.07435035706,0.78250986338,2.28204560280,3.00000000000
488,MUIB.KL,Malayan United Industries Bhd,Malaysia,Industrial Conglomerates,2022,0.14018461108,21.07999992371,8.51632499695,0.60562783480,0.54581040144,0.56947356462,0.21328584850,0.00000000000,-1463458.87500000000,0.12351766229,0.07682199776,0.43580046296,76.84011840820,-5794598.28000000000,6.00000000000,16.67000007629,TRUE,45.06999969482,6.59000015259,8.86182212830,4.06996726990,6.40348529816,2.17690014839,3.00000000000
488,MUIB.KL,Malayan United Industries Bhd,Malaysia,Industrial Conglomerates,2023,0.08104083687,15.35000038147,8.75339221954,0.34553262591,0.33102563024,0.53586190939,0.15856315196,0.00000000000,-4257449.00000000000,0.10642751306,0.02203188837,0.66629874706,18.04227447510,4041157.56000000000,6.00000000000,20.00000000000,TRUE,28.62000083923,7.73999977112,3.55548715591,4.05610752106,-1.87225568295,0.00000000000,3.00000000000
488,MUIB.KL,Malayan United Industries Bhd,Malaysia,Industrial Conglomerates,2024,0.08784224838,26.77000045776,8.71839332581,0.37728568912,0.35849183798,0.53332912922,0.22008486092,0.00000000000,12304984.00000000000,0.07914131135,0.02077086642,0.66978877783,-7.61861658096,-31986850.48000000000,7.00000000000,33.33000183105,TRUE,49.86999893188,18.12999916077,5.11415529251,4.07435035706,0.78250986338,0.00000000000,3.00000000000
490,NESM.KL,Nestle (Malaysia) Bhd,Malaysia,Food Products,2022,6.42086744308,91.55000305176,8.90726566315,0.26292040944,0.63561171293,0.77158683538,0.00361713395,0.00000000000,-39755456.00000000000,0.00259067793,0.31375339627,0.52163571119,9.99139976501,140985000.00000000000,6.00000000000,28.56999969482,TRUE,78.51999664307,94.58000183105,8.86182212830,4.06996726990,6.40348529816,1.51514565945,3.00000000000
490,NESM.KL,Nestle (Malaysia) Bhd,Malaysia,Food Products,2023,6.61956071854,90.29000091553,8.89076042175,0.25864514709,0.59897756577,0.73864656687,0.00516304886,0.00000000000,37028540.00000000000,0.00297722500,0.23294572532,0.55677342415,1.42355167866,143762527.20000000000,5.00000000000,28.56999969482,TRUE,78.30000305176,90.27999877930,3.55548715591,4.05610752106,-1.87225568295,1.66470777988,3.00000000000
490,NESM.KL,Nestle (Malaysia) Bhd,Malaysia,Food Products,2024,6.41182565689,89.48999786377,8.91214847565,0.36017352343,0.66240012646,0.77931648493,0.00464926381,0.00000000000,-52528648.00000000000,0.00323513406,0.22778292000,0.56653022766,-9.30615329742,93022157.56000000000,5.00000000000,25.00000000000,TRUE,77.55999755859,89.50000000000,5.11415529251,4.07435035706,0.78250986338,2.10973143578,3.00000000000
491,NETX.KL,NetX Holdings Bhd,Malaysia,Software,2022,0.21532340348,32.79999923706,7.55939149857,0.21052251756,0.07276326418,0.33845779300,5.36522293091,0.04386956617,-341159.12500000000,0.36454761028,0.00023837600,0.02907955647,10.10589027405,-3622174.21000000000,5.00000000000,25.00000000000,0,46.04999923706,6.76000022888,8.86182212830,4.06996726990,6.40348529816,0.00000000000,3.00000000000
491,NETX.KL,NetX Holdings Bhd,Malaysia,Software,2023,0.23985537887,27.72999954224,7.51160478592,0.18428479135,0.12978714705,0.54135215282,3.31173014641,0.00000066100,456220.75000000000,0.38503524661,0.00133310806,0.03693009168,17.61113357544,-3065286.67000000000,6.00000000000,20.00000000000,0,37.61999893188,5.96999979019,3.55548715591,4.05610752106,-1.87225568295,0.00000000000,3.00000000000
491,NETX.KL,NetX Holdings Bhd,Malaysia,Software,2024,0.26580175757,35.56999969482,7.46699666977,0.19291645288,0.21508240700,0.69922780991,1.98294138908,0.00000076800,-2142450.50000000000,0.38486388326,0.00100014894,0.02583573014,-23.05775260925,-6703461.71000000000,5.00000000000,20.00000000000,0,48.08000183105,8.48999977112,5.11415529251,4.07435035706,0.78250986338,0.00000000000,3.00000000000
492,NEXT.KL,Nextgreen Global Bhd,Malaysia,Commercial Services & Supplies,2022,2.38329792023,47.09999847412,7.95477104187,0.17684641480,0.15828631818,0.51504719257,0.06932631135,0.00000000000,-831506.81250000000,0.01394918095,0.02613076009,0.33936393261,-39.24112701416,2849393.18000000000,4.00000000000,12.50000000000,0,91.27999877930,39.95000076294,8.86182212830,4.06996726990,6.40348529816,1.06653308868,3.00000000000
492,NEXT.KL,Nextgreen Global Bhd,Malaysia,Commercial Services & Supplies,2023,2.13960647583,53.72000122070,8.00585746765,0.15045867860,0.13375975192,0.48877924681,0.09328138828,0.00000000000,315703.68750000000,0.01403481234,0.03077600524,0.31599476933,5.80293369293,2013588.24000000000,5.00000000000,25.00000000000,0,90.69000244141,46.77999877930,3.55548715591,4.05610752106,-1.87225568295,1.21666085720,3.00000000000
492,NEXT.KL,Nextgreen Global Bhd,Malaysia,Commercial Services & Supplies,2024,1.66263020039,56.18000030518,8.11281776428,0.12119942158,0.12963250279,0.54781162739,0.12128993869,0.00000000000,739509.87500000000,0.02011404745,0.16242817044,0.32555872202,92.18616485596,5161524.17000000000,5.00000000000,37.50000000000,0,94.16000366211,41.68999862671,5.11415529251,4.07435035706,0.78250986338,1.20521068573,3.00000000000
493,NTPM.KL,NTPM Holdings Bhd,Malaysia,Household Products,2022,0.25872200727,21.36000061035,8.38492584229,0.37082344294,0.47166568041,0.89308124781,0.04046933725,0.00000000000,-1125314.00000000000,0.04070480540,0.24649661779,0.55186825991,10.81765365601,-1319293.41000000000,4.00000000000,0.00000000000,TRUE,42.41999816895,11.42000007629,8.86182212830,4.06996726990,6.40348529816,1.61164426804,3.00000000000
493,NTPM.KL,NTPM Holdings Bhd,Malaysia,Household Products,2023,0.29293012619,23.40999984741,8.33006668091,0.33044239879,0.43243125081,0.85675007105,0.06475904584,0.00000000000,2409071.25000000000,0.04806591570,0.21511030197,0.57160848379,-2.53479576111,-1654792.45000000000,4.00000000000,33.33000183105,TRUE,47.83000183105,13.03999996185,3.55548715591,4.05610752106,-1.87225568295,1.61164426804,3.00000000000
493,NTPM.KL,NTPM Holdings Bhd,Malaysia,Household Products,2024,0.23868337274,16.60000038147,8.40012264252,0.32863807678,0.49871611595,0.92645460367,0.08287049830,0.00000000000,-2516001.75000000000,0.04856348410,0.21553267539,0.51315081120,7.22914695740,-8259276.44000000000,6.00000000000,33.33000183105,TRUE,22.02000045776,16.70000076294,5.11415529251,4.07435035706,0.78250986338,1.41401219368,3.00000000000
495,NVTE.KL,Notion VTec Bhd,Malaysia,"Electronic Equipment, Instruments & Components",2022,0.54157871008,33.86000061035,8.07535743713,0.09897446632,0.15640167892,0.66666150093,0.20162823796,0.00000000000,-988996.75000000000,0.02966516837,0.15624569356,0.58647185564,-14.51067829132,2023516.72000000000,8.00000000000,25.00000000000,0,46.86999893188,9.53999996185,8.86182212830,4.06996726990,6.40348529816,1.79305052757,3.00000000000
495,NVTE.KL,Notion VTec Bhd,Malaysia,"Electronic Equipment, Instruments & Components",2023,0.60095655918,26.95999908447,8.03759956360,0.07098740339,0.18838988245,0.73727393150,0.00000000000,0.09710723907,6727602.00000000000,0.08902124316,0.10423900187,0.55112886429,2.03763866425,-9591136.68000000000,6.00000000000,12.50000000000,0,36.29999923706,7.13999986649,3.55548715591,4.05610752106,-1.87225568295,2.37635588646,3.00000000000
495,NVTE.KL,Notion VTec Bhd,Malaysia,"Electronic Equipment, Instruments & Components",2024,0.46635523438,26.97999954224,8.14772510529,0.05072306097,0.21357150376,0.78239744902,0.00000000000,0.10788580030,3099733.00000000000,0.13902424276,0.11173510551,0.48933801055,60.96718597412,10420043.68000000000,5.00000000000,12.50000000000,0,34.61000061035,12.14999961853,5.11415529251,4.07435035706,0.78250986338,1.72328698635,3.00000000000
496,OMES.KL,Omesti Bhd,Malaysia,"Electronic Equipment, Instruments & Components",2022,0.17750419676,30.46999931335,8.21010875702,0.42414802313,0.36939433217,0.51702129841,0.38716128469,0.00000000000,-13115308.00000000000,0.17024390399,0.02165163308,0.07775986195,-44.30283355713,-8187608.85000000000,7.00000000000,22.21999931335,0,32.97999954224,6.82999992371,8.86182212830,4.06996726990,6.40348529816,0.00000000000,3.00000000000
496,OMES.KL,Omesti Bhd,Malaysia,"Electronic Equipment, Instruments & Components",2023,0.21533161402,27.95999908447,8.14970111847,0.34041270614,0.30419260263,0.64911818504,0.26033180952,0.00000000000,-9230014.00000000000,0.06890771538,0.01961952262,0.04635242745,-16.61769866943,-14154929.71000000000,5.00000000000,16.67000007629,0,31.14999961853,13.44999980927,3.55548715591,4.05610752106,-1.87225568295,1.00000000000,3.00000000000
496,OMES.KL,Omesti Bhd,Malaysia,"Electronic Equipment, Instruments & Components",2024,0.41045117378,28.77000045776,7.86759471893,0.58023458719,0.44550985098,0.54925078154,0.20492392778,0.00000000000,-4556192.50000000000,0.04768083245,0.03109610081,0.12802283466,-6.67891550064,-54581816.83000000000,7.00000000000,16.67000007629,0,29.23999977112,18.54999923706,5.11415529251,4.07435035706,0.78250986338,1.00000000000,3.00000000000
497,PARB.KL,PA Resources Bhd,Malaysia,Metals & Mining,2022,1.03259861469,10.30000019073,7.78281021118,0.07803510875,0.15852011740,0.93974107504,0.10669346154,0.00000000000,-3127569.25000000000,0.02217307501,0.23562303185,0.32398808002,38.19032287598,9874979.57000000000,5.00000000000,0.00000000000,0,18.27000045776,7.73000001907,8.86182212830,4.06996726990,6.40348529816,0.00000000000,3.00000000000
497,PARB.KL,PA Resources Bhd,Malaysia,Metals & Mining,2023,0.94791972637,10.97999954224,7.80645275116,0.01873753034,0.05207076669,0.83303266764,1.97060108185,0.00000000000,5602431.00000000000,0.10835152119,0.25166141987,0.29802447557,5.98294878006,6725296.89000000000,5.00000000000,14.28999996185,0,26.19000053406,6.38999986649,3.55548715591,4.05610752106,-1.87225568295,0.00000000000,3.00000000000
497,PARB.KL,PA Resources Bhd,Malaysia,Metals & Mining,2024,0.80899453163,17.44000053406,7.87527847290,0.03333796933,0.05321471021,0.51245433092,3.84876728058,0.00000000000,8866990.00000000000,0.23998700082,0.18281941116,0.28132778406,21.04823303223,9699563.10000000000,5.00000000000,0.00000000000,0,24.96999931335,9.27999973297,5.11415529251,4.07435035706,0.78250986338,0.00000000000,3.00000000000
498,PARW.KL,Parkwood Holdings Bhd,Malaysia,Real Estate Management & Development,2022,0.35069382191,20.21999931335,7.62665224075,0.14115896821,0.05382174999,0.30255982280,1.21131324768,0.00000000000,-1830543.12500000000,0.11879795045,0.39820975065,0.00666451221,75.93605041504,533425.00000000000,5.00000000000,16.67000007629,0,29.32999992371,13.07999992371,8.86182212830,4.06996726990,6.40348529816,1.40923690796,3.00000000000
498,PARW.KL,Parkwood Holdings Bhd,Malaysia,Real Estate Management & Development,2023,0.37254920602,26.78000068665,7.59946823120,0.13660858572,0.05509454012,0.29938155413,1.63167405128,0.00000000000,972224.37500000000,0.14156813920,0.38350826502,0.00387085299,42.76259994507,-915104.58000000000,5.00000000000,40.00000000000,0,54.08000183105,12.38000011444,3.55548715591,4.05610752106,-1.87225568295,1.00000000000,3.00000000000
498,PARW.KL,Parkwood Holdings Bhd,Malaysia,Real Estate Management & Development,2024,0.37412539124,20.76000022888,7.59763479233,0.12731879950,0.07352946699,0.38952520490,0.91803944111,0.00000000000,-1103030.50000000000,0.11409050226,0.36726722121,0.00395521708,-31.60570335388,-1210239.48000000000,5.00000000000,40.00000000000,0,25.31999969482,24.15999984741,5.11415529251,4.07435035706,0.78250986338,0.00000000000,3.00000000000
499,PDNI.KL,Padini Holdings Berhad,Malaysia,Specialty Retail,2022,1.37992763519,48.04999923706,8.55285453796,0.27693161368,0.14823850989,0.39452198148,2.45083665848,0.00000000000,-44315112.00000000000,0.38266140223,0.26002463698,0.30504783988,30.46536445618,47736548.77000000000,5.00000000000,33.33000183105,0,59.04999923706,26.06999969482,8.86182212830,4.06996726990,6.40348529816,0.00000000000,3.00000000000
499,PDNI.KL,Padini Holdings Berhad,Malaysia,Specialty Retail,2023,1.23745083809,46.06999969482,8.58878898621,0.30090054870,0.14747554064,0.37565395236,2.93229746819,0.00000000000,40067232.00000000000,0.48756021261,0.15755841136,0.34162130952,4.19123315811,31091198.30000000000,5.00000000000,40.00000000000,0,58.09999847412,24.36000061035,3.55548715591,4.05610752106,-1.87225568295,1.37127709389,3.00000000000
499,PDNI.KL,Padini Holdings Berhad,Malaysia,Specialty Retail,2024,0.99977040291,58.91999816895,8.68772602081,0.34459486604,0.13002046943,0.30783668160,2.74089789391,0.00000000000,-14263183.00000000000,0.46317118406,0.18875974417,0.39936670661,13.09416294098,36766508.31000000000,5.00000000000,50.00000000000,0,75.06999969482,48.70000076294,5.11415529251,4.07435035706,0.78250986338,1.40869724751,3.00000000000
500,PESO.KL,Pesona Metro Holdings Bhd,Malaysia,Construction & Engineering,2022,0.43407678604,44.34999847412,8.11212253571,0.28904893994,0.44125244021,0.59522032738,0.09551385790,0.00000000000,1370963.62500000000,0.09044178575,0.00000000000,0.09223481268,-44.01520538330,-677272.73000000000,8.00000000000,20.00000000000,0,58.38000106812,29.93000030518,8.86182212830,4.06996726990,6.40348529816,1.00000000000,3.00000000000
500,PESO.KL,Pesona Metro Holdings Bhd,Malaysia,Construction & Engineering,2023,0.37607002258,44.83000183105,8.15389633179,0.24816510081,0.54001688957,0.71032083035,0.06981883943,0.00000000000,-1749620.87500000000,0.09912993759,0.00000000000,0.07188594341,34.16366195679,2699128.54000000000,5.00000000000,20.00000000000,0,61.22999954224,23.86000061035,3.55548715591,4.05610752106,-1.87225568295,1.00000000000,3.00000000000
500,PESO.KL,Pesona Metro Holdings Bhd,Malaysia,Construction & Engineering,2024,0.30491426587,44.31000137329,8.24498748779,0.30020245910,0.49112439156,0.63039809465,0.13274498284,0.00000000000,5306978.50000000000,0.15995001793,0.12745025754,0.05532944575,2.02684450150,4993460.16000000000,6.00000000000,40.00000000000,0,75.37000274658,18.59000015259,5.11415529251,4.07435035706,0.78250986338,1.00000000000,3.00000000000
501,PETR.KL,Petronas Dagangan Bhd,Malaysia,"Oil, Gas & Consumable Fuels",2022,2.10535764694,70.76999664307,9.40799045563,0.01637240872,0.46243089437,0.94397628307,0.55498534441,0.00000000000,220095456.00000000000,0.28478837013,0.01239516214,0.36556363106,54.53150558472,179054090.90000000000,7.00000000000,33.33000183105,TRUE,66.69999694824,55.25999832153,8.86182212830,4.06996726990,6.40348529816,2.00178194046,3.00000000000
501,PETR.KL,Petronas Dagangan Bhd,Malaysia,"Oil, Gas & Consumable Fuels",2023,2.07244753838,72.26000213623,9.39839267731,0.01325146202,0.47360455990,0.95133668184,0.27701774240,0.00000000000,-298956416.00000000000,0.12832909822,0.01294903178,0.35839590430,-2.05145716667,210627015.30000000000,5.00000000000,30.00000000000,TRUE,80.84999847412,47.31999969482,3.55548715591,4.05610752106,-1.87225568295,2.35943698883,3.00000000000
501,PETR.KL,Petronas Dagangan Bhd,Malaysia,"Oil, Gas & Consumable Fuels",2024,2.14918303490,65.06999969482,9.39582252502,0.00971258618,0.43480929732,0.93942928314,0.43740743399,0.00000000000,127453448.00000000000,0.18906688690,0.01516173501,0.35942524672,3.82877659798,249917636.50000000000,6.00000000000,30.00000000000,TRUE,54.75000000000,46.40999984741,5.11415529251,4.07435035706,0.78250986338,1.87067353725,3.00000000000
502,PGAS.KL,Petronas Gas Bhd,Malaysia,Gas Utilities,2022,1.99809789658,60.09999847412,9.65075778961,0.19482241571,0.06991425902,0.21046374738,0.08633273095,0.00000000000,55406136.00000000000,0.00696051493,0.00216233893,0.68103247881,3.20724606514,399651818.20000000000,7.00000000000,30.00000000000,TRUE,55.86000061035,55.75000000000,8.86182212830,4.06996726990,6.40348529816,1.09976291656,3.00000000000
502,PGAS.KL,Petronas Gas Bhd,Malaysia,Gas Utilities,2023,2.07504320145,63.68000030518,9.62417793274,0.16317737103,0.12374509871,0.41474261880,0.03897365928,0.00000000000,-108562312.00000000000,0.03004574403,0.00200162805,0.70553874969,0.29939076304,414169716.80000000000,6.00000000000,37.50000000000,TRUE,71.61000061035,52.33000183105,3.55548715591,4.05610752106,-1.87225568295,1.15861058235,3.00000000000
502,PGAS.KL,Petronas Gas Bhd,Malaysia,Gas Utilities,2024,2.08069944382,55.36999893188,9.62299633026,0.09850362688,0.08105943352,0.31630614400,0.06355237961,0.00000000000,-208647712.00000000000,0.06040429696,0.00191877701,0.74199563265,4.20997381210,430538943.60000000000,5.00000000000,33.33000183105,TRUE,46.72000122070,46.49000167847,5.11415529251,4.07435035706,0.78250986338,1.17672216892,3.00000000000
503,PGFC.KL,PGF Capital Bhd,Malaysia,Building Products,2022,1.30440211296,8.10999965668,7.80974483490,0.11986325681,0.13421019912,0.44545999169,0.00000000000,0.06646195799,-607502.81250000000,0.06797328591,0.09981103987,0.21434040368,48.10279846191,3628107.02000000000,4.00000000000,0.00000000000,0,12.11999988556,7.21999979019,8.86182212830,4.06996726990,6.40348529816,1.93461191654,3.00000000000
503,PGFC.KL,PGF Capital Bhd,Malaysia,Building Products,2023,1.25873839855,12.00000000000,7.82429218292,0.14941315353,0.11687346548,0.35355177522,0.00000000000,0.08249788731,1247794.12500000000,0.08530810475,0.08964668214,0.25113135576,33.54100799561,2205014.76000000000,5.00000000000,16.67000007629,0,13.03999996185,14.57999992371,3.55548715591,4.05610752106,-1.87225568295,1.00000000000,3.00000000000
503,PGFC.KL,PGF Capital Bhd,Malaysia,Building Products,2024,0.91041338444,26.88999938965,7.96736240387,0.20357289910,0.11068066210,0.30326515436,0.00000000000,0.09162000567,2697612.00000000000,0.12736806273,0.08026569337,0.28839451075,28.11597061157,7609096.41000000000,5.00000000000,33.33000183105,TRUE,16.87000083923,36.83000183105,5.11415529251,4.07435035706,0.78250986338,1.68786609173,3.00000000000
504,PIEN.KL,PIE Industrial Bhd,Malaysia,Electrical Equipment,2022,1.50218617916,33.70000076294,8.31408882141,0.11641129106,0.36791983247,0.96321266890,0.13046403229,0.00661621988,-3434143.25000000000,0.07403715700,0.31735557318,0.20593778789,7.56657695770,15916031.82000000000,5.00000000000,16.67000007629,0,50.41999816895,19.47999954224,8.86182212830,4.06996726990,6.40348529816,0.00000000000,3.00000000000
504,PIEN.KL,PIE Industrial Bhd,Malaysia,Electrical Equipment,2023,1.55605351925,31.97999954224,8.29657649994,0.07433091104,0.31593438983,0.95740878582,0.11820944399,0.01650829427,-75586.06250000000,0.06810861081,0.30557322502,0.22963184118,0.10852847248,16028703.70000000000,5.00000000000,16.67000007629,0,42.65999984741,20.50000000000,3.55548715591,4.05610752106,-1.87225568295,1.67505371571,3.00000000000
504,PIEN.KL,PIE Industrial Bhd,Malaysia,Electrical Equipment,2024,1.58101880550,33.56000137329,8.28188514709,0.06614877284,0.22312420607,0.86800104380,0.51064956188,0.00467801513,11821873.00000000000,0.13257956505,0.24945904315,0.32269734144,-17.65412902832,11675962.40000000000,6.00000000000,28.56999969482,0,39.41999816895,19.25000000000,5.11415529251,4.07435035706,0.78250986338,1.67505371571,3.00000000000
505,PLSB.KL,PLS Plantations Bhd,Malaysia,Food Products,2022,0.32657799125,31.26000022888,8.07352828979,0.18921901286,0.10739400983,0.22593675554,0.00000000000,0.08185375482,860190.62500000000,0.08539875597,0.05071836337,0.65026384592,28.53597831726,7935088.52000000000,5.00000000000,11.10999965668,0,21.00000000000,32.59000015259,8.86182212830,4.06996726990,6.40348529816,1.89529585838,3.00000000000
505,PLSB.KL,PLS Plantations Bhd,Malaysia,Food Products,2023,0.34136784077,29.73999977112,8.04745483398,0.17570619285,0.11520034820,0.25120371580,0.00000000000,0.03096876666,-5547052.50000000000,0.03803206608,0.05178115889,0.67168110609,-39.30383300781,-8253161.84000000000,6.00000000000,12.50000000000,TRUE,7.90999984741,30.32999992371,3.55548715591,4.05610752106,-1.87225568295,2.35243153572,3.00000000000
505,PLSB.KL,PLS Plantations Bhd,Malaysia,Food Products,2024,0.34040552378,38.34000015259,8.02420711517,0.17885690928,0.13523840904,0.29331278801,0.00000000000,0.01345764566,-3036267.25000000000,0.02213749290,0.02166983858,0.69796818495,-3.89780569077,-4545917.29000000000,8.00000000000,11.10999965668,TRUE,29.03000068665,44.81999969482,5.11415529251,4.07435035706,0.78250986338,2.51029443741,3.00000000000
506,PMAS.KL,Pentamaster Corporation Bhd,Malaysia,Machinery,2022,2.38116621971,33.75000000000,8.42031955719,0.00000000000,0.22593112290,0.49242615700,0.46328157187,0.00000000000,-12958207.00000000000,0.40511241555,0.14759002626,0.14679090679,11.79897022247,29668259.09000000000,4.00000000000,20.00000000000,0,52.20000076294,22.54999923706,8.86182212830,4.06996726990,6.40348529816,2.71704149246,3.00000000000
506,PMAS.KL,Pentamaster Corporation Bhd,Malaysia,Machinery,2023,2.18416953087,28.29999923706,8.45806598663,0.00000000000,0.22979518771,0.48968359828,0.43189886212,0.00000000000,15173131.00000000000,0.40642943978,0.14463096857,0.21400670707,10.44220161438,30604265.80000000000,4.00000000000,33.33000183105,0,40.54000091553,19.65999984741,3.55548715591,4.05610752106,-1.87225568295,1.99307608604,3.00000000000
506,PMAS.KL,Pentamaster Corporation Bhd,Malaysia,Machinery,2024,2.06173014641,46.43000030518,8.48077297211,0.00000000000,0.19037756324,0.42626211047,0.95661854744,0.00000000000,-9447558.00000000000,0.34988769889,0.09010464698,0.33833476901,-7.50178432465,23250501.34000000000,5.00000000000,33.33000183105,0,56.93999862671,52.81999969482,5.11415529251,4.07435035706,0.78250986338,1.54930078983,3.00000000000
507,PMBT.KL,PMB Technology Bhd,Malaysia,Metals & Mining,2022,1.39702057838,31.54000091553,8.59110641479,0.32388979197,0.32087841630,0.68090176582,0.00000000000,0.07457154244,367045.43750000000,0.08310098201,0.15753856301,0.55864590406,22.60833930969,25080681.82000000000,4.00000000000,14.28999996185,TRUE,39.38000106812,42.47000122070,8.86182212830,4.06996726990,6.40348529816,1.72086930275,3.00000000000
507,PMBT.KL,PMB Technology Bhd,Malaysia,Metals & Mining,2023,1.17102444172,34.54999923706,8.66320991516,0.41585758328,0.36362919211,0.66295897961,0.00000000000,0.04639901221,1394335.50000000000,0.05477885529,0.17901296914,0.63016670942,-19.81987571716,9749891.07000000000,4.00000000000,28.56999969482,TRUE,49.59000015259,37.63999938965,3.55548715591,4.05610752106,-1.87225568295,1.46632504463,3.00000000000
507,PMBT.KL,PMB Technology Bhd,Malaysia,Metals & Mining,2024,0.98353034258,37.22000122070,8.73535442352,0.32961773872,0.31154653430,0.72181999683,0.00000000000,0.04005025327,1378245.25000000000,0.04728780687,0.21457354724,0.62824082375,-6.32509088516,12994404.66000000000,6.00000000000,37.50000000000,TRUE,37.68999862671,34.56999969482,5.11415529251,4.07435035706,0.78250986338,1.40602827072,3.00000000000
508,PMET.KL,Press Metal Aluminium Holdings Bhd,Malaysia,Metals & Mining,2022,3.23674321175,75.66999816895,9.54170036316,0.33254238963,0.20527611673,0.36225149035,0.10045110434,0.00000000000,3287727.25000000000,0.04022300616,0.18242606521,0.50184303522,34.98359680176,401486590.90000000000,6.00000000000,30.00000000000,TRUE,78.08000183105,79.18000030518,8.86182212830,4.06996726990,6.40348529816,1.30440676212,3.00000000000
508,PMET.KL,Press Metal Aluminium Holdings Bhd,Malaysia,Metals & Mining,2023,3.28820919991,80.44999694824,9.52476119995,0.30116561055,0.17945635319,0.32698461413,0.35463884473,0.00000000000,150499344.00000000000,0.07685778290,0.16701452434,0.50092142820,-15.61997032166,330717211.30000000000,7.00000000000,30.00000000000,TRUE,85.83999633789,76.84999847412,3.55548715591,4.05610752106,-1.87225568295,1.55078828335,3.00000000000
508,PMET.KL,Press Metal Aluminium Holdings Bhd,Malaysia,Metals & Mining,2024,2.99888348579,80.27999877930,9.57088947296,0.24554227293,0.20008902252,0.40798142552,0.42805099487,0.00000000000,64705012.00000000000,0.10086536407,0.15758150816,0.45052525401,10.95227813721,475539391.20000000000,6.00000000000,30.00000000000,TRUE,83.44999694824,76.72000122070,5.11415529251,4.07435035706,0.78250986338,1.68693912029,3.00000000000
509,PNTE.KL,Pantech Group Holdings Bhd,Malaysia,Metals & Mining,2022,0.56507545710,35.06000137329,8.40743064880,0.20325690508,0.23241552711,0.81997704506,0.66562408209,0.00000000000,-279627.65625000000,0.14401076734,0.35378098488,0.30006584525,29.20703506470,25782173.91000000000,5.00000000000,33.33000183105,0,70.15000152588,15.39000034332,8.86182212830,4.06996726990,6.40348529816,1.00000000000,3.00000000000
509,PNTE.KL,Pantech Group Holdings Bhd,Malaysia,Metals & Mining,2023,0.54627692699,39.43999862671,8.42119598389,0.20254135132,0.24893914163,0.85223454237,0.81793838739,0.00000000000,17281616.00000000000,0.21620546281,0.33117461205,0.27904722095,-13.73156356812,22257703.50000000000,5.00000000000,33.33000183105,0,68.33000183105,14.18999958038,3.55548715591,4.05610752106,-1.87225568295,1.41416084766,3.00000000000
509,PNTE.KL,Pantech Group Holdings Bhd,Malaysia,Metals & Mining,2024,0.42465242743,49.43000030518,8.52750587463,0.15149021149,0.17293398082,0.53130364418,1.01246678829,0.00000000000,1257717.50000000000,0.22747270763,0.26949208975,0.29897007346,6.40909004211,18499511.21000000000,5.00000000000,33.33000183105,0,75.30999755859,32.06999969482,5.11415529251,4.07435035706,0.78250986338,1.40984988213,3.00000000000
510,POHK.KL,Poh Kong Holdings Bhd,Malaysia,"Textiles, Apparel & Luxury Goods",2022,0.49660959840,16.54999923706,8.29769611359,0.15546967089,0.16357274354,0.73581182957,0.13129182160,0.00000000000,3314874.00000000000,0.04042905942,0.72939187288,0.16841685772,43.07946395874,20726468.08000000000,5.00000000000,50.00000000000,0,20.71999931335,6.28999996185,8.86182212830,4.06996726990,6.40348529816,1.39698219299,3.00000000000
510,POHK.KL,Poh Kong Holdings Bhd,Malaysia,"Textiles, Apparel & Luxury Goods",2023,0.43838289380,18.23999977112,8.34660816193,0.17676174641,0.18977017701,0.79422783852,0.07598976046,0.00000000000,-1391546.50000000000,0.03156036139,0.75428795815,0.15743131936,6.51024675369,17404213.45000000000,6.00000000000,50.00000000000,0,19.43000030518,8.78999996185,3.55548715591,4.05610752106,-1.87225568295,1.39698219299,3.00000000000
510,POHK.KL,Poh Kong Holdings Bhd,Malaysia,"Textiles, Apparel & Luxury Goods",2024,0.41727572680,17.38999938965,8.37663841248,0.14182798564,0.16518591344,0.81619644165,0.15130296350,0.00000000000,1542184.25000000000,0.03464909643,0.77319526672,0.14146967232,9.58245182037,25462521.78000000000,6.00000000000,62.50000000000,0,19.50000000000,8.73999977112,5.11415529251,4.07435035706,0.78250986338,1.70490324497,3.00000000000
512,PRKN.KL,Parkson Holdings Bhd,Malaysia,Broadline Retail,2022,0.03256651387,35.31999969482,9.30395698547,0.51758193970,0.28662130237,0.34217876196,0.50808799267,0.00000000000,100937048.00000000000,0.13471940160,0.04366280138,0.45151293278,-42.76499176025,-42005000.00000000000,4.00000000000,33.33000183105,0,74.52999877930,10.78999996185,8.86182212830,4.06996726990,6.40348529816,1.58376944065,3.00000000000
512,PRKN.KL,Parkson Holdings Bhd,Malaysia,Broadline Retail,2023,0.03522652015,43.20999908447,9.26892948151,0.49408000708,0.29422807693,0.35378882289,0.58889138699,0.00000000000,39429848.00000000000,0.16386313736,0.04191229492,0.43433088064,2.66647863388,9541612.20000000000,4.00000000000,33.33000183105,0,81.80999755859,12.69999980927,3.55548715591,4.05610752106,-1.87225568295,1.87276744843,3.00000000000
512,PRKN.KL,Parkson Holdings Bhd,Malaysia,Broadline Retail,2024,0.03441581503,50.00999832153,9.26989841461,0.53805410862,0.26875275373,0.31767186522,0.61689049006,0.00000000000,-20699194.00000000000,0.17108739913,0.04015156627,0.45753550529,-7.69670486450,-28465980.30000000000,4.00000000000,16.67000007629,0,73.93000030518,36.47999954224,5.11415529251,4.07435035706,0.78250986338,1.93885242939,3.00000000000
513,PRMS.KL,Paramount Corporation Bhd,Malaysia,Real Estate Management & Development,2022,0.22728532553,48.93999862671,8.85141754150,0.32838124037,0.22675076127,0.48508024216,0.30875393748,0.00000000000,39428864.00000000000,0.11186369509,0.09328974783,0.04077730700,17.70865631104,17076818.18000000000,6.00000000000,28.56999969482,TRUE,44.20999908447,37.65999984741,8.86182212830,4.06996726990,6.40348529816,1.00000000000,3.00000000000
513,PRMS.KL,Paramount Corporation Bhd,Malaysia,Real Estate Management & Development,2023,0.24152408540,61.34999847412,8.81197929382,0.28075873852,0.24693946540,0.54544448853,0.22207243741,0.00000000000,-33755992.00000000000,0.06852807850,0.09428233653,0.04631838575,14.50049781799,20713725.49000000000,5.00000000000,25.00000000000,TRUE,71.30999755859,48.47999954224,3.55548715591,4.05610752106,-1.87225568295,1.95940995216,3.00000000000
513,PRMS.KL,Paramount Corporation Bhd,Malaysia,Real Estate Management & Development,2024,0.23483549058,71.56999969482,8.83629703522,0.33024182916,0.28935635090,0.55992323160,0.19968314469,0.00000000000,-4033572.00000000000,0.08667924255,0.17480245233,0.04549548030,5.56293201447,25725828.11000000000,5.00000000000,25.00000000000,TRUE,76.44000244141,54.77999877930,5.11415529251,4.07435035706,0.78250986338,1.96770536900,3.00000000000
515,PSHL.KL,Pos Malaysia Bhd,Malaysia,Air Freight & Logistics,2022,0.08792399615,47.34000015259,8.73230457306,0.34495833516,0.59143435955,0.81246596575,0.11633285135,0.00000000000,-15735000.00000000000,0.08086381108,0.00212122593,0.44578582048,-15.42310905457,-38106818.18000000000,7.00000000000,0.00000000000,0,56.83000183105,30.05999946594,8.86182212830,4.06996726990,6.40348529816,1.94545459747,3.00000000000
515,PSHL.KL,Pos Malaysia Bhd,Malaysia,Air Freight & Logistics,2023,0.10000450909,60.88999938965,8.67546367645,0.28458946943,0.67307090759,0.87160181999,0.11629834771,0.00000000000,-2001089.37500000000,0.08759319782,0.00315074902,0.44296270609,-8.54231548309,-34562962.96000000000,6.00000000000,14.28999996185,FALSE,70.80000305176,45.11999893188,3.55548715591,4.05610752106,-1.87225568295,2.30571818352,3.00000000000
515,PSHL.KL,Pos Malaysia Bhd,Malaysia,Air Freight & Logistics,2024,0.10146035254,51.90999984741,8.65181350708,0.28481605649,0.72756886482,0.85177236795,0.08324692398,0.00000000000,-10210833.00000000000,0.06528847665,0.00525065186,0.44354164600,1.75547206402,-45110116.38000000000,8.00000000000,25.00000000000,FALSE,53.65000152588,39.31000137329,5.11415529251,4.07435035706,0.78250986338,2.38845157623,3.00000000000
516,PTAR.KL,Prestar Resources Bhd,Malaysia,Metals & Mining,2022,0.20032517612,24.78000068665,8.17121410370,0.29001423717,0.32889387012,0.90898543596,0.17425435781,0.00000000000,-1852272.75000000000,0.04581344128,0.25618496537,0.22407643497,6.63159942627,3452500.00000000000,4.00000000000,0.00000000000,0,29.62999916077,27.25000000000,8.86182212830,4.06996726990,6.40348529816,1.00000000000,3.00000000000
516,PTAR.KL,Prestar Resources Bhd,Malaysia,Metals & Mining,2023,0.22964182496,20.12999916077,8.10433959961,0.17345841229,0.21368114650,0.85959362984,0.20676742494,0.00000000000,-2421786.50000000000,0.03787684441,0.20402981341,0.25353208184,-16.63061904907,5642265.80000000000,4.00000000000,11.10999965668,0,22.15999984741,22.93000030518,3.55548715591,4.05610752106,-1.87225568295,1.00000000000,3.00000000000
516,PTAR.KL,Prestar Resources Bhd,Malaysia,Metals & Mining,2024,0.22846408188,17.93000030518,8.09983921051,0.12309347838,0.17888063192,0.82986938953,0.29093962908,0.00000000000,4323858.50000000000,0.08004761487,0.15273706615,0.26648822427,-7.35516929626,2742837.96000000000,4.00000000000,10.00000000000,0,12.94999980927,22.63999938965,5.11415529251,4.07435035706,0.78250986338,0.00000000000,3.00000000000
517,PTMR.KL,Petron Malaysia Refining & Marketing Bhd,Malaysia,"Oil, Gas & Consumable Fuels",2022,0.22059623897,50.70000076294,9.03454303741,0.24207840860,0.49394449592,0.92371702194,0.08536004275,0.00000000000,-12090909.00000000000,0.04425770044,0.22888600826,0.31813347340,89.11862182617,68315681.82000000000,5.00000000000,33.33000183105,TRUE,62.00000000000,40.43999862671,8.86182212830,4.06996726990,6.40348529816,1.95768141747,3.00000000000
517,PTMR.KL,Petron Malaysia Refining & Marketing Bhd,Malaysia,"Oil, Gas & Consumable Fuels",2023,0.23039484024,57.31000137329,9.01004409790,0.21717935801,0.42617842555,0.87952607870,0.05802806094,0.00000000000,-18454902.00000000000,0.02337390371,0.22334404290,0.31431937218,-10.06234455109,59272549.02000000000,5.00000000000,33.33000183105,TRUE,77.09999847412,48.45999908447,3.55548715591,4.05610752106,-1.87225568295,1.44778919220,3.00000000000
517,PTMR.KL,Petron Malaysia Refining & Marketing Bhd,Malaysia,"Oil, Gas & Consumable Fuels",2024,0.22208307683,51.27999877930,9.01766109467,0.26761579514,0.42834547162,0.87101334333,0.01760214381,0.02378885262,6628916.50000000000,0.03188293800,0.27273866534,0.32713046670,-5.49551868439,4037153.09000000000,5.00000000000,44.43999862671,TRUE,59.43000030518,47.43999862671,5.11415529251,4.07435035706,0.78250986338,1.39241147041,3.00000000000
518,PTRD.KL,Perdana Petroleum Bhd,Malaysia,Energy Equipment & Services,2022,0.49570882320,35.41999816895,8.27182483673,0.06388313323,0.10262309760,0.35560712218,0.00000000000,0.05521361902,4996591.00000000000,0.05222715065,0.00343110110,0.84549713135,21.25106811523,2587500.00000000000,7.00000000000,12.50000000000,0,49.13999938965,33.70999908447,8.86182212830,4.06996726990,6.40348529816,1.68253099918,3.00000000000
518,PTRD.KL,Perdana Petroleum Bhd,Malaysia,Energy Equipment & Services,2023,0.46781694889,43.72000122070,8.29604721069,0.03024482913,0.13618548214,0.51273840666,0.31267395616,0.00000000000,4622222.00000000000,0.07764681429,0.00470840000,0.76777112484,53.03963851929,9697385.62000000000,6.00000000000,12.50000000000,0,47.00999832153,54.06000137329,3.55548715591,4.05610752106,-1.87225568295,1.94644331932,3.00000000000
518,PTRD.KL,Perdana Petroleum Bhd,Malaysia,Energy Equipment & Services,2024,0.41826248169,44.38000106812,8.33208465576,0.01806138083,0.10056280345,0.55326342583,1.22893786430,0.00000000000,11633393.00000000000,0.13427810371,0.00456222799,0.69569867849,44.03113555908,32704565.80000000000,9.00000000000,25.00000000000,0,47.65999984741,54.31000137329,5.11415529251,4.07435035706,0.78250986338,2.78013730049,3.00000000000
519,PTRE.KL,Petra Energy Bhd,Malaysia,Energy Equipment & Services,2022,0.47560876608,28.88999938965,8.15589237213,0.16709814966,0.32457894087,0.84262341261,0.90384227037,0.00000000000,9223182.00000000000,0.31733402610,0.01139987260,0.43379199505,8.84083175659,2971818.18000000000,6.00000000000,14.28999996185,TRUE,36.22000122070,4.86000013351,8.86182212830,4.06996726990,6.40348529816,1.20521068573,3.00000000000
519,PTRE.KL,Petra Energy Bhd,Malaysia,Energy Equipment & Services,2023,0.44560843706,27.45000076294,8.16836929321,0.08502940834,0.38886490464,0.97989284992,0.85536187887,0.00000000000,8661438.00000000000,0.34231427312,0.00706274388,0.28340426087,43.13044357300,11486274.51000000000,6.00000000000,28.56999969482,TRUE,34.65000152588,6.46999979019,3.55548715591,4.05610752106,-1.87225568295,1.00000000000,3.00000000000
519,PTRE.KL,Petra Energy Bhd,Malaysia,Energy Equipment & Services,2024,0.34687018394,32.47999954224,8.27207565308,0.11997363716,0.32935151458,0.70105570555,0.68321669102,0.00000000000,-2925022.50000000000,0.28570970893,0.06798593700,0.43745866418,-7.31309700012,15798119.96000000000,5.00000000000,33.33000183105,TRUE,34.81000137329,11.84000015259,5.11415529251,4.07435035706,0.78250986338,1.23145234585,3.00000000000
520,PHUA.KL,Poh Huat Resources Holdings Bhd,Malaysia,Household Durables,2022,0.43791368604,43.95000076294,8.11887741089,0.02990722470,0.12150935829,0.75814449787,1.81361997128,0.00000000000,11970159.00000000000,0.39175781608,0.13522462547,0.26254180074,11.01011657715,17785069.83000000000,4.00000000000,11.10999965668,TRUE,82.13999938965,26.55999946594,8.86182212830,4.06996726990,6.40348529816,1.72510802746,3.00000000000
520,PHUA.KL,Poh Huat Resources Holdings Bhd,Malaysia,Household Durables,2023,0.44333499670,38.91999816895,8.11260604858,0.02900738455,0.09467705339,0.71133774519,2.04506111145,0.00000000000,-8096568.50000000000,0.49280381203,0.08998806030,0.25462034345,-39.57571411133,5609162.12000000000,4.00000000000,0.00000000000,TRUE,75.83999633789,24.52000045776,3.55548715591,4.05610752106,-1.87225568295,1.33554470539,3.00000000000
520,PHUA.KL,Poh Huat Resources Holdings Bhd,Malaysia,Household Durables,2024,0.39892336726,44.58000183105,8.13800716400,0.02705680951,0.10569375753,0.74138277769,2.09935975075,0.00000000000,3118948.50000000000,0.51875990629,0.10586813837,0.23536007106,20.94582748413,6709945.14000000000,4.00000000000,0.00000000000,TRUE,80.12999725342,27.94000053406,5.11415529251,4.07435035706,0.78250986338,1.40984988213,3.00000000000
521,QRES.KL,QL Resources Bhd,Malaysia,Food Products,2022,3.02068948746,61.38000106812,9.07861423492,0.27735394239,0.33805856109,0.67969119549,0.18081651628,0.00148511899,-29168480.00000000000,0.06661914289,0.22840291262,0.51663178205,13.62806129456,82063945.58000000000,6.00000000000,33.33000183105,0,55.40999984741,51.65999984741,8.86182212830,4.06996726990,6.40348529816,2.27286291122,3.00000000000
521,QRES.KL,QL Resources Bhd,Malaysia,Food Products,2023,3.11483716965,60.20000076294,9.06435680389,0.23630122840,0.33022063971,0.71366590261,0.19342128932,0.00505019119,10416728.00000000000,0.07028841227,0.20644852519,0.52365010977,-0.49220827222,100238009.50000000000,6.00000000000,33.33000183105,0,44.95000076294,49.52000045776,3.55548715591,4.05610752106,-1.87225568295,2.48264026642,3.00000000000
521,QRES.KL,QL Resources Bhd,Malaysia,Food Products,2024,2.70112323761,58.91999816895,9.12415981293,0.21225699782,0.30267861485,0.65202528238,0.23829585314,0.03446113691,61287484.00000000000,0.13365378976,0.19638688862,0.49414712191,12.81562423706,112076662.90000000000,6.00000000000,36.36000061035,TRUE,53.61999893188,44.00999832153,5.11415529251,4.07435035706,0.78250986338,1.87364447117,3.00000000000
522,RGTB.KL,RGT Bhd,Malaysia,Chemicals,2022,0.43802583218,36.65000152588,7.72904634476,0.24464341998,0.15852381289,0.38597089052,0.00000000000,0.12815184891,-6155463.00000000000,0.15797691047,0.08150011301,0.52268791199,-12.40511894226,2676207.44000000000,5.00000000000,16.67000007629,TRUE,56.22000122070,20.23999977112,8.86182212830,4.06996726990,6.40348529816,0.00000000000,3.00000000000
522,RGTB.KL,RGT Bhd,Malaysia,Chemicals,2023,0.42521032691,29.37999916077,7.73318815231,0.23873423040,0.14611446857,0.36749160290,0.13318313658,0.00000000000,1400709.50000000000,0.14341613650,0.07832394540,0.51214063168,-16.39253807068,532379.42000000000,5.00000000000,16.67000007629,TRUE,42.95999908447,16.07999992371,3.55548715591,4.05610752106,-1.87225568295,1.00000000000,3.00000000000
522,RGTB.KL,RGT Bhd,Malaysia,Chemicals,2024,0.47366526723,42.36000061035,7.70183277130,0.25198426843,0.15440678596,0.40235435963,0.21406587958,0.04940140247,-2696468.75000000000,0.07671135664,0.08067365736,0.53451329470,1.77374184132,990833.51000000000,5.00000000000,16.67000007629,TRUE,52.52999877930,30.64999961853,5.11415529251,4.07435035706,0.78250986338,1.32391095161,3.00000000000
523,RIMB.KL,Rimbunan Sawit Bhd,Malaysia,Food Products,2022,0.46431297064,12.93999958038,8.28659152985,0.41049298644,0.34789371490,0.63210469484,0.01745956019,0.00000000000,-1647613.62500000000,0.01117434818,0.04121293128,0.90465950966,18.12767601013,-1322206.82000000000,6.00000000000,12.50000000000,0,21.51000022888,3.55999994278,8.86182212830,4.06996726990,6.40348529816,0.00000000000,3.00000000000
523,RIMB.KL,Rimbunan Sawit Bhd,Malaysia,Food Products,2023,0.46911427379,17.12000083923,8.26929569244,0.39856997132,0.35666471720,0.68320381641,0.00873431005,0.00000000000,-1115037.00000000000,0.00299359602,0.02597488090,0.78753125668,-27.98774147034,2836211.33000000000,5.00000000000,14.28999996185,0,17.82999992371,15.02000045776,3.55548715591,4.05610752106,-1.87225568295,1.37499380112,3.00000000000
523,RIMB.KL,Rimbunan Sawit Bhd,Malaysia,Food Products,2024,0.53132778406,26.64999961853,8.22711181641,0.30811622739,0.29636794329,0.70391267538,0.02652544156,0.00000000000,5543229.50000000000,0.03301748261,0.03438627720,0.87771201134,10.16221618652,5469876.90000000000,5.00000000000,14.28999996185,0,23.87999916077,28.45999908447,5.11415529251,4.07435035706,0.78250986338,1.57335245609,3.00000000000
524,ROHA.KL,Rohas Tecnic Bhd,Malaysia,Construction & Engineering,2022,0.16467367113,36.59000015259,8.17657947540,0.16718883812,0.42473420501,0.84412592649,0.14552074671,0.00000000000,-2729545.50000000000,0.10178542137,0.19716042280,0.09559673071,89.13751983643,4645763.64000000000,9.00000000000,30.00000000000,TRUE,61.81000137329,18.25000000000,8.86182212830,4.06996726990,6.40348529816,1.93070304394,3.00000000000
524,ROHA.KL,Rohas Tecnic Bhd,Malaysia,Construction & Engineering,2023,0.16780129075,35.81999969482,8.16747951508,0.21368314326,0.37816408277,0.73572117090,0.30033573508,0.00000000000,6964470.50000000000,0.15041497350,0.15554317832,0.10765609890,-19.92646980286,1500640.52000000000,7.00000000000,28.56999969482,FALSE,45.84999847412,21.38999938965,3.55548715591,4.05610752106,-1.87225568295,2.43816304207,3.00000000000
524,ROHA.KL,Rohas Tecnic Bhd,Malaysia,Construction & Engineering,2024,0.16630777717,33.36999893188,8.16137790680,0.23401354253,0.32982537150,0.65431821346,0.28425601125,0.00000000000,-4952612.00000000000,0.13833342493,0.13798992336,0.16099181771,-7.43118381500,-1217009.85000000000,8.00000000000,28.56999969482,FALSE,35.58000183105,23.25000000000,5.11415529251,4.07435035706,0.78250986338,2.31102657318,3.00000000000
525,SAEG.KL,SAM Engineering & Equipment (M) Bhd,Malaysia,Machinery,2022,1.78421080112,32.38000106812,8.56174945831,0.31703239679,0.42274716496,0.85727441311,0.03096565232,0.00000000000,-2271655.25000000000,0.01661515981,0.29926717281,0.32021468878,20.02968406677,20147165.53000000000,4.00000000000,20.00000000000,TRUE,56.36999893188,4.48999977112,8.86182212830,4.06996726990,6.40348529816,1.52741253376,3.00000000000
525,SAEG.KL,SAM Engineering & Equipment (M) Bhd,Malaysia,Machinery,2023,1.43017768860,37.18999862671,8.64378166199,0.15269815922,0.27561283112,0.88708418608,0.06323871017,0.00000000000,3218422.50000000000,0.02105303667,0.19217590988,0.34705537558,-3.25489044189,22992271.04000000000,4.00000000000,28.56999969482,TRUE,75.05999755859,7.26999998093,3.55548715591,4.05610752106,-1.87225568295,1.60331273079,3.00000000000
525,SAEG.KL,SAM Engineering & Equipment (M) Bhd,Malaysia,Machinery,2024,1.37514746189,37.43999862671,8.65636825562,0.13155920804,0.22558976710,0.77603238821,0.06170177087,0.00000000000,-1862908.62500000000,0.01432858780,0.21834011376,0.33405992389,5.28422355652,20726268.32000000000,6.00000000000,25.00000000000,TRUE,74.90000152588,6.65000009537,5.11415529251,4.07435035706,0.78250986338,1.63853752613,3.00000000000
526,SAHB.KL,Samchem Holdings Bhd,Malaysia,Trading Companies & Distributors,2022,0.39463886619,24.46999931335,8.07792568207,0.27099999785,0.40688654780,0.82181209326,0.36666730046,0.00000000000,-1606590.87500000000,0.11367820203,0.26099765301,0.18970096111,-11.00510787964,10321136.36000000000,6.00000000000,14.28999996185,TRUE,65.87999725342,13.10999965668,8.86182212830,4.06996726990,6.40348529816,2.01775550842,3.00000000000
526,SAHB.KL,Samchem Holdings Bhd,Malaysia,Trading Companies & Distributors,2023,0.39943853021,21.65999984741,8.07174682617,0.29326513410,0.34415978193,0.73289257288,0.35272020102,0.00000000000,-517647.06250000000,0.13941657543,0.21253407001,0.19197270274,-15.69828510284,7697385.62000000000,5.00000000000,16.67000007629,TRUE,33.15999984741,24.96999931335,3.55548715591,4.05610752106,-1.87225568295,1.35209083557,3.00000000000
526,SAHB.KL,Samchem Holdings Bhd,Malaysia,Trading Companies & Distributors,2024,0.35049197078,36.36000061035,8.12851905823,0.34298151731,0.41419759393,0.78741002083,0.26877257228,0.00000000000,-760966.87500000000,0.14307656884,0.24473708868,0.19629743695,7.37705993652,4465756.49000000000,5.00000000000,16.67000007629,FALSE,50.79000091553,32.79999923706,5.11415529251,4.07435035706,0.78250986338,1.82939779758,3.00000000000
527,SCGB.KL,SCGM Bhd,Malaysia,Containers & Packaging,2022,0.36426043510,35.79999923706,7.86139440536,0.20472726226,0.19503174722,0.56732767820,0.15136250854,0.00000000000,-990629.62500000000,0.02861951292,0.15100401640,0.65369433165,8.62027168274,7092228.86000000000,4.00000000000,42.86000061035,0,35.65999984741,31.39999961853,8.86182212830,4.06996726990,6.40348529816,1.61101055145,3.00000000000
527,SCGB.KL,SCGM Bhd,Malaysia,Containers & Packaging,2023,0.97781938314,34.11000061035,7.44280338287,0.00000000000,0.07043261826,1.00000000000,14.19016838074,0.00000000000,3951283.25000000000,0.38121536374,0.00011396000,0.00000000000,-100.00000000000,1448189.54000000000,5.00000000000,50.00000000000,0,35.63999938965,27.71999931335,3.55548715591,4.05610752106,-1.87225568295,1.00000000000,3.00000000000
527,SCGB.KL,SCGM Bhd,Malaysia,Containers & Packaging,2024,1.01493275166,24.56999969482,7.41544055939,0.00000000000,0.00933237188,1.00000000000,107.08773803711,0.00000000000,-2450009.00000000000,0.93835890293,0.00000000000,0.00014110901,0.00000000000,-686732.32000000000,4.00000000000,60.00000000000,0,22.67000007629,15.14000034332,5.11415529251,4.07435035706,0.78250986338,0.00000000000,3.00000000000
529,SIME.KL,Sime Darby Bhd,Malaysia,Industrial Conglomerates,2022,0.33886498213,56.22000122070,9.89981937408,0.22823974490,0.39400649071,0.72556430101,0.05796902627,0.00000000000,274383712.00000000000,0.09885656834,0.30923324823,0.28776997328,7.30567646027,286602358.00000000000,11.00000000000,27.27000045776,TRUE,95.23999786377,30.04000091553,8.86182212830,4.06996726990,6.40348529816,1.98581302166,3.00000000000
529,SIME.KL,Sime Darby Bhd,Malaysia,Industrial Conglomerates,2023,0.23839214444,56.56000137329,10.04103279114,0.27505692840,0.37914398313,0.62823343277,0.05272801220,0.00000000000,-34358432.00000000000,0.07324305177,0.28441587090,0.30708965659,37.54991149902,314528101.80000000000,12.00000000000,25.00000000000,TRUE,94.66999816895,35.52000045776,3.55548715591,4.05610752106,-1.87225568295,2.60710835457,3.00000000000
529,SIME.KL,Sime Darby Bhd,Malaysia,Industrial Conglomerates,2024,0.27284187078,57.09000015259,10.05165195465,0.20182634890,0.32650735974,0.57272863388,0.00000000000,0.06409093738,10213777.00000000000,0.07393302768,0.25530928373,0.31733345985,16.88165283203,567220902.60000000000,11.00000000000,27.27000045776,TRUE,91.66000366211,34.88999938965,5.11415529251,4.07435035706,0.78250986338,1.70693385601,3.00000000000
530,SKOU.KL,Sern Kou Resources Bhd,Malaysia,Household Durables,2022,2.81134867668,37.25000000000,7.86306715012,0.23131057620,0.25758829713,0.69854593277,0.68089300394,0.00000000000,6411659.00000000000,0.18320985138,0.09525460750,0.36392363906,-1.87432491779,2230183.84000000000,5.00000000000,14.28999996185,0,67.34999847412,17.70999908447,8.86182212830,4.06996726990,6.40348529816,1.12860655785,3.00000000000
530,SKOU.KL,Sern Kou Resources Bhd,Malaysia,Household Durables,2023,2.73915076256,46.47999954224,7.87071466446,0.22744356096,0.23016014695,0.70223617554,0.99207615852,0.00000000000,4901573.50000000000,0.23574714363,0.08315852284,0.31623777747,6.27696084976,268544.48000000000,5.00000000000,25.00000000000,0,91.88999938965,25.76000022888,3.55548715591,4.05610752106,-1.87225568295,1.40699481964,3.00000000000
530,SKOU.KL,Sern Kou Resources Bhd,Malaysia,Household Durables,2024,2.47593593597,54.22000122070,7.89788579941,0.29798594117,0.31219404936,0.75531798601,0.52912235260,0.00000000000,-3802135.75000000000,0.18238905072,0.05665504932,0.30987545848,28.34798240662,-3229533.40000000000,5.00000000000,37.50000000000,0,91.58999633789,24.50000000000,5.11415529251,4.07435035706,0.78250986338,1.30310130119,3.00000000000
535,SPOR.KL,Sports Toto Bhd,Malaysia,"Hotels, Restaurants & Leisure",2022,0.56255894899,51.63000106812,8.92621994019,0.44067764282,0.39478173852,0.54256230593,0.14757461846,0.10212753713,15861522.00000000000,0.18285581470,0.16566124558,0.21495106816,10.16727066040,49585852.09000000000,5.00000000000,12.50000000000,TRUE,36.13000106812,42.77999877930,8.86182212830,4.06996726990,6.40348529816,1.70904195309,3.00000000000
535,SPOR.KL,Sports Toto Bhd,Malaysia,"Hotels, Restaurants & Leisure",2023,0.56389623880,64.94000244141,8.92426013947,0.41940888762,0.41736364365,0.58937186003,0.14957134426,0.12478588521,23329162.00000000000,0.18636865914,0.13420507312,0.21080848575,3.09927010536,46773700.95000000000,5.00000000000,14.28999996185,TRUE,52.38999938965,62.99000167847,3.55548715591,4.05610752106,-1.87225568295,2.04413580894,3.00000000000
535,SPOR.KL,Sports Toto Bhd,Malaysia,"Hotels, Restaurants & Leisure",2024,0.49965271354,60.31000137329,8.97679138184,0.42935538292,0.40458366275,0.57257866859,0.00000000000,0.19805233181,3682660.25000000000,0.22351716459,0.14281919599,0.21402058005,13.84396743774,56411876.48000000000,5.00000000000,14.28999996185,TRUE,33.50000000000,67.38999938965,5.11415529251,4.07435035706,0.78250986338,1.24507009983,3.00000000000
536,STAR.KL,Star Media Group Bhd,Malaysia,Media,2022,0.39371377230,52.86000061035,8.24603843689,0.01835715584,0.14393723011,0.90593975782,0.11733870953,0.00000000000,4940909.00000000000,0.45284074545,0.02398824878,0.21680866182,11.23830318451,1564545.45000000000,10.00000000000,14.28999996185,FALSE,50.50999832153,57.00999832153,8.86182212830,4.06996726990,6.40348529816,1.00000000000,3.00000000000
536,STAR.KL,Star Media Group Bhd,Malaysia,Media,2023,0.40560999513,62.47999954224,8.22664928436,0.01638778485,0.14352497458,0.91671550274,0.16692939401,0.00000000000,-146623.09375000000,0.45022708178,0.04650014266,0.15469622612,-4.10892391205,1631808.28000000000,6.00000000000,25.00000000000,0,63.88000106812,62.68000030518,3.55548715591,4.05610752106,-1.87225568295,1.00000000000,3.00000000000
536,STAR.KL,Star Media Group Bhd,Malaysia,Media,2024,0.39395561814,59.18999862671,8.23931026459,0.01292152703,0.07181464136,0.88053774834,0.27856013179,0.00000000000,-319382.28125000000,0.48174256086,0.05601908267,0.14325647056,15.62834358215,14952327.66000000000,10.00000000000,16.67000007629,FALSE,55.59000015259,60.18000030518,5.11415529251,4.07435035706,0.78250986338,1.63072073460,3.00000000000
537,STIK.KL,Scientex Bhd,Malaysia,Chemicals,2022,0.98028433323,42.72000122070,9.09018421173,0.21505765617,0.32551011443,0.75351113081,0.08905440569,0.00000000000,-11720099.00000000000,0.03554851562,0.15146601200,0.26827239990,3.37193107605,97256519.78000000000,5.00000000000,16.67000007629,TRUE,47.34000015259,41.88999938965,8.86182212830,4.06996726990,6.40348529816,2.04827642441,3.00000000000
537,STIK.KL,Scientex Bhd,Malaysia,Chemicals,2023,0.95238775015,40.02999877930,9.08688640594,0.15328229964,0.30530595779,0.79544597864,0.09510731697,0.00000000000,-5495008.00000000000,0.02999925241,0.15251356363,0.28395238519,0.95872861147,99609718.22000000000,4.00000000000,14.28999996185,TRUE,46.88000106812,37.99000167847,3.55548715591,4.05610752106,-1.87225568295,1.56204807758,3.00000000000
537,STIK.KL,Scientex Bhd,Malaysia,Chemicals,2024,0.86810266972,48.81999969482,9.12712955475,0.15292114019,0.31151112914,0.80629956722,0.09649261087,0.01095109899,18716682.00000000000,0.04499129206,0.13962428272,0.24837408960,7.74750280380,123951437.30000000000,4.00000000000,16.67000007629,TRUE,50.34999847412,48.75000000000,5.11415529251,4.07435035706,0.78250986338,1.63627815247,3.00000000000
538,SUNW.KL,Sunway Real Estate Investment Trust,Malaysia,Retail REITs,2022,0.81849521399,72.25000000000,9.33029270172,0.37580990791,0.20056322217,0.48591634631,0.01548642572,0.00000000000,-8932955.00000000000,0.02714227140,0.00000000000,0.00176089897,-8.74139499664,73535909.09000000000,14.00000000000,42.86000061035,TRUE,80.48999786377,70.65000152588,8.86182212830,4.06996726990,6.40348529816,2.27001619339,3.00000000000
538,SUNW.KL,Sunway Real Estate Investment Trust,Malaysia,Retail REITs,2023,0.81736296415,71.19000244141,9.31767272949,0.38137644529,0.19993273914,0.47409874201,0.01064715069,0.00000000000,37923092.00000000000,0.05029818416,0.00000000000,0.00189953996,5.31395244598,73679956.43000000000,11.00000000000,42.86000061035,TRUE,78.90000152588,69.55000305176,3.55548715591,4.05610752106,-1.87225568295,2.55826020241,3.00000000000
538,SUNW.KL,Sunway Real Estate Investment Trust,Malaysia,Retail REITs,2024,0.68573564291,72.72000122070,9.38341522217,0.41355991364,0.19240665436,0.42154908180,0.01913021691,0.00000000000,-30336392.00000000000,0.03184061497,0.00000000000,0.00159572705,10.11670398712,117446732.30000000000,11.00000000000,42.86000061035,TRUE,77.26000213623,76.95999908447,5.11415529251,4.07435035706,0.78250986338,2.37334370613,3.00000000000
539,SUPM.KL,Supermax Corporation Bhd,Malaysia,Health Care Equipment & Supplies,2022,0.34175992012,35.86999893188,9.05096435547,0.01990801468,0.09485907853,0.77224838734,4.31247949600,0.00000000000,-189224128.00000000000,0.34024456143,0.02996880561,0.42754942179,-71.14106750488,-36745551.98000000000,5.00000000000,14.28999996185,0,42.02999877930,19.20000076294,8.86182212830,4.06996726990,6.40348529816,0.00000000000,3.00000000000
539,SUPM.KL,Supermax Corporation Bhd,Malaysia,Health Care Equipment & Supplies,2023,0.36971259117,49.88000106812,9.01148319244,0.02691987343,0.06569094956,0.81286692619,4.19165420532,0.00000000000,-172403120.00000000000,0.25142726302,0.03757456690,0.55655753613,-22.13806533813,-38840517.50000000000,5.00000000000,25.00000000000,0,65.26999664307,16.82999992371,3.55548715591,4.05610752106,-1.87225568295,1.00000000000,3.00000000000
539,SUPM.KL,Supermax Corporation Bhd,Malaysia,Health Care Equipment & Supplies,2024,0.36279615760,46.50000000000,9.01968479156,0.03372437134,0.06765758246,0.91587537527,2.90647411346,0.00000000000,-110884320.00000000000,0.20039391518,0.04330529273,0.65176361799,35.51143646240,-38979572.45000000000,7.00000000000,28.56999969482,0,59.52000045776,17.29999923706,5.11415529251,4.07435035706,0.78250986338,2.78459262848,3.00000000000
541,SYML.KL,Symphony Life Bhd,Malaysia,Real Estate Management & Development,2022,0.10083067417,33.40000152588,8.43194484711,0.15138715506,0.11782245338,0.53612411022,0.00000000000,0.04331314191,-12092971.00000000000,0.08143614233,0.13335217535,0.01213375200,-58.70446014404,-18205215.42000000000,9.00000000000,0.00000000000,TRUE,17.11000061035,30.04999923706,8.86182212830,4.06996726990,6.40348529816,1.90874660015,3.00000000000
541,SYML.KL,Symphony Life Bhd,Malaysia,Real Estate Management & Development,2023,0.10628546029,37.93999862671,8.40813541412,0.14097502828,0.13345682621,0.59673196077,0.00000000000,0.05051180348,-11118052.00000000000,0.10079637915,0.12646648288,0.01050826162,-48.94421005249,-2040656.43000000000,6.00000000000,12.50000000000,TRUE,21.75000000000,26.75000000000,3.55548715591,4.05610752106,-1.87225568295,1.63912951946,3.00000000000
541,SYML.KL,Symphony Life Bhd,Malaysia,Real Estate Management & Development,2024,0.10297084600,45.27000045776,8.42189502716,0.12490013987,0.12623162568,0.61742442846,0.00000000000,0.01168122236,-10848253.00000000000,0.01320076361,0.16512550414,0.01030876767,-53.38057327271,-1399549.04000000000,5.00000000000,14.28999996185,TRUE,20.18000030518,40.40999984741,5.11415529251,4.07435035706,0.78250986338,1.47443544865,3.00000000000
543,TAAN.KL,Ta Ann Holdings Bhd,Malaysia,Food Products,2022,0.66400301456,32.06999969482,8.80215454102,0.10509426892,0.16963352263,0.45850324631,0.95084804296,0.02638467215,15610820.00000000000,0.18111035228,0.09813527018,0.55611646175,9.29512023926,89765336.36000000000,5.00000000000,22.21999931335,TRUE,35.77999877930,27.86000061035,8.86182212830,4.06996726990,6.40348529816,1.67938280106,3.00000000000
543,TAAN.KL,Ta Ann Holdings Bhd,Malaysia,Food Products,2023,0.70297080278,34.43999862671,8.77427101135,0.07014215738,0.15002204478,0.44637706876,1.05609285831,0.01975901611,-8114327.00000000000,0.17176786065,0.08704272658,0.56084293127,-26.34671211243,43964651.42000000000,5.00000000000,25.00000000000,TRUE,38.45999908447,31.63999938965,3.55548715591,4.05610752106,-1.87225568295,1.90380644798,3.00000000000
543,TAAN.KL,Ta Ann Holdings Bhd,Malaysia,Food Products,2024,0.71987897158,33.40000152588,8.77691364288,0.05224940926,0.11916230619,0.38210567832,1.12512898445,0.00533966301,-25450612.00000000000,0.16345855594,0.10847700387,0.55680102110,0.84254503250,51731537.60000000000,5.00000000000,28.56999969482,TRUE,28.75000000000,33.72000122070,5.11415529251,4.07435035706,0.78250986338,1.95046079159,3.00000000000
545,TANC.KL,Tanco Holdings Bhd,Malaysia,Industrial Conglomerates,2022,15.73967933655,14.97000026703,7.81333303452,0.15881842375,0.35476005077,0.88727772236,0.00000000000,0.02421276271,243077.62500000000,0.02373430692,0.23194159567,0.25286132097,205.05720520020,-2961416.25000000000,6.00000000000,33.33000183105,0,19.88999938965,1.24000000954,8.86182212830,4.06996726990,6.40348529816,0.00000000000,3.00000000000
545,TANC.KL,Tanco Holdings Bhd,Malaysia,Industrial Conglomerates,2023,11.22249126434,13.10000038147,7.95332098007,0.05820842087,0.38145169616,0.88711076975,0.01941644214,0.00000000000,416934.62500000000,0.02674962394,0.13687464595,0.17826999724,518.77459716797,4484887.46000000000,6.00000000000,33.33000183105,0,17.95000076294,0.95999997854,3.55548715591,4.05610752106,-1.87225568295,0.00000000000,3.00000000000
545,TANC.KL,Tanco Holdings Bhd,Malaysia,Industrial Conglomerates,2024,9.16527748108,16.68000030518,8.04126453400,0.07866197824,0.32740208507,0.79022902250,0.03168058023,0.00000000000,1236691.37500000000,0.03522489965,0.10162450373,0.23337647319,82.94277191162,3301590.67000000000,6.00000000000,22.21999931335,0,17.57999992371,5.50000000000,5.11415529251,4.07435035706,0.78250986338,1.00000000000,3.00000000000
546,TASC.KL,TASCO Bhd,Malaysia,Air Freight & Logistics,2022,0.25958707929,41.93000030518,8.54173469543,0.18428821862,0.42567032576,0.69553726912,0.36900007725,0.00000000000,34848068.00000000000,0.16737951338,0.00000000000,0.39025774598,3.37503361702,20920462.59000000000,4.00000000000,11.10999965668,TRUE,39.27000045776,33.77999877930,8.86182212830,4.06996726990,6.40348529816,1.50031566620,3.00000000000
546,TASC.KL,TASCO Bhd,Malaysia,Air Freight & Logistics,2023,0.25445604324,39.70000076294,8.54947662354,0.23312571645,0.41959282756,0.67251527309,0.23798032105,0.00000000000,-15675240.00000000000,0.10165081173,0.00010380100,0.46067073941,-37.65722274780,13712152.46000000000,5.00000000000,11.10999965668,TRUE,36.09999847412,29.61000061035,3.55548715591,4.05610752106,-1.87225568295,2.62361693382,3.00000000000
546,TASC.KL,TASCO Bhd,Malaysia,Air Freight & Logistics,2024,0.22164303064,38.75999832153,8.60943508148,0.17692144215,0.46646910906,0.72088491917,0.18973870575,0.00000000000,-1671887.25000000000,0.10161024332,0.00023950600,0.43473473191,0.42047199607,6678295.38000000000,4.00000000000,12.50000000000,TRUE,41.61000061035,28.94000053406,5.11415529251,4.07435035706,0.78250986338,2.08560228348,3.00000000000
550,TLMM.KL,Telekom Malaysia Bhd,Malaysia,Diversified Telecommunication Services,2022,1.23606693745,68.47000122070,9.72074699402,0.30451378226,0.23592707515,0.35915577412,0.14868158102,0.07643323392,105522728.00000000000,0.10985247791,0.01320288982,0.63553279638,-0.52798002958,260045454.60000000000,18.00000000000,33.33000183105,TRUE,73.83000183105,68.86000061035,8.86182212830,4.06996726990,6.40348529816,2.59235525131,3.00000000000
550,TLMM.KL,Telekom Malaysia Bhd,Malaysia,Diversified Telecommunication Services,2023,1.38003170490,65.54000091553,9.67440509796,0.30527621508,0.27085149288,0.46900174022,0.12619590759,0.10207996517,77037040.00000000000,0.12561877072,0.00943383202,0.60219752789,-7.52434825897,410675381.30000000000,16.00000000000,30.77000045776,TRUE,63.84000015259,69.52999877930,3.55548715591,4.05610752106,-1.87225568295,2.23616337776,3.00000000000
550,TLMM.KL,Telekom Malaysia Bhd,Malaysia,Diversified Telecommunication Services,2024,1.35170638561,67.08000183105,9.67545413971,0.24528293312,0.29700177908,0.56814730167,0.09043323249,0.11944713444,61593556.00000000000,0.15024077892,0.00953100994,0.59596925974,2.92561626434,456333930.20000000000,17.00000000000,27.27000045776,TRUE,75.54000091553,68.98000335693,5.11415529251,4.07435035706,0.78250986338,0.00000000000,3.00000000000
551,TMCN.KL,TMC Life Sciences Bhd,Malaysia,Health Care Providers & Services,2022,0.65249913931,53.36999893188,8.41012763977,0.18576334417,0.07969457656,0.29555886984,0.73621541262,0.06591163576,-1461870.12500000000,0.12538252771,0.00960232969,0.64302247763,14.22024250031,9393781.21000000000,6.00000000000,33.33000183105,TRUE,66.66999816895,18.01000022888,8.86182212830,4.06996726990,6.40348529816,1.91743743420,3.00000000000
551,TMCN.KL,TMC Life Sciences Bhd,Malaysia,Health Care Providers & Services,2023,0.70460152626,57.09999847412,8.40184879303,0.18614882231,0.08376140147,0.31308364868,0.88070404530,0.02529412508,3792283.00000000000,0.13537952304,0.01136306673,0.60770994425,20.66575431824,8415219.72000000000,8.00000000000,42.86000061035,TRUE,69.16999816895,37.27000045776,3.55548715591,4.05610752106,-1.87225568295,1.76657688618,3.00000000000
551,TMCN.KL,TMC Life Sciences Bhd,Malaysia,Health Care Providers & Services,2024,0.72079676390,55.09999847412,8.40196418762,0.17250570655,0.08289324492,0.32689291239,0.60842627287,0.10806632787,-1922799.62500000000,0.15854273736,0.00976866018,0.60373210907,10.05045127869,8620996.82000000000,19.00000000000,37.50000000000,TRUE,66.05999755859,32.43999862671,5.11415529251,4.07435035706,0.78250986338,2.10951709747,3.00000000000
552,TMEI.KL,Tomei Consolidated Bhd,Malaysia,Specialty Retail,2022,0.36892458797,40.68999862671,8.17377567291,0.38247591257,0.33678299189,0.68883597851,0.18380333483,0.00000000000,-1728863.62500000000,0.07480767369,0.79174125195,0.06824769825,25.27111434937,15331136.36000000000,6.00000000000,37.50000000000,0,62.20999908447,17.52000045776,8.86182212830,4.06996726990,6.40348529816,0.00000000000,3.00000000000
552,TMEI.KL,Tomei Consolidated Bhd,Malaysia,Specialty Retail,2023,0.34057530761,32.09000015259,8.20496368408,0.37856265903,0.30507266521,0.62504279613,0.20343369246,0.00000000000,2681263.50000000000,0.06668277830,0.77146971226,0.07342340797,-10.49795341492,10707843.14000000000,6.00000000000,30.00000000000,0,39.56999969482,10.85000038147,3.55548715591,4.05610752106,-1.87225568295,0.00000000000,3.00000000000
552,TMEI.KL,Tomei Consolidated Bhd,Malaysia,Specialty Retail,2024,0.29320392013,34.47000122070,8.27520847321,0.39484071732,0.29485592246,0.60092800856,0.14658804238,0.00000000000,-2348925.75000000000,0.05081044510,0.78822422028,0.07711949199,18.35591506958,13802820.05000000000,5.00000000000,50.00000000000,0,25.90999984741,37.95000076294,5.11415529251,4.07435035706,0.78250986338,1.37430274487,3.00000000000
553,TSCP.KL,Teo Seng Capital Bhd,Malaysia,Food Products,2022,0.98200321198,16.50000000000,8.14905548096,0.29359680414,0.33364182711,0.72455281019,0.19863195717,0.00000000000,-1799236.37500000000,0.06249520555,0.11440797150,0.61107158661,16.38395881653,4918006.82000000000,5.00000000000,33.33000183105,0,28.26000022888,15.43999958038,8.86182212830,4.06996726990,6.40348529816,1.75957024097,3.00000000000
553,TSCP.KL,Teo Seng Capital Bhd,Malaysia,Food Products,2023,0.90882885456,17.53000068665,8.18621253967,0.16668856144,0.20593653619,0.63749951124,0.68170511723,0.00000000000,12600549.00000000000,0.15292783082,0.10158376396,0.55578768253,11.88938426971,33943995.64000000000,5.00000000000,33.33000183105,0,19.04000091553,22.30999946594,3.55548715591,4.05610752106,-1.87225568295,1.74759399891,3.00000000000
553,TSCP.KL,Teo Seng Capital Bhd,Malaysia,Food Products,2024,0.72554355860,20.15999984741,8.27733230591,0.11730065197,0.19102855027,0.70983088017,0.78473758698,0.00000000000,6246045.00000000000,0.18490241468,0.08904883265,0.51998394728,1.75695776939,41038628.02000000000,6.00000000000,33.33000183105,0,16.53000068665,23.54000091553,5.11415529251,4.07435035706,0.78250986338,1.49243628979,3.00000000000
556,TXCY.KL,Tex Cycle Technology (M) Bhd,Malaysia,Commercial Services & Supplies,2022,1.91850101948,27.70999908447,7.56346035004,0.17611478269,0.04734118283,0.20076461136,0.00000000000,0.06054760143,704784.06250000000,0.16373276711,0.00175623095,0.56872069836,3.61838912964,2213684.09000000000,5.00000000000,0.00000000000,0,43.06999969482,19.04999923706,8.86182212830,4.06996726990,6.40348529816,1.00000000000,3.00000000000
556,TXCY.KL,Tex Cycle Technology (M) Bhd,Malaysia,Commercial Services & Supplies,2023,1.79785811901,29.93000030518,7.59073829651,0.18108594418,0.04465276375,0.19789044559,0.00000000000,0.10141763091,1828111.12500000000,0.10799199343,0.00157159497,0.54444086552,6.91735696793,3429553.38000000000,3.00000000000,20.00000000000,FALSE,29.07999992371,19.02000045776,3.55548715591,4.05610752106,-1.87225568295,1.00000000000,3.00000000000
556,TXCY.KL,Tex Cycle Technology (M) Bhd,Malaysia,Commercial Services & Supplies,2024,1.35486400127,31.05999946594,7.72179269791,0.13245622814,0.08091530204,0.38781911135,0.00000000000,0.08949515969,655960.18750000000,0.12101905048,0.00195571198,0.47638651729,5.97554969788,3655091.76000000000,6.00000000000,16.67000007629,FALSE,26.73999977112,18.90999984741,5.11415529251,4.07435035706,0.78250986338,1.00000000000,3.00000000000
557,THEA.KL,Three-A Resources Bhd,Malaysia,Food Products,2022,0.72815781832,31.14999961853,8.06330585480,0.03977424651,0.12514732778,0.71627259254,0.32973346114,0.00000000000,-7748636.50000000000,0.04288309067,0.20707674325,0.46746084094,20.89865875244,7975909.09000000000,5.00000000000,33.33000183105,0,76.12999725342,9.81999969482,8.86182212830,4.06996726990,6.40348529816,1.22265064716,3.00000000000
557,THEA.KL,Three-A Resources Bhd,Malaysia,Food Products,2023,0.76305127144,28.70999908447,8.04204940796,0.00968231913,0.06404252350,0.58803021908,1.65810275078,0.00000000000,7122004.50000000000,0.10111676902,0.15813662112,0.47872895002,-12.11997985840,9837690.63000000000,4.00000000000,33.33000183105,0,74.29000091553,8.51000022888,3.55548715591,4.05610752106,-1.87225568295,1.52895891666,3.00000000000
557,THEA.KL,Three-A Resources Bhd,Malaysia,Food Products,2024,0.69682568312,26.54999923706,8.07845211029,0.00611850992,0.06977530569,0.65063935518,0.66785371304,0.00000000000,5874440.50000000000,0.17122906446,0.17573855817,0.45008882880,-5.22233343124,9724485.23000000000,4.00000000000,22.21999931335,0,60.61999893188,12.71000003815,5.11415529251,4.07435035706,0.78250986338,2.01074624062,3.00000000000
558,UCHI.KL,Uchi Technologies Bhd,Malaysia,"Electronic Equipment, Instruments & Components",2022,4.99501609802,58.22999954224,7.84998273849,0.00000000000,0.29627934098,0.98864179850,0.03227253258,0.00000000000,7151527.50000000000,0.74179446697,0.11433265358,0.12262104452,20.36379051209,28376945.45000000000,4.00000000000,14.28999996185,0,85.66000366211,33.22999954224,8.86182212830,4.06996726990,6.40348529816,1.53034007549,3.00000000000
558,UCHI.KL,Uchi Technologies Bhd,Malaysia,"Electronic Equipment, Instruments & Components",2023,6.81874084473,63.06999969482,7.72328472137,0.00000000000,0.16319784522,0.98646342754,0.08295498043,0.00000000000,-12711793.00000000000,0.47694319487,0.12914039195,0.15379172564,8.47204399109,29462098.04000000000,4.00000000000,14.28999996185,0,83.22000122070,32.38000106812,3.55548715591,4.05610752106,-1.87225568295,1.26252663136,3.00000000000
558,UCHI.KL,Uchi Technologies Bhd,Malaysia,"Electronic Equipment, Instruments & Components",2024,7.06134891510,59.97000122070,7.70409870148,0.00000000000,0.13384307921,0.98617947102,0.15680699050,0.00000000000,-1152439.62500000000,0.63414633274,0.07995598763,0.16150765121,-5.92089128494,25451441.36000000000,4.00000000000,14.28999996185,0,78.20999908447,27.48999977112,5.11415529251,4.07435035706,0.78250986338,1.26252663136,3.00000000000
559,UNSM.KL,Unisem (M) Bhd,Malaysia,Semiconductors & Semiconductor Equipment,2022,1.49844741821,48.06999969482,8.83638286591,0.06508427858,0.15032319725,0.75331133604,0.43553173542,0.00000000000,-22707954.00000000000,0.18959537148,0.08943261951,0.64580005407,7.47925090790,55320681.82000000000,6.00000000000,33.33000183105,0,28.77000045776,28.62999916077,8.86182212830,4.06996726990,6.40348529816,2.01410436630,3.00000000000
559,UNSM.KL,Unisem (M) Bhd,Malaysia,Semiconductors & Semiconductor Equipment,2023,1.56425344944,50.63999938965,8.81353569031,0.07708370686,0.11762621254,0.58319520950,0.36345219612,0.00000000000,-16351416.00000000000,0.15322592854,0.07557857037,0.69078189135,-22.54676628113,17853159.04000000000,5.00000000000,36.36000061035,0,41.75999832153,33.91999816895,3.55548715591,4.05610752106,-1.87225568295,1.62365746498,3.00000000000
559,UNSM.KL,Unisem (M) Bhd,Malaysia,Semiconductors & Semiconductor Equipment,2024,1.57342851162,56.36999893188,8.81099605560,0.06488437206,0.15774096549,0.70842903852,0.43328443170,0.00000000000,-45353180.00000000000,0.09636309743,0.08581537008,0.74245566130,12.80509662628,13578334.83000000000,5.00000000000,33.33000183105,0,52.99000167847,35.25999832153,5.11415529251,4.07435035706,0.78250986338,1.07844793797,3.00000000000
560,UPAB.KL,UPA Corporation Bhd,Malaysia,Paper & Forest Products,2022,0.54524374008,11.14999961853,7.84688234329,0.03000310436,0.07709171623,0.69435304403,0.00000000000,0.17029567063,-573863.62500000000,0.17680668831,0.21730990708,0.21005730331,-2.56897020340,2421363.64000000000,6.00000000000,14.28999996185,0,25.52000045776,1.80999994278,8.86182212830,4.06996726990,6.40348529816,0.00000000000,3.00000000000
560,UPAB.KL,UPA Corporation Bhd,Malaysia,Paper & Forest Products,2023,0.55625134706,16.19000053406,7.83727359772,0.04176662117,0.08125793934,0.68100816011,0.00000000000,0.24139077961,5045098.00000000000,0.24668440223,0.17372442782,0.19285531342,-9.78671550751,1829193.90000000000,5.00000000000,14.28999996185,0,21.59000015259,13.28999996185,3.55548715591,4.05610752106,-1.87225568295,1.00000000000,3.00000000000
560,UPAB.KL,UPA Corporation Bhd,Malaysia,Paper & Forest Products,2024,0.56141728163,25.06999969482,7.83325862885,0.02763603628,0.07069515437,0.67059373856,2.95431303978,0.00000000000,-2822068.00000000000,0.21315827966,0.14823772013,0.21300874650,-11.85538959503,338630.26000000000,6.00000000000,14.28999996185,0,43.24000167847,20.46999931335,5.11415529251,4.07435035706,0.78250986338,1.00000000000,3.00000000000
561,UTPS.KL,United Plantations Bhd,Malaysia,Food Products,2022,4.39764738083,67.01999664307,8.87752819061,0.00368115003,0.06300982088,0.48851466179,0.63076651096,0.00000000000,53937044.00000000000,0.23395814002,0.07990598679,0.49651047587,17.03682899475,137628181.80000000000,4.00000000000,18.18000030518,TRUE,68.29000091553,49.45000076294,8.86182212830,4.06996726990,6.40348529816,2.86508846283,3.00000000000
561,UTPS.KL,United Plantations Bhd,Malaysia,Food Products,2023,4.59682178497,69.41000366211,8.85188484192,0.00389385410,0.05723609403,0.45210993290,0.73735517263,0.00000000000,10611329.00000000000,0.18300998211,0.09112959355,0.50684261322,-23.22000122070,154906536.00000000000,4.00000000000,11.10999965668,TRUE,72.88999938965,58.38000106812,3.55548715591,4.05610752106,-1.87225568295,2.84011101723,3.00000000000
561,UTPS.KL,United Plantations Bhd,Malaysia,Food Products,2024,4.53130817413,62.70000076294,8.86086654663,0.00414646603,0.06851134449,0.50105196238,0.73850917816,0.00000000000,-33779096.00000000000,0.15323905647,0.08993002027,0.51319694519,12.09254360199,161013652.60000000000,4.00000000000,11.10999965668,TRUE,55.56999969482,54.25000000000,5.11415529251,4.07435035706,0.78250986338,2.66904139519,3.00000000000
562,VSDY.KL,VisDynamics Holdings Bhd,Malaysia,Semiconductors & Semiconductor Equipment,2022,0.81619036198,42.29000091553,7.23624849319,0.00354117504,0.17821127176,0.98780620098,0.00000000000,0.37429374456,3142310.50000000000,0.39815059304,0.24484071136,0.15983027220,-6.56161785126,2690490.90000000000,5.00000000000,42.86000061035,TRUE,54.09000015259,20.30999946594,8.86182212830,4.06996726990,6.40348529816,1.00000000000,3.00000000000
562,VSDY.KL,VisDynamics Holdings Bhd,Malaysia,Semiconductors & Semiconductor Equipment,2023,0.91789144278,40.56000137329,7.19386577606,0.00234122411,0.07893562317,0.95523166656,0.00000000000,0.31995055079,-1400035.75000000000,0.41362944245,0.24874949455,0.17150118947,-48.22744369507,595527.09000000000,5.00000000000,42.86000061035,TRUE,54.63000106812,17.87999916077,3.55548715591,4.05610752106,-1.87225568295,1.00000000000,3.00000000000
562,VSDY.KL,VisDynamics Holdings Bhd,Malaysia,Semiconductors & Semiconductor Equipment,2024,0.96221303940,39.31999969482,7.16384029388,0.00111270195,0.09265643358,1.00000000000,0.00000000000,0.29381155968,-1157426.25000000000,0.35353884101,0.28857046366,0.22599928081,-66.89997100830,-1763309.71000000000,5.00000000000,42.86000061035,TRUE,41.93000030518,21.04000091553,5.11415529251,4.07435035706,0.78250986338,1.00000000000,3.00000000000
563,VSTE.KL,VSTECS Bhd,Malaysia,"Electronic Equipment, Instruments & Components",2022,2.01011443138,36.02999877930,8.21024036407,0.02202685736,0.42376944423,0.99898308516,0.15399843454,0.00000000000,-5922045.50000000000,0.06406760961,0.35462301970,0.00728439493,-0.14508469403,13563636.36000000000,4.00000000000,28.56999969482,TRUE,70.44000244141,11.56999969482,8.86182212830,4.06996726990,6.40348529816,1.33706867695,3.00000000000
563,VSTE.KL,VSTECS Bhd,Malaysia,"Electronic Equipment, Instruments & Components",2023,1.78771197796,38.04000091553,8.25334167480,0.04770374671,0.44028401375,0.98920786381,0.41654402018,0.00000000000,22713726.00000000000,0.20253255963,0.24412578344,0.01152291428,-5.64203500748,14689760.35000000000,4.00000000000,42.86000061035,TRUE,74.09999847412,12.92000007629,3.55548715591,4.05610752106,-1.87225568295,1.51168203354,3.00000000000
563,VSTE.KL,VSTECS Bhd,Malaysia,"Electronic Equipment, Instruments & Components",2024,1.62171316147,43.86999893188,8.29334259033,0.00501753017,0.42535555363,0.99442380667,0.00000000000,0.12116110325,-9955461.00000000000,0.13285084069,0.28219476342,0.00894156937,9.30494880676,15793643.69000000000,4.00000000000,42.86000061035,TRUE,78.52999877930,17.43000030518,5.11415529251,4.07435035706,0.78250986338,2.01048564911,3.00000000000
564,VTRX.KL,ViTrox Corporation Bhd,Malaysia,Semiconductors & Semiconductor Equipment,2022,7.08375740051,50.04000091553,8.41274738312,0.06402747333,0.17634111643,0.76076596975,0.96753907204,0.00000000000,26013864.00000000000,0.37041497231,0.17810098827,0.19848842919,4.39395952225,45527272.73000000000,5.00000000000,28.56999969482,TRUE,73.23999786377,31.62000083923,8.86182212830,4.06996726990,6.40348529816,1.40942621231,3.00000000000
564,VTRX.KL,ViTrox Corporation Bhd,Malaysia,Semiconductors & Semiconductor Equipment,2023,7.00070238113,65.95999908447,8.40504169464,0.05389829725,0.13231009245,0.74370759726,0.51537948847,0.00000000000,4050326.75000000000,0.32830974460,0.17024327815,0.24881796539,-26.54125595093,27796732.03000000000,5.00000000000,44.43999862671,TRUE,77.23000335693,68.62999725342,3.55548715591,4.05610752106,-1.87225568295,1.55763304234,3.00000000000
564,VTRX.KL,ViTrox Corporation Bhd,Malaysia,Semiconductors & Semiconductor Equipment,2024,6.55832815170,66.26000213623,8.43229198456,0.03999695554,0.12240702659,0.78942370415,0.70057374239,0.00000000000,-10935318.00000000000,0.29956769943,0.16661344469,0.24869348109,-1.30974161625,20013652.64000000000,5.00000000000,33.33000183105,TRUE,79.58999633789,71.48000335693,5.11415529251,4.07435035706,0.78250986338,1.26082527637,3.00000000000
565,WASC.KL,Wasco Bhd,Malaysia,Energy Equipment & Services,2022,0.27939301729,48.99000167847,8.79006958008,0.37832757831,0.61953562498,0.78796046972,0.16413803399,0.00000000000,19850454.00000000000,0.13953454792,0.08232876658,0.28496527672,56.66100692749,8172500.00000000000,4.00000000000,0.00000000000,TRUE,34.06000137329,50.43999862671,8.86182212830,4.06996726990,6.40348529816,1.34582078457,3.00000000000
565,WASC.KL,Wasco Bhd,Malaysia,Energy Equipment & Services,2023,0.27497926354,56.56000137329,8.80751609802,0.31555733085,0.57955950499,0.76176530123,0.17986319959,0.00000000000,17686492.00000000000,0.14496603608,0.06323248148,0.28515568376,5.56812191010,32706535.95000000000,4.00000000000,22.21999931335,TRUE,62.79000091553,59.18000030518,3.55548715591,4.05610752106,-1.87225568295,1.46627545357,3.00000000000
565,WASC.KL,Wasco Bhd,Malaysia,Energy Equipment & Services,2024,0.27295124531,69.16999816895,8.81073093414,0.26221665740,0.55016005039,0.77670335770,0.15162493289,0.00000000000,-15804834.00000000000,0.12289522588,0.10290171206,0.28520393372,25.55134201050,37224709.04000000000,4.00000000000,25.00000000000,TRUE,84.16999816895,65.54000091553,5.11415529251,4.07435035706,0.78250986338,1.77378988266,3.00000000000
566,WAVE.KL,WAVEFRONT Bhd,Malaysia,"Electronic Equipment, Instruments & Components",2022,0.39864227176,32.49000167847,8.24557685852,0.19101350009,0.25522914529,0.67739540339,0.00000000000,0.32965636253,12693878.00000000000,0.16568537056,0.10311681032,0.26713085175,-66.45822143555,-57738548.75000000000,5.00000000000,40.00000000000,TRUE,51.40000152588,17.32999992371,8.86182212830,4.06996726990,6.40348529816,1.40501654148,3.00000000000
566,WAVE.KL,WAVEFRONT Bhd,Malaysia,"Electronic Equipment, Instruments & Components",2023,0.53960359097,38.58000183105,8.10420227051,0.18607114255,0.25932186842,0.70294272900,0.00000000000,0.39217534661,-4336262.50000000000,0.28320795298,0.07852135599,0.08107504994,-58.23802947998,-22239491.79000000000,7.00000000000,33.33000183105,TRUE,75.30999755859,22.79000091553,3.55548715591,4.05610752106,-1.87225568295,1.52497935295,3.00000000000
566,WAVE.KL,WAVEFRONT Bhd,Malaysia,"Electronic Equipment, Instruments & Components",2024,0.53303593397,36.79999923706,8.11847496033,0.17230406404,0.28493061662,0.79679745436,0.00000000000,0.35090577602,-6987373.00000000000,0.38036796451,0.08298517764,0.12392936647,-29.01121711731,-993235.63000000000,5.00000000000,33.33000183105,TRUE,61.38000106812,17.30999946594,5.11415529251,4.07435035706,0.78250986338,1.45161294937,3.00000000000
567,WCAL.KL,Wellcall Holdings Bhd,Malaysia,Machinery,2022,4.51059484482,30.21999931335,7.53645515442,0.00000000000,0.18958269060,0.86757797003,1.21252703667,0.08769220859,254970.87500000000,0.36345314980,0.18229143322,0.29689380527,1.61126971245,7182584.68000000000,5.00000000000,20.00000000000,0,83.62000274658,1.98000001907,8.86182212830,4.06996726990,6.40348529816,1.00000000000,3.00000000000
567,WCAL.KL,Wellcall Holdings Bhd,Malaysia,Machinery,2023,4.11212968826,28.47999954224,7.57236576080,0.00000000000,0.17712858319,0.87923526764,1.37577855587,0.08228873461,2691511.75000000000,0.46094381809,0.14517940581,0.26595985889,21.36379814148,11776610.21000000000,5.00000000000,25.00000000000,0,73.52999877930,3.29999995232,3.55548715591,4.05610752106,-1.87225568295,0.00000000000,3.00000000000
567,WCAL.KL,Wellcall Holdings Bhd,Malaysia,Machinery,2024,3.61881399155,32.22999954224,7.62786626816,0.00000000000,0.15938176215,0.87602031231,1.37039995193,0.08529735357,-1255853.00000000000,0.44969844818,0.14717832208,0.31866547465,9.82376766205,11384110.65000000000,5.00000000000,30.00000000000,0,76.90000152588,12.77999973297,5.11415529251,4.07435035706,0.78250986338,0.00000000000,3.00000000000
568,WCEH.KL,WCE Holdings Bhd,Malaysia,Transportation Infrastructure,2022,0.33408075571,31.45999908447,9.21603584290,0.56803494692,0.05662718788,0.06684779376,0.02260662988,0.00000000000,6736961.50000000000,0.11017509550,0.00000000000,0.00050328998,-20.41949462891,16461224.49000000000,4.00000000000,0.00000000000,FALSE,43.79000091553,31.78000068665,8.86182212830,4.06996726990,6.40348529816,1.72368311882,3.00000000000
568,WCEH.KL,WCE Holdings Bhd,Malaysia,Transportation Infrastructure,2023,0.32378974557,48.29000091553,9.19983863831,0.57434970140,0.05898169056,0.06782057881,0.11974103749,0.00000000000,-59350556.00000000000,0.05838092044,0.00000000000,0.00071465998,13.27492332459,-33373213.34000000000,6.00000000000,0.00000000000,FALSE,53.99000167847,50.81999969482,3.55548715591,4.05610752106,-1.87225568295,1.40501654148,3.00000000000
568,WCEH.KL,WCE Holdings Bhd,Malaysia,Transportation Infrastructure,2024,0.30706992745,50.58000183105,9.25172138214,0.55095922947,0.08343517780,0.09481043369,0.08924995363,0.00000000000,-696505.06250000000,0.03010420687,0.00000000000,0.00072177401,8.97378826141,-40292220.97000000000,5.00000000000,25.00000000000,FALSE,65.84999847412,54.20000076294,5.11415529251,4.07435035706,0.78250986338,1.35172736645,3.00000000000
569,WCTE.KL,WCT Holdings Bhd,Malaysia,Construction & Engineering,2022,0.16117568314,33.00000000000,9.27582168579,0.36883446574,0.32296612859,0.61713695526,0.03396041691,0.00000000000,-14798636.00000000000,0.02525416575,0.08514364064,0.06271893531,17.19762611389,39270681.82000000000,5.00000000000,10.00000000000,0,13.61999988556,36.66999816895,8.86182212830,4.06996726990,6.40348529816,1.26517629623,3.00000000000
569,WCTE.KL,WCT Holdings Bhd,Malaysia,Construction & Engineering,2023,0.16073307395,47.31000137329,9.27608680725,0.38520160317,0.34796518087,0.60917991400,0.04321907833,0.00000000000,36504356.00000000000,0.04287549108,0.06837588549,0.06333793700,-21.33252334595,-45620479.30000000000,5.00000000000,12.50000000000,0,17.54999923706,48.36000061035,3.55548715591,4.05610752106,-1.87225568295,1.74094653130,3.00000000000
569,WCTE.KL,WCT Holdings Bhd,Malaysia,Construction & Engineering,2024,0.15162999928,49.40999984741,9.30927944183,0.41759973764,0.45035091043,0.77800494432,0.03271451965,0.00000000000,30855416.00000000000,0.06269031763,0.06622516364,0.05802004784,9.07397174835,71903088.63000000000,4.00000000000,12.50000000000,0,15.82999992371,55.02000045776,5.11415529251,4.07435035706,0.78250986338,1.89417397976,3.00000000000
570,WGZH.KL,Wang-Zheng Bhd,Malaysia,Paper & Forest Products,2022,0.25118947029,26.14999961853,7.78952789307,0.20421648026,0.24478146434,0.92907434702,0.79372501373,0.00000000000,-3084968.25000000000,0.37755137682,0.21092712879,0.14502142370,12.70106124878,1477825.00000000000,5.00000000000,22.21999931335,TRUE,66.27999877930,12.84000015259,8.86182212830,4.06996726990,6.40348529816,1.00000000000,3.00000000000
570,WGZH.KL,Wang-Zheng Bhd,Malaysia,Paper & Forest Products,2023,0.23248384893,38.99000167847,7.82220792770,0.28690180182,0.32456830144,0.98100143671,0.62905365229,0.00000000000,2740383.50000000000,0.43483531475,0.22709856927,0.11970101297,0.90387678146,1467895.42000000000,5.00000000000,11.10999965668,TRUE,60.22000122070,28.64999961853,3.55548715591,4.05610752106,-1.87225568295,1.22428452969,3.00000000000
570,WGZH.KL,Wang-Zheng Bhd,Malaysia,Paper & Forest Products,2024,0.22781217098,36.97999954224,7.82562875748,0.22431878746,0.32806167006,0.99789297581,0.38962090015,0.00000000000,-6604246.00000000000,0.31487554312,0.26097357273,0.17483484745,12.31617927551,239805.28000000000,6.00000000000,11.10999965668,TRUE,58.00999832153,28.82999992371,5.11415529251,4.07435035706,0.78250986338,1.11331951618,3.00000000000
573,YSPS.KL,YSP Southeast Asia Holding Bhd,Malaysia,Pharmaceuticals,2022,0.63872110844,46.47999954224,8.03236675262,0.06807370484,0.13864928484,0.64509356022,0.00000000000,0.27319347858,2069318.12500000000,0.27372303605,0.24735836685,0.28419032693,12.22598171234,7902954.55000000000,5.00000000000,33.33000183105,0,69.50000000000,11.43999958038,8.86182212830,4.06996726990,6.40348529816,1.34908151627,3.00000000000
573,YSPS.KL,YSP Southeast Asia Holding Bhd,Malaysia,Pharmaceuticals,2023,0.62009394169,45.81000137329,8.05480861664,0.10202020407,0.13151092827,0.54489105940,1.15235900879,0.00000000000,179520.70312500000,0.26355108619,0.25234666467,0.31053885818,1.81069684029,8240740.74000000000,6.00000000000,33.33000183105,0,70.51000213623,13.78999996185,3.55548715591,4.05610752106,-1.87225568295,1.41420996189,3.00000000000
573,YSPS.KL,YSP Southeast Asia Holding Bhd,Malaysia,Pharmaceuticals,2024,0.60016471148,46.65999984741,8.07313156128,0.10080511868,0.11881007999,0.52471560240,0.93495702744,0.00000000000,1911145.87500000000,0.27395793796,0.23906132579,0.31301406026,6.68440723419,6039838.85000000000,5.00000000000,37.50000000000,0,71.30000305176,17.79000091553,5.11415529251,4.07435035706,0.78250986338,1.00000000000,3.00000000000
574,YTLR.KL,YTL Hospitality REIT,Malaysia,Hotel & Resort REITs,2022,0.41303372383,14.15999984741,9.04103565216,0.40297853947,0.06375936419,0.14726595581,0.33323645592,0.00000000000,21428938.00000000000,0.03537265956,0.00013847501,0.40679985285,26.36867904663,30272454.45000000000,4.00000000000,0.00000000000,TRUE,1.86000001431,17.10000038147,8.86182212830,4.06996726990,6.40348529816,2.22457909584,3.00000000000
574,YTLR.KL,YTL Hospitality REIT,Malaysia,Hotel & Resort REITs,2023,0.39215534925,13.60999965668,9.06263446808,0.42557832599,0.24739345908,0.54555290937,0.09093581140,0.00000000000,10626087.00000000000,0.04509658366,0.00012595300,0.38899412751,12.77519989014,37753340.40000000000,4.00000000000,25.00000000000,TRUE,2.94000005722,14.92000007629,3.55548715591,4.05610752106,-1.87225568295,2.29179835320,3.00000000000
574,YTLR.KL,YTL Hospitality REIT,Malaysia,Hotel & Resort REITs,2024,0.34735196829,18.09000015259,9.11142730713,0.42697015405,0.21209490299,0.46126237512,0.10489650071,0.00000000000,8321140.00000000000,0.05525923148,0.00011614700,0.35198852420,10.66198253632,35288361.05000000000,5.00000000000,12.50000000000,TRUE,2.44000005722,24.78000068665,5.11415529251,4.07435035706,0.78250986338,2.35737681389,3.00000000000
575,ZETR.KL,Zetrix AI Bhd,Malaysia,Professional Services,2022,2.82086157799,57.04000091553,8.76132583618,0.19031199813,0.13370124996,0.51161366701,0.00000000000,0.02216659859,-3867500.00000000000,0.03839657828,0.01016231626,0.15349392593,-14.64141559601,91000454.55000000000,5.00000000000,28.56999969482,0,54.50999832153,30.37000083923,8.86182212830,4.06996726990,6.40348529816,1.33250522614,3.00000000000
575,ZETR.KL,Zetrix AI Bhd,Malaysia,Professional Services,2023,2.27830386162,55.97999954224,8.84574317932,0.27369320393,0.08902540803,0.28259527683,0.00000000000,0.01874554344,876688.43750000000,0.03176030517,0.00801142864,0.11434163898,13.99216747284,106065141.60000000000,5.00000000000,28.56999969482,0,51.68000030518,31.68000030518,3.55548715591,4.05610752106,-1.87225568295,1.35416710377,3.00000000000
575,ZETR.KL,Zetrix AI Bhd,Malaysia,Professional Services,2024,1.68043696880,56.27999877930,8.97793292999,0.30393427610,0.05636449531,0.17063587904,0.00000000000,0.08231227100,64647268.00000000000,0.11946488172,0.00058351899,0.10550399125,34.92436599731,158471351.80000000000,5.00000000000,28.56999969482,0,51.63999938965,34.83000183105,5.11415529251,4.07435035706,0.78250986338,1.47490918636,3.00000000000
576,ZHCO.KL,Zhulian Corp Bhd,Malaysia,"Textiles, Apparel & Luxury Goods",2022,0.99918371439,29.22999954224,8.09242534637,0.00051121699,0.07306396961,0.89005362988,2.01513910294,0.00000000000,-7628404.00000000000,0.32576379180,0.06573774666,0.15732741356,-13.96665573120,8623227.55000000000,4.00000000000,0.00000000000,TRUE,30.92000007629,24.45999908447,8.86182212830,4.06996726990,6.40348529816,1.00000000000,3.00000000000
576,ZHCO.KL,Zhulian Corp Bhd,Malaysia,"Textiles, Apparel & Luxury Goods",2023,1.15151345730,38.59000015259,8.03369903564,0.00058218703,0.07437086850,0.90666633844,2.45045280457,0.00000000000,-9740606.00000000000,0.26945513487,0.06925438344,0.16419650614,-7.25698423386,6277861.28000000000,4.00000000000,28.56999969482,TRUE,39.27999877930,21.81999969482,3.55548715591,4.05610752106,-1.87225568295,1.68440163136,3.00000000000
576,ZHCO.KL,Zhulian Corp Bhd,Malaysia,"Textiles, Apparel & Luxury Goods",2024,1.19450700283,35.18999862671,8.01777935028,0.00065722101,0.07055392861,0.88271886110,3.27749347687,0.00000000000,1097522.50000000000,0.33370143175,0.06750779599,0.16998879611,-0.02861457877,5279729.73000000000,4.00000000000,28.56999969482,TRUE,37.90000152588,20.95999908447,5.11415529251,4.07435035706,0.78250986338,1.00000000000,3.00000000000
577,AEV.PS,Aboitiz Equity Ventures Inc,Philippines,Industrial Conglomerates,2022,0.20423081517,34.46285629272,10.16167068481,0.46660453081,0.16463421285,0.24063880742,0.30860793591,0.00000000000,-826437504.00000000000,0.15287297964,0.05846108496,0.27838155627,25.47031974792,722270468.80000000000,12.00000000000,22.22222137451,TRUE,42.99145126343,22.09171485901,7.58098220825,3.54999208450,5.48864841461,2.81238389015,3.00000000000
577,AEV.PS,Aboitiz Equity Ventures Inc,Philippines,Industrial Conglomerates,2023,0.19994437695,48.08672332764,10.17768478394,0.45101025701,0.13661657274,0.20273546875,0.29228112102,0.00000000000,194398096.00000000000,0.14164309204,0.05591908842,0.27571478486,1.77598452568,774918881.30000000000,12.00000000000,22.22222137451,TRUE,75.47008514404,26.26961326599,5.51894950867,3.58025002480,4.60143327713,2.20774650574,3.00000000000
577,AEV.PS,Aboitiz Equity Ventures Inc,Philippines,Industrial Conglomerates,2024,0.18895572424,42.24277496338,10.18719577789,0.45246896148,0.14842343330,0.21730361879,0.16134595871,0.00000000000,-525178848.00000000000,0.09379176795,0.05160785466,0.26957088709,-7.02129173279,652548780.90000000000,10.00000000000,22.22222137451,TRUE,55.72649383545,21.21525955200,5.69201612473,3.60040998459,2.91419196129,2.37853574753,3.00000000000
578,ALI.PS,Ayala Land Inc,Philippines,Real Estate Management & Development,2022,0.49912080169,84.47868347168,10.14628124237,0.32673627138,0.25976112485,0.38619956374,0.05083163455,0.00204027002,-37472752.00000000000,0.01820559055,0.23131844401,0.06230026111,9.48160266876,404603071.70000000000,6.00000000000,22.22222137451,TRUE,81.76624298096,78.53596496582,7.58098220825,3.54999208450,5.48864841461,3.88789725304,3.00000000000
578,ALI.PS,Ayala Land Inc,Philippines,Real Estate Management & Development,2023,0.47664654255,82.60074615479,10.18427944183,0.32691502571,0.27659830451,0.40884870291,0.04549635947,0.00757368095,93540136.00000000000,0.02297231369,0.24723421037,0.06268335134,18.84639358521,523643713.40000000000,8.00000000000,33.33333206177,TRUE,77.94871520996,79.70579528809,5.51894950867,3.58025002480,4.60143327713,3.87140536308,3.00000000000
578,ALI.PS,Ayala Land Inc,Philippines,Real Estate Management & Development,2024,0.47024133801,80.30782318115,10.19920349121,0.32754540443,0.27115276456,0.40222692490,0.04188437015,0.01205278654,76478856.00000000000,0.02504275739,0.24659466743,0.05423942953,15.71179866791,589507421.30000000000,8.00000000000,22.22222137451,TRUE,74.44444274902,73.84165954590,5.69201612473,3.60040998459,2.91419196129,3.48081326485,3.00000000000
580,BLOOM.PS,Bloomberry Resorts Corp,Philippines,"Hotels, Restaurants & Leisure",2022,0.28682941198,41.91608047485,9.40398502350,0.64740300179,0.14717033505,0.19256535172,1.47599649429,0.01365062874,228702384.00000000000,0.25893765688,0.00247670803,0.65484589338,61.78172683716,92368970.36000000000,12.00000000000,0.00000000000,TRUE,22.99145317078,38.52462387085,7.58098220825,3.54999208450,5.48864841461,1.29998588562,3.00000000000
580,BLOOM.PS,Bloomberry Resorts Corp,Philippines,"Hotels, Restaurants & Leisure",2023,0.23314967752,40.09972381592,9.46116542816,0.59237003326,0.14829370379,0.21246518195,1.23267185688,0.02679731511,35094664.00000000000,0.23908981681,0.00213091401,0.68724650145,24.04314613342,171904209.90000000000,11.00000000000,0.00000000000,TRUE,18.37606811523,35.97234725952,5.51894950867,3.58025002480,4.60143327713,1.34461402893,3.00000000000
580,BLOOM.PS,Bloomberry Resorts Corp,Philippines,"Hotels, Restaurants & Leisure",2024,0.19959871471,47.03005218506,9.53637504578,0.55190736055,0.09308083355,0.13498860598,1.48796784878,0.00134623097,-114603896.00000000000,0.16628929973,0.00313514611,0.77840030193,5.05937337875,44471067.91000000000,12.00000000000,0.00000000000,TRUE,18.88888931274,44.30689620972,5.69201612473,3.60040998459,2.91419196129,1.45997369289,3.00000000000
582,EMI.PS,Emperador Inc,Philippines,Beverages,2022,1.81491708755,53.25862503052,9.40424728394,0.17275951803,0.20076358318,0.52676481009,0.09533123672,0.07106715441,61152052.00000000000,0.09276261926,0.32807207108,0.20717929304,2.77846527100,183433145.90000000000,15.00000000000,14.28571414948,TRUE,70.77050781250,33.51969909668,7.58098220825,3.54999208450,5.48864841461,2.08656334877,3.00000000000
582,EMI.PS,Emperador Inc,Philippines,Beverages,2023,1.67468202114,51.29267120361,9.42892265320,0.17872802913,0.15702177584,0.42622724175,0.18356226385,0.04187258333,-40171024.00000000000,0.07735911012,0.34454527497,0.23005814850,5.11559057236,161476803.60000000000,0.00000000000,14.28571414948,TRUE,60.08546829224,41.69984817505,5.51894950867,3.58025002480,4.60143327713,1.83265149593,3.00000000000
582,EMI.PS,Emperador Inc,Philippines,Beverages,2024,1.64291787148,56.22612762451,9.43883800507,0.21632613242,0.12652471662,0.33566734195,0.18900170922,0.03713690490,-13326281.00000000000,0.06594575197,0.31816464663,0.25642338395,-10.43713378906,111671368.20000000000,0.00000000000,0.00000000000,TRUE,61.45299148560,60.58246612549,5.69201612473,3.60040998459,2.91419196129,2.31837415695,3.00000000000
583,GLO.PS,Globe Telecom Inc,Philippines,Wireless Telecommunication Services,2022,0.41879844666,58.56925582886,9.99920177460,0.51727181673,0.27617788315,0.38034877181,0.08275289088,0.00959917530,-111467760.00000000000,0.03602876514,0.00698549487,0.57408696413,-4.42428302765,621592401.70000000000,7.00000000000,9.09090900421,TRUE,62.01280212402,56.35486221313,7.58098220825,3.54999208450,5.48864841461,3.70554995537,3.00000000000
583,GLO.PS,Globe Telecom Inc,Philippines,Wireless Telecommunication Services,2023,0.36783078313,62.64049911499,10.04307174683,0.55373519659,0.23433262110,0.31725841761,0.06016848609,0.01311493386,-25072362.00000000000,0.03010707721,0.00553999981,0.66044610739,3.45120453835,443742507.40000000000,7.00000000000,9.09090900421,TRUE,80.59828948975,55.95511245728,5.51894950867,3.58025002480,4.60143327713,3.59574341774,3.00000000000
583,GLO.PS,Globe Telecom Inc,Philippines,Wireless Telecommunication Services,2024,0.36879578233,61.20501327515,10.03784370422,0.57693648338,0.19498859346,0.26519653201,0.05383342132,0.02320328914,81076208.00000000000,0.03329690173,0.00467904797,0.69847589731,-4.40523767471,418172205.40000000000,7.00000000000,18.18181800842,TRUE,74.44444274902,54.00064849854,5.69201612473,3.60040998459,2.91419196129,3.24409937859,3.00000000000
585,ICT.PS,International Container Terminal Services Inc,Philippines,Transportation Infrastructure,2022,2.48566722870,58.19338989258,9.84841251373,0.64916771650,0.17945818603,0.22503483295,0.24887691438,0.07427447289,181346144.00000000000,0.13387776911,0.00749519607,0.33734869957,20.26633834839,677466830.00000000000,0.00000000000,0.00000000000,0,63.16239166260,52.47653961182,7.58098220825,3.54999208450,5.48864841461,2.36426544189,3.00000000000
585,ICT.PS,International Container Terminal Services Inc,Philippines,Transportation Infrastructure,2023,2.21926760674,58.80218124390,9.86003017426,0.62691432238,0.09877586365,0.12661047280,0.58986562490,0.04057857394,-122835632.00000000000,0.12358808517,0.00770510221,0.38124418259,6.47949409485,581126360.00000000000,0.00000000000,0.00000000000,0,61.28205108643,46.17699432373,5.51894950867,3.58025002480,4.60143327713,1.54091775417,3.00000000000
585,ICT.PS,International Container Terminal Services Inc,Philippines,Transportation Infrastructure,2024,2.24940061569,53.65158462524,9.88362503052,0.64332687855,0.15282575786,0.19228284061,0.44090279937,0.07760787010,392969184.00000000000,0.17255589366,0.00777382497,0.36953085661,14.70476531982,935777620.00000000000,0.00000000000,0.00000000000,0,51.02564239502,39.71774291992,5.69201612473,3.60040998459,2.91419196129,3.86887526512,3.00000000000
587,LTG.PS,LT Group Inc,Philippines,Industrial Conglomerates,2022,0.11707729846,24.15813827515,10.35753822327,0.06796111166,0.71007084846,0.84211754799,0.17793489993,0.00000000000,-725583808.00000000000,0.24471411109,0.01363690384,0.05597701669,1.33660280704,550835387.10000000000,18.00000000000,54.54545593262,TRUE,10.68376064301,30.58765411377,7.58098220825,3.54999208450,5.48864841461,2.53192901611,3.00000000000
587,LTG.PS,LT Group Inc,Philippines,Industrial Conglomerates,2023,0.11187779158,36.55267715454,10.37958526611,0.05571329221,0.74830210209,0.89093995094,0.17527191341,0.00000000000,343848096.00000000000,0.30793440342,0.01220164262,0.05231017247,14.88426303864,614138080.50000000000,19.00000000000,54.54545593262,TRUE,14.61538505554,30.50571823120,5.51894950867,3.58025002480,4.60143327713,2.04413747787,3.00000000000
587,LTG.PS,LT Group Inc,Philippines,Industrial Conglomerates,2024,0.11233693361,43.41952133179,10.37409400940,0.03598683700,0.72707575560,0.87404060364,0.12019478530,0.00000000000,-347943904.00000000000,0.27721080184,0.01149845496,0.05020259693,6.67614364624,663057579.70000000000,19.00000000000,54.54545593262,TRUE,12.22222232819,36.54908370972,5.69201612473,3.60040998459,2.91419196129,0.00000000000,3.00000000000
588,MWC.PS,Manila Water Company Inc,Philippines,Water Utilities,2022,0.54504877329,75.66301727295,9.54397678375,0.43817850947,0.12363486737,0.19652444124,0.03364159167,0.04107558355,-81296432.00000000000,0.04947391152,0.00231338898,0.03896249458,1.71575510502,110432291.90000000000,14.00000000000,9.09090900421,TRUE,81.11111450195,72.76987457275,7.58098220825,3.54999208450,5.48864841461,3.08429813385,3.00000000000
588,MWC.PS,Manila Water Company Inc,Philippines,Water Utilities,2023,0.50715768337,64.76811218262,9.57815647125,0.47554039955,0.17942863703,0.26725289226,0.02950042859,0.04598660767,35039988.00000000000,0.05547868833,0.00181515503,0.04500614479,35.38420104980,106002886.20000000000,20.00000000000,16.66666603088,TRUE,62.99145126343,59.12518692017,5.51894950867,3.58025002480,4.60143327713,2.59910225868,3.00000000000
588,MWC.PS,Manila Water Company Inc,Philippines,Water Utilities,2024,0.49442166090,65.38096618652,9.59383106232,0.46868440509,0.13098135591,0.19551794231,0.06839140505,0.02366735041,-57097540.00000000000,0.03382432088,0.00196817890,0.04393876344,13.80992889404,188914725.20000000000,11.00000000000,22.22222137451,TRUE,74.01709747314,50.90497589111,5.69201612473,3.60040998459,2.91419196129,3.35652208328,3.00000000000
589,RLC.PS,Robinsons Land Corp,Philippines,Real Estate Management & Development,2022,0.31712785363,32.61507415771,9.60353183746,0.24015942216,0.19403204322,0.46079725027,0.14420957863,0.00000000000,-186308144.00000000000,0.03326210380,0.14550733566,0.07662779838,14.06229209900,199960256.00000000000,0.00000000000,11.11111068726,TRUE,14.10256385803,24.14166259766,7.58098220825,3.54999208450,5.48864841461,1.37900364399,3.00000000000
589,RLC.PS,Robinsons Land Corp,Philippines,Real Estate Management & Development,2023,0.27899089456,32.33267974854,9.62892532349,0.23977562785,0.14511927962,0.34142339230,0.11461525410,0.00000000000,-46104136.00000000000,0.02575020678,0.15140487254,0.07836177945,-7.18828153610,241429981.60000000000,0.00000000000,11.11111068726,TRUE,8.11965847015,35.18873977661,5.51894950867,3.58025002480,4.60143327713,2.02127337456,3.00000000000
589,RLC.PS,Robinsons Land Corp,Philippines,Real Estate Management & Development,2024,0.27568399906,31.64274978638,9.65402603149,0.21671491861,0.17578092217,0.43432673812,0.08671761304,0.00000000000,82837952.00000000000,0.04263090342,0.15488958359,0.08400874585,-2.66836500168,264148343.00000000000,6.00000000000,11.11111068726,TRUE,14.95726490021,31.37667274475,5.69201612473,3.60040998459,2.91419196129,2.67620015144,3.00000000000
590,RRHI.PS,Robinsons Retail Holdings Inc,Philippines,Consumer Staples Distribution & Retail,2022,0.28457272053,37.85719299316,9.40521526337,0.24329537153,0.28332129121,0.58030378819,0.00000000000,0.12553855777,28684636.00000000000,0.12123112381,0.19409713149,0.31656685472,6.82251977921,115610702.90000000000,9.00000000000,11.11111068726,TRUE,22.07207298279,33.38659286499,7.58098220825,3.54999208450,5.48864841461,2.17399215698,3.00000000000
590,RRHI.PS,Robinsons Retail Holdings Inc,Philippines,Consumer Staples Distribution & Retail,2023,0.24440772831,50.18984222412,9.44698047638,0.29294866323,0.25333696604,0.49249550700,0.00000000000,0.08497131616,-82950928.00000000000,0.09354856610,0.19138130546,0.27935227752,7.98729896545,83938305.77000000000,11.00000000000,11.11111068726,TRUE,43.24786376953,41.10966491699,5.51894950867,3.58025002480,4.60143327713,3.10436391830,3.00000000000
590,RRHI.PS,Robinsons Retail Holdings Inc,Philippines,Consumer Staples Distribution & Retail,2024,0.24203626812,53.10376358032,9.46632766724,0.27258443832,0.27358999848,0.57115411758,0.00000000000,0.07730102539,-604453.62500000000,0.08082252741,0.18636164069,0.26027089357,-1.13323366642,187990227.50000000000,10.00000000000,11.11111068726,TRUE,52.13675308228,44.13339996338,5.69201612473,3.60040998459,2.91419196129,2.34840106964,3.00000000000
591,SM.PS,SM Investments Corp,Philippines,Industrial Conglomerates,2022,0.63469785452,67.12593841553,10.42519283295,0.36514171958,0.19773818552,0.29748877883,0.09175854176,0.00000000000,309115104.00000000000,0.07788536698,0.07177889347,0.06209648401,17.31380271912,1515095617.00000000000,8.00000000000,25.00000000000,TRUE,87.94871520996,48.89009094238,7.58098220825,3.54999208450,5.48864841461,2.26038551331,3.00000000000
591,SM.PS,SM Investments Corp,Philippines,Industrial Conglomerates,2023,0.58007556200,65.74900817871,10.45694732666,0.33855462074,0.20852233469,0.32124859095,0.06929067522,0.00000000000,-50832564.00000000000,0.07128149271,0.07514683902,0.06392060220,11.84935951233,1917113147.00000000000,9.00000000000,25.00000000000,TRUE,92.22222137451,48.43803787231,5.51894950867,3.58025002480,4.60143327713,1.97563552856,3.00000000000
591,SM.PS,SM Investments Corp,Philippines,Industrial Conglomerates,2024,0.56075578928,65.33466339111,10.46621036530,0.31603640318,0.20197613537,0.32019463181,0.08902437985,0.00000000000,151224064.00000000000,0.06826821715,0.07156659663,0.06270677596,1.33375573158,1974187375.00000000000,8.00000000000,33.33333206177,TRUE,90.00000000000,54.63990020752,5.69201612473,3.60040998459,2.91419196129,1.60066020489,3.00000000000
592,TEL.PS,PLDT Inc,Philippines,Wireless Telecommunication Services,2022,0.43835869431,49.20417022705,10.04967594147,0.46785128117,0.39573380351,0.47921076417,0.06693468243,0.01390344184,23423748.00000000000,0.03772955388,0.00571646495,0.51526367664,-2.60376095772,203610562.20000000000,12.00000000000,28.57142829895,TRUE,63.72925567627,33.74414443970,7.58098220825,3.54999208450,5.48864841461,1.87092387676,3.00000000000
592,TEL.PS,PLDT Inc,Philippines,Wireless Telecommunication Services,2023,0.42262685299,59.82068252563,10.04157161713,0.49603703618,0.32266917825,0.38999128342,0.05081022903,0.01014570519,-163103920.00000000000,0.02751689591,0.00547973113,0.52470880747,3.75071525574,485032859.10000000000,15.00000000000,23.07692337036,TRUE,73.24786376953,35.19034576416,5.51894950867,3.58025002480,4.60143327713,1.46381509304,3.00000000000
592,TEL.PS,PLDT Inc,Philippines,Wireless Telecommunication Services,2024,0.42946544290,54.48053741455,10.03068256378,0.53848463297,0.30237376690,0.37109339237,0.04535131902,0.00234888308,-106171224.00000000000,0.01721641980,0.00530424016,0.57306969166,-1.97007739544,560558578.40000000000,0.00000000000,30.76922988892,TRUE,64.52991485596,36.69580459595,5.69201612473,3.60040998459,2.91419196129,3.39291214943,3.00000000000
594,WLCON.PS,Wilcon Depot Inc,Philippines,Specialty Retail,2022,0.96047294140,54.42848968506,8.80635261536,0.25174713135,0.21486984193,0.50719863176,0.23259302974,0.00000000000,4285035.50000000000,0.07171274722,0.37154158950,0.48584830761,11.75904464722,69127273.22000000000,22.00000000000,25.00000000000,TRUE,39.76055145264,44.87337493896,7.58098220825,3.54999208450,5.48864841461,0.00000000000,3.00000000000
594,WLCON.PS,Wilcon Depot Inc,Philippines,Specialty Retail,2023,0.89070367813,55.91352081299,8.85626125336,0.24851551652,0.22867639363,0.52670228481,0.12258551270,0.01885317639,1513352.87500000000,0.05259535462,0.39658913016,0.47667670250,3.60229802132,62887188.56000000000,23.00000000000,25.00000000000,TRUE,45.04273605347,46.03857040405,5.51894950867,3.58025002480,4.60143327713,0.00000000000,3.00000000000
594,WLCON.PS,Wilcon Depot Inc,Philippines,Specialty Retail,2024,0.92639237642,55.17569732666,8.82780265808,0.24482715130,0.16345956922,0.41941893101,0.14571250975,0.00383965392,-13511288.00000000000,0.05227500573,0.36473578215,0.50708299875,-5.81886529922,43536598.25000000000,12.00000000000,25.00000000000,TRUE,56.32478713989,37.68613815308,5.69201612473,3.60040998459,2.91419196129,0.00000000000,3.00000000000
597,AFEJ.J,AECI Ltd,South Africa,Chemicals,2022,0.39275497198,60.98651123047,9.22315406799,0.26542600989,0.50496023893,0.85516828299,0.14344432950,0.00000000000,2469949.00000000000,0.10195084661,0.23851403594,0.23316681385,28.44849014282,56220742.87000000000,10.00000000000,36.36363601685,TRUE,90.89636230469,40.03526306152,1.91147994995,3.81447482109,4.99247121811,2.02026963234,3.00000000000
597,AFEJ.J,AECI Ltd,South Africa,Chemicals,2023,0.42532920837,62.93597412109,9.18422889709,0.22836589813,0.32374203205,0.57647210360,0.21667034924,0.00000000000,-1750336.37500000000,0.08428745717,0.21923986077,0.26676687598,-8.66482734680,60550699.59000000000,14.00000000000,41.66666793823,TRUE,85.56497192383,46.56243515015,0.69848519564,3.77977991104,4.80427122116,1.80928218365,3.00000000000
597,AFEJ.J,AECI Ltd,South Africa,Chemicals,2024,0.44279339910,56.22073364258,9.15989780426,0.22539554536,0.33563378453,0.59625667334,0.26129278541,0.00000000000,27373134.00000000000,0.10614102334,0.18784186244,0.24275907874,-6.74568319321,16179856.34000000000,11.00000000000,44.44444274902,TRUE,80.31609344482,40.55680465698,0.57985371351,3.79611420631,3.84329843521,1.88154268265,3.00000000000
598,AIPJ.J,Adcock Ingram Holdings Ltd,South Africa,Pharmaceuticals,2022,1.36115837097,65.74629974365,8.68558979034,0.04281075671,0.27713170648,0.82682126760,0.00000000000,0.04379235581,18267514.00000000000,0.04302696884,0.27494391799,0.22094133496,-1.84428799152,49209009.34000000000,4.00000000000,63.63636398315,TRUE,69.18079376221,40.08425140381,1.91147994995,3.81447482109,4.99247121811,2.32050132751,3.00000000000
598,AIPJ.J,Adcock Ingram Holdings Ltd,South Africa,Pharmaceuticals,2023,1.50284492970,57.22891998291,8.64234828949,0.03933926299,0.29460805655,0.84680038691,0.00000000000,0.01107892580,-14000945.00000000000,0.01002896205,0.29647213221,0.20686909556,-9.33800125122,47718351.46000000000,4.00000000000,72.72727203369,TRUE,42.78735733032,43.94664382935,0.69848519564,3.77977991104,4.80427122116,2.12830138206,3.00000000000
598,AIPJ.J,Adcock Ingram Holdings Ltd,South Africa,Pharmaceuticals,2024,1.42783558369,49.03664398193,8.66222667694,0.03357796744,0.30285859108,0.86005908251,0.00000000000,0.01070236415,413417.65625000000,0.01120362338,0.30413365364,0.19617629051,9.32279777527,44762661.53000000000,4.00000000000,72.72727203369,TRUE,26.86609649658,40.00368118286,0.57985371351,3.79611420631,3.84329843521,1.40739369392,3.00000000000
600,ATTJ.J,Attacq Ltd,South Africa,Diversified REITs,2022,0.47441244125,64.82218170166,9.12354087830,0.39499479532,0.05352330208,0.12450163811,0.00000000000,0.03315969929,-23094518.00000000000,0.02866965719,0.00225808611,0.00055252202,-7.50040245056,72490167.16000000000,4.00000000000,33.33333206177,TRUE,81.21469116211,50.65553665161,1.91147994995,3.81447482109,4.99247121811,1.72365140915,3.00000000000
600,ATTJ.J,Attacq Ltd,South Africa,Diversified REITs,2023,0.53043109179,59.20159912109,9.06448459625,0.39506560564,0.05853007361,0.13603584468,0.00000000000,0.02777187154,306698.59375000000,0.02424092777,0.00307016494,0.00040238301,-16.48758506775,27636126.06000000000,4.00000000000,36.36363601685,TRUE,74.91379547119,42.64824676514,0.69848519564,3.77977991104,4.80427122116,1.57555508614,3.00000000000
600,ATTJ.J,Attacq Ltd,South Africa,Diversified REITs,2024,0.48819366097,58.32553863525,9.09992408752,0.27642399073,0.03016483411,0.07597281784,0.00000000000,0.02116408385,-6116139.50000000000,0.02296349965,0.00186351500,0.00038602800,10.68147087097,67148913.94000000000,4.00000000000,36.36363601685,TRUE,68.46154022217,42.73629379272,0.57985371351,3.79611420631,3.84329843521,1.72754740715,3.00000000000
601,AVIJ.J,Avi Ltd,South Africa,Food Products,2022,3.18703389168,56.43872451782,8.75911521912,0.19988228381,0.37160897255,0.76305264235,0.00000000000,0.02048263699,-165929.20312500000,0.01897100173,0.30185669661,0.37775161862,-8.51126575470,107620452.30000000000,4.00000000000,22.22222137451,TRUE,65.16949462891,43.10758972168,1.91147994995,3.81447482109,4.99247121811,1.89685332775,3.00000000000
601,AVIJ.J,Avi Ltd,South Africa,Food Products,2023,3.33801150322,55.25725555420,8.73391151428,0.22002980113,0.39010763168,0.78267025948,0.00000000000,0.04851104692,16121065.00000000000,0.04577594623,0.29922169447,0.35948556662,-6.86117172241,97570951.28000000000,4.00000000000,11.11111068726,TRUE,71.63793182373,39.32230377197,0.69848519564,3.77977991104,4.80427122116,2.23242282867,3.00000000000
601,AVIJ.J,Avi Ltd,South Africa,Food Products,2024,3.17285370827,58.66394424438,8.75353240967,0.17188666761,0.32736161351,0.74588930607,0.00000000000,0.03422990069,-7808633.50000000000,0.03581183031,0.29632288218,0.36035966873,10.06789207459,124151773.40000000000,4.00000000000,37.50000000000,TRUE,58.88888931274,50.07569503784,0.57985371351,3.79611420631,3.84329843521,1.82300877571,3.00000000000
605,BRTJ.J,Brimstone Investment Corporation Ltd,South Africa,Food Products,2022,0.10023169965,14.93005752563,8.83597278595,0.41671651602,0.12737976015,0.17818903923,0.25266823173,0.00000000000,-28686576.00000000000,0.03798875213,0.09913047403,0.23172284663,15.59460735321,19083825.36000000000,4.00000000000,25.00000000000,TRUE,45.57423019409,0.00000000000,1.91147994995,3.81447482109,4.99247121811,2.59723305702,3.00000000000
605,BRTJ.J,Brimstone Investment Corporation Ltd,South Africa,Food Products,2023,0.10521706194,13.36775112152,8.82631015778,0.41928607225,0.12311752886,0.17387402058,0.27956208587,0.00000000000,2554178.50000000000,0.03366601467,0.09853746742,0.22290094197,-2.25691199303,23075669.23000000000,4.00000000000,23.07692337036,TRUE,43.64406967163,0.00000000000,0.69848519564,3.77977991104,4.80427122116,2.31259155273,3.00000000000
605,BRTJ.J,Brimstone Investment Corporation Ltd,South Africa,Food Products,2024,0.25169712305,13.99483680725,8.44751739502,0.32794880867,0.04393245652,0.11352940649,0.54902940989,0.00000000000,-15618230.00000000000,0.01008298155,0.01364778820,0.00454023900,-66.91505432129,-10013580.47000000000,4.00000000000,16.66666603088,TRUE,45.71839141846,2.29458045959,0.57985371351,3.79611420631,3.84329843521,1.35723352432,3.00000000000
606,BTNJ.J,Burstone Group Ltd,South Africa,Diversified REITs,2022,0.26655581594,45.56096649170,9.15461921692,0.45153126121,0.09179683030,0.18836680055,0.12992547452,0.00000000000,3766472.00000000000,0.01358541474,0.00000000000,0.00000000000,-16.29019355774,10964156.96000000000,6.00000000000,23.07692337036,TRUE,17.45098114014,85.00979614258,1.91147994995,3.81447482109,4.99247121811,2.36507558823,3.00000000000
606,BTNJ.J,Burstone Group Ltd,South Africa,Diversified REITs,2023,0.27855816483,47.17367553711,9.13547515869,0.47032260895,0.12676544487,0.24436423182,0.00000000000,0.01096843369,-1016521.00000000000,0.01224753167,0.00000000000,0.00045473399,6.16248273849,12284820.36000000000,5.00000000000,36.36363601685,TRUE,28.89830589294,78.75845336914,0.69848519564,3.77977991104,4.80427122116,2.73157215118,3.00000000000
606,BTNJ.J,Burstone Group Ltd,South Africa,Diversified REITs,2024,0.37636223435,42.94871139526,9.00634574890,0.41161844134,0.13320881128,0.27220103145,0.00000000000,0.04126369208,26381288.00000000000,0.03065061755,0.00000000000,0.00012513000,1.21645522118,-121502633.40000000000,10.00000000000,30.00000000000,TRUE,31.17816162109,67.10842895508,0.57985371351,3.79611420631,3.84329843521,2.79828166962,3.00000000000
607,BVTJ.J,Bidvest Group Ltd,South Africa,Industrial Conglomerates,2022,0.79807859659,41.49988174438,9.77090358734,0.39023017883,0.34941321611,0.49592828751,0.00000000000,0.11999500543,286292960.00000000000,0.11692439765,0.11847864091,0.20213894546,-0.78705680370,334765671.10000000000,0.00000000000,75.00000000000,0,53.36158370972,32.15966796875,1.91147994995,3.81447482109,4.99247121811,2.16346287727,3.00000000000
607,BVTJ.J,Bidvest Group Ltd,South Africa,Industrial Conglomerates,2023,0.79140424728,37.68284225464,9.75667762756,0.38074854016,0.35836982727,0.51703834534,0.00000000000,0.08607228100,-154881568.00000000000,0.08329861611,0.13126018643,0.19454210997,-0.60886287689,338155877.70000000000,0.00000000000,70.00000000000,TRUE,50.48850631714,27.08195114136,0.69848519564,3.77977991104,4.80427122116,1.49413561821,3.00000000000
607,BVTJ.J,Bidvest Group Ltd,South Africa,Industrial Conglomerates,2024,0.74207139015,46.39064025879,9.79175376892,0.39733964205,0.34831702709,0.50757646561,0.00000000000,0.08080060035,13122903.00000000000,0.08759724349,0.13229869306,0.19576479495,10.46767234802,372373494.60000000000,0.00000000000,63.63636398315,TRUE,45.44159698486,39.71407699585,0.57985371351,3.79611420631,3.84329843521,1.78969180584,3.00000000000
608,CLHJ.J,City Lodge Hotels Ltd,South Africa,"Hotels, Restaurants & Leisure",2022,0.64712381363,35.51354980469,8.30472660065,0.62172734737,0.16670851409,0.23718616366,0.00000000000,0.00205379305,623770.87500000000,0.00176253705,0.00153646001,0.79755258560,90.60682678223,5022738.44600000000,5.00000000000,33.33333206177,TRUE,19.24369812012,22.71139144897,1.91147994995,3.81447482109,4.99247121811,2.83284664154,3.00000000000
608,CLHJ.J,City Lodge Hotels Ltd,South Africa,"Hotels, Restaurants & Leisure",2023,0.77170324326,45.37677001953,8.23327255249,0.54405003786,0.10343368351,0.15841092169,0.00000000000,0.10192779452,20593106.00000000000,0.08646466583,0.00225899089,0.83774870634,34.25689697266,8697885.40500000000,4.00000000000,41.66666793823,TRUE,42.34463119507,32.27735519409,0.69848519564,3.77977991104,4.80427122116,2.17334961891,3.00000000000
608,CLHJ.J,City Lodge Hotels Ltd,South Africa,"Hotels, Restaurants & Leisure",2024,0.79374653101,53.16580581665,8.21213245392,0.47810867429,0.12967503071,0.21468631923,0.00000000000,0.02271290123,-14354083.00000000000,0.02163376845,0.00241414807,0.90425866842,16.55597305298,10374869.40000000000,5.00000000000,41.66666793823,TRUE,68.18965148926,29.07471847534,0.57985371351,3.79611420631,3.84329843521,1.73590075970,3.00000000000
610,CSBJ.J,Cashbuild Ltd,South Africa,Specialty Retail,2022,0.48041689396,52.18721008301,8.62331008911,0.24583914876,0.42601341009,0.65750515461,0.68569922447,0.00000000000,-38467056.00000000000,0.23666559160,0.22908140719,0.36810755730,-20.92631149292,30315589.59000000000,4.00000000000,12.50000000000,TRUE,64.48179626465,18.68341255188,1.91147994995,3.81447482109,4.99247121811,2.15881061554,3.00000000000
610,CSBJ.J,Cashbuild Ltd,South Africa,Specialty Retail,2023,0.59928905964,55.47243881226,8.52575302124,0.25812509656,0.46420204639,0.67024284601,0.54334247112,0.00000000000,-19068132.00000000000,0.20147591829,0.27076381445,0.37997618318,-19.21947860718,6146233.95900000000,5.00000000000,20.00000000000,TRUE,65.87570953369,23.06866264343,0.69848519564,3.77977991104,4.80427122116,1.40739369392,3.00000000000
610,CSBJ.J,Cashbuild Ltd,South Africa,Specialty Retail,2024,0.65854436159,60.61162185669,8.48803043365,0.27381968498,0.44695922732,0.66190016270,0.39945855737,0.00000000000,-32078912.00000000000,0.16368812323,0.31949424744,0.40645924211,7.99898529053,4815782.23800000000,4.00000000000,20.00000000000,TRUE,82.01149749756,21.75154304504,0.57985371351,3.79611420631,3.84329843521,1.37430274487,3.00000000000
612,EMIJ.J,Emira Property Fund Ltd,South Africa,Diversified REITs,2022,0.39630264044,61.23153686523,8.96073627472,0.42856961489,0.18079741299,0.36430108547,0.00000000000,0.00769823417,3277166.25000000000,0.00813253317,0.05057286471,0.00478787115,-18.59643173218,47024965.83000000000,7.00000000000,25.00000000000,TRUE,71.32768249512,70.66613006592,1.91147994995,3.81447482109,4.99247121811,1.86356961727,3.00000000000
612,EMIJ.J,Emira Property Fund Ltd,South Africa,Diversified REITs,2023,0.43244928122,61.50158309937,8.91629028320,0.41604191065,0.16181398928,0.34806585312,0.00000000000,0.01158388145,2944443.75000000000,0.01045702491,0.15491043031,0.00495800190,37.28168106079,27738750.83000000000,4.00000000000,27.27272796631,TRUE,76.75287628174,69.49366760254,0.69848519564,3.77977991104,4.80427122116,1.70701313019,3.00000000000
612,EMIJ.J,Emira Property Fund Ltd,South Africa,Diversified REITs,2024,0.38602977991,52.41393280029,8.96631431580,0.37095227838,0.08184089512,0.19806230068,0.00000000000,0.02407658286,12403951.00000000000,0.02701589651,0.03709632158,0.00435815705,-7.65064239502,129687267.80000000000,6.00000000000,22.22222137451,TRUE,62.36467361450,61.38643646240,0.57985371351,3.79611420631,3.84329843521,1.50002384186,3.00000000000
615,FBRJ.J,Famous Brands Ltd,South Africa,"Hotels, Restaurants & Leisure",2022,1.78047013283,51.38113021851,8.27203083038,0.45357793570,0.30774724483,0.40805932879,0.00000000000,0.09058000892,-5488018.00000000000,0.08795351535,0.15475019813,0.26339265704,-3.77302145958,30261489.91000000000,6.00000000000,30.00000000000,TRUE,44.60451889038,59.62077713013,1.91147994995,3.81447482109,4.99247121811,2.07547545433,3.00000000000
615,FBRJ.J,Famous Brands Ltd,South Africa,"Hotels, Restaurants & Leisure",2023,1.78347373009,43.32910537720,8.26710796356,0.42873933911,0.29957556725,0.40921652317,0.00000000000,0.09929330647,6248692.00000000000,0.09817418456,0.16126358509,0.26008990407,2.97786879539,25184967.28000000000,5.00000000000,27.27272796631,TRUE,27.15517234802,55.22781753540,0.69848519564,3.77977991104,4.80427122116,1.85295844078,3.00000000000
615,FBRJ.J,Famous Brands Ltd,South Africa,"Hotels, Restaurants & Leisure",2024,1.66826689243,50.83706283569,8.29022979736,0.39511948824,0.30910271406,0.45657593012,0.00000000000,0.12128255516,4753523.00000000000,0.12791468203,0.15273706615,0.26448264718,6.26480579376,31332054.09000000000,5.00000000000,36.36363601685,TRUE,35.69800567627,68.70303344727,0.57985371351,3.79611420631,3.84329843521,1.90846025944,3.00000000000
616,FFBJ.J,Fortress Real Estate Investments Ltd,South Africa,Real Estate Management & Development,2022,0.52507609129,47.07947540283,9.46606445313,0.40171334147,0.14208601415,0.32432693243,0.00000000000,0.01457486954,9254425.00000000000,0.01332926936,0.00000000000,0.00054168201,-6.54168844223,49274643.56000000000,9.00000000000,25.00000000000,TRUE,47.65536880493,55.07561492920,1.91147994995,3.81447482109,4.99247121811,2.21262168884,3.00000000000
616,FFBJ.J,Fortress Real Estate Investments Ltd,South Africa,Real Estate Management & Development,2023,0.53236782551,48.79278182983,9.45953655243,0.35096141696,0.08003619313,0.20762929320,0.00000000000,0.00384328095,-25769800.00000000000,0.00378594990,0.00000000000,0.00046694401,-5.00384473801,312754125.90000000000,13.00000000000,25.00000000000,TRUE,52.78735733032,45.68934631348,0.69848519564,3.77977991104,4.80427122116,1.88306164742,3.00000000000
616,FFBJ.J,Fortress Real Estate Investments Ltd,South Africa,Real Estate Management & Development,2024,0.51997762918,49.46101379395,9.46937656403,0.40251180530,0.11185889691,0.25267067552,0.00000000000,0.04083588347,108879624.00000000000,0.04177167267,0.00000000000,0.00045571299,19.80327224731,239000824.90000000000,10.00000000000,18.18181800842,TRUE,50.31338882446,56.00368499756,0.57985371351,3.79611420631,3.84329843521,1.72168016434,3.00000000000
618,GNDJ.J,Grindrod Ltd,South Africa,Transportation Infrastructure,2022,0.79658317566,49.92663574219,8.91024494171,0.18186451495,0.23069109023,0.64501887560,0.00000000000,0.18840263784,39785760.00000000000,0.09742566198,0.00280754897,0.16760818660,61.92273330688,48811954.55000000000,8.00000000000,30.00000000000,TRUE,46.29943466187,65.17578887939,1.91147994995,3.81447482109,4.99247121811,1.73661375046,3.00000000000
618,GNDJ.J,Grindrod Ltd,South Africa,Transportation Infrastructure,2023,0.81579989195,55.42173767090,8.90149307251,0.17999245226,0.16099852324,0.50556933880,0.00000000000,0.17308759689,-19413582.00000000000,0.16963431239,0.00373605103,0.15473832190,-23.40069961548,57966382.60000000000,4.00000000000,37.50000000000,TRUE,79.97126770020,59.61754608154,0.69848519564,3.77977991104,4.80427122116,2.19624304771,3.00000000000
618,GNDJ.J,Grindrod Ltd,South Africa,Transportation Infrastructure,2024,0.82021778822,60.11573028564,8.89377784729,0.19840461016,0.15644460917,0.47714430094,0.00000000000,0.17039231956,-38676912.00000000000,0.16739197075,0.00710373092,0.17846789956,-0.39995276928,20659978.99000000000,7.00000000000,30.00000000000,TRUE,88.29059600830,49.48821258545,0.57985371351,3.79611420631,3.84329843521,2.33111619949,3.00000000000
619,GPLJ.J,Grand Parade Investments Ltd,South Africa,"Hotels, Restaurants & Leisure",2022,0.88369262218,7.22863769531,7.90875101089,0.10302091390,0.05734968558,0.42506378889,0.00000000000,0.14172464609,3667650.00000000000,0.06260778010,0.00023126400,0.00107291294,829.58416748047,-39515.73255000000,9.00000000000,25.00000000000,TRUE,6.27118635178,0.00000000000,1.91147994995,3.81447482109,4.99247121811,1.28300309181,3.00000000000
619,GPLJ.J,Grand Parade Investments Ltd,South Africa,"Hotels, Restaurants & Leisure",2023,1.07483792305,6.67196607590,7.78974771500,0.04309802502,0.02925838530,0.40231356025,0.00000000000,0.07045061886,-5586812.00000000000,0.05356506258,0.00000000000,0.00072921900,-89.07613372803,1072967.07300000000,8.00000000000,28.57142829895,TRUE,5.43103456497,0.00000000000,0.69848519564,3.77977991104,4.80427122116,0.00000000000,3.00000000000
619,GPLJ.J,Grand Parade Investments Ltd,South Africa,"Hotels, Restaurants & Leisure",2024,1.11207926273,5.61652612686,7.79531621933,0.00242183893,0.02792558819,0.91327649355,0.00000000000,0.13981911540,4232829.50000000000,0.14162342250,0.00000000000,0.00670696888,982.67681884766,4327852.62600000000,4.00000000000,28.57142829895,TRUE,3.21937322617,0.00000000000,0.57985371351,3.79611420631,3.84329843521,0.00000000000,3.00000000000
624,IOCJ.J,iOCO Ltd,South Africa,IT Services,2022,0.67850601673,62.06792831421,8.35316753387,0.41075250506,0.81188070774,0.81923717260,0.13489922881,0.00000000000,-1579551.50000000000,0.06859021634,0.02401807718,0.04924716055,-18.44855117798,-9630804.92100000000,11.00000000000,45.45454406738,TRUE,82.38095092773,40.70739364624,1.91147994995,3.81447482109,4.99247121811,1.94720518589,3.00000000000
624,IOCJ.J,iOCO Ltd,South Africa,IT Services,2023,0.77681779861,63.27277374268,8.28344917297,0.26573568583,0.81082487106,0.96938383579,0.08487731963,0.00000000000,-11589376.00000000000,0.07334782183,0.02150448225,0.04239819199,-3.72336339951,-4537377.31400000000,6.00000000000,45.45454406738,TRUE,86.58192443848,41.07869720459,0.69848519564,3.77977991104,4.80427122116,0.00000000000,3.00000000000
624,IOCJ.J,iOCO Ltd,South Africa,IT Services,2024,0.88186639547,47.60904312134,8.22941875458,0.33811798692,0.63632488251,0.74983876944,0.17680534720,0.00000000000,-2717006.75000000000,0.10377372801,0.02291768417,0.04982789978,-4.96515893936,-2981272.25600000000,15.00000000000,45.45454406738,TRUE,62.90229797363,39.62102127075,0.57985371351,3.79611420631,3.84329843521,0.00000000000,3.00000000000
625,IVTJ.J,Invicta Holdings Ltd,South Africa,Trading Companies & Distributors,2022,0.35012397170,10.56577014923,8.69346237183,0.19794915617,0.22012487054,0.54834836721,0.41399618983,0.00000000000,11324275.00000000000,0.08319274336,0.32944506407,0.14500053227,-11.22780418396,33027845.42000000000,6.00000000000,8.33333301544,TRUE,10.62146854401,9.57792186737,1.91147994995,3.81447482109,4.99247121811,1.40739369392,3.00000000000
625,IVTJ.J,Invicta Holdings Ltd,South Africa,Trading Companies & Distributors,2023,0.35370770097,10.55047130585,8.69216251373,0.18825894594,0.22444941103,0.57647091150,0.47774255276,0.00000000000,9213272.00000000000,0.10690862685,0.32381483912,0.14650939405,-7.49883270264,29180451.76000000000,4.00000000000,8.33333301544,TRUE,10.02873516083,8.39517593384,0.69848519564,3.77977991104,4.80427122116,1.50746965408,3.00000000000
625,IVTJ.J,Invicta Holdings Ltd,South Africa,Trading Companies & Distributors,2024,0.35284942389,10.19925975800,8.70155906677,0.19103884697,0.25654181838,0.61516392231,0.33863928914,0.00000000000,-6804930.50000000000,0.08877525479,0.32275962830,0.14073653519,9.64011478424,42935880.06000000000,4.00000000000,10.00000000000,TRUE,8.51851844788,8.78034973145,0.57985371351,3.79611420631,3.84329843521,1.22839808464,3.00000000000
626,KAPJ.J,Kap Ltd,South Africa,Industrial Conglomerates,2022,0.13873839378,53.05231094360,9.25845432281,0.31337061524,0.27066600323,0.44430845976,0.00000000000,0.05863412842,60594888.00000000000,0.05973446369,0.11560752243,0.54387390614,2.40658259392,108714355.90000000000,6.00000000000,27.27272796631,TRUE,72.23163604736,25.11439323425,1.91147994995,3.81447482109,4.99247121811,1.83305251598,3.00000000000
626,KAPJ.J,Kap Ltd,South Africa,Industrial Conglomerates,2023,0.15709581971,54.17077636719,9.19901371002,0.32062479854,0.27598252892,0.45073512197,0.00000000000,0.04880752414,-12695006.00000000000,0.04256434366,0.11645952612,0.57171648741,-8.47365760803,31870309.09000000000,4.00000000000,27.27272796631,TRUE,82.32758331299,30.49072456360,0.69848519564,3.77977991104,4.80427122116,2.70808315277,3.00000000000
626,KAPJ.J,Kap Ltd,South Africa,Industrial Conglomerates,2024,0.15439535677,51.17227554321,9.23301887512,0.31432890892,0.28259050846,0.47188958526,0.00000000000,0.04495465755,-3024470.75000000000,0.04861608893,0.12241944671,0.57653224468,1.54880845547,66208413.53000000000,6.00000000000,25.00000000000,TRUE,64.35897064209,31.08137893677,0.57985371351,3.79611420631,3.84329843521,2.41348719597,3.00000000000
627,LEWJ.J,Lewis Group Ltd,South Africa,Specialty Retail,2022,0.56176573038,32.67331314087,8.59794807434,0.18629969656,0.21735674143,0.65092456341,0.11950629950,0.00000000000,-23160464.00000000000,0.03827824444,0.12339072675,0.16838653386,-15.59800148010,23115470.49000000000,4.00000000000,42.85714340210,TRUE,37.48587417603,23.35057067871,1.91147994995,3.81447482109,4.99247121811,3.17243146896,3.00000000000
627,LEWJ.J,Lewis Group Ltd,South Africa,Specialty Retail,2023,0.56068241596,31.77293968201,8.60003757477,0.22777232528,0.21805559099,0.58033633232,0.13654349744,0.00000000000,-887883.56250000000,0.04791097343,0.09605224431,0.16406933963,3.13631892204,23063832.49000000000,4.00000000000,37.50000000000,TRUE,36.52298736572,21.98045349121,0.69848519564,3.77977991104,4.80427122116,2.16804385185,3.00000000000
627,LEWJ.J,Lewis Group Ltd,South Africa,Specialty Retail,2024,0.48005461693,41.20788574219,8.66382026672,0.24077913165,0.29711732268,0.74596184492,0.06994456798,0.00000000000,-37080948.00000000000,0.06374130398,0.09074536711,0.15576829016,17.32325172424,41244154.03000000000,4.00000000000,37.50000000000,TRUE,65.84045410156,20.96206855774,0.57985371351,3.79611420631,3.84329843521,2.45574402809,3.00000000000
629,MPTJ.J,Mpact Ltd,South Africa,Containers & Packaging,2022,0.38694411516,54.59630203247,8.78056526184,0.28644672036,0.22168721259,0.39365145564,0.26912590861,0.00000000000,9426972.00000000000,0.06669185311,0.19293338060,0.37541791797,0.76027792692,43118251.75000000000,5.00000000000,33.33333206177,TRUE,76.58192443848,40.17885208130,1.91147994995,3.81447482109,4.99247121811,1.90654671192,3.00000000000
629,MPTJ.J,Mpact Ltd,South Africa,Containers & Packaging,2023,0.36385256052,53.60737609863,8.80373764038,0.30485603213,0.20519982278,0.36128807068,0.36921465397,0.00000000000,15681920.00000000000,0.08038654923,0.17177481949,0.42314568162,-3.60736489296,32917263.79000000000,5.00000000000,25.00000000000,TRUE,77.04022979736,40.67092514038,0.69848519564,3.77977991104,4.80427122116,2.08828067780,3.00000000000
629,MPTJ.J,Mpact Ltd,South Africa,Containers & Packaging,2024,0.35695165396,58.81108856201,8.80402660370,0.27878248692,0.20982615650,0.37824729085,0.38727220893,0.00000000000,4986578.50000000000,0.08188060671,0.17961297929,0.46025305986,0.52130168676,30221849.70000000000,6.00000000000,37.50000000000,TRUE,83.96011352539,48.58164215088,0.57985371351,3.79611420631,3.84329843521,2.47969484329,3.00000000000
631,MTAJ.J,Metair Investments Ltd,South Africa,Automobile Components,2022,0.09664227813,61.34574127197,8.87774658203,0.30416852236,0.52387565374,0.86576640606,0.19317102432,0.00000000000,1082955.00000000000,0.13457226753,0.20953804255,0.29384791851,3.61761403084,-230058.10260000000,10.00000000000,36.36363601685,TRUE,65.02777862549,52.01010894775,1.91147994995,3.81447482109,4.99247121811,2.49395275116,3.00000000000
631,MTAJ.J,Metair Investments Ltd,South Africa,Automobile Components,2023,0.09969420731,68.87380218506,8.85554981232,0.29329407215,0.44827482104,0.76282095909,0.16487886012,0.00000000000,-22628294.00000000000,0.07022842020,0.25093314052,0.31109720469,-19.36235427856,3001389.33000000000,8.00000000000,36.36363601685,TRUE,87.03081512451,50.91214752197,0.69848519564,3.77977991104,4.80427122116,1.93143188953,3.00000000000
631,MTAJ.J,Metair Investments Ltd,South Africa,Automobile Components,2024,0.14296349883,69.59790802002,8.71050453186,0.40299916267,0.64453113079,0.89310520887,0.18795025349,0.00000000000,12824207.00000000000,0.08674435318,0.21752998233,0.27930042148,-4.91734981537,14953264.09000000000,8.00000000000,40.00000000000,TRUE,85.73446655273,53.92658996582,0.57985371351,3.79611420631,3.84329843521,1.78263139725,3.00000000000
633,MURJ.J,Murray & Roberts Holdings Ltd,South Africa,Construction & Engineering,2022,0.02227993868,64.50317382813,9.09611320496,0.16458402574,0.60853976011,0.84390926361,0.16235531867,0.00000000000,-95175760.00000000000,0.08917308599,0.02437114343,0.21659187973,-64.91994476318,-10896017.70000000000,8.00000000000,30.00000000000,TRUE,73.61344909668,62.13458251953,1.91147994995,3.81447482109,4.99247121811,1.44067084789,3.00000000000
633,MURJ.J,Murray & Roberts Holdings Ltd,South Africa,Construction & Engineering,2023,0.06232064962,67.21459197998,8.64885711670,0.18278826773,0.53477281332,0.68169796467,0.27937930822,0.00000000000,-45165540.00000000000,0.05334674194,0.02863853611,0.18740238249,23.01827239990,-14994980.43000000000,11.00000000000,30.00000000000,TRUE,67.85310363770,55.81642913818,0.69848519564,3.77977991104,4.80427122116,1.66957867146,3.00000000000
633,MURJ.J,Murray & Roberts Holdings Ltd,South Africa,Construction & Engineering,2024,0.06187231466,65.19953155518,8.65199279785,0.15387915075,0.57305490971,0.70800465345,0.31892734766,0.00000000000,20472918.00000000000,0.18408721685,0.01749935746,0.18206438422,11.77030277252,-4591696.45300000000,23.00000000000,25.00000000000,TRUE,78.01724243164,52.68701171875,0.57985371351,3.79611420631,3.84329843521,1.00000000000,3.00000000000
634,NPKJ.J,Nampak Ltd,South Africa,Containers & Packaging,2022,0.23972873390,52.40871429443,8.99291801453,0.45852449536,0.35351514816,0.47847282887,0.00000000000,0.08411052823,21492104.00000000000,0.07835274935,0.22040924430,0.34339904785,0.88939613104,-1416274.48200000000,6.00000000000,37.50000000000,TRUE,54.94350433350,33.88109207153,1.91147994995,3.81447482109,4.99247121811,1.79362833500,3.00000000000
634,NPKJ.J,Nampak Ltd,South Africa,Containers & Packaging,2023,0.31983092427,43.62561798096,8.86654090881,0.55755239725,0.31545993686,0.35755723715,0.00000000000,0.13255168498,18096558.00000000000,0.09908507019,0.24538488686,0.34458836913,-5.78124904633,-208921925.20000000000,13.00000000000,22.22222137451,TRUE,31.92528724670,31.15401649475,0.69848519564,3.77977991104,4.80427122116,1.00000000000,3.00000000000
634,NPKJ.J,Nampak Ltd,South Africa,Containers & Packaging,2024,0.35373160243,50.04125976563,8.81569576263,0.52868175507,0.26282176375,0.29344975948,0.00000000000,0.04614062607,-74796896.00000000000,0.04104287922,0.19002781808,0.35857531428,-34.39343643188,36251115.46000000000,8.00000000000,50.00000000000,TRUE,58.94586944580,31.67885780334,0.57985371351,3.79611420631,3.84329843521,1.68535280228,3.00000000000
635,NPNJn.J,Naspers Ltd,South Africa,Broadline Retail,2022,0.85133767128,38.97744750977,10.81622791290,0.24953433871,0.07041436434,0.09910181165,0.30702516437,0.12069071084,106000000.00000000000,0.28928586841,0.00633607106,0.01200036611,-5.30664110184,9647000000.00000000000,10.00000000000,31.25000000000,TRUE,22.45762634277,46.63977050781,1.91147994995,3.81447482109,4.99247121811,2.70256686211,3.00000000000
635,NPNJn.J,Naspers Ltd,South Africa,Broadline Retail,2023,0.89130729437,34.72291946411,10.79431343079,0.26490566134,0.07715776563,0.10821340978,0.33381894231,0.00354877603,-7592999936.00000000000,0.28458884358,0.00570052210,0.01226816513,7.90268468857,6835000000.00000000000,11.00000000000,37.50000000000,TRUE,17.55747032166,50.90684509277,0.69848519564,3.77977991104,4.80427122116,2.46035861969,3.00000000000
635,NPNJn.J,Naspers Ltd,South Africa,Broadline Retail,2024,0.74240463972,39.44496154785,10.86491394043,0.22949992120,0.08800567687,0.12622594833,0.31498140097,0.06156848744,5045000192.00000000000,0.29432356358,0.00438117608,0.00988153089,11.66226100922,12383000000.00000000000,5.00000000000,37.50000000000,FALSE,29.94301986694,46.83522415161,0.57985371351,3.79611420631,3.84329843521,2.24931454659,3.00000000000
637,OCEJ.J,Oceana Group Ltd,South Africa,Food Products,2022,0.52775752544,27.92593193054,8.86164093018,0.24208772182,0.19087265432,0.39463728666,0.00000000000,0.03686566278,-18788232.00000000000,0.03790758550,0.17208546400,0.14773137867,-7.13430500031,43603454.17000000000,8.00000000000,41.66666793823,TRUE,30.95238113403,34.00836563110,1.91147994995,3.81447482109,4.99247121811,2.41687989235,3.00000000000
637,OCEJ.J,Oceana Group Ltd,South Africa,Food Products,2023,0.52977126837,26.00596618652,8.85297584534,0.19854632020,0.20625972748,0.48780915141,0.00000000000,0.03359786421,-2537641.75000000000,0.03293412179,0.20707558095,0.16620929539,17.58013343811,52338859.75000000000,12.00000000000,36.36363601685,TRUE,37.03389739990,29.40679740906,0.69848519564,3.77977991104,4.80427122116,2.73630833626,3.00000000000
637,OCEJ.J,Oceana Group Ltd,South Africa,Food Products,2024,0.47660225630,19.03785133362,8.91332054138,0.24895648658,0.21987973154,0.47392496467,0.00000000000,0.05390873551,18600716.00000000000,0.06194467843,0.22278033197,0.17969578505,10.41845607758,64552018.26000000000,4.00000000000,27.27272796631,TRUE,13.93678188324,23.57110595703,0.57985371351,3.79611420631,3.84329843521,2.42663264275,3.00000000000
638,OCTJ.J,Octodec Investments Ltd,South Africa,Diversified REITs,2022,0.25635710359,19.39814186096,8.81777572632,0.39006495476,0.08494348824,0.19402678311,0.04078889266,0.00000000000,479104.93750000000,0.00288516609,0.00000000000,0.00008350620,-11.78586387634,35373270.43000000000,12.00000000000,20.00000000000,TRUE,34.59383773804,6.79977798462,1.91147994995,3.81447482109,4.99247121811,2.42117381096,3.00000000000
638,OCTJ.J,Octodec Investments Ltd,South Africa,Diversified REITs,2023,0.27292093635,29.13331031799,8.78455352783,0.37917226553,0.06060335413,0.14122472703,0.11599680781,0.00000000000,2499072.75000000000,0.00651209895,0.00000000000,0.00013367500,-7.34153413773,32349951.78000000000,7.00000000000,30.00000000000,TRUE,44.15254211426,10.65267944336,0.69848519564,3.77977991104,4.80427122116,2.15705871582,3.00000000000
638,OCTJ.J,Octodec Investments Ltd,South Africa,Diversified REITs,2024,0.26159596443,31.48020362854,8.80610656738,0.38759019971,0.17064544559,0.39016455412,0.01739382930,0.00000000000,-2499200.50000000000,0.00311919698,0.00000000000,0.00028323499,10.88493442535,12118877.55000000000,9.00000000000,30.00000000000,TRUE,53.44827651978,12.56151866913,0.57985371351,3.79611420631,3.84329843521,1.61011230946,3.00000000000
640,PPHJ.J,Pepkor Holdings Ltd,South Africa,Specialty Retail,2022,0.86281204224,58.34069442749,9.79646682739,0.23557899892,0.20204812288,0.45164847374,0.00000000000,0.04356018826,-75718336.00000000000,0.04055524990,0.15027253330,0.17119409144,-12.73802661896,338913932.40000000000,6.00000000000,38.46154022217,TRUE,70.42372894287,44.78368759155,1.91147994995,3.81447482109,4.99247121811,1.97636234760,3.00000000000
640,PPHJ.J,Pepkor Holdings Ltd,South Africa,Specialty Retail,2023,0.93157482147,54.18383407593,9.75957870483,0.24277174473,0.21558764577,0.46980902553,0.00000000000,0.04486849532,-22415834.00000000000,0.04162029549,0.15609711409,0.18569983542,-6.65910434723,-83795043.14000000000,6.00000000000,41.66666793823,TRUE,50.94827651978,55.70785522461,0.69848519564,3.77977991104,4.80427122116,1.31177091599,3.00000000000
640,PPHJ.J,Pepkor Holdings Ltd,South Africa,Specialty Retail,2024,0.85468941927,54.13959503174,9.79528427124,0.23023647070,0.23654037714,0.51797187328,0.00000000000,0.04449870437,18658662.00000000000,0.04844288528,0.16255535185,0.18253473938,18.17937088013,135594006.00000000000,5.00000000000,50.00000000000,TRUE,52.96296310425,57.69298171997,0.57985371351,3.79611420631,3.84329843521,1.40103340149,3.00000000000
643,SOLJ.J,Sasol Ltd,South Africa,Chemicals,2022,0.19354911149,78.55393981934,10.36256217957,0.32409101725,0.23521453142,0.43068957329,0.00000000000,0.11804867536,573665536.00000000000,0.10915796459,0.09728285670,0.54664874077,-8.19632434845,495742657.90000000000,13.00000000000,46.15384674072,TRUE,73.98304748535,67.98043823242,1.91147994995,3.81447482109,4.99247121811,1.81077647209,3.00000000000
643,SOLJ.J,Sasol Ltd,South Africa,Chemicals,2023,0.21604302526,76.46085357666,10.30255603790,0.37030795217,0.18246479332,0.30001577735,0.00000000000,0.11772426218,-467693152.00000000000,0.11096031964,0.11156501621,0.48205381632,-1.68560147285,-2433049216.00000000000,13.00000000000,42.85714340210,TRUE,72.06896209717,64.68208312988,0.69848519564,3.77977991104,4.80427122116,1.55858957767,3.00000000000
643,SOLJ.J,Sasol Ltd,South Africa,Chemicals,2024,0.20810680091,78.96135711670,10.30668926239,0.33561486006,0.19311648607,0.33523231745,0.00000000000,0.10686264932,-237418992.00000000000,0.12365048379,0.11623534560,0.47245901823,-7.21108436584,435390250.80000000000,15.00000000000,50.00000000000,TRUE,86.92308044434,63.29824447632,0.57985371351,3.79611420631,3.84329843521,1.60533487797,3.00000000000
644,SSUJ.J,Southern Sun Ltd,South Africa,"Hotels, Restaurants & Leisure",2022,0.89968383312,43.69633865356,8.88058757782,0.25255441666,0.10417592525,0.26467269659,0.09737028927,0.05523471162,12260760.00000000000,0.05329974368,0.00555308815,0.69791203737,69.88387298584,41675337.31000000000,5.00000000000,33.33333206177,TRUE,26.46892738342,52.04940032959,1.91147994995,3.81447482109,4.99247121811,2.73276710510,3.00000000000
644,SSUJ.J,Southern Sun Ltd,South Africa,"Hotels, Restaurants & Leisure",2023,0.92963343859,45.90289306641,8.85894203186,0.22890156507,0.09960509092,0.26410704851,0.26284876466,0.02054994926,-12895452.00000000000,0.04445902631,0.00585051905,0.69248205423,5.50169515610,45239781.41000000000,4.00000000000,33.33333206177,TRUE,34.28160858154,42.55763244629,0.69848519564,3.77977991104,4.80427122116,1.71735799313,3.00000000000
644,SSUJ.J,Southern Sun Ltd,South Africa,"Hotels, Restaurants & Leisure",2024,0.91341799498,46.64729690552,8.87053298950,0.15561281145,0.12484357506,0.39830905199,0.10141509771,0.01648877375,-13276367.00000000000,0.02993821166,0.00596245890,0.69304376841,12.98532104492,55837230.65000000000,5.00000000000,33.33333206177,TRUE,31.36752128601,45.77630233765,0.57985371351,3.79611420631,3.84329843521,1.90951406956,3.00000000000
645,SUIJ.J,Sun International Ltd,South Africa,"Hotels, Restaurants & Leisure",2022,0.85526084900,57.74021911621,8.90124988556,0.55012547970,0.27402922511,0.33175441623,0.00000000000,0.04030710086,10115029.00000000000,0.03964299336,0.00871105865,0.66838920116,27.53987693787,44988355.95000000000,7.00000000000,36.36363601685,TRUE,27.14689254761,76.56795501709,1.91147994995,3.81447482109,4.99247121811,2.07075142860,3.00000000000
645,SUIJ.J,Sun International Ltd,South Africa,"Hotels, Restaurants & Leisure",2023,0.91380655766,62.17097473145,8.87055110931,0.53743553162,0.33257186413,0.39480361342,0.00000000000,0.02822402492,-8915776.00000000000,0.02629786916,0.00994841568,0.68489313126,-1.49195408821,71380906.02000000000,5.00000000000,40.00000000000,TRUE,39.28160858154,70.67798614502,0.69848519564,3.77977991104,4.80427122116,1.54933857918,3.00000000000
645,SUIJ.J,Sun International Ltd,South Africa,"Hotels, Restaurants & Leisure",2024,0.95008826256,64.98015594482,8.85523414612,0.44014215469,0.33508551121,0.42394155264,0.00000000000,0.02694898844,-1007925.50000000000,0.02601505816,0.00814392511,0.67527949810,1.88661193848,77610261.74000000000,4.00000000000,40.00000000000,TRUE,43.67521286011,67.97168731689,0.57985371351,3.79611420631,3.84329843521,1.90634274483,3.00000000000
646,SURJ.J,Spur Corporation Ltd,South Africa,"Hotels, Restaurants & Leisure",2022,3.16995954514,63.49491882324,7.79228830338,0.03032770008,0.28102332354,0.76476818323,0.00000000000,0.32118603587,5386666.50000000000,0.30912536383,0.10387136042,0.09181689471,10.07215690613,11739428.35000000000,10.00000000000,54.54545593262,TRUE,55.57423019409,71.12293243408,1.91147994995,3.81447482109,4.99247121811,2.25105452538,3.00000000000
646,SURJ.J,Spur Corporation Ltd,South Africa,"Hotels, Restaurants & Leisure",2023,2.54832267761,66.77896118164,7.88264656067,0.11046713591,0.30851152539,0.75515639782,0.00000000000,0.26352289319,-1543359.87500000000,0.32447162271,0.09807940573,0.12178634852,18.09228134155,13454055.54000000000,3.00000000000,60.00000000000,TRUE,50.16949081421,82.09801483154,0.69848519564,3.77977991104,4.80427122116,1.77522218227,3.00000000000
646,SURJ.J,Spur Corporation Ltd,South Africa,"Hotels, Restaurants & Leisure",2024,2.24694609642,73.81941223145,7.93673133850,0.09913184494,0.31618118286,0.76919978857,0.00000000000,0.31104210019,6156044.00000000000,0.35229295492,0.11210369319,0.10427547246,13.97113227844,16159594.25000000000,4.00000000000,66.66666412354,TRUE,61.78160858154,89.70593261719,0.57985371351,3.79611420631,3.84329843521,2.41958069801,3.00000000000
648,TFGJ.J,Foschini Group Ltd,South Africa,Specialty Retail,2022,0.68863338232,58.68733215332,9.47518920898,0.41732746363,0.31721279025,0.53559440374,0.24310638011,0.00000000000,-92833080.00000000000,0.08039256930,0.24619567394,0.28125888109,-1.94257688522,170177106.10000000000,7.00000000000,33.33333206177,TRUE,75.39547729492,37.82123184204,1.91147994995,3.81447482109,4.99247121811,2.30306458473,3.00000000000
648,TFGJ.J,Foschini Group Ltd,South Africa,Specialty Retail,2023,0.71335697174,62.98737716675,9.45674324036,0.38419044018,0.26674690843,0.48125299811,0.26131674647,0.00000000000,-16901498.00000000000,0.06759779155,0.21343298256,0.30896455050,2.03189587593,160199562.40000000000,5.00000000000,33.33333206177,TRUE,72.78735351563,58.47831726074,0.69848519564,3.77977991104,4.80427122116,2.66067290306,3.00000000000
648,TFGJ.J,Foschini Group Ltd,South Africa,Specialty Retail,2024,0.63027995825,58.60627365112,9.51318550110,0.39214602113,0.26657617092,0.46703860164,0.20295505226,0.00000000000,-29885484.00000000000,0.06277602911,0.23955819011,0.30623155832,7.14760398865,174231828.30000000000,7.00000000000,23.07692337036,TRUE,55.92592620850,59.68009185791,0.57985371351,3.79611420631,3.84329843521,1.69956099987,3.00000000000
649,VALJ.J,Valterra Platinum Ltd,South Africa,Metals & Mining,2022,1.26360595226,77.15356445313,10.01720046997,0.00258882809,0.32816508412,0.72446280718,0.48750364780,0.00000000000,-1287313920.00000000000,0.16839775443,0.27659767866,0.44747731090,-28.07806777954,2899014373.00000000000,0.00000000000,46.15384674072,TRUE,66.24649810791,84.73599243164,1.91147994995,3.81447482109,4.99247121811,2.51896595955,3.00000000000
649,VALJ.J,Valterra Platinum Ltd,South Africa,Metals & Mining,2023,1.40304732323,73.06529235840,9.96641063690,0.04509647563,0.27739265561,0.67438185215,0.49165940285,0.00000000000,-286617600.00000000000,0.13596676290,0.21439588070,0.54663002491,-29.38295745850,735469473.00000000000,5.00000000000,46.15384674072,TRUE,60.02824783325,80.95650482178,0.69848519564,3.77977991104,4.80427122116,1.74608075619,3.00000000000
649,VALJ.J,Valterra Platinum Ltd,South Africa,Metals & Mining,2024,1.35278093815,65.70774841309,9.95752620697,0.04021223262,0.26383647323,0.65171086788,0.54289263487,0.00000000000,56762120.00000000000,0.14033453166,0.14483775198,0.59795367718,-15.15637969971,392189108.00000000000,0.00000000000,28.57142829895,TRUE,37.04022979736,76.09967803955,0.57985371351,3.79611420631,3.84329843521,1.99977946281,3.00000000000
650,VKEJ.J,Vukile Property Fund Ltd,South Africa,Retail REITs,2022,0.67494326830,54.30188751221,9.35294532776,0.43247827888,0.04434075207,0.08885443956,0.44006752968,0.00000000000,46230940.00000000000,0.03280658275,0.00000000000,0.00177163398,-13.68172550201,114621238.10000000000,6.00000000000,20.00000000000,TRUE,35.02824783325,69.17806243896,1.91147994995,3.81447482109,4.99247121811,1.58661556244,3.00000000000
650,VKEJ.J,Vukile Property Fund Ltd,South Africa,Retail REITs,2023,0.65774947405,54.29025268555,9.36883258820,0.43018287420,0.03684698418,0.07976901531,0.53987729549,0.00000000000,51053304.00000000000,0.05517259240,0.00000000000,0.00146935799,2.48619151115,85088841.21000000000,6.00000000000,30.00000000000,TRUE,28.27586174011,68.95033264160,0.69848519564,3.77977991104,4.80427122116,1.70053088665,3.00000000000
650,VKEJ.J,Vukile Property Fund Ltd,South Africa,Retail REITs,2024,0.51647371054,58.25693511963,9.46842479706,0.42009624839,0.02887348831,0.05987747014,1.37387382984,0.00000000000,-11910486.00000000000,0.04989286512,0.00000000000,0.00118912698,17.60072517395,176581144.30000000000,10.00000000000,23.07692337036,TRUE,34.24501419067,70.86083221436,0.57985371351,3.79611420631,3.84329843521,1.26072287560,3.00000000000
651,VODJ.J,Vodacom Group Ltd,South Africa,Wireless Telecommunication Services,2022,1.32241582870,71.46859741211,10.10859489441,0.30807000399,0.28200513124,0.45224732161,0.34252786636,0.00000000000,229073744.00000000000,0.15158051252,0.00944309402,0.32516917586,-4.72672843933,1018599236.00000000000,11.00000000000,35.71428680420,TRUE,44.94350433350,67.87694549561,1.91147994995,3.81447482109,4.99247121811,2.47197031975,3.00000000000
651,VODJ.J,Vodacom Group Ltd,South Africa,Wireless Telecommunication Services,2023,1.32100081444,66.82672882080,10.10436534882,0.30537834764,0.29616439342,0.48198500276,0.33272054791,0.00000000000,41328864.00000000000,0.14919675887,0.00964619499,0.31022015214,18.74806594849,1018106483.00000000000,8.00000000000,38.46154022217,TRUE,26.92528724670,73.32729339600,0.69848519564,3.77977991104,4.80427122116,3.01105189323,3.00000000000
651,VODJ.J,Vodacom Group Ltd,South Africa,Wireless Telecommunication Services,2024,1.22114717960,71.69499969482,10.13537979126,0.31101563573,0.30401110649,0.48110938072,0.33815807104,0.00000000000,114624768.00000000000,0.17573663592,0.00914869457,0.32457667589,4.49854946136,1086749858.00000000000,10.00000000000,33.33333206177,TRUE,43.27635192871,74.94666290283,0.57985371351,3.79611420631,3.84329843521,2.38509273529,3.00000000000
652,WBOJ.J,Wilson Bayly Holmes - Ovcon Ltd,South Africa,Construction & Engineering,2022,0.95359861851,59.42019271851,8.86289787292,0.04975669086,0.71984773874,0.94790083170,0.00000000000,0.28138914704,-143896688.00000000000,0.15847785771,0.03546978161,0.15111039579,-22.33393478394,44175331.86000000000,8.00000000000,25.00000000000,TRUE,58.64406967163,48.31837081909,1.91147994995,3.81447482109,4.99247121811,1.62458610535,3.00000000000
652,WBOJ.J,Wilson Bayly Holmes - Ovcon Ltd,South Africa,Construction & Engineering,2023,0.87654310465,63.48057937622,8.89096641541,0.05738173053,0.69324368238,0.94171065092,0.00000000000,0.25157591701,18349756.00000000000,0.26837220788,0.02939025126,0.15497909486,19.16205406189,49606507.92000000000,5.00000000000,25.00000000000,TRUE,57.44252777100,58.97275924683,0.69848519564,3.77977991104,4.80427122116,1.40522229671,3.00000000000
652,WBOJ.J,Wilson Bayly Holmes - Ovcon Ltd,South Africa,Construction & Engineering,2024,0.80620604753,64.80283355713,8.92672824860,0.05051726848,0.66976523399,0.95011734962,0.00000000000,0.23825657368,-1354852.87500000000,0.25870633125,0.02797426842,0.16189226508,19.88968276978,57920923.84000000000,5.00000000000,22.22222137451,TRUE,54.78632354736,59.50237655640,0.57985371351,3.79611420631,3.84329843521,1.33475100994,3.00000000000
654,WHLJ.J,Woolworths Holdings Ltd,South Africa,Broadline Retail,2022,0.82257699966,70.86155700684,9.55017089844,0.56848376989,0.25676277280,0.32500451803,0.00000000000,0.09582909942,-9051206.00000000000,0.08653131127,0.15529876947,0.50074005127,-9.01119232178,235268054.90000000000,4.00000000000,41.66666793823,TRUE,75.93837738037,63.16694641113,1.91147994995,3.81447482109,4.99247121811,1.88734364510,3.00000000000
654,WHLJ.J,Woolworths Holdings Ltd,South Africa,Broadline Retail,2023,1.35848224163,76.21573638916,9.32186698914,0.43454763293,0.31338107586,0.45135116577,0.00000000000,0.09118719399,-109389296.00000000000,0.05390508845,0.18028399348,0.37127488852,-23.72336006165,207705927.30000000000,5.00000000000,36.36363601685,TRUE,86.24293518066,68.00101470947,0.69848519564,3.77977991104,4.80427122116,1.34544694424,3.00000000000
654,WHLJ.J,Woolworths Holdings Ltd,South Africa,Broadline Retail,2024,1.41793894768,74.33003234863,9.32802009583,0.46808949113,0.31476408243,0.43760326505,0.00000000000,0.05966099724,-119824032.00000000000,0.06051235273,0.19226396084,0.39044493437,8.87293148041,142974979.40000000000,4.00000000000,25.00000000000,TRUE,83.47701263428,68.53887939453,0.57985371351,3.79611420631,3.84329843521,1.08555972576,3.00000000000
655,BCG.HM,Bamboo Capital Group JSC,Vietnam,Industrial Conglomerates,2022,0.06401456147,33.94645309448,9.26858043671,0.33599159122,0.25970020890,0.30619442463,0.04752094299,0.00202417094,-17557954.00000000000,0.02924393117,0.06286482513,0.23584942520,69.16807556152,24006641.43000000000,56.00000000000,0.00000000000,0,80.24966430664,19.49493408203,8.53750038147,3.61780714989,4.44283294678,1.17973029613,3.00000000000
655,BCG.HM,Bamboo Capital Group JSC,Vietnam,Industrial Conglomerates,2023,0.07005231082,31.26221847534,9.23845481873,0.28956326842,0.28779870272,0.34384229779,0.03972661123,0.00658319285,5249921.00000000000,0.02883344330,0.08986707777,0.25724327564,-13.82709407806,7051827.50600000000,101.00000000000,0.00000000000,0,77.55189514160,14.87413787842,5.06502389908,3.63582038879,2.09339094162,1.11639654636,3.00000000000
655,BCG.HM,Bamboo Capital Group JSC,Vietnam,Industrial Conglomerates,2024,0.06552229077,35.21603775024,9.26146507263,0.24892023206,0.28434374928,0.36173862219,0.05091954768,0.00104554696,-1359215.50000000000,0.03040932678,0.07224180549,0.23255822062,3.74788498878,33155335.98000000000,75.00000000000,0.00000000000,FALSE,79.26129150391,21.37734031677,7.09118747711,3.67369270325,4.15958642960,1.31103551388,3.00000000000
656,CTD.HM,Coteccons Construction JSC,Vietnam,Construction & Engineering,2022,0.31519106030,32.39442062378,8.95745468140,0.05590877682,0.58961492777,0.96178269386,0.05012771487,0.05852623284,34711404.00000000000,0.21454323828,0.14727959037,0.02102639340,-53.53673553467,2214245.92400000000,15.00000000000,0.00000000000,TRUE,68.06471252441,24.53770828247,8.53750038147,3.61780714989,4.44283294678,2.42114830017,3.00000000000
656,CTD.HM,Coteccons Construction JSC,Vietnam,Construction & Engineering,2023,0.32391574979,32.89631652832,8.95363998413,0.06735439599,0.62195473909,0.99616909027,0.06158873439,0.05835098028,12876857.00000000000,0.17677642405,0.13669900596,0.02049795538,189.10978698731,12167127.58000000000,15.00000000000,0.00000000000,TRUE,70.90964508057,22.33840370178,5.06502389908,3.63582038879,2.09339094162,2.55776381493,3.00000000000
656,CTD.HM,Coteccons Construction JSC,Vietnam,Construction & Engineering,2024,0.25837409496,45.27368545532,9.05411529541,0.10096616298,0.69590902328,0.99835437536,0.01420953125,0.08179355413,19216624.00000000000,0.18324948847,0.19259048998,0.01316821855,15.11408710480,17377477.88000000000,23.00000000000,0.00000000000,TRUE,82.28937530518,35.67301559448,7.09118747711,3.67369270325,4.15958642960,1.36786878109,3.00000000000
657,FPT.HM,FPT Corp,Vietnam,IT Services,2022,2.92527985573,25.07449913025,9.33997726440,0.23973046243,0.47475257516,0.80124211311,0.15826575458,0.04955076426,43300800.00000000000,0.35084179044,0.03805948421,0.22861465812,19.32007217407,274940425.90000000000,4.00000000000,0.00000000000,FALSE,51.01889419556,11.32575798035,8.53750038147,3.61780714989,4.44283294678,2.16914129257,3.00000000000
657,FPT.HM,FPT Corp,Vietnam,IT Services,2023,2.60270762444,24.34738922119,9.39530277252,0.23300117254,0.49187594652,0.83978444338,0.20151063800,0.03822031990,75802944.00000000000,0.45943602920,0.02643225528,0.22728538513,16.35686302185,321024309.10000000000,8.00000000000,14.28571414948,FALSE,48.57753372192,9.60757064819,5.06502389908,3.63582038879,2.09339094162,2.53893804550,3.00000000000
657,FPT.HM,FPT Corp,Vietnam,IT Services,2024,2.40316963196,33.02892303467,9.45113277435,0.20760215819,0.48383590579,0.82538920641,0.19306419790,0.03596973047,40670476.00000000000,0.49121010303,0.02578829229,0.21300525963,13.72470188141,369993034.90000000000,6.00000000000,14.28571414948,FALSE,65.78144073486,7.54765415192,7.09118747711,3.67369270325,4.15958642960,1.93240237236,3.00000000000
658,FRT.HM,FPT Digital Retail JSC,Vietnam,Specialty Retail,2022,1.87257790565,24.24487495422,8.64907646179,0.50963842869,0.80525827408,0.99516284466,0.05315887183,0.02803815715,-15233099.00000000000,0.16711947322,0.61611104012,0.06432314217,29.64160728455,16860406.50000000000,9.00000000000,40.00000000000,TRUE,40.89743423462,6.50406503677,8.53750038147,3.61780714989,4.44283294678,0.00000000000,3.00000000000
658,FRT.HM,FPT Digital Retail JSC,Vietnam,Specialty Retail,2023,1.58548557758,27.22471046448,8.73232936859,0.61902529001,0.86870765686,0.98952358961,0.04524387792,0.03405021131,8873309.00000000000,0.19927106798,0.64334791899,0.08247289062,2.75311374664,-13569518.73000000000,11.00000000000,40.00000000000,TRUE,47.43589782715,7.14285707474,5.06502389908,3.63582038879,2.09339094162,0.00000000000,3.00000000000
658,FRT.HM,FPT Digital Retail JSC,Vietnam,Specialty Retail,2024,1.36308598518,26.72097969055,8.79335117340,0.55583900213,0.86607545614,0.98501825333,0.03469813615,0.10244717449,44621848.00000000000,0.22415883839,0.64643621445,0.07357668132,19.88911056519,16028792.48000000000,11.00000000000,37.50000000000,TRUE,46.28205108643,8.24588489532,7.09118747711,3.67369270325,4.15958642960,2.31912350655,3.00000000000
659,GEX.HM,Gelex Group JSC,Vietnam,Electrical Equipment,2022,0.81961351633,21.67317581177,9.34610939026,0.32150122523,0.32979026437,0.42860236764,0.11161695421,0.02344104275,-74115088.00000000000,0.08969214559,0.17391958833,0.46512675285,8.54997920990,64877458.75000000000,4.00000000000,0.00000000000,TRUE,47.08791351318,10.70873069763,8.53750038147,3.61780714989,4.44283294678,1.23353469372,3.00000000000
659,GEX.HM,Gelex Group JSC,Vietnam,Electrical Equipment,2023,0.83148783445,21.41972160339,9.35607814789,0.36295101047,0.33754572272,0.43513566256,0.12390374392,0.01832296513,6447289.00000000000,0.13814678788,0.15112745762,0.46295711398,-9.02076530457,35609408.34000000000,7.00000000000,0.00000000000,TRUE,51.78266143799,13.45855140686,5.06502389908,3.63582038879,2.09339094162,1.72707629204,3.00000000000
659,GEX.HM,Gelex Group JSC,Vietnam,Electrical Equipment,2024,0.87646883726,21.54273414612,9.32444000244,0.30764096975,0.31603977084,0.42721614242,0.11963917315,0.03794281930,29887758.00000000000,0.15760463476,0.16147686541,0.39407083392,7.12846708298,104761792.30000000000,0.00000000000,0.00000000000,TRUE,47.45421218872,15.95736789703,7.09118747711,3.67369270325,4.15958642960,1.37127709389,3.00000000000
660,HBC.HNO,Hoa Binh Construction Group JSC,Vietnam,Construction & Engineering,2022,0.15390875936,23.31128120422,8.81986808777,0.39315173030,0.81059652567,0.87795960903,0.01639946923,0.01852948032,-10085271.00000000000,0.03149423376,0.14222994447,0.06165316701,20.45233154297,-108872370.30000000000,28.00000000000,0.00000000000,TRUE,56.57894897461,8.00369548798,8.53750038147,3.61780714989,4.44283294678,0.00000000000,3.00000000000
660,HBC.HNO,Hoa Binh Construction Group JSC,Vietnam,Construction & Engineering,2023,0.16776275635,19.86374855042,8.79837512970,0.30938050151,0.89858317375,0.90194660425,0.02187165618,0.00582418405,-4440293.00000000000,0.02522767335,0.14938554168,0.04628341645,-48.15765380859,-45974341.40000000000,43.00000000000,0.00000000000,TRUE,51.69108581543,1.88552188873,5.06502389908,3.63582038879,2.09339094162,0.00000000000,3.00000000000
660,HBC.HNO,Hoa Binh Construction Group JSC,Vietnam,Construction & Engineering,2024,0.17434832454,13.10431861877,8.78165245056,0.28229933977,0.80527359247,0.90697461367,0.02108324133,0.00042175601,-4724241.50000000000,0.01762367785,0.15294344723,0.04268104956,-18.88905334473,37792876.08000000000,30.00000000000,33.33333206177,TRUE,37.17338180542,1.26587367058,7.09118747711,3.67369270325,4.15958642960,0.00000000000,3.00000000000
662,KBC.HM,Kinhbac City Development Holding Corp,Vietnam,Real Estate Management & Development,2022,0.93609750271,17.19594573975,9.16981029510,0.21882638335,0.30607941747,0.56714808941,0.13117645681,0.00806836504,-37243916.00000000000,0.12863112986,0.35323616862,0.04397837073,-78.36375427246,66773784.01000000000,0.00000000000,20.00000000000,TRUE,37.56410217285,0.15253767371,8.53750038147,3.61780714989,4.44283294678,1.85160553455,3.00000000000
662,KBC.HM,Kinhbac City Development Holding Corp,Vietnam,Real Estate Management & Development,2023,1.03642630577,16.93075180054,9.13930034637,0.10944993049,0.19676774740,0.43116176128,0.04785652086,0.01574635506,-34700944.00000000000,0.07543146610,0.36545681953,0.02617401257,475.41131591797,92539299.77000000000,36.00000000000,40.00000000000,TRUE,38.58974456787,0.04592134804,5.06502389908,3.63582038879,2.09339094162,1.62125289440,3.00000000000
662,KBC.HM,Kinhbac City Development Holding Corp,Vietnam,Real Estate Management & Development,2024,0.80041617155,19.34812355042,9.24439907074,0.22608087957,0.15856646001,0.27100166678,0.07514768094,0.13487701118,224675504.00000000000,0.23989318311,0.30962881446,0.02547456883,-52.96112823486,16602567.86000000000,35.00000000000,40.00000000000,TRUE,42.17948532104,4.88990449905,7.09118747711,3.67369270325,4.15958642960,1.91651511192,3.00000000000
663,KDH.HM,Khang Dien House Trading and Investment JSC,Vietnam,Real Estate Management & Development,2022,1.57387685776,21.33260726929,8.96013450623,0.31435701251,0.16261303425,0.35089543462,0.20373679698,0.09467486292,58765340.00000000000,0.18804889917,0.57816731930,0.03857517615,-24.69588851929,45838489.79000000000,0.00000000000,60.00000000000,TRUE,27.29411697388,9.90064334869,8.53750038147,3.61780714989,4.44283294678,0.00000000000,3.00000000000
663,KDH.HM,Khang Dien House Trading and Investment JSC,Vietnam,Real Estate Management & Development,2023,1.38563752174,20.82742691040,9.03803920746,0.23964023590,0.20186504722,0.41024926305,0.27814000845,0.08469627798,40263728.00000000000,0.16890060902,0.70945525169,0.03828972951,-30.22463798523,30070075.27000000000,0.00000000000,60.00000000000,TRUE,27.04453468323,11.13935089111,5.06502389908,3.63582038879,2.09339094162,0.00000000000,3.00000000000
663,KDH.HM,Khang Dien House Trading and Investment JSC,Vietnam,Real Estate Management & Development,2024,1.27059769630,24.61691284180,9.08175468445,0.23077803850,0.13597387075,0.31297108531,0.23640671372,0.06850011647,-24882502.00000000000,0.12125845253,0.72105592489,0.03580041230,49.51849746704,31539994.39000000000,0.00000000000,60.00000000000,TRUE,31.65445709229,13.36369705200,7.09118747711,3.67369270325,4.15958642960,0.00000000000,3.00000000000
664,MSN.HM,Masan Group Corp,Vietnam,Food Products,2022,0.76774632931,21.57278251648,9.77717781067,0.50227528811,0.46214500070,0.56706982851,0.02630821988,0.08585242927,-357972128.00000000000,0.13426560163,0.10220077634,0.24257113039,-16.89375686646,201371622.20000000000,0.00000000000,28.57142829895,FALSE,31.55195617676,22.47083473206,8.53750038147,3.61780714989,4.44283294678,2.31146001816,3.00000000000
664,MSN.HM,Masan Group Corp,Vietnam,Food Products,2023,0.77060389519,24.27626609802,9.78355789185,0.47204813361,0.34211772680,0.41732224822,0.06525963545,0.04636857286,-153692704.00000000000,0.11649680138,0.08939176053,0.23005847633,-0.04489807785,77078606.76000000000,0.00000000000,28.57142829895,FALSE,37.97313690186,29.28116226196,5.06502389908,3.63582038879,2.09339094162,1.00000000000,3.00000000000
664,MSN.HM,Masan Group Corp,Vietnam,Food Products,2024,0.81921559572,22.29331588745,9.76284217834,0.44414728880,0.39782014489,0.50034797192,0.10329312086,0.08505827934,333334016.00000000000,0.12420193106,0.07309290767,0.19659937918,1.20571863651,167675981.20000000000,0.00000000000,42.85714340210,FALSE,25.29304122925,21.29001808167,7.09118747711,3.67369270325,4.15958642960,1.66044712067,3.00000000000
665,MWG.HM,Mobile World Investment Corp,Vietnam,Specialty Retail,2022,1.63545203209,28.73348236084,9.37380313873,0.29711931944,0.46567001939,0.81464612484,0.14792236686,0.02176089771,38924388.00000000000,0.23228335381,0.46022197604,0.17511171103,4.88877582550,173727845.20000000000,11.00000000000,0.00000000000,TRUE,56.45748901367,9.94539451599,8.53750038147,3.61780714989,4.44283294678,1.40942621231,3.00000000000
665,MWG.HM,Mobile World Investment Corp,Vietnam,Specialty Retail,2023,1.66726946831,25.86066436768,9.39406490326,0.41778862476,0.51180547476,0.83680653572,0.15587830544,0.00948355626,12559122.00000000000,0.42360439897,0.36306416988,0.10706499219,-13.71320343018,6917937.13700000000,19.00000000000,0.00000000000,TRUE,33.22954940796,26.88680648804,5.06502389908,3.63582038879,2.09339094162,0.00000000000,3.00000000000
665,MWG.HM,Mobile World Investment Corp,Vietnam,Specialty Retail,2024,1.52281773090,29.32574653625,9.44160652161,0.38757961988,0.60075998306,0.99147099257,0.11100551486,0.00283938600,-18381998.00000000000,0.54204857349,0.31580606103,0.05036626384,8.14088153839,146518376.30000000000,8.00000000000,0.00000000000,TRUE,39.51770401001,24.96142005920,7.09118747711,3.67369270325,4.15958642960,2.48519873619,3.00000000000
666,NVL.HM,No Va Land Investment Group Corp,Vietnam,Real Estate Management & Development,2022,0.10901844501,71.12180328369,10.03807735443,0.25168848038,0.30331215262,0.35486355424,0.03832447156,0.02174400538,-366327232.00000000000,0.04275834560,0.52362221479,0.01717567630,-27.77154922485,92398568.85000000000,0.00000000000,25.00000000000,TRUE,96.86235046387,32.58539962769,8.53750038147,3.61780714989,4.44283294678,1.86070322990,3.00000000000
666,NVL.HM,No Va Land Investment Group Corp,Vietnam,Real Estate Management & Development,2023,0.12495382875,61.85567474365,9.99800205231,0.23898825049,0.36143925786,0.42903491855,0.01963458955,0.00703462120,-213835376.00000000000,0.01304997783,0.57533377409,0.01184425782,-58.42146301270,20027391.79000000000,104.00000000000,28.57142829895,TRUE,94.04762268066,29.01402854919,5.06502389908,3.63582038879,2.09339094162,1.28905153275,3.00000000000
666,NVL.HM,No Va Land Investment Group Corp,Vietnam,Real Estate Management & Development,2024,0.13328436017,54.74504089355,9.96997261047,0.25892159343,0.45093473792,0.53626132011,0.03118487075,0.00531540718,46902572.00000000000,0.01828984357,0.61657279730,0.01017628517,81.60844421387,-172474183.80000000000,65.00000000000,20.00000000000,TRUE,87.72283172607,31.04307937622,7.09118747711,3.67369270325,4.15958642960,1.00000000000,3.00000000000
667,PDR.HM,Phat Dat Real Estate Development Corp,Vietnam,Real Estate Management & Development,2022,0.89332824945,54.67262268066,8.98566246033,0.19436247647,0.48280224204,0.75063145161,0.02319042757,0.00026265901,-9837687.00000000000,0.01275396626,0.53325235844,0.04739087448,-59.82155609131,49158497.69000000000,40.00000000000,11.11111068726,TRUE,81.01889038086,32.54657363892,8.53750038147,3.61780714989,4.44283294678,1.79858684540,3.00000000000
667,PDR.HM,Phat Dat Real Estate Development Corp,Vietnam,Real Estate Management & Development,2023,1.04516959190,52.93003845215,8.93872928619,0.14738917351,0.43559259176,0.79477816820,0.05504056811,0.00000000949,10030682.00000000000,0.02217420563,0.57906126976,0.05661155656,-60.05714797974,28132810.83000000000,32.00000000000,12.50000000000,TRUE,78.57752990723,35.24733352661,5.06502389908,3.63582038879,2.09339094162,2.23309421539,3.00000000000
667,PDR.HM,Phat Dat Real Estate Development Corp,Vietnam,Real Estate Management & Development,2024,0.97012352943,43.72826385498,8.97375011444,0.22277432680,0.35698041320,0.65939217806,0.04013795778,0.00000000000,-6335583.00000000000,0.02074571140,0.58692264557,0.03656459227,26.69281768799,6090412.90100000000,34.00000000000,0.00000000000,TRUE,64.75579833984,30.33231353760,7.09118747711,3.67369270325,4.15958642960,2.50200748444,3.00000000000
668,SAB.HM,Saigon Beer Alcohol Beverage Corp,Vietnam,Beverages,2022,1.52336633205,37.55170822144,9.16428279877,0.02997406200,0.26733911037,0.81360179186,0.10694370419,0.08948477358,19610748.00000000000,0.74458646774,0.06364475191,0.10633348674,28.21871185303,232943582.30000000000,5.00000000000,28.57142829895,FALSE,73.07017517090,15.73357486725,8.53750038147,3.61780714989,4.44283294678,1.22091639042,3.00000000000
668,SAB.HM,Saigon Beer Alcohol Beverage Corp,Vietnam,Beverages,2023,1.59207892418,49.82174301147,9.14731121063,0.02058212832,0.24149805307,0.83546799421,0.17302328348,0.10620134324,40001808.00000000000,0.64327692986,0.06804858148,0.09368395805,-15.24874210358,175393775.60000000000,5.00000000000,28.57142829895,FALSE,85.24420166016,27.02065849304,5.06502389908,3.63582038879,2.09339094162,2.95579910278,3.00000000000
668,SAB.HM,Saigon Beer Alcohol Beverage Corp,Vietnam,Beverages,2024,1.70671665668,51.05397033691,9.11805915833,0.01240537595,0.25889039040,0.85230839252,0.15452693403,0.09389342368,-22072464.00000000000,0.58831876516,0.05916803330,0.08247485757,-0.37760341167,176403980.60000000000,6.00000000000,28.57142829895,FALSE,87.46642303467,22.88647270203,7.09118747711,3.67369270325,4.15958642960,2.40724396706,3.00000000000
669,VHM.HM,Vinhomes JSC,Vietnam,Real Estate Management & Development,2022,1.00281274319,26.28913688660,10.18538761139,0.10006947070,0.51894921064,0.86686486006,0.00982572697,0.02479703538,262220368.00000000000,0.07177147269,0.17788876593,0.16281488538,-29.02546882629,1235137230.00000000000,4.00000000000,22.22222137451,TRUE,53.24175643921,8.10256671906,8.53750038147,3.61780714989,4.44283294678,0.00000000000,3.00000000000
669,VHM.HM,Vinhomes JSC,Vietnam,Real Estate Management & Development,2023,0.89507538080,25.91224670410,10.26310825348,0.12748460472,0.47471585870,0.79551547766,0.06216719747,0.00220711296,135465712.00000000000,0.04824745283,0.12441272289,0.16060326993,61.52895355225,1382229019.00000000000,2.00000000000,37.50000000000,TRUE,48.12576293945,10.34490489960,5.06502389908,3.63582038879,2.09339094162,0.00000000000,3.00000000000
669,VHM.HM,Vinhomes JSC,Vietnam,Real Estate Management & Development,2024,0.73661971092,33.07901382446,10.34524059296,0.14408159256,0.49366834760,0.77033334970,0.07767076045,0.01266605500,576018112.00000000000,0.07317492366,0.09694281965,0.16946755350,-5.92220449448,1376479042.00000000000,28.00000000000,37.50000000000,TRUE,51.26373672485,13.32596588135,7.09118747711,3.67369270325,4.15958642960,0.00000000000,3.00000000000
670,VNM.HM,Vietnam Dairy Products JSC,Vietnam,Food Products,2022,2.27158451080,70.63884735107,9.31249046326,0.10175097734,0.31575044990,0.82154881954,0.08671236038,0.02005900443,-2058803.37500000000,0.35735377669,0.11421739310,0.26123762131,-4.85295629501,363302639.50000000000,4.00000000000,30.00000000000,TRUE,74.56044006348,68.53351593018,8.53750038147,3.61780714989,4.44283294678,2.08543777466,3.00000000000
670,VNM.HM,Vietnam Dairy Products JSC,Vietnam,Food Products,2023,2.18170118332,70.89179992676,9.33670043945,0.16054095328,0.32537674904,0.81704020500,0.05983464792,0.03581581637,25230166.00000000000,0.46267485619,0.11634117365,0.23969310522,-2.00946617126,371778819.70000000000,4.00000000000,27.27272796631,TRUE,68.98046112061,69.05922698975,5.06502389908,3.63582038879,2.09339094162,1.56689441204,3.00000000000
670,VNM.HM,Vietnam Dairy Products JSC,Vietnam,Food Products,2024,2.22190833092,75.02666473389,9.33455085754,0.16845589876,0.33532899618,0.81068736315,0.10173292458,0.00632163417,-26926360.00000000000,0.46068331599,0.10330494493,0.23724250495,-2.55843591690,370992660.50000000000,16.00000000000,30.00000000000,TRUE,81.54456329346,68.79188537598,7.09118747711,3.67369270325,4.15958642960,2.84424304962,3.00000000000
