ID,identifier,companyname,countryofexchange,gicsindustryname,year,fv,esg,size,lev,lctat,lctlt,chlct,ch,cf,cheat,inventory,fixed,growth,ni,boardmeetings,female,ceo,g_score,e_score,gdpgrowth,gdppercapita,inf,climateriskscore,n_years
1,ABB.NS,ABB India Ltd,India,Electrical Equipment,2022,10.90621,44.22189,9.051739,0.0035511,0.4668633,0.9934959,0.0549061,0.3112179,2.94E+08,0.4050374,0.1588295,0.101999,11.23485,1.24E+08,7,50,TRUE,47.50613,38.47074,7.609365,3.370596,5.897142,2.069082,3
1,ABB.NS,ABB India Ltd,India,Electrical Equipment,2023,9.331633,40.13537,9.121368,0.0044522,0.4557834,0.991609,0.0748101,0.0456105,-2.73E+08,0.5137473,0.1497193,0.094118,21.23825,1.50E+08,4,50,TRUE,36.29474,38.99541,9.190755,3.403141,2.591949,1.968976,3
1,ABB.NS,ABB India Ltd,India,Electrical Equipment,2024,8.386556,47.19851,9.160877,0.0041868,0.4256169,0.9921049,0.0559788,0.0516813,6867008,0.4863525,0.1490494,0.0919361,13.44952,2.19E+08,4,50,TRUE,42.3728,39.12283,6.484224,3.430827,3.20181,1.980819,3
2,ACEL.NS,Action Construction Equipment Ltd,India,Machinery,2022,6.897008,23.45686,8.289389,0.0046559,0.4143621,0.9731211,0.0084371,0.0099321,1917916,0.1843385,0.2713705,0.3112076,22.4344,21054418,4,37.5,TRUE,52.26767,6.552428,7.609365,3.370596,5.897142,1.20757,3
2,ACEL.NS,Action Construction Equipment Ltd,India,Machinery,2023,5.641235,23.42229,8.415397,0.0020572,0.4262217,0.9842378,0.0155994,0.0155742,3206359,0.29326,0.2623164,0.2783039,32.99223,39375909,4,37.5,TRUE,42.59937,7.553465,9.190755,3.403141,2.591949,1,3
2,ACEL.NS,Action Construction Equipment Ltd,India,Machinery,2024,4.465038,29.72402,8.501393,0.0060633,0.3989561,0.9866688,0.0065304,0.0154119,74359.27,0.195984,0.2051131,0.2678233,11.37637,47892382,4,37.5,TRUE,44.18682,9.790412,6.484224,3.430827,3.20181,1.592711,3
3,ADAG.NS,Adani Total Gas Ltd,India,Gas Utilities,2022,11.32297,44.19226,8.837027,0.2519069,0.3885303,0.8110555,0.0054893,0,-2323515,0.0109179,0.0161125,0.6942678,35.75877,64403603,6,22.22222,TRUE,44.0632,36.97926,7.609365,3.370596,5.897142,0,3
3,ADAG.NS,Adani Total Gas Ltd,India,Gas Utilities,2023,10.02264,52.15115,8.898103,0.2362383,0.2746584,0.6011907,0.017763,0.0159287,1.50E+07,0.0246758,0.0150443,0.7020583,1.403202,77936413,4,27.27273,TRUE,61.34929,42.92997,9.190755,3.403141,2.591949,1,3
3,ADAG.NS,Adani Total Gas Ltd,India,Gas Utilities,2024,8.896571,50.86741,8.952784,0.2392915,0.2006847,0.4448645,0.0468213,0.0198311,1.02E+07,0.0476698,0.0150899,0.713847,9.678983,74825044,4,10,TRUE,64.8302,36.76004,6.484224,3.430827,3.20181,2.328092,3
4,ADAI.NS,Adani Energy Solutions Ltd,India,Electric Utilities,2022,1.67683,50.69281,9.817184,0.6354333,0.1301143,0.1663552,0.023814,0.0004363,193524.8,0.0375109,0.0051782,0.6887954,9.083857,1.55E+08,5,28.57143,TRUE,45.02042,47.08116,7.609365,3.370596,5.897142,2.495508,3
4,ADAI.NS,Adani Energy Solutions Ltd,India,Electric Utilities,2023,1.572446,47.21267,9.846835,0.6328167,0.1368529,0.1745137,0.0300261,0.0085586,6.62E+07,0.0353886,0.0080941,0.6866398,23.15203,1.44E+08,6,28.57143,TRUE,45.08931,48.57031,9.190755,3.403141,2.591949,2.43341,3
4,ADAI.NS,Adani Energy Solutions Ltd,India,Electric Utilities,2024,1.24934,53.80625,9.937285,0.5445542,0.1354298,0.1930244,0.0614932,0.0212877,1.69E+08,0.0908059,0.0179613,0.5887967,39.59471,1.05E+08,6,28.57143,FALSE,57.71697,51.41315,6.484224,3.430827,3.20181,2.790138,3
7,ADIA.NS,Aditya Birla Fashion and Retail Ltd,India,Specialty Retail,2022,0.5454636,74.78539,9.316842,0.3857023,0.4197519,0.5222014,0.0267296,0.029428,6.99E+07,0.0680491,0.2577125,0.2803927,40.99861,-7238315.5,11,18.18182,TRUE,58.92767,90.94855,7.609365,3.370596,5.897142,1.997528,3
7,ADIA.NS,Aditya Birla Fashion and Retail Ltd,India,Specialty Retail,2023,0.4226072,77.38594,9.430264,0.421043,0.3853104,0.4694269,0,0.0205986,-2.86E+07,0.0837645,0.2007048,0.2590608,-48.86797,-1.09E+08,7,25,TRUE,72.83591,91.1425,9.190755,3.403141,2.591949,2.70084,3
7,ADIA.NS,Aditya Birla Fashion and Retail Ltd,India,Specialty Retail,2024,0.5884447,70.13779,9.289428,0.3014982,0.2355083,0.3987594,0,0.0464593,3.66E+07,0.1037815,0.1475038,0.2409267,11.37147,-73045056,8,28.57143,TRUE,59.01573,88.36099,6.484224,3.430827,3.20181,1.669813,3
8,ADNA.NS,Adani Green Energy Ltd,India,Independent Power and Renewable Electricity Producers,2022,2.202171,56.37149,9.913748,0.8049613,0.1253396,0.1405831,0.0374275,0.0101839,5.29E+07,0.0412986,0.0018111,0.7949407,40.23843,1.11E+08,7,10,TRUE,37.25495,68.31343,7.609365,3.370596,5.897142,1.109407,3
8,ADNA.NS,Adani Green Energy Ltd,India,Independent Power and Renewable Electricity Producers,2023,1.706881,58.22895,10.02622,0.7325442,0.302853,0.3406942,0.058104,0.0005647,7.27E+07,0.060641,0.0042694,0.7750118,16.63713,1.17E+08,6,22.22222,TRUE,37.88784,68.34013,9.190755,3.403141,2.591949,1.130435,3
8,ADNA.NS,Adani Green Energy Ltd,India,Independent Power and Renewable Electricity Producers,2024,1.343004,68.1436,10.11517,0.7185048,0.1516006,0.1701373,0.1226315,0.0012747,7.08E+07,0.0505461,0.0013824,0.8465322,18.61666,1.82E+08,8,10,TRUE,38.24183,82.87471,6.484224,3.430827,3.20181,1.137972,3
9,ADRG.NS,Aarti Drugs Ltd,India,Pharmaceuticals,2022,1.713053,21.97227,8.469406,0.2514723,0.3921193,0.7725837,0,0.0030988,-1717210,0.0082478,0.2132202,0.3560931,0.8241578,20247955,6,7.142857,TRUE,5.37902,15.80287,7.609365,3.370596,5.897142,1.725896,3
9,ADRG.NS,Aarti Drugs Ltd,India,Pharmaceuticals,2023,1.717221,29.95751,8.465122,0.2319889,0.3270665,0.6912896,0,0.0027721,-91265.75,0.0080673,0.1997618,0.4255689,-8.231721,20586767,6,15.38461,TRUE,11.70033,32.56833,9.190755,3.403141,2.591949,1.302833,3
9,ADRG.NS,Aarti Drugs Ltd,India,Pharmaceuticals,2024,1.625165,27.27785,8.479012,0.2388918,0.3250773,0.6941892,0,0.0029363,-253949.7,0.0090671,0.183685,0.4618554,-7.917879,19672323,7,12.5,TRUE,13.8277,27.88294,6.484224,3.430827,3.20181,1.337069,3
10,AEGS.NS,Aegis Logistics Ltd,India,"Oil, Gas & Consumable Fuels",2022,3.388945,28.21806,8.940416,0.2685996,0.158173,0.3120757,0.0448719,0,8.99E+07,0.3212119,0.022269,0.5663608,72.10242,62158727,8,11.11111,TRUE,44.01244,26.19894,7.609365,3.370596,5.897142,1.528238,3
10,AEGS.NS,Aegis Logistics Ltd,India,"Oil, Gas & Consumable Fuels",2023,3.000601,39.8353,8.986122,0.3301722,0.1292217,0.2496556,0.034777,0,2.40E+07,0.2103951,0.0098478,0.5970988,-19.49514,80648374,6,11.11111,FALSE,55.54595,29.29957,9.190755,3.403141,2.591949,1.845842,3
10,AEGS.NS,Aegis Logistics Ltd,India,"Oil, Gas & Consumable Fuels",2024,2.130633,43.87396,9.118774,0.4100543,0.1194708,0.2032717,0.0314093,0,4.43E+07,0.3398467,0.017482,0.567786,-6.363316,92149198,5,11.11111,FALSE,62.81026,28.71979,6.484224,3.430827,3.20181,1.845842,3
12,AIAE.NS,AIA Engineering Ltd,India,Machinery,2022,4.114721,60.03313,8.906932,0.0757859,0.1319508,0.930969,0.3514051,0,6179175,0.5514191,0.1912952,0.1639359,27.14929,1.29E+08,4,33.33333,TRUE,71.69939,41.90944,7.609365,3.370596,5.897142,2.131406,3
12,AIAE.NS,AIA Engineering Ltd,India,Machinery,2023,3.661328,57.83714,8.953876,0.0615143,0.0998742,0.8939012,0.2275302,0.0013347,-1.53E+07,0.5557188,0.168363,0.1573443,-2.53231,1.36E+08,4,33.33333,TRUE,63.53989,46.97584,9.190755,3.403141,2.591949,2.089892,3
12,AIAE.NS,AIA Engineering Ltd,India,Machinery,2024,3.531571,55.5574,8.962276,0.0626198,0.1005712,0.8685961,0.5040205,0,2.54E+07,0.5570319,0.1400185,0.1568596,-13.83844,1.24E+08,5,33.33333,TRUE,61.70063,40.64611,6.484224,3.430827,3.20181,1,3
13,AISG.NS,Asahi India Glass Ltd,India,Automobile Components,2022,4.408309,30.78167,8.746239,0.3059613,0.3530691,0.6453696,0.0296937,0,3555258,0.0280424,0.2539435,0.5587586,17.10246,44020204,4,20,TRUE,59.14479,19.55538,7.609365,3.370596,5.897142,2.253691,3
13,AISG.NS,Asahi India Glass Ltd,India,Automobile Components,2023,3.720311,27.37415,8.819427,0.3577581,0.3080927,0.5385581,0.0435496,0,7098980,0.0375837,0.1928482,0.6059266,6.466143,38998200,5,30,TRUE,39.84233,18.72436,9.190755,3.403141,2.591949,2.095403,3
13,AISG.NS,Asahi India Glass Ltd,India,Automobile Components,2024,3.049977,34.88512,8.900145,0.3970367,0.2748667,0.4528951,0.0195843,0,-1568169,0.028433,0.1764662,0.6624982,3.24271,42984201,4,33.33333,TRUE,50.27798,21.8292,6.484224,3.430827,3.20181,2.154205,3
14,AITE.NS,Aditya Birla Real Estate Ltd,India,Paper & Forest Products,2022,2.210157,38.51737,9.01228,0.1253378,0.3997828,0.7401885,0.0113738,0.0011927,-1.75E+07,0.0119662,0.4012913,0.3906082,-14.30716,39263632,5,25,TRUE,30.02811,31.46285,7.609365,3.370596,5.897142,2.686996,3
14,AITE.NS,Aditya Birla Real Estate Ltd,India,Paper & Forest Products,2023,1.846802,48.38671,9.100704,0.2380259,0.3331776,0.5361712,0.0452802,0.0203765,5.19E+07,0.0781369,0.4597865,0.2834162,-71.68769,15386923,6,28.57143,TRUE,23.41457,63.81844,9.190755,3.403141,2.591949,2.003505,3
14,AITE.NS,Aditya Birla Real Estate Ltd,India,Paper & Forest Products,2024,1.166007,54.92416,9.286644,0.3022131,0.5090984,0.6631269,0.0230533,0.0331975,5.70E+07,0.1141879,0.5512857,0.0420627,8.026156,-17406671,8,28.57143,TRUE,49.07974,52.94168,6.484224,3.430827,3.20181,3.327509,3
16,AKZO.NS,Akzo Nobel India Ltd,India,Chemicals,2022,5.315094,50.18029,8.52317,0.0254333,0.4611932,0.8874456,0.0977925,0.0697318,2.07E+07,0.1969846,0.221383,0.2114578,11.55663,40786271,6,16.66667,TRUE,66.91386,31.64279,7.609365,3.370596,5.897142,2.087081,3
16,AKZO.NS,Akzo Nobel India Ltd,India,Chemicals,2023,5.10759,55.06305,8.542076,0.0207996,0.4902028,0.9043837,0.0935722,0.0483832,-4919016,0.1849512,0.2166053,0.2211164,2.707442,51181764,4,16.66667,TRUE,65.07108,47.46756,9.190755,3.403141,2.591949,1.958314,3
16,AKZO.NS,Akzo Nobel India Ltd,India,Chemicals,2024,5.240213,49.41148,8.531195,0.0213887,0.4994489,0.9217519,0.082615,0.044224,-2984201,0.0963365,0.2175036,0.1880898,0.7334306,50263312,5,16.66667,TRUE,40.63715,41.2603,6.484224,3.430827,3.20181,2.16281,3
17,ALEM.NS,Alembic Pharmaceuticals Ltd,India,Pharmaceuticals,2022,2.915131,43.24706,8.876527,0.1167782,0.2647525,0.9031981,0.046111,0,1752678,0.0097908,0.2472606,0.485171,-1.578702,41623661,5,11.11111,TRUE,45.02354,44.89108,7.609365,3.370596,5.897142,1.64678,3
17,ALEM.NS,Alembic Pharmaceuticals Ltd,India,Pharmaceuticals,2023,2.83839,42.52937,8.888356,0.0796142,0.2257361,0.8940752,0.0826186,0,5366527,0.019165,0.2640305,0.4764614,8.616941,73884823,7,11.11111,TRUE,38.56734,51.13726,9.190755,3.403141,2.591949,2.193743,3
17,ALEM.NS,Alembic Pharmaceuticals Ltd,India,Pharmaceuticals,2024,2.309793,41.26701,8.958873,0.1617792,0.310351,0.9342912,0.0346054,0,-4298420,0.0126332,0.2999277,0.4323666,4.486997,68111176,5,10,TRUE,44.72802,47.42436,6.484224,3.430827,3.20181,1.747876,3
19,ALKE.NS,Alkem Laboratories Ltd,India,Pharmaceuticals,2022,4.436992,34.73897,9.223851,0.1015278,0.269481,0.7868568,0.0538392,0.0053945,5065726,0.0750632,0.198372,0.1827134,0.7662795,1.23E+08,8,25,TRUE,31.15501,35.88134,7.609365,3.370596,5.897142,1.964346,3
19,ALKE.NS,Alkem Laboratories Ltd,India,Pharmaceuticals,2023,3.956291,44.08575,9.27152,0.0910702,0.2564736,0.7590103,0.1139227,0,-2.49E+07,0.2724529,0.17871,0.1641763,7.651032,2.17E+08,7,25,TRUE,47.33138,54.38898,9.190755,3.403141,2.591949,2.825707,3
19,ALKE.NS,Alkem Laboratories Ltd,India,Pharmaceuticals,2024,3.574022,38.8053,9.316043,0.0780562,0.2241229,0.694851,0.049632,0.006068,-2.18E+07,0.2366034,0.1725766,0.1618158,-0.1710913,2.59E+08,10,25,FALSE,24.19395,55.08514,6.484224,3.430827,3.20181,1.888104,3
22,AMBE.NS,Amber Enterprises India Ltd,India,Household Durables,2022,3.708113,24.59509,8.880755,0.233067,0.5523978,0.7956531,0,0.0517641,2993781,0.1371132,0.1864351,0.2886367,52.13538,19933739,5,16.66667,TRUE,27.51403,15.00699,7.609365,3.370596,5.897142,1.492799,3
22,AMBE.NS,Amber Enterprises India Ltd,India,Household Durables,2023,3.596626,27.66234,8.89819,0.2334145,0.4982765,0.7254034,0,0.0200012,-2.30E+07,0.1259431,0.131298,0.3209772,-4.242774,16732681,5,14.28571,TRUE,25.75289,13.5336,9.190755,3.403141,2.591949,1.794488,3
22,AMBE.NS,Amber Enterprises India Ltd,India,Household Durables,2024,2.835192,31.33008,8.994018,0.2442795,0.5406142,0.741798,0,0.025249,9470884,0.1544944,0.1999895,0.2827882,44.56134,29391621,6,14.28571,TRUE,20.99161,17.29938,6.484224,3.430827,3.20181,2.326277,3
23,ANUY.NS,Anupam Rasayan India Ltd,India,Chemicals,2022,3.205812,43.7626,8.662592,0.2175028,0.2146136,0.5769405,0.2316362,0.0996546,1.70E+07,0.2013232,0.2465553,0.370573,38.82526,26393257,10,25,TRUE,25.62702,33.08789,7.609365,3.370596,5.897142,1.406703,3
23,ANUY.NS,Anupam Rasayan India Ltd,India,Chemicals,2023,2.649891,39.04578,8.742009,0.2325287,0.2858118,0.7145391,0.1899339,0.0085747,7437793,0.0924767,0.229335,0.4272686,-9.232493,20088062,11,25,TRUE,24.241,32.39846,9.190755,3.403141,2.591949,1.776062,3
23,ANUY.NS,Anupam Rasayan India Ltd,India,Chemicals,2024,2.369401,42.77736,8.790007,0.2606594,0.3431856,0.7476336,0.0625184,0.0027845,-1.60E+07,0.0289827,0.2754857,0.4278955,-4.976699,18721123,13,25,FALSE,29.62531,34.49035,6.484224,3.430827,3.20181,1.789908,3
24,APAR.NS,Apar Industries Ltd,India,Industrial Conglomerates,2022,3.768559,34.8642,9.000087,0.0457832,0.6963013,0.9566479,0,0.0645075,2.99E+07,0.0877767,0.3134278,0.1275839,42.26264,77619279,4,14.28571,TRUE,43.3061,20.97523,7.609365,3.370596,5.897142,2.427202,3
24,APAR.NS,Apar Industries Ltd,India,Industrial Conglomerates,2023,3.218212,36.90815,9.062078,0.0494615,0.5528622,0.9262753,0.1070184,0.0015672,1.02E+07,0.0744937,0.3226537,0.1364916,10.9406,98992202,5,16.66667,TRUE,45.12336,22.90395,9.190755,3.403141,2.591949,1.976555,3
24,APAR.NS,Apar Industries Ltd,India,Industrial Conglomerates,2024,2.741358,55.76621,9.119964,0.0519108,0.5623387,0.9369705,0.1083703,8.88E-07,1.20E+07,0.0913499,0.332595,0.1479347,12.20569,96114687,5,28.57143,TRUE,41.55122,59.80856,6.484224,3.430827,3.20181,2.235379,3
25,APCI.NS,Apcotex Industries Ltd,India,Chemicals,2022,2.390203,24.21462,7.990294,0.1889266,0.2239981,0.5496454,0.0067956,0.0174843,1557583,0.0459237,0.1423816,0.4924966,4.261041,13137634,6,11.11111,TRUE,57.38862,5.208175,7.609365,3.370596,5.897142,1.51506,3
25,APCI.NS,Apcotex Industries Ltd,India,Chemicals,2023,2.076398,48.04549,8.043849,0.2042682,0.2952163,0.6799889,0.0139384,0.0123635,910329.9,0.046198,0.1470408,0.4247831,2.645169,6464151.2,5,11.11111,TRUE,67.24839,26.94984,9.190755,3.403141,2.591949,1.955534,3
25,APCI.NS,Apcotex Industries Ltd,India,Chemicals,2024,1.955086,50.27209,8.067789,0.1895555,0.3512141,0.787156,0.0174478,0.0204444,1344073,0.0519848,0.149583,0.396617,20.77166,6327045.1,5,27.27273,TRUE,83.34495,28.43633,6.484224,3.430827,3.20181,1.667849,3
26,APLA.NS,APL Apollo Tubes Ltd,India,Metals & Mining,2022,7.363226,52.57833,8.852616,0.1491909,0.3725885,0.7660698,0.0562734,0,-4995132,0.0831453,0.2641845,0.4811822,14.3239,78123174,6,10,TRUE,40.51754,60.15894,7.609365,3.370596,5.897142,1.897774,3
26,APLA.NS,APL Apollo Tubes Ltd,India,Metals & Mining,2023,6.04826,58.29735,8.935629,0.1592157,0.3472232,0.6966224,0.1383174,0,2.67E+07,0.1917278,0.2458038,0.465294,10.47984,87875225,4,10,TRUE,31.37932,80.2771,9.190755,3.403141,2.591949,2.53291,3
26,APLA.NS,APL Apollo Tubes Ltd,India,Metals & Mining,2024,5.806575,53.12785,8.948887,0.083519,0.3462423,0.7764205,0.0241356,0.0401514,2766530,0.054959,0.2402491,0.5086161,11.38198,88596840,4,18.18182,TRUE,28.08581,71.91874,6.484224,3.430827,3.20181,2.914935,3
27,APLO.NS,Apollo Tyres Ltd,India,Automobile Components,2022,1.015225,49.31092,9.522345,0.2347284,0.2926257,0.5417458,0.0871369,0.0050653,-4086539,0.0421215,0.1619003,0.6172917,8.349682,1.27E+08,5,14.28571,TRUE,35.76843,38.369,7.609365,3.370596,5.897142,2.576587,3
27,APLO.NS,Apollo Tyres Ltd,India,Automobile Components,2023,1.042056,53.19002,9.509771,0.1819579,0.2612951,0.5395431,0.1094332,0.0052205,8372526,0.0506327,0.1574979,0.6060632,1.820504,2.07E+08,5,13.33333,TRUE,37.9468,42.40767,9.190755,3.403141,2.591949,2.007972,3
27,APLO.NS,Apollo Tyres Ltd,India,Automobile Components,2024,1.033418,56.89584,9.504546,0.1615187,0.2695488,0.5869312,0.1197778,0.0001648,-3004330,0.0320627,0.187913,0.581419,0.4086214,1.31E+08,5,15.38461,TRUE,55.06961,41.74335,6.484224,3.430827,3.20181,1.947863,3
28,ARBN.NS,Aurobindo Pharma Ltd,India,Pharmaceuticals,2022,1.438916,61.30917,9.686204,0.1325197,0.288137,0.88074,0.1450028,0.0684297,2.80E+07,0.1697416,0.2133676,0.3131558,-2.103931,2.35E+08,9,22.22222,TRUE,53.28296,58.59737,7.609365,3.370596,5.897142,2.274397,3
28,ARBN.NS,Aurobindo Pharma Ltd,India,Pharmaceuticals,2023,1.308952,69.10607,9.732997,0.1474907,0.2706617,0.8010613,0.1051362,0.0468347,-1.21E+08,0.1563309,0.2176149,0.3169386,15.01657,3.80E+08,5,20,TRUE,61.03643,62.66375,9.190755,3.403141,2.591949,2.012257,3
28,ARBN.NS,Aurobindo Pharma Ltd,India,Pharmaceuticals,2024,1.189717,61.52381,9.765387,0.1659712,0.2949151,0.8570301,0.1804467,0.0586436,2.55E+08,0.1774897,0.2117852,0.3104437,6.696895,4.08E+08,7,20,TRUE,45.25962,58.91339,6.484224,3.430827,3.20181,2.608832,3
29,ARTI.NS,Aarti Industries Ltd,India,Chemicals,2022,1.519708,58.54292,9.018872,0.3388118,0.3243622,0.7602996,0.060162,0,3306962,0.0233936,0.1201564,0.6815672,0.474811,66361977,7,18.75,TRUE,24.96681,49.10735,7.609365,3.370596,5.897142,1.551659,3
29,ARTI.NS,Aarti Industries Ltd,India,Chemicals,2023,1.325307,61.23945,9.084067,0.3581423,0.3027581,0.6346521,0.1398521,0,3.13E+07,0.0598471,0.1230301,0.6618791,-5.095331,49965207,8,18.75,TRUE,27.53745,51.81115,9.190755,3.403141,2.591949,1.752842,3
29,ARTI.NS,Aarti Industries Ltd,India,Chemicals,2024,1.228163,60.10809,9.11414,0.346226,0.3119084,0.6292934,0.0575208,0,-2.68E+07,0.0284088,0.1359596,0.6840623,11.3036,38720889,10,14.28571,TRUE,25.99045,48.31722,6.484224,3.430827,3.20181,2.657902,3
32,ASPN.NS,Asian Paints Ltd,India,Chemicals,2022,8.755334,64.83091,9.496925,0.0749136,0.3060675,0.8052331,0.0588556,0.002263,9.38E+07,0.1864932,0.2407411,0.2470796,9.484516,5.11E+08,10,28.57143,TRUE,87.52743,49.95557,7.609365,3.370596,5.897142,2.451137,3
32,ASPN.NS,Asian Paints Ltd,India,Chemicals,2023,7.599337,66.25652,9.555116,0.0826886,0.2840842,0.7592997,0.0779841,0.0055607,6.87E+07,0.2075474,0.1979479,0.3007891,1.447947,6.67E+08,8,30.76923,TRUE,79.10862,63.21391,9.190755,3.403141,2.591949,2.168282,3
32,ASPN.NS,Asian Paints Ltd,India,Chemicals,2024,7.638388,71.89909,9.550753,0.0754095,0.2680561,0.7420303,0.0424739,0.0032758,-3.15E+07,0.1529489,0.221237,0.3254983,-6.824582,4.34E+08,8,38.46154,TRUE,78.54106,69.38427,6.484224,3.430827,3.20181,2.053625,3
33,ASTL.NS,Astral Ltd,India,Building Products,2022,8.236353,47.50602,8.726129,0.0199172,0.3049782,0.8025152,0.1120942,0,-1.36E+07,0.1860085,0.2113146,0.3619401,8.455789,55927459,7,33.33333,TRUE,38.98718,52.43716,7.609365,3.370596,5.897142,2.259773,3
33,ASTL.NS,Astral Ltd,India,Building Products,2023,8.038311,49.61821,8.732104,0.0265457,0.2492719,0.8560085,0.171691,0,9586083,0.1373849,0.2063852,0.4413615,7.799882,65458908,8,25,TRUE,40.6483,51.08781,9.190755,3.403141,2.591949,1.878313,3
33,ASTL.NS,Astral Ltd,India,Building Products,2024,7.2036,57.60105,8.772095,0.0461234,0.2261274,0.7945101,0.1705589,0,-152135.8,0.1318956,0.2025514,0.4741297,0.844901,60725571,4,20,TRUE,34.03019,71.65951,6.484224,3.430827,3.20181,1.699165,3
34,ASTR.NS,Astrazeneca Pharma India Ltd,India,Pharmaceuticals,2022,20.14003,67.03357,8.078718,0.0073208,0.3898281,0.9690797,0.0065116,0.505488,6319377,0.5396309,0.193589,0.0712683,15.01589,12084956,5,42.85714,TRUE,72.97315,77.94131,7.609365,3.370596,5.897142,1.407394,3
34,ASTR.NS,Astrazeneca Pharma India Ltd,India,Pharmaceuticals,2023,18.24654,58.8863,8.111725,0.0042578,0.3312709,0.9754446,0.0528394,0.4514717,627474.5,0.5060078,0.2121184,0.0601467,27.3252,19377325,6,42.85714,TRUE,60.3587,73.35491,9.190755,3.403141,2.591949,1.545336,3
34,ASTR.NS,Astrazeneca Pharma India Ltd,India,Pharmaceuticals,2024,12.87559,62.93535,8.249594,0.0235357,0.4630727,0.9401286,0.0381366,0.3355005,3577531,0.4851108,0.3624022,0.0418807,29.22208,13544763,7,62.5,TRUE,71.94004,76.50909,6.484224,3.430827,3.20181,1.603445,3
35,ATLP.NS,Atul Ltd,India,Chemicals,2022,3.120348,25.51922,8.846363,0.0090569,0.1456714,0.7662138,0.0452852,0,-2390458,0.0386587,0.142289,0.4796376,-1.315034,61663827,5,9.090909,TRUE,43.17682,21.73376,7.609365,3.370596,5.897142,2.136724,3
35,ATLP.NS,Atul Ltd,India,Chemicals,2023,2.814857,26.61433,8.89042,0.0365256,0.1371791,0.6523122,0.067829,0,2664667,0.0847694,0.1004249,0.4692262,-14.17423,38886623,5,8.333333,TRUE,49.60773,22.81267,9.190755,3.403141,2.591949,2.303632,3
35,ATLP.NS,Atul Ltd,India,Chemicals,2024,2.568008,22.72574,8.913447,0.0288145,0.1262364,0.6301731,0.0581253,0,-1040375,0.1322836,0.1092803,0.4196135,15.24553,58376829,6,8.333333,TRUE,40.15833,22.00985,6.484224,3.430827,3.20181,2.040048,3
36,AVNT.NS,Avanti Feeds Ltd,India,Food Products,2022,3.012867,18.1897,8.522241,0.0011166,0.1181677,0.5055774,0.1094399,0,-3867308,0.4592425,0.2965061,0.1576683,-6.681482,38005392,6,9.090909,TRUE,10.18641,27.15143,7.609365,3.370596,5.897142,1.791039,3
36,AVNT.NS,Avanti Feeds Ltd,India,Food Products,2023,2.667665,23.80395,8.570203,0.0053343,0.1133547,0.4793077,0.0003884,0.0039969,-2533533,0.5158721,0.2865984,0.1630823,4.034917,47247666,7,10,TRUE,5.246413,46.28041,9.190755,3.403141,2.591949,1.935834,3
36,AVNT.NS,Avanti Feeds Ltd,India,Food Products,2024,2.309141,22.67203,8.634455,0.0041103,0.1229887,0.5136788,0.0002992,0.0066384,1593212,0.6055499,0.2402042,0.1610061,1.963932,65190439,8,9.090909,TRUE,4.81269,44.17019,6.484224,3.430827,3.20181,1.902861,3
38,BACH.NS,Balrampur Chini Mills Ltd,India,Food Products,2022,2.046968,53.43383,8.820021,0.3462481,0.3618731,0.7755549,0.0001578,0.0006698,-1448.393,0.0136981,0.4321641,0.4830404,-11.05216,34587025,7,28.57143,TRUE,69.13377,64.32258,7.609365,3.370596,5.897142,2.383313,3
38,BACH.NS,Balrampur Chini Mills Ltd,India,Food Products,2023,1.863841,53.11605,8.863423,0.3301287,0.3483484,0.7895858,0.0001506,0,1115.777,0.000207,0.4732,0.4410315,18.1749,64124067,7,28.57143,TRUE,66.9483,64.52858,9.190755,3.403141,2.591949,2.03156,3
38,BACH.NS,Balrampur Chini Mills Ltd,India,Food Products,2024,1.543581,48.00581,8.921317,0.3684926,0.3586108,0.7669235,0.0001395,0,4376.829,0.0002249,0.4388533,0.3858307,-5.567812,51131796,8,33.33333,TRUE,71.76775,45.97446,6.484224,3.430827,3.20181,2.498092,3
39,BAJE.NS,Bharat Electronics Ltd,India,Aerospace & Defense,2022,7.263707,54.10003,9.63546,0.0017283,0.5794619,0.9508191,0.0409292,0.087457,3.22E+08,0.2204459,0.2106451,0.086093,6.606675,3.58E+08,8,21.42857,TRUE,17.65715,70.04581,7.609365,3.370596,5.897142,1.335838,3
39,BAJE.NS,Bharat Electronics Ltd,India,Aerospace & Defense,2023,6.54766,51.2201,9.675984,0.0015815,0.5572624,0.9494194,0.0268546,0.0155541,-3.29E+08,0.3064136,0.2171746,0.0820937,12.65576,4.73E+08,8,7.692307,TRUE,9.017069,71.85238,9.190755,3.403141,2.591949,1.585673,3
39,BAJE.NS,Bharat Electronics Ltd,India,Aerospace & Defense,2024,6.387878,47.42054,9.679287,0.0014996,0.4837531,0.9470021,0.0245406,0.0056013,-5.77E+07,0.2343258,0.2479573,0.0901627,14.38889,6.19E+08,7,7.142857,TRUE,10.13525,66.67048,6.484224,3.430827,3.20181,1.5305,3
40,BAMN.NS,Balaji Amines Ltd,India,Chemicals,2022,2.379339,8.612359,8.378218,0.0293326,0.0760837,0.3655102,1.579372,0,1.40E+07,0.1633063,0.1591499,0.452674,-6.222363,49377191,5,0,0,12.17803,5.628956,7.609365,3.370596,5.897142,2.383394,3
40,BAMN.NS,Balaji Amines Ltd,India,Chemicals,2023,2.234657,15.1049,8.410755,0.0091778,0.0692886,0.3504732,2.223322,0,-1818644,0.1660359,0.1377848,0.5095901,-31.30339,27870786,4,10,TRUE,44.64091,4.536288,9.190755,3.403141,2.591949,1.633708,3
40,BAMN.NS,Balaji Amines Ltd,India,Chemicals,2024,2.128691,42.33769,8.420868,0.0048965,0.0575869,0.3186456,2.700666,0,7921838,0.1591869,0.1234031,0.5474126,-16.98208,18559555,4,25,TRUE,76.01003,12.77507,6.484224,3.430827,3.20181,1.633708,3
41,BANN.NS,Bannari Amman Sugars Ltd,India,Food Products,2022,1.878315,26.20803,8.458008,0.246425,0.2430455,0.7105568,0.0099076,0,345228.8,0.0020428,0.41217,0.4664999,16.77094,17452702,5,14.28571,TRUE,38.72657,17.80388,7.609365,3.370596,5.897142,0,3
41,BANN.NS,Bannari Amman Sugars Ltd,India,Food Products,2023,1.840496,36.73294,8.465586,0.1996243,0.2347017,0.7655017,0.0111463,0.0002461,82819.44,0.0029126,0.4143645,0.4859627,-13.34181,18272609,4,16.66667,TRUE,63.4569,24.16587,9.190755,3.403141,2.591949,1.534182,3
41,BANN.NS,Bannari Amman Sugars Ltd,India,Food Products,2024,2.062926,41.65569,8.415815,0.0673259,0.1349166,0.6716831,0.0043486,0,-592627.3,0.0005232,0.3978707,0.5389538,-21.23154,12249046,4,16.66667,TRUE,69.77614,21.44412,6.484224,3.430827,3.20181,2.067581,3
42,BARA.NS,Bharat Dynamics Ltd,India,Aerospace & Defense,2022,6.035057,39.89612,9.02348,0.0006005,0.2543654,0.403954,0.3499822,0.0323749,9.59E+07,0.5431012,0.2384851,0.0894202,-18.37301,42864520,5,9.090909,TRUE,58.65236,26.40157,7.609365,3.370596,5.897142,2.317089,3
42,BARA.NS,Bharat Dynamics Ltd,India,Aerospace & Defense,2023,5.130265,42.92873,9.093617,0.0003618,0.2906908,0.4484045,0.1267906,0.0205697,-5.51E+07,0.4806107,0.3411626,0.0771879,-6.183994,73511770,6,8.333333,TRUE,52.33657,29.8836,9.190755,3.403141,2.591949,0,3
42,BARA.NS,Bharat Dynamics Ltd,India,Aerospace & Defense,2024,4.498766,42.89898,9.138048,0.0001801,0.3713157,0.5638004,0,0.0113994,-5.38E+07,0.4863286,0.2252597,0.0711481,37.71488,64323604,5,10,TRUE,56.63618,26.20591,6.484224,3.430827,3.20181,1,3
43,BARQ.NS,Barbeque-Nation Hospitality Ltd,India,"Hotels, Restaurants & Leisure",2022,0.7748204,32.33115,8.185336,0.5437249,0.1831615,0.2688163,0.184574,0,-5207035,0.0347068,0.0334161,0.7641264,32.4464,2330452.8,7,22.22222,TRUE,35.62833,23.05611,7.609365,3.370596,5.897142,1,3
43,BARQ.NS,Barbeque-Nation Hospitality Ltd,India,"Hotels, Restaurants & Leisure",2023,0.780893,42.79542,8.185377,0.5367315,0.2015807,0.2911622,0.1281688,0.0023292,-790042,0.0301351,0.0331371,0.736077,0.2305303,-1340731.9,4,25,TRUE,39.13233,49.87735,9.190755,3.403141,2.591949,1.677884,3
43,BARQ.NS,Barbeque-Nation Hospitality Ltd,India,"Hotels, Restaurants & Leisure",2024,0.7583448,40.71054,8.186901,0.5764714,0.2043061,0.2821917,0.0546842,0.0018485,-2228438,0.014878,0.0395091,0.7423582,-4.126243,-3163955.5,5,20,TRUE,37.28074,40.33481,6.484224,3.430827,3.20181,1.473974,3
44,BASF.NS,BASF India Ltd,India,Chemicals,2022,2.854816,49.02769,8.90255,0.0161243,0.5653479,0.9606181,0.0042869,0.0534196,2.93E+07,0.0554331,0.3446241,0.1231631,-3.773823,49037244,5,22.22222,TRUE,59.06066,35.83018,7.609365,3.370596,5.897142,2.0237,3
44,BASF.NS,BASF India Ltd,India,Chemicals,2023,2.613351,51.44011,8.938411,0.0215776,0.5290517,0.9543954,0.005399,0.0831209,3.06E+07,0.0933809,0.2938465,0.1133077,-0.5412352,67578884,6,22.22222,TRUE,64.94146,39.12067,9.190755,3.403141,2.591949,2.328041,3
44,BASF.NS,BASF India Ltd,India,Chemicals,2024,2.234936,44.04419,8.995784,0.022464,0.5467064,0.9582263,0.0206291,0.0804342,1.53E+07,0.1101171,0.3466813,0.1031204,8.116908,56063195,7,11.11111,TRUE,39.44585,36.38863,6.484224,3.430827,3.20181,2.05544,3
45,BFRG.NS,Bharat Forge Ltd,India,Automobile Components,2022,2.747645,68.03383,9.349784,0.3978004,0.4502161,0.7087163,0.0595265,0.0008715,-1.11E+07,0.1234113,0.1774358,0.3524708,14.01129,61877678,5,8.333333,TRUE,75.83605,66.60398,7.609365,3.370596,5.897142,0,3
45,BFRG.NS,Bharat Forge Ltd,India,Automobile Components,2023,2.679134,72.65296,9.365756,0.4107438,0.479614,0.7619804,0.0841626,0.0276122,9.55E+07,0.1449558,0.1745828,0.3575966,19.7356,1.09E+08,4,14.28571,TRUE,84.32744,75.76702,9.190755,3.403141,2.591949,1,3
45,BFRG.NS,Bharat Forge Ltd,India,Automobile Components,2024,2.605087,74.78398,9.371232,0.3334405,0.4332373,0.8032321,0.0598332,0.0049933,-8.63E+07,0.104604,0.1875372,0.3992379,-5.936223,1.07E+08,4,14.28571,TRUE,79.50792,79.702,6.484224,3.430827,3.20181,1,3
46,BHEL.NS,Bharat Heavy Electricals Ltd,India,Electrical Equipment,2022,1.258111,47.37542,9.840605,0.09581,0.4125007,0.7215206,0.061718,0,1.01E+08,0.1035036,0.1211215,0.0483719,1.763267,79615385,11,15.38461,TRUE,18.97795,65.11213,7.609365,3.370596,5.897142,1.817174,3
46,BHEL.NS,Bharat Heavy Electricals Ltd,India,Electrical Equipment,2023,1.215886,54.13345,9.849987,0.1500955,0.4293295,0.732864,0.0678512,0,3.28E+07,0.0945287,0.1234807,0.0473347,0.7991432,33859628,11,33.33333,TRUE,30.94809,78.56025,9.190755,3.403141,2.591949,1.831953,3
46,BHEL.NS,Bharat Heavy Electricals Ltd,India,Electrical Equipment,2024,1.055008,55.88786,9.901328,0.1324057,0.4145751,0.6509439,0.0067782,0.0029229,-1.63E+08,0.115856,0.1464199,0.0444186,15.6961,62480983,15,30,TRUE,32.62486,80.18742,6.484224,3.430827,3.20181,1.894552,3
47,BION.NS,Biocon Ltd,India,Biotechnology,2022,0.8673511,84.56355,9.801701,0.3462304,0.1635327,0.2490264,0.1512449,0.0006917,7.80E+07,0.1687834,0.0844305,0.1945053,26.13633,78261928,5,22.22222,TRUE,90.15276,74.55008,7.609365,3.370596,5.897142,2.146889,3
47,BION.NS,Biocon Ltd,India,Biotechnology,2023,0.8152991,83.27632,9.82783,0.2902889,0.2739184,0.423259,0.0757611,0.0012449,-4.56E+07,0.0487494,0.0900702,0.2136196,30.16619,1.56E+08,4,22.22222,TRUE,89.33914,73.45834,9.190755,3.403141,2.591949,1.91036,3
47,BION.NS,Biocon Ltd,India,Biotechnology,2024,0.793191,82.15324,9.837646,0.3122933,0.2437833,0.3858015,0.1359584,0.021734,2.35E+08,0.079409,0.0868764,0.2281414,0.8873309,1.67E+08,6,33.33333,TRUE,84.96371,75.66293,6.484224,3.430827,3.20181,2.788369,3
48,BIRS.NS,Birlasoft Ltd,India,Software,2022,3.080314,50.82594,8.588758,0.0319493,0.1941286,0.8372949,0.5163381,0.0464984,2.15E+07,0.2857218,0.0026574,0.0749928,7.243305,40358325,5,42.85714,TRUE,80.85918,30.01489,7.609365,3.370596,5.897142,1.908168,3
48,BIRS.NS,Birlasoft Ltd,India,Software,2023,2.556579,55.9507,8.673006,0.0237354,0.1899818,0.8460371,0.4003355,0.0239448,-8915657,0.4508061,0.0039942,0.0518531,8.509673,74836233,6,42.85714,TRUE,71.93257,44.84567,9.190755,3.403141,2.591949,2.385918,3
48,BIRS.NS,Birlasoft Ltd,India,Software,2024,2.245512,74.27915,8.717855,0.0338377,0.1760012,0.7980251,0.1791285,0.0417711,-7663663,0.4714543,0.0036749,0.0527637,-0.663238,60475132,6,42.85714,TRUE,85.5641,43.6923,6.484224,3.430827,3.20181,2.516942,3
49,BJEL.NS,Bajaj Electricals Ltd,India,Household Durables,2022,1.269725,59.65171,8.783678,0.0201323,0.5893726,0.953675,0.0279721,0.0521587,2.71E+07,0.0946521,0.2161871,0.0944214,-6.154387,26222201,8,20,TRUE,65.30297,51.43624,7.609365,3.370596,5.897142,1.905695,3
49,BJEL.NS,Bajaj Electricals Ltd,India,Household Durables,2023,1.68884,63.56901,8.662652,0.0560622,0.562868,0.9020136,0.0365832,0.0091659,-2.73E+07,0.0600675,0.2272771,0.1660303,-6.427182,16301992,6,20,TRUE,66.72483,52.63771,9.190755,3.403141,2.591949,1.900332,3
49,BJEL.NS,Bajaj Electricals Ltd,India,Household Durables,2024,1.530663,56.96284,8.693514,0.0576631,0.532477,0.9007885,0.0440217,0.0050383,674523.1,0.1293003,0.1934235,0.1431939,1.47595,15614348,6,23.07692,TRUE,47.65818,54.53483,6.484224,3.430827,3.20181,2.589571,3
50,BLAC.NS,Black Box Ltd,India,IT Services,2022,2.553721,51.50219,8.562798,0.2091875,0.6806447,0.7550946,0.0977725,0,-1.24E+07,0.0696479,0.1266083,0.1397814,8.164181,2884615.4,9,25,0,51.99336,13.99406,7.609365,3.370596,5.897142,1.126276,3
50,BLAC.NS,Black Box Ltd,India,IT Services,2023,2.782777,59.17057,8.522705,0.2564615,0.5592679,0.6763968,0.1377341,0,1695261,0.0702373,0.094501,0.1479969,-1.521465,16517097,4,25,0,58.98479,27.14547,9.190755,3.403141,2.591949,1.869304,3
50,BLAC.NS,Black Box Ltd,India,IT Services,2024,2.475984,58.94336,8.555729,0.3066559,0.4432285,0.5885969,0,0.0746581,-36278.53,0.2733746,0.0682553,0.1159192,-7.343876,23964892,5,14.28571,0,46.10162,66.08896,6.484224,3.430827,3.20181,2.356122,3
51,BLDT.NS,Blue Dart Express Ltd,India,Air Freight & Logistics,2022,4.027388,47.59131,8.593605,0.3475415,0.3462135,0.5460587,0.0840159,0,-1.08E+07,0.0883374,0.015777,0.5594004,8.337673,45098588,5,25,TRUE,69.43039,41.35717,7.609365,3.370596,5.897142,2.008054,3
51,BLDT.NS,Blue Dart Express Ltd,India,Air Freight & Logistics,2023,3.846797,53.34613,8.618283,0.3100205,0.4307984,0.7121363,0.090278,0.0086712,8501500,0.1462938,0.0187784,0.5277789,0.3944231,36113977,10,30,TRUE,83.27624,38.87407,9.190755,3.403141,2.591949,1.946824,3
51,BLDT.NS,Blue Dart Express Ltd,India,Air Freight & Logistics,2024,3.598901,53.36645,8.632096,0.2749265,0.3598216,0.6264807,0.0935703,0.0117398,200117,0.157087,0.0186144,0.5004177,5.918417,29540082,7,12.5,TRUE,64.0394,42.12806,6.484224,3.430827,3.20181,2.208161,3
52,BLKI.NS,Balkrishna Industries Ltd,India,Automobile Components,2022,3.529455,46.40786,9.176925,0.2710254,0.2712474,0.6991147,0.0206911,0,2846884,0.0710098,0.1350353,0.5429053,8.691501,1.29E+08,6,22.22222,TRUE,42.7952,54.48739,7.609365,3.370596,5.897142,1.938687,3
52,BLKI.NS,Balkrishna Industries Ltd,India,Automobile Components,2023,3.182202,46.00511,9.215324,0.2264921,0.2674873,0.7577421,0.0203855,0,638272.4,0.1136478,0.0973018,0.525824,-5.373422,1.77E+08,5,25,TRUE,54.31379,49.06536,9.190755,3.403141,2.591949,2.328191,3
52,BLKI.NS,Balkrishna Industries Ltd,India,Automobile Components,2024,2.802997,43.14564,9.262377,0.2089876,0.2703385,0.8055273,0.0189843,0,657694.6,0.1270924,0.1139731,0.5028584,8.766672,1.94E+08,6,25,TRUE,43.78048,49.42841,6.484224,3.430827,3.20181,2.614509,3
53,BORO.NS,Borosil Renewables Ltd,India,Semiconductors & Semiconductor Equipment,2022,4.351687,35.35682,8.298125,0.2577401,0.1974999,0.4522378,0.3918691,0,-1217429,0.1311032,0.162163,0.6332114,28.20596,8597468.4,6,11.11111,0,44.08118,21.06092,7.609365,3.370596,5.897142,1.88789,3
53,BORO.NS,Borosil Renewables Ltd,India,Semiconductors & Semiconductor Equipment,2023,4.230333,56.8271,8.305424,0.342006,0.1934347,0.4016978,0.4536626,0,2573173,0.1186954,0.1456589,0.6185385,50.97106,-6031625.7,8,11.11111,0,55.10953,50.40804,9.190755,3.403141,2.591949,1.766235,3
53,BORO.NS,Borosil Renewables Ltd,India,Semiconductors & Semiconductor Equipment,2024,4.911647,55.77983,8.230991,0.1730547,0.180255,0.5736259,0.201451,0.0112342,-1.11E+07,0.0580611,0.1634839,0.6228414,5.381636,-10177414,4,11.11111,0,50.02267,50.85912,6.484224,3.430827,3.20181,1.864871,3
54,BORS.NS,Borosil Ltd,India,Household Durables,2022,4.551332,29.86103,8.014585,0.1112319,0.3210808,0.8031349,0.0298772,0,-1732145,0.1137416,0.1749522,0.4608541,-18.42877,6313644.1,5,14.28571,TRUE,44.69241,10.47995,7.609365,3.370596,5.897142,1.88789,3
54,BORS.NS,Borosil Ltd,India,Household Durables,2023,3.522933,50.49247,8.112358,0.1526942,0.3562898,0.7699164,0.0140257,0,-330629.9,0.0730399,0.2483011,0.5286433,25.24674,7902411.5,5,14.28571,TRUE,55.14945,32.43356,9.190755,3.403141,2.591949,1.766235,3
54,BORS.NS,Borosil Ltd,India,Household Durables,2024,3.474397,57.77496,8.121748,0.0822817,0.2216698,0.7753593,0.0049691,0,-485570.5,0.0263967,0.3079212,0.5296832,14.67646,8687466.4,7,16.66667,TRUE,56.8204,52.50257,6.484224,3.430827,3.20181,1.754711,3
55,BOSH.NS,Bosch Ltd,India,Automobile Components,2022,6.714275,67.85712,9.296254,0.0032734,0.3090947,0.9573677,0.018095,0.0112107,2.87E+07,0.1579444,0.1250162,0.0963433,17.06431,1.73E+08,5,10,TRUE,29.45857,80.99229,7.609365,3.370596,5.897142,2.584554,3
55,BOSH.NS,Bosch Ltd,India,Automobile Components,2023,6.323354,65.18919,9.318357,0.0022653,0.2935816,0.9625066,0.0226184,0.0164683,1.01E+07,0.2015321,0.1109145,0.0770614,10.44245,2.99E+08,5,25,TRUE,37.62809,79.67635,9.190755,3.403141,2.591949,2.405354,3
55,BOSH.NS,Bosch Ltd,India,Automobile Components,2024,5.615,66.1312,9.374522,0.0058445,0.2807901,0.8842061,0.0037653,0.0146879,-1.29E+07,0.2598001,0.0973415,0.0700061,5.474877,2.36E+08,5,20,TRUE,35.05487,88.44815,6.484224,3.430827,3.20181,1.599957,3
56,BRGR.NS,Berger Paints India Ltd,India,Chemicals,2022,7.255757,60.33078,8.986644,0.1492337,0.3733509,0.8564662,0.0288447,0.0038119,1566456,0.037517,0.2910845,0.3946634,11.42515,1.05E+08,6,16.66667,TRUE,44.94812,73.02574,7.609365,3.370596,5.897142,1.985518,3
56,BRGR.NS,Berger Paints India Ltd,India,Chemicals,2023,7.087004,56.86008,9.00175,0.0900132,0.2823045,0.7902191,0.0754452,0.007411,1.49E+07,0.0687937,0.2604575,0.4021671,4.458729,1.40E+08,7,18.18182,TRUE,28.39927,79.34777,9.190755,3.403141,2.591949,3.437093,3
56,BRGR.NS,Berger Paints India Ltd,India,Chemicals,2024,6.538846,66.06064,9.028836,0.0734008,0.2606005,0.7992201,0.0780473,0.0074707,1602107,0.0972946,0.2591145,0.3773539,0.5542481,1.38E+08,5,16.66667,TRUE,36.77896,83.08264,6.484224,3.430827,3.20181,3.569225,3
57,BRIT.NS,Britannia Industries Ltd,India,Food Products,2022,13.43691,54.6166,9.056277,0.3204811,0.4420532,0.7105672,0.024763,0,-1114898,0.2335969,0.1318354,0.2755551,6.526361,2.82E+08,6,7.692307,TRUE,44.55883,56.70234,7.609365,3.370596,5.897142,2.169034,3
57,BRIT.NS,Britannia Industries Ltd,India,Food Products,2023,14.02184,53.36005,9.036872,0.2275799,0.4501441,0.7958648,0.0790322,0,2.63E+07,0.2128236,0.1325819,0.3075397,1.406718,2.56E+08,7,7.692307,TRUE,42.548,55.06609,9.190755,3.403141,2.591949,2.514273,3
57,BRIT.NS,Britannia Industries Ltd,India,Food Products,2024,15.32442,48.92451,9.014669,0.1410311,0.4093726,0.8071374,0.0366972,0,-2.27E+07,0.1337774,0.1424068,0.3194879,4.367781,2.55E+08,7,6.666667,TRUE,33.39373,55.52162,6.484224,3.430827,3.20181,2.044004,3
58,BRLC.NS,Birla Corporation Ltd,India,Construction Materials,2022,0.667145,24.70369,9.233695,0.317103,0.1658607,0.2884607,0.0884794,0,1.49E+07,0.0449301,0.089423,0.6490738,7.501072,4929406,6,11.11111,TRUE,21.27314,22.15078,7.609365,3.370596,5.897142,2.484476,3
58,BRLC.NS,Birla Corporation Ltd,India,Construction Materials,2023,0.6512273,30.08342,9.238546,0.2703951,0.1744507,0.3244357,0.0296855,0.0056829,-5967607,0.053515,0.0804355,0.6392693,9.703614,50457109,7,12.5,TRUE,41.054,19.88507,9.190755,3.403141,2.591949,2.245317,3
58,BRLC.NS,Birla Corporation Ltd,India,Construction Materials,2024,0.658555,34.48524,9.224563,0.2434301,0.1873514,0.3670024,0,0.0088257,-4554711,0.0930993,0.0674736,0.6347767,-6.982332,34548859,7,27.27273,TRUE,35.59566,32.78864,6.484224,3.430827,3.20181,2.538644,3
60,BRSN.NS,Bharat Rasayan Ltd,India,Chemicals,2022,3.800501,20.55238,8.11619,0.0260212,0.1588211,0.9456592,0,0.0173099,2221215,0.0417126,0.3009546,0.2189665,-12.36129,15166687,6,8.333333,TRUE,17.87708,10.38822,7.609365,3.370596,5.897142,2.209569,3
60,BRSN.NS,Bharat Rasayan Ltd,India,Chemicals,2023,3.375258,19.95643,8.157351,0.0672046,0.1645565,0.9402804,0.0123569,0.0250533,1661740,0.1145324,0.2306828,0.1972947,-16.57819,11459148,5,10,TRUE,27.95378,8.439824,9.190755,3.403141,2.591949,2.561073,3
60,BRSN.NS,Bharat Rasayan Ltd,India,Chemicals,2024,2.97563,25.82197,8.216935,0.0605188,0.1852622,0.9379126,0,0.0393523,2689152,0.2329082,0.2139214,0.1737643,9.529681,16491738,5,9.090909,TRUE,14.7676,31.69159,6.484224,3.430827,3.20181,2.474441,3
61,BRTI.NS,Bharti Airtel Ltd,India,Wireless Telecommunication Services,2022,2.441879,69.03722,10.73529,0.5060535,0.2730737,0.3304622,0.0242925,0.0094409,1.98E+08,0.0326271,0.0013613,0.3602509,10.29495,1.50E+09,11,25,TRUE,88.84698,70.45688,7.609365,3.370596,5.897142,2.970075,3
61,BRTI.NS,Bharti Airtel Ltd,India,Wireless Telecommunication Services,2023,2.478204,68.65319,10.727,0.4849882,0.3119418,0.382519,0.0251212,0.0077205,3683263,0.0242433,0.0016647,0.385702,6.249805,1.03E+09,5,27.27273,TRUE,91.31633,69.28918,9.190755,3.403141,2.591949,2.813005,3
61,BRTI.NS,Bharti Airtel Ltd,India,Wireless Telecommunication Services,2024,2.165525,65.46747,10.77956,0.4153549,0.350805,0.4503254,0.0245655,0.0032526,1.87E+08,0.0217334,0.0024644,0.4162647,12.5025,4.39E+09,5,27.27273,TRUE,80.14096,67.91043,6.484224,3.430827,3.20181,2.306692,3
64,CAST.NS,Castrol India Ltd,India,Chemicals,2022,6.296161,53.48266,8.569404,0.0162756,0.3646485,0.9460092,0.1658371,0.1202049,4.48E+07,0.3996583,0.1782627,0.1035448,2.534161,98546853,5,18.18182,TRUE,81.10593,38.99823,7.609365,3.370596,5.897142,2.127024,3
64,CAST.NS,Castrol India Ltd,India,Chemicals,2023,5.697691,52.84774,8.613946,0.0225005,0.3553991,0.9362214,0.1808152,0.0799549,-7367472,0.3833524,0.1580617,0.1067332,5.681589,1.04E+08,4,18.18182,TRUE,76.40349,43.76093,9.190755,3.403141,2.591949,1.797503,3
64,CAST.NS,Castrol India Ltd,India,Chemicals,2024,5.337334,54.13779,8.628299,0.0225622,0.3494164,0.9361126,0.1833211,0.0605206,-4715151,0.3932998,0.1503346,0.1038101,2.798249,1.08E+08,6,25,TRUE,74.88209,43.30176,6.484224,3.430827,3.20181,1.518159,3
65,CCLP.NS,CCL Products (India) Ltd,India,Food Products,2022,4.258178,31.87228,8.499801,0.3541116,0.3215258,0.7593229,0.0989235,0,3629309,0.0368646,0.2461008,0.5048095,30.87563,34562281,6,16.66667,TRUE,51.0119,16.24076,7.609365,3.370596,5.897142,1.30733,3
65,CCLP.NS,CCL Products (India) Ltd,India,Food Products,2023,3.147685,32.86025,8.627596,0.458818,0.3612104,0.6858968,0.1323866,0,1.04E+07,0.06418,0.2325855,0.4956494,26.29361,30003335,6,16.66667,FALSE,48.57257,15.01901,9.190755,3.403141,2.591949,1.729809,3
65,CCLP.NS,CCL Products (India) Ltd,India,Food Products,2024,2.658922,39.47546,8.695754,0.4279154,0.3859192,0.7198129,0.0592315,0,-8442680,0.0267428,0.2773539,0.4885823,14.15845,36317894,5,15.38461,FALSE,69.62488,14.71056,6.484224,3.430827,3.20181,3.060432,3
66,CCRI.NS,Container Corporation of India Ltd,India,Ground Transportation,2022,2.915754,47.463,9.214544,0.0577901,0.1002738,0.6030524,0.2370128,0.0017624,-5014606,0.2269832,0.0027612,0.4782532,-1.383805,1.40E+08,6,7.692307,TRUE,11.96925,51.37704,7.609365,3.370596,5.897142,1.525456,3
66,CCRI.NS,Container Corporation of India Ltd,India,Ground Transportation,2023,2.810734,45.35161,9.226401,0.0668683,0.0887375,0.5624359,0.1536245,0.0001496,-1.80E+07,0.238833,0.0035774,0.4908442,4.415947,1.48E+08,8,9.090909,TRUE,8.454597,47.90043,9.190755,3.403141,2.591949,1.390313,3
66,CCRI.NS,Container Corporation of India Ltd,India,Ground Transportation,2024,2.71172,43.60873,9.228932,0.0595101,0.0814963,0.5629342,0,0.2530487,1.98E+07,0.2788915,0.0034492,0.5126075,0.1757064,1.47E+08,7,7.692307,TRUE,11.2541,41.14741,6.484224,3.430827,3.20181,2.014305,3
67,CEAT.NS,CEAT Ltd,India,Automobile Components,2022,1.258778,30.83737,9.068868,0.2384203,0.4304625,0.6697305,0.013225,0.0006035,4485151,0.0061136,0.1181762,0.6831124,11.63626,22199367,5,9.090909,TRUE,39.03335,31.1674,7.609365,3.370596,5.897142,2.058215,3
67,CEAT.NS,CEAT Ltd,India,Automobile Components,2023,1.238102,38.08488,9.078856,0.1792486,0.4335544,0.7280309,0.0109735,0.0007614,-655069,0.0056474,0.1151123,0.683664,4.048485,76218356,5,9.090909,TRUE,40.87885,32.56639,9.190755,3.403141,2.591949,2.377041,3
67,CEAT.NS,CEAT Ltd,India,Automobile Components,2024,1.069408,48.05803,9.117986,0.1905374,0.4606422,0.7546765,0.0082615,0.00047,-844938.6,0.0046788,0.1258902,0.6567386,7.950368,55163253,6,16.66667,TRUE,65.8438,34.53251,6.484224,3.430827,3.20181,2.011446,3
69,CERA.NS,Cera Sanitaryware Ltd,India,Building Products,2022,4.724023,29.76269,8.30978,0.0316658,0.2346773,0.7806852,0.0286898,0,-317392.9,0.3906151,0.2281494,0.2122358,15.22359,25687792,6,25,0,29.62648,30.84805,7.609365,3.370596,5.897142,1.482919,3
69,CERA.NS,Cera Sanitaryware Ltd,India,Building Products,2023,4.300078,49.42318,8.345215,0.0240945,0.2061051,0.7611423,0.0216059,0.0032519,1165015,0.4720229,0.205089,0.2082907,2.732419,28952286,4,22.22222,TRUE,44.33341,60.61527,9.190755,3.403141,2.591949,1.487631,3
69,CERA.NS,Cera Sanitaryware Ltd,India,Building Products,2024,4.261548,50.43988,8.338493,0.0361609,0.1992373,0.7286679,0.0257713,0,-1338022,0.3703914,0.2274877,0.2186695,-0.0316804,29105957,4,20,TRUE,45.42537,66.01369,6.484224,3.430827,3.20181,2.04338,3
70,CGPO.NS,CG Power and Industrial Solutions Ltd,India,Electrical Equipment,2022,21.75723,54.15753,8.750837,0.0035752,0.4462197,0.7276827,0.0702556,0.1159316,3.83E+07,0.1566643,0.1282126,0.1706095,17.46815,96924294,9,12.5,TRUE,65.74221,38.9442,7.609365,3.370596,5.897142,1.671615,3
70,CGPO.NS,CG Power and Industrial Solutions Ltd,India,Electrical Equipment,2023,18.03763,52.43197,8.829274,0.0031214,0.4415081,0.9522716,0.0430146,0.0165312,-6.14E+07,0.3089888,0.1465674,0.1632639,13.74774,1.05E+08,5,25,TRUE,63.14717,41.56019,9.190755,3.403141,2.591949,2.172843,3
70,CGPO.NS,CG Power and Industrial Solutions Ltd,India,Electrical Equipment,2024,13.89965,51.2141,8.93852,0.0055399,0.4214198,0.8747817,0.1310139,0,2.45E+07,0.2913473,0.1640553,0.173942,20.12393,1.14E+08,5,25,TRUE,61.46003,37.66008,6.484224,3.430827,3.20181,2.29942,3
71,CIEA.NS,CIE Automotive India Ltd,India,Automobile Components,2022,1.442492,44.97964,9.07928,0.099161,0.4147336,0.8525405,0.0167573,0,-749543.6,0.056545,0.1231933,0.2853661,16.48012,85991997,5,9.090909,TRUE,60.67654,32.20212,7.609365,3.370596,5.897142,1.869676,3
71,CIEA.NS,CIE Automotive India Ltd,India,Automobile Components,2023,1.472564,46.34242,9.069464,0.0876278,0.3178414,0.8221474,0.0667678,0,6150499,0.0992765,0.1209608,0.3055918,5.421947,95880514,7,10,TRUE,77.74921,31.92294,9.190755,3.403141,2.591949,1.583381,3
71,CIEA.NS,CIE Automotive India Ltd,India,Automobile Components,2024,1.46686,44.82327,9.057589,0.0583479,0.2232688,0.6833286,0.077489,0.0132057,1.07E+07,0.1284274,0.1134261,0.3159214,-6.077079,95881665,5,25,TRUE,72.38203,31.9095,6.484224,3.430827,3.20181,1.79522,3
72,CIPL.NS,Cipla Ltd,India,Pharmaceuticals,2022,4.108433,82.64665,9.554621,0.0272583,0.173425,0.8438064,0.1064452,0.0028418,-1.18E+07,0.2134955,0.1821892,0.1927806,-3.416094,3.45E+08,7,25,TRUE,83.05375,72.47749,7.609365,3.370596,5.897142,2.281533,3
72,CIPL.NS,Cipla Ltd,India,Pharmaceuticals,2023,3.761935,86.64175,9.593879,0.017098,0.1603337,0.8726385,0.1169781,0.0008078,-5877625,0.2666759,0.1665682,0.1813474,11.65989,4.99E+08,8,16.66667,TRUE,85.65542,77.20686,9.190755,3.403141,2.591949,2.636777,3
72,CIPL.NS,Cipla Ltd,India,Pharmaceuticals,2024,3.328961,88.59213,9.641009,0.0117204,0.1466808,0.8854251,0.1052196,0.0003121,3547104,0.3165331,0.1563646,0.1731889,4.254373,6.19E+08,12,18.18182,TRUE,92.39005,77.72098,6.484224,3.430827,3.20181,2.695678,3
73,CLEA.NS,Clean Science and Technology Ltd,India,Chemicals,2022,10.01578,43.57298,8.146729,0.0017867,0.1002873,0.8144425,0,0.0108254,-5535784,0.3397898,0.0969865,0.4167174,26.2274,35926972,8,12.5,TRUE,57.42273,44.77805,7.609365,3.370596,5.897142,1.437102,3
73,CLEA.NS,Clean Science and Technology Ltd,India,Chemicals,2023,8.453222,45.71027,8.224821,0.0014513,0.1149934,0.8225487,0.0649395,0,-236592.7,0.2678436,0.0898945,0.4952578,-16.62901,29277265,4,12.5,TRUE,54.67867,46.0219,9.190755,3.403141,2.591949,1.661152,3
73,CLEA.NS,Clean Science and Technology Ltd,India,Chemicals,2024,7.31405,47.51373,8.274509,0.0013236,0.096757,0.8129965,0.1255577,0.0003104,1121826,0.2540011,0.093476,0.4611696,19.12897,30942657,4,12.5,TRUE,56.39216,49.6353,6.484224,3.430827,3.20181,1.837517,3
74,CMSN.NS,CMS Info Systems Ltd,India,Commercial Services & Supplies,2022,3.240705,33.80836,8.407812,0.0967702,0.1733474,0.6760609,0.1802538,0.0190365,3890823,0.192733,0.0462796,0.3201236,11.02955,36177702,0,37.5,TRUE,49.16788,11.22615,7.609365,3.370596,5.897142,1.271484,3
74,CMSN.NS,CMS Info Systems Ltd,India,Commercial Services & Supplies,2023,2.621072,41.81125,8.503735,0.0680287,0.2074723,0.7749327,0.288714,0.0146698,7521776,0.3116716,0.0593822,0.240052,16.58792,41648590,5,37.5,TRUE,50.0351,16.98034,9.190755,3.403141,2.591949,1.169175,3
74,CMSN.NS,CMS Info Systems Ltd,India,Commercial Services & Supplies,2024,2.225539,45.64074,8.562432,0.0607496,0.2211817,0.8086031,0.3839422,0.0001763,8407724,0.2901242,0.0355698,0.2561537,4.427574,43587712,4,33.33333,TRUE,47.08737,29.00195,6.484224,3.430827,3.20181,1.169175,3
75,CNTP.NS,Century Plyboards (India) Ltd,India,Paper & Forest Products,2022,5.711454,32.88371,8.519311,0.1202927,0.2786282,0.9354914,0.0186728,0,-351472.8,0.107761,0.2064864,0.4775584,11.29038,45883228,4,12.5,TRUE,45.24515,26.95258,7.609365,3.370596,5.897142,2.26713,3
75,CNTP.NS,Century Plyboards (India) Ltd,India,Paper & Forest Products,2023,4.415527,35.2239,8.629637,0.2170368,0.3053135,0.8089055,0.0375215,0,3187223,0.0149594,0.1881689,0.6114452,5.043253,39031218,4,12.5,TRUE,26.76891,35.80944,9.190755,3.403141,2.591949,2.630649,3
75,CNTP.NS,Century Plyboards (India) Ltd,India,Paper & Forest Products,2024,3.511115,34.9057,8.730369,0.3453861,0.3539242,0.7296771,0.0124089,0,-2402200,0.0193491,0.2237367,0.6018575,13.65367,21776747,4,12.5,TRUE,22.58988,35.71923,6.484224,3.430827,3.20181,2.691048,3
76,COFO.NS,Coforge Ltd,India,IT Services,2022,9.678746,57.49607,8.839948,0.0989197,0.3060316,0.6687301,0.3166791,0.0033607,1.50E+07,0.1074787,0,0.120808,15.11321,90688900,9,12.5,TRUE,64.4154,34.17435,7.609365,3.370596,5.897142,1.318193,3
76,COFO.NS,Coforge Ltd,India,IT Services,2023,9.194654,49.99105,8.864972,0.1188663,0.2507491,0.6172665,0.1947764,0.0037657,-2.98E+07,0.0577031,0,0.1249079,10.80127,1.02E+08,7,12.5,TRUE,51.73788,37.01004,9.190755,3.403141,2.591949,1.287808,3
76,COFO.NS,Coforge Ltd,India,IT Services,2024,4.543387,56.30932,9.164875,0.0856958,0.2191631,0.447926,0,0.0707086,5.55E+07,0.1728636,0,0.0901471,30.47702,1.13E+08,9,12.5,TRUE,57.50146,46.88054,6.484224,3.430827,3.20181,1.699561,3
78,COLG.NS,Colgate-Palmolive (India) Ltd,India,Personal Care Products,2022,20.4087,65.42579,8.545182,0.0239201,0.376219,0.9297366,0.0089372,0.2762283,9979357,0.2830393,0.1258661,0.3384945,-5.327567,1.28E+08,4,36.36364,TRUE,77.6366,52.90379,7.609365,3.370596,5.897142,1.951239,3
78,COLG.NS,Colgate-Palmolive (India) Ltd,India,Personal Care Products,2023,18.48444,66.77342,8.583773,0.022446,0.3877161,0.9373597,0.0386657,0.2631209,9950402,0.4572454,0.105313,0.2829163,7.139627,1.59E+08,6,50,TRUE,74.67322,62.32742,9.190755,3.403141,2.591949,1.899235,3
78,COLG.NS,Colgate-Palmolive (India) Ltd,India,Personal Care Products,2024,20.07295,68.01204,8.548086,0.0201554,0.4230972,0.9431791,0.0314139,0.2080403,-2.59E+07,0.321312,0.1374733,0.2699541,3.719785,1.68E+08,5,41.66667,TRUE,76.55212,61.91021,6.484224,3.430827,3.20181,2.035388,3
80,CRAF.NS,Craftsman Automation Ltd,India,Machinery,2022,4.022827,28.89372,8.665891,0.3258002,0.3263623,0.5113012,0.0219902,0,-3263145,0.0094393,0.2293287,0.5325766,32.61779,30545278,6,28.57143,TRUE,68.7145,10.50942,7.609365,3.370596,5.897142,1,3
80,CRAF.NS,Craftsman Automation Ltd,India,Machinery,2023,3.299329,30.40094,8.751722,0.3729105,0.3253027,0.5022672,0.0414753,0,4339532,0.0166112,0.2292179,0.542106,37.8801,40471506,5,33.33333,TRUE,62.47939,13.52205,9.190755,3.403141,2.591949,1.469157,3
80,CRAF.NS,Craftsman Automation Ltd,India,Machinery,2024,2.340278,31.1861,8.92055,0.3313707,0.3355231,0.5605395,0.0408003,0,3970743,0.0203428,0.1935743,0.5331275,24.68483,23507314,7,33.33333,TRUE,62.2454,15.4819,6.484224,3.430827,3.20181,1.747107,3
81,CRBR.NS,Carborundum Universal Ltd,India,Chemicals,2022,4.23063,35.23802,8.679116,0.0706487,0.1880752,0.6686403,0.537024,0,5947785,0.1107543,0.2399283,0.2885553,29.32483,53760711,10,12.5,TRUE,52.216,30.073,7.609365,3.370596,5.897142,2.548345,3
81,CRBR.NS,Carborundum Universal Ltd,India,Chemicals,2023,4.056727,45.6046,8.697341,0.0414013,0.1618016,0.6546345,0.8259768,0,1.90E+07,0.1397418,0.212923,0.2802669,-0.4131208,57130534,8,12.5,TRUE,58.45669,43.91433,9.190755,3.403141,2.591949,2.011956,3
81,CRBR.NS,Carborundum Universal Ltd,India,Chemicals,2024,3.613295,36.47952,8.735114,0.0465949,0.1544822,0.6435165,0.52687,0,-2.07E+07,0.0889481,0.2344737,0.288934,1.526048,34956817,8,14.28571,TRUE,31.25471,39.5622,6.484224,3.430827,3.20181,2.177553,3
82,CROP.NS,Crompton Greaves Consumer Electricals Ltd,India,Household Durables,2022,3.392835,63.80689,8.837729,0.1777562,0.3071804,0.5800517,0.0396331,0.0014148,-1.15E+07,0.0957893,0.1375382,0.0865569,17.65263,57984421,9,22.22222,TRUE,79.28382,55.97652,7.609365,3.370596,5.897142,1.92017,3
82,CROP.NS,Crompton Greaves Consumer Electricals Ltd,India,Household Durables,2023,3.253124,65.85616,8.863119,0.1123354,0.3392588,0.6694407,0.0294581,0.0182975,1.14E+07,0.1640701,0.1413996,0.0800286,4.931778,53002999,7,22.22222,TRUE,69.37901,54.4972,9.190755,3.403141,2.591949,2.14594,3
82,CROP.NS,Crompton Greaves Consumer Electricals Ltd,India,Household Durables,2024,3.223763,68.11691,8.869677,0.0756093,0.3393041,0.730604,0.0529305,0.0142185,3700410,0.170783,0.1424773,0.0956969,4.888506,66012873,8,22.22222,TRUE,74.95387,57.84093,6.484224,3.430827,3.20181,2.212392,3
83,CSFL.NS,Cosmo First Ltd,India,Containers & Packaging,2022,0.7923717,30.61661,8.580588,0.2979695,0.3206048,0.5480555,0.0328477,0,-1546982,0.1491851,0.1748027,0.5093881,-6.799679,29696933,6,11.11111,FALSE,37.15854,29.33454,7.609365,3.370596,5.897142,1.600174,3
83,CSFL.NS,Cosmo First Ltd,India,Containers & Packaging,2023,0.7140048,28.85262,8.626606,0.2970781,0.3296899,0.5334465,0.0212793,0,-982603.5,0.1296084,0.147143,0.5443271,-16.79743,7461307.7,6,11.11111,FALSE,35.16737,28.61778,9.190755,3.403141,2.591949,1.718514,3
83,CSFL.NS,Cosmo First Ltd,India,Containers & Packaging,2024,0.614339,28.2895,8.683689,0.3486659,0.302244,0.4689713,0,0.0065094,-682270.3,0.1203265,0.146449,0.576535,9.144939,15607958,5,10,FALSE,35.25496,27.42874,6.484224,3.430827,3.20181,1.353994,3
84,CUMM.NS,Cummins India Ltd,India,Machinery,2022,12.8974,68.7203,8.98399,0.0474943,0.2387215,0.875,0.0881636,0.0290492,2.67E+07,0.3150801,0.1141181,0.1528368,16.35291,1.50E+08,5,12.5,TRUE,88.1373,47.619,7.609365,3.370596,5.897142,1.830958,3
84,CUMM.NS,Cummins India Ltd,India,Machinery,2023,11.41129,65.92925,9.031912,0.0141553,0.2292991,0.8722495,0.0604396,0.0195719,-1.16E+07,0.3333249,0.1058635,0.1438157,14.14823,2.06E+08,6,40,TRUE,89.39513,41.16704,9.190755,3.403141,2.591949,2.323046,3
84,CUMM.NS,Cummins India Ltd,India,Machinery,2024,10.20048,76.88145,9.075544,0.0029169,0.2221048,0.86628,0.0407134,0.014067,-7389117,0.3727746,0.0987433,0.1347762,12.61228,2.34E+08,5,55.55556,TRUE,90.31487,61.14954,6.484224,3.430827,3.20181,1.948032,3
85,CYIE.NS,Cyient Ltd,India,IT Services,2022,1.950084,66.95433,8.901455,0.1859776,0.3089598,0.6565522,0.2752706,0.0094379,-6.84E+07,0.1525459,0.0774881,0.1111467,22.56603,62609542,6,9.090909,TRUE,66.32706,47.4372,7.609365,3.370596,5.897142,2.047142,3
85,CYIE.NS,Cyient Ltd,India,IT Services,2023,1.865011,74.96777,8.924416,0.1124564,0.2367497,0.6039337,0.2688016,0.0051545,-9262148,0.1465616,0.0772603,0.1106431,17.10897,84319136,9,12.5,TRUE,77.53765,50.89429,9.190755,3.403141,2.591949,1.71202,3
85,CYIE.NS,Cyient Ltd,India,IT Services,2024,1.68188,71.89816,8.954474,0.0667221,0.1780599,0.5744413,0.2383768,0.0962623,6.99E+07,0.2044135,0.0845138,0.0993424,0.4520996,75868929,5,11.11111,TRUE,71.69608,49.50696,6.484224,3.430827,3.20181,2.091352,3
87,CHMB.NS,Chambal Fertilisers and Chemicals Ltd,India,Chemicals,2022,1.6576,34.09204,9.191533,0.2629899,0.2468381,0.5528169,0.0117,3.92E-06,-6.03E+07,0.1304178,0.1092946,0.4982463,59.67059,1.26E+08,5,22.22222,TRUE,31.1336,28.56356,7.609365,3.370596,5.897142,1.663408,3
87,CHMB.NS,Chambal Fertilisers and Chemicals Ltd,India,Chemicals,2023,1.840952,37.32802,9.140131,0.1628234,0.1769568,0.4808472,0.0179319,0.0063724,8749850,0.1579155,0.1104252,0.573729,-36.23295,1.53E+08,4,12.5,TRUE,46.10703,25.8946,9.190755,3.403141,2.591949,1.588435,3
87,CHMB.NS,Chambal Fertilisers and Chemicals Ltd,India,Chemicals,2024,1.893412,35.92433,9.125448,0.0086581,0.1029333,0.4383225,0.0857145,0.0006233,-246928,0.0881732,0.1597016,0.6020509,-9.625202,1.93E+08,8,12.5,TRUE,33.49612,23.94828,6.484224,3.430827,3.20181,1.894431,3
88,CHPA.NS,Chemplast Sanmar Ltd,India,Chemicals,2022,1.119347,35.65967,8.851512,0.1746188,0.3828059,0.5616329,0.115076,0.1462898,1.35E+07,0.1863808,0.1151544,0.614679,-22.52716,18543087,7,8.333333,TRUE,20.50236,39.01995,7.609365,3.370596,5.897142,1.555796,3
88,CHPA.NS,Chemplast Sanmar Ltd,India,Chemicals,2023,1.077889,37.74288,8.859433,0.2566224,0.4118435,0.5736029,0.0691593,0.0856326,-4.64E+07,0.1172866,0.100063,0.6793178,-21.73834,-19007798,5,12.5,TRUE,27.58915,33.06446,9.190755,3.403141,2.591949,2.1461,3
88,CHPA.NS,Chemplast Sanmar Ltd,India,Chemicals,2024,0.99771,45.62027,8.881414,0.2832026,0.4174628,0.6121729,0.0812055,0.0514163,-1.98E+07,0.094977,0.1066769,0.7119675,8.062288,-12915155,5,12.5,TRUE,36.20221,42.65901,6.484224,3.430827,3.20181,1.752004,3
89,DABU.NS,Dabur India Ltd,India,Personal Care Products,2022,6.30566,71.36752,9.220612,0.0859644,0.2643425,0.7710629,0.0313041,0.0024776,-1.58E+07,0.0790872,0.1514431,0.1767017,-2.265972,2.07E+08,5,7.142857,TRUE,89.83667,56.47645,7.609365,3.370596,5.897142,2.124145,3
89,DABU.NS,Dabur India Ltd,India,Personal Care Products,2023,5.788319,69.49606,9.258723,0.0902677,0.259903,0.7477446,0.0613164,0.0004364,-1.42E+07,0.1676716,0.1388887,0.1831706,6.045384,2.17E+08,5,7.142857,TRUE,92.74821,59.86545,9.190755,3.403141,2.591949,2.378385,3
89,DABU.NS,Dabur India Ltd,India,Personal Care Products,2024,5.567367,69.40346,9.278667,0.0585482,0.2660403,0.79506,0.0417929,0.0002335,1.56E+07,0.1712908,0.1560206,0.1827402,-1.206607,2.04E+08,5,12.5,TRUE,89.58543,66.55424,6.484224,3.430827,3.20181,3.105005,3
90,DCMS.NS,DCM Shriram Ltd,India,Chemicals,2022,1.718234,41.44709,9.115609,0.1592235,0.2377966,0.5630662,0.0312988,0,-5.86E+07,0.0894161,0.2216474,0.5250866,13.29962,1.11E+08,6,16.66667,TRUE,24.83583,46.6088,7.609365,3.370596,5.897142,2.648922,3
90,DCMS.NS,DCM Shriram Ltd,India,Chemicals,2023,1.583237,47.73622,9.141643,0.1862961,0.2387902,0.5486007,0.0470192,0,-1.28E+07,0.0596112,0.2317975,0.5824407,-6.717377,53641272,6,16.66667,TRUE,22.35436,57.49525,9.190755,3.403141,2.591949,1.915694,3
90,DCMS.NS,DCM Shriram Ltd,India,Chemicals,2024,1.473283,49.43916,9.173192,0.1986007,0.2542382,0.5651124,0.0514702,0,3.24E+07,0.0813247,0.2198735,0.5679154,8.720819,70716208,5,8.333333,TRUE,19.21326,56.58732,6.484224,3.430827,3.20181,2.022883,3
91,DELH.NS,Delhivery Ltd,India,Air Freight & Logistics,2022,2.967205,15.10516,9.135077,0.0823515,0.1163982,0.6409809,0.1765614,0.0057966,1.22E+07,0.5267096,0.0081056,0.1322827,-3.01321,-1.23E+08,20,8.333333,TRUE,19.84347,21.21596,7.609365,3.370596,5.897142,2.104779,3
91,DELH.NS,Delhivery Ltd,India,Air Freight & Logistics,2023,2.958625,17.79617,9.138015,0.1020988,0.1175693,0.583321,0.1360682,0.0104776,904019.2,0.3486086,0.0041861,0.1701578,11.07219,-29896341,9,10,TRUE,24.26746,26.10558,9.190755,3.403141,2.591949,1.336217,3
91,DELH.NS,Delhivery Ltd,India,Air Freight & Logistics,2024,2.888867,20.38582,9.149748,0.1178467,0.1167237,0.5351815,0.1533791,0.0099477,3859450,0.3293755,0.0034606,0.2086454,7.011631,18971328,5,11.11111,TRUE,31.62338,24.86507,6.484224,3.430827,3.20181,1.506677,3
92,DEVY.NS,Devyani International Ltd,India,"Hotels, Restaurants & Leisure",2022,6.64247,13.27672,8.560797,0.5236071,0.1791802,0.2653305,0.1168772,0.0075479,625608.6,0.0347652,0.0457905,0.7321436,32.88656,31951558,10,10,TRUE,16.69943,20.3153,7.609365,3.370596,5.897142,1.379004,3
92,DEVY.NS,Devyani International Ltd,India,"Hotels, Restaurants & Leisure",2023,4.023246,29.71482,8.772158,0.5890946,0.1897679,0.2414486,0.1791007,0.0026735,1.26E+07,0.078493,0.0265667,0.6489792,16.94019,-1158008.4,4,8.333333,TRUE,31.88475,41.05237,9.190755,3.403141,2.591949,1.098954,3
92,DEVY.NS,Devyani International Ltd,India,"Hotels, Restaurants & Leisure",2024,3.918194,31.05731,8.795713,0.5970886,0.2084562,0.2622089,0.1629786,0,1606788,0.0359144,0.0287268,0.6586746,35.79712,-807489.76,5,8.333333,TRUE,30.89032,46.65526,6.484224,3.430827,3.20181,1.115289,3
93,DIBL.NS,Dilip Buildcon Ltd,India,Construction & Engineering,2022,0.4642661,21.67892,9.273969,0.4323643,0.4488142,0.6058364,0.0092431,0,-4.68E+07,0.0111915,0.2417146,0.270368,2.785028,-169474.2,4,12.5,TRUE,42.37553,16.18246,7.609365,3.370596,5.897142,1.319403,3
93,DIBL.NS,Dilip Buildcon Ltd,India,Construction & Engineering,2023,0.441273,34.38632,9.300258,0.4354459,0.4078434,0.5530777,0.0359257,0.0085219,3.24E+07,0.0246201,0.238721,0.2596666,11.24393,24120156,5,12.5,TRUE,57.76765,24.2729,9.190755,3.403141,2.591949,1.496359,3
93,DIBL.NS,Dilip Buildcon Ltd,India,Construction & Engineering,2024,0.3788196,39.17446,9.362961,0.4834419,0.3367863,0.4532453,0.0426096,0.0035655,-3.20E+07,0.021071,0.2064053,0.2577819,-8.102807,98293856,6,12.5,TRUE,53.1371,25.5994,6.484224,3.430827,3.20181,1.794791,3
94,DIVI.NS,Divi's Laboratories Ltd,India,Life Sciences Tools & Services,2022,10.64096,66.03687,9.24487,0.0002258,0.0762586,0.6586667,0.0262742,0.0097494,-1.27E+08,0.0117216,0.2101495,0.3413864,-19.91127,2.22E+08,4,16.66667,TRUE,72.07543,69.39177,7.609365,3.370596,5.897142,1.615956,3
94,DIVI.NS,Divi's Laboratories Ltd,India,Life Sciences Tools & Services,2023,10.20398,63.33322,9.268584,0.0001939,0.0826115,0.6729858,0.0179969,0.021978,2.32E+07,0.0247817,0.210989,0.3563672,-0.4443406,1.92E+08,4,16.66667,TRUE,72.23106,63.22485,9.190755,3.403141,2.591949,1.337069,3
94,DIVI.NS,Divi's Laboratories Ltd,India,Life Sciences Tools & Services,2024,9.466274,57.90903,9.296996,0.0002362,0.0857548,0.7396842,0.0144628,0.0232695,5851375,0.0261668,0.1962556,0.3815261,16.37949,2.56E+08,5,16.66667,TRUE,54.39866,58.63078,6.484224,3.430827,3.20181,1.337069,3
95,DIXO.NS,Dixon Technologies (India) Ltd,India,Household Durables,2022,20.55342,44.7028,8.755532,0.0968259,0.6284932,0.8663935,0.072955,0,4939143,0.0528224,0.217488,0.2800747,5.292981,31046738,7,14.28571,TRUE,64.15559,42.05338,7.609365,3.370596,5.897142,1.66623,3
95,DIXO.NS,Dixon Technologies (India) Ltd,India,Household Durables,2023,14.01734,44.39408,8.923661,0.0699397,0.6767724,0.8933316,0.0418461,0,-1986803,0.0417087,0.2545795,0.2860008,43.03076,44981404,6,14.28571,TRUE,62.02017,48.67194,9.190755,3.403141,2.591949,1.892257,3
95,DIXO.NS,Dixon Technologies (India) Ltd,India,Household Durables,2024,5.867234,49.64544,9.29274,0.040017,0.75121,0.9155878,0,0.0157173,3554125,0.2384257,0.2381124,0.1750094,114.2632,1.44E+08,6,12.5,TRUE,60.76668,48.67943,6.484224,3.430827,3.20181,2.064772,3
96,DLF.NS,DLF Ltd,India,Real Estate Management & Development,2022,3.293069,68.03851,9.817154,0.0618231,0.2026234,0.6728303,0.0139736,0.000238,-1.20E+07,0.044052,0.35902,0.016537,-7.982019,1.34E+08,5,12.5,TRUE,57.45279,66.40366,7.609365,3.370596,5.897142,3.08691,3
96,DLF.NS,DLF Ltd,India,Real Estate Management & Development,2023,3.01767,77.21573,9.85914,0.0802135,0.2345843,0.6786144,0.0076714,0.0109369,1.42E+08,0.1083976,0.3510337,0.0139696,8.260934,1.96E+08,4,28.57143,TRUE,67.80906,81.35761,9.190755,3.403141,2.591949,3.346342,3
96,DLF.NS,DLF Ltd,India,Real Estate Management & Development,2024,2.622191,71.73157,9.910119,0.0590531,0.3195396,0.8245128,0.010766,0.002516,-7.52E+07,0.1719565,0.3543915,0.0114926,24.66409,3.15E+08,6,26.66667,TRUE,61.88014,74.85408,6.484224,3.430827,3.20181,3.26583,3
97,DLPA.NS,Dr. Lal PathLabs Ltd,India,Health Care Providers & Services,2022,11.10734,58.79006,8.462931,0.1758475,0.196915,0.6531023,0.0287875,0.1048843,-1.39E+07,0.3205609,0.0148946,0.1693391,-10.73884,29342381,4,25,0,66.00358,47.61251,7.609365,3.370596,5.897142,1.180555,3
97,DLPA.NS,Dr. Lal PathLabs Ltd,India,Health Care Providers & Services,2023,10.86422,63.76579,8.469316,0.100543,0.1887577,0.7641293,0.0536647,0.1368323,1.17E+07,0.3894837,0.0157816,0.1412798,8.823963,43466467,5,30,FALSE,77.73721,47.26575,9.190755,3.403141,2.591949,1.838675,3
97,DLPA.NS,Dr. Lal PathLabs Ltd,India,Health Care Providers & Services,2024,9.911674,59.04796,8.502343,0.0579471,0.1480988,0.7395216,0.0597336,0.0988638,-7993798,0.4623294,0.0147939,0.1248828,7.826287,57607022,5,30,FALSE,69.49688,50.95616,6.484224,3.430827,3.20181,1.72187,3
98,DPFE.NS,Deepak Fertilisers and Petrochemicals Corp Ltd,India,Chemicals,2022,1.590121,34.98706,9.143052,0.3238606,0.2466823,0.4433926,0.0541632,0.011089,1.44E+07,0.1170405,0.1157898,0.5187191,36.23198,1.49E+08,5,18.18182,TRUE,70.61911,26.2284,7.609365,3.370596,5.897142,1.414116,3
98,DPFE.NS,Deepak Fertilisers and Petrochemicals Corp Ltd,India,Chemicals,2023,1.481157,34.71853,9.164679,0.3406773,0.2508105,0.4602561,0.0734049,0.0000526,-6526695,0.0521566,0.1024458,0.5534223,-24.32126,56095981,7,18.18182,TRUE,57.64489,34.77177,9.190755,3.403141,2.591949,1.791658,3
98,DPFE.NS,Deepak Fertilisers and Petrochemicals Corp Ltd,India,Chemicals,2024,1.361337,48.81066,9.187135,0.3158267,0.2681892,0.5102084,0.0696133,0.0082578,1.51E+07,0.0479709,0.0865077,0.5575488,15.51192,1.11E+08,7,18.18182,TRUE,50.21144,45.83647,6.484224,3.430827,3.20181,1.399517,3
99,DPNT.NS,Deepak Nitrite Ltd,India,Chemicals,2022,4.516726,45.62222,8.79535,0.0142062,0.1547671,0.7641271,0.0297697,0.0027317,1800146,0.0864322,0.1777318,0.4281987,8.270753,1.04E+08,5,8.333333,TRUE,24.33102,30.03267,7.609365,3.370596,5.897142,1.834822,3
99,DPNT.NS,Deepak Nitrite Ltd,India,Chemicals,2023,3.896737,40.80283,8.864155,0.0469274,0.1287782,0.6040782,0.0368889,0.0342852,2.40E+07,0.1120022,0.1296,0.4948345,-5.016327,97287343,5,7.692307,TRUE,24.43603,28.11967,9.190755,3.403141,2.591949,1.652641,3
99,DPNT.NS,Deepak Nitrite Ltd,India,Chemicals,2024,3.177761,42.01056,8.955774,0.16417,0.1195646,0.3962044,0.0601565,0.0160541,-6853131,0.1460043,0.1267675,0.5246726,5.162379,81611469,6,8.333333,TRUE,21.04951,28.20564,6.484224,3.430827,3.20181,1.909196,3
100,DSTV.NS,Dish TV India Ltd,India,Media,2022,0.1995225,38.93403,8.739146,0.0165551,1.171206,0.9967421,0.0069728,0,-62074,0.0250479,0.07632,0.2949363,-25.43945,-2.05E+08,9,20,TRUE,39.74319,13.84783,7.609365,3.370596,5.897142,1,3
100,DSTV.NS,Dish TV India Ltd,India,Media,2023,0.3350298,49.76409,8.511926,0.0008305,2.014075,0.9983533,0,0.0109813,-845830.8,0.0406372,0.1425619,0.497442,-19.09171,-2.36E+08,20,66.66666,FALSE,58.57158,24.72788,9.190755,3.403141,2.591949,1.213011,3
100,DSTV.NS,Dish TV India Ltd,India,Media,2024,0.3998869,36.32011,8.430731,0.0150665,2.398591,0.9962338,0,0.0156004,724400.3,0.0665371,0.0900646,0.5765283,-17.63801,-57069631,16,33.33333,TRUE,26.28233,22.30985,6.484224,3.430827,3.20181,1.145007,3
103,ECLE.NS,eClerx Services Limited,India,Professional Services,2022,7.534962,68.21234,8.444747,0.0846065,0.1530945,0.6113763,1.193064,0.0000542,-279333,0.3074932,0.0001984,0.1223144,13.23152,59540044,5,12.5,0,84.36999,58.10073,7.609365,3.370596,5.897142,2.063868,3
103,ECLE.NS,eClerx Services Limited,India,Professional Services,2023,6.502875,64.77369,8.543888,0.0911303,0.1246456,0.5436786,0.9375495,0.004513,-7684823,0.4837679,0.0002212,0.1269385,8.908111,61395441,5,11.11111,0,79.44584,58.67408,9.190755,3.403141,2.591949,2.184962,3
103,ECLE.NS,eClerx Services Limited,India,Professional Services,2024,6.493194,72.20825,8.566002,0.1138532,0.1401026,0.5247187,1.197222,0.004463,2.20E+07,0.3553894,0.0000722,0.1573679,12.22348,63342188,5,18.18182,TRUE,84.39742,66.31533,6.484224,3.430827,3.20181,3.034515,3
104,EICH.NS,Eicher Motors Ltd,India,Automobiles,2022,7.963641,43.88545,9.368587,0.0150232,0.1684884,0.7687909,0.0274564,0,1024830,0.0603699,0.0765516,0.1199903,29.56163,3.55E+08,6,16.66667,TRUE,40.91155,37.55346,7.609365,3.370596,5.897142,1.845096,3
104,EICH.NS,Eicher Motors Ltd,India,Automobiles,2023,6.760646,57.48232,9.443232,0.0181356,0.1555872,0.708014,0.0297937,0,5449310,0.0748851,0.0674211,0.1052364,12.86174,4.80E+08,6,16.66667,TRUE,51.28013,54.85148,9.190755,3.403141,2.591949,2.566618,3
104,EICH.NS,Eicher Motors Ltd,India,Automobiles,2024,6.055152,53.37842,9.502448,0.0168589,0.1569778,0.7257295,0.0513294,0,1.41E+07,0.1583091,0.0638391,0.0992125,11.31375,5.54E+08,7,12.5,TRUE,48.22799,54.40704,6.484224,3.430827,3.20181,2.294982,3
105,EIDP.NS,E I D-Parry (India) Ltd,India,Chemicals,2022,1.049359,29.32306,9.359,0.0861539,0.4510988,0.6673381,0.0155366,0.0696531,8.05E+07,0.0841236,0.3298931,0.2281883,38.38479,2.23E+08,9,11.11111,TRUE,70.3349,20.37603,7.609365,3.370596,5.897142,2.181213,3
105,EIDP.NS,E I D-Parry (India) Ltd,India,Chemicals,2023,0.9254435,35.49953,9.411391,0.0809696,0.4342246,0.6465502,0.0191583,0.0463235,-3.18E+07,0.0955557,0.3232853,0.231822,-17.73539,1.94E+08,8,20,TRUE,69.29369,22.43705,9.190755,3.403141,2.591949,2.507083,3
105,EIDP.NS,E I D-Parry (India) Ltd,India,Chemicals,2024,0.8046729,40.15042,9.455347,0.1109066,0.4263486,0.6320797,0.0115007,0.0116622,-9.04E+07,0.0665592,0.2742212,0.2240112,4.823339,2.07E+08,6,20,TRUE,79.53624,27.49013,6.484224,3.430827,3.20181,2.373811,3
106,EIHO.NS,EIH Ltd,India,"Hotels, Restaurants & Leisure",2022,5.423138,27.11103,8.729479,0.0540976,0.1152339,0.4918984,0.1140005,0.0063724,2126826,0.0890761,0.0144837,0.5616471,89.29284,41281159,6,25,TRUE,27.39861,29.39317,7.609365,3.370596,5.897142,1.776448,3
106,EIHO.NS,EIH Ltd,India,"Hotels, Restaurants & Leisure",2023,4.847319,28.86989,8.782249,0.0394785,0.1077842,0.4907162,0.0596979,0.0103199,392201.6,0.1661272,0.016936,0.5074611,22.61782,81308338,6,30,TRUE,21.66806,41.68336,9.190755,3.403141,2.591949,2.553566,3
106,EIHO.NS,EIH Ltd,India,"Hotels, Restaurants & Leisure",2024,4.234874,36.66608,8.834666,0.0453909,0.0958176,0.4561269,0.1379426,0.0514889,3.43E+07,0.2028378,0.0145892,0.5054221,6.548877,90099356,8,30,TRUE,33.46859,39.08682,6.484224,3.430827,3.20181,2.929929,3
107,ELCN.NS,Elecon Engineering Company Ltd,India,Electrical Equipment,2022,6.779398,33.22678,8.32388,0.0272969,0.2035242,0.7783804,0.1768456,0.0115533,-245180.1,0.1229387,0.1618003,0.351344,16.60236,28906220,5,14.28571,TRUE,52.80856,22.60922,7.609365,3.370596,5.897142,1.32875,3
107,ELCN.NS,Elecon Engineering Company Ltd,India,Electrical Equipment,2023,5.775021,41.70126,8.406249,0.0331733,0.1879991,0.7679482,0.2061807,0.0128814,3280144,0.2721086,0.1094868,0.2931356,24.8468,42661068,4,12.5,TRUE,45.39836,28.53624,9.190755,3.403141,2.591949,1.196834,3
107,ELCN.NS,Elecon Engineering Company Ltd,India,Electrical Equipment,2024,4.454675,53.61626,8.504366,0.0663975,0.1967854,0.7349955,0.1310322,0.0323726,5753072,0.3327602,0.0969749,0.282194,12.11976,48578116,4,12.5,TRUE,55.4947,31.97622,6.484224,3.430827,3.20181,1.060072,3
108,ELGE.NS,Elgi Equipments Ltd,India,Machinery,2022,5.932058,28.28875,8.48355,0.2294648,0.4081881,0.9033108,0.0863573,0.0146121,1021665,0.2681607,0.245817,0.1393075,11.26327,45132546,5,10,TRUE,40.32107,23.84523,7.609365,3.370596,5.897142,1.75053,3
108,ELGE.NS,Elgi Equipments Ltd,India,Machinery,2023,5.288338,31.59137,8.529486,0.2254444,0.391358,0.9125062,0.084901,0.0481129,1.26E+07,0.2929751,0.2256472,0.1272015,4.312349,37418836,4,11.11111,TRUE,50.13675,23.40487,9.190755,3.403141,2.591949,2.12341,3
108,ELGE.NS,Elgi Equipments Ltd,India,Machinery,2024,4.892766,50.44555,8.551375,0.189446,0.3557784,0.9202313,0.0920433,0.0068059,-1.28E+07,0.3044261,0.2042742,0.1338484,6.413311,40983031,5,12.5,TRUE,61.35875,31.52844,6.484224,3.430827,3.20181,1.588878,3
109,ELST.NS,Electrosteel Castings Ltd,India,Building Products,2022,0.7050152,38.62604,9.015708,0.3131255,0.3453455,0.7112869,0.0766502,0.0007324,2040214,0.0536032,0.2775732,0.4725494,27.27421,38489934,5,21.05263,TRUE,72.37093,30.84403,7.609365,3.370596,5.897142,2.260571,3
109,ELST.NS,Electrosteel Castings Ltd,India,Building Products,2023,0.659834,46.60158,9.038529,0.256047,0.3183028,0.72563,0.0962619,0.0011181,5829202,0.0581862,0.2589274,0.4556211,1.315909,88800576,4,22.22222,TRUE,65.81796,31.07488,9.190755,3.403141,2.591949,1.754822,3
109,ELST.NS,Electrosteel Castings Ltd,India,Building Products,2024,0.6144769,43.45876,9.05485,0.2192247,0.2866314,0.7100612,0.060221,0,-1.31E+07,0.0282483,0.2656463,0.448064,-4.51909,83055916,4,22.22222,TRUE,64.40781,27.76295,6.484224,3.430827,3.20181,1.801607,3
110,EMAM.NS,Emami Ltd,India,Personal Care Products,2022,8.081227,45.83681,8.578079,0.0291036,0.2327717,0.8969501,0.0402225,0.0056815,2338376,0.0902342,0.1054839,0.210389,-1.432841,76364593,6,12.5,TRUE,59.03759,28.21558,7.609365,3.370596,5.897142,2.894818,3
110,EMAM.NS,Emami Ltd,India,Personal Care Products,2023,7.41499,59.79382,8.594929,0.0286477,0.2313706,0.9108316,0.0542295,0.0035988,740120,0.1297385,0.0986069,0.1881125,3.561043,86878944,5,18.75,TRUE,70.97241,46.73021,9.190755,3.403141,2.591949,2.724868,3
110,EMAM.NS,Emami Ltd,India,Personal Care Products,2024,6.900448,52.65731,8.616508,0.0254104,0.2205523,0.9290881,0.1085843,0.0056599,6046952,0.2212927,0.0871916,0.1658819,3.842275,93943195,4,18.75,TRUE,58.37196,38.13479,6.484224,3.430827,3.20181,3.054029,3
111,ENDU.NS,Endurance Technologies Ltd,India,Automobile Components,2022,5.51354,31.77046,8.918005,0.0756733,0.2838286,0.8077278,0.1474369,0.000441,-1.40E+07,0.1473092,0.1272028,0.4120631,7.739307,58370862,7,20,TRUE,69.7096,14.08457,7.609365,3.370596,5.897142,1.084475,3
111,ENDU.NS,Endurance Technologies Ltd,India,Automobile Components,2023,4.788145,40.55526,8.975934,0.0970542,0.2837322,0.7693365,0.2255387,0,2.60E+07,0.1839874,0.1160745,0.4172583,14.65934,81642232,5,20,TRUE,71.44387,26.19703,9.190755,3.403141,2.591949,1.391612,3
111,ENDU.NS,Endurance Technologies Ltd,India,Automobile Components,2024,4.213648,47.90984,9.0292,0.1032544,0.2945322,0.7866505,0.378503,0,6.02E+07,0.2236271,0.1077098,0.4270148,10.1146,97876302,5,20,TRUE,79.02107,25.99207,6.484224,3.430827,3.20181,1.138424,3
112,ENGI.NS,Engineers India Ltd,India,Construction & Engineering,2022,2.307869,31.06164,8.727606,0.0043028,0.5465792,0.9884238,0.0255298,0.0005128,4097980,0.2694603,0.0659749,0.0620091,5.619538,41898077,7,18.18182,0,26.82612,33.03992,7.609365,3.370596,5.897142,2.015027,3
112,ENGI.NS,Engineers India Ltd,India,Construction & Engineering,2023,2.184615,32.72464,8.755044,0.0069627,0.5147887,0.9817033,0.0843666,0.0094267,2.25E+07,0.3020569,0.0575644,0.0628426,-2.886458,43210714,8,15.38461,TRUE,19.21532,41.64141,9.190755,3.403141,2.591949,1.945062,3
112,ENGI.NS,Engineers India Ltd,India,Construction & Engineering,2024,2.037169,34.97848,8.789724,0.0042041,0.4872592,0.9882372,0,0.2520006,-1.31E+07,0.4415202,0.0001322,0.0574252,-8.203746,55225629,5,16.66667,TRUE,23.91978,44.68032,6.484224,3.430827,3.20181,2.067438,3
113,EPLI.NS,EPL Ltd,India,Containers & Packaging,2022,1.970151,48.47227,8.64551,0.2448929,0.265046,0.5859404,0.2109692,0.0098288,6329114,0.0714346,0.1753483,0.4714223,-0.5855528,28079357,7,12.5,TRUE,41.79798,57.01021,7.609365,3.370596,5.897142,1.488814,3
113,EPLI.NS,EPL Ltd,India,Containers & Packaging,2023,1.903125,51.47857,8.659871,0.2395305,0.2846378,0.6313184,0.1768287,0.0025468,-4487103,0.0546568,0.1778822,0.4793762,4.496068,25206959,5,12.5,TRUE,41.27484,62.67575,9.190755,3.403141,2.591949,2.395754,3
113,EPLI.NS,EPL Ltd,India,Containers & Packaging,2024,1.807984,64.28804,8.670944,0.2003495,0.2874797,0.6975828,0.1621363,0.0010486,-1228789,0.0552929,0.1852952,0.4726002,4.945096,42574605,8,12.5,TRUE,58.62163,76.98907,6.484224,3.430827,3.20181,2.678151,3
114,ERDY.NS,Eveready Industries India Ltd,India,Household Products,2022,3.024787,48.84857,8.07786,0.4049589,0.436433,0.6465554,0.0077293,0,-5054735,0.0354173,0.2762932,0.3101863,1.643194,3362220.1,6,12.5,TRUE,60.72195,27.43054,7.609365,3.370596,5.897142,1.299165,3
114,ERDY.NS,Eveready Industries India Ltd,India,Household Products,2023,3.156611,49.50354,8.062761,0.3182807,0.4202955,0.702287,0.0186251,0,506706.7,0.0344316,0.2777901,0.3046813,-2.426084,8010725.9,6,8.333333,TRUE,47.91229,34.04471,9.190755,3.403141,2.591949,1.833567,3
114,ERDY.NS,Eveready Industries India Ltd,India,Household Products,2024,2.722476,47.41983,8.104743,0.2869117,0.4044237,0.7021015,0.0138497,0,-169397.3,0.0408765,0.2641965,0.3484779,-0.2131804,9648344.1,4,7.692307,TRUE,50.20499,32.55181,6.484224,3.430827,3.20181,2.12028,3
115,ERIS.NS,Eris Lifesciences Ltd,India,Pharmaceuticals,2022,6.180449,46.38916,8.64969,0.2390599,0.1208599,0.3012444,0.126394,0,627069.1,0.0349784,0.054402,0.102903,15.57029,45540409,6,12.5,TRUE,55.79816,42.96104,7.609365,3.370596,5.897142,1.325587,3
115,ERIS.NS,Eris Lifesciences Ltd,India,Pharmaceuticals,2023,3.308022,46.72029,8.926696,0.395041,0.3596455,0.5684578,0.0371791,0,4585843,0.359836,0.042983,0.0793002,17.52422,47636953,6,12.5,TRUE,65.50309,35.33949,9.190755,3.403141,2.591949,1.325587,3
115,ERIS.NS,Eris Lifesciences Ltd,India,Pharmaceuticals,2024,3.403131,45.10818,8.915439,0.3523191,0.1964107,0.3305702,0.1445211,0,1.23E+07,0.0284531,0.0553946,0.1036247,40.4841,43846694,5,12.5,TRUE,60.13285,35.37661,6.484224,3.430827,3.20181,1.727493,3
116,ESAB.NS,ESAB India Ltd,India,Machinery,2022,16.57956,46.67562,7.761127,0.0084597,0.4296112,0.9527463,0.1642113,0,1489776,0.1079313,0.2732643,0.2361764,12.87046,16514119,6,16.66667,TRUE,51.69979,43.44395,7.609365,3.370596,5.897142,1.702013,3
116,ESAB.NS,ESAB India Ltd,India,Machinery,2023,14.39227,49.58461,7.820238,0.0082942,0.4249805,0.9560283,0.1638196,0,590281.9,0.1016895,0.2198406,0.2318191,12.35505,19553689,5,16.66667,TRUE,34.63428,55.47747,9.190755,3.403141,2.591949,1.699165,3
116,ESAB.NS,ESAB India Ltd,India,Machinery,2024,12.41817,64.53795,7.879259,0.0060732,0.4239376,0.9596992,0.2373419,0,3130486,0.1701801,0.2158554,0.2210478,7.753105,20528964,6,16.66667,TRUE,75.03003,56.95493,6.484224,3.430827,3.20181,1.600174,3
117,ESCO.NS,Escorts Kubota Ltd,India,Machinery,2022,3.663429,28.88152,9.089025,0.0056816,0.1701399,0.9038093,0.0420188,0.010912,1.10E+07,0.2110017,0.1246694,0.1836022,7.573441,77489046,8,25,TRUE,45.15523,22.80173,7.609365,3.370596,5.897142,2.389785,3
117,ESCO.NS,Escorts Kubota Ltd,India,Machinery,2023,3.012647,26.34857,9.172576,0.0361611,0.218277,0.8983808,0.0418247,0.0099365,6515897,0.3042985,0.1406458,0.1797597,14.65154,1.13E+08,6,16.66667,TRUE,35.19173,26.77892,9.190755,3.403141,2.591949,2.962331,3
117,ESCO.NS,Escorts Kubota Ltd,India,Machinery,2024,2.908972,43.35667,9.185509,0.0080299,0.1817522,0.8715044,0.0216325,0.0222293,1.26E+07,0.2559528,0.1082064,0.1606307,1.92316,1.32E+08,7,16.66667,TRUE,28.51728,57.21444,6.484224,3.430827,3.20181,2.030317,3
118,EXID.NS,Exide Industries Ltd,India,Automobile Components,2022,2.144734,56.82804,9.254652,0.0398431,0.2047979,0.8319277,0.0383912,0.0010611,-6977848,0.0488144,0.233881,0.2652712,8.916492,1.00E+08,7,11.11111,TRUE,59.24015,66.64931,7.609365,3.370596,5.897142,1.45728,3
118,EXID.NS,Exide Industries Ltd,India,Automobile Components,2023,1.783791,57.0203,9.337972,0.061866,0.2450444,0.8449526,0.0687995,0.0009366,2.29E+07,0.0388404,0.2172036,0.2713501,9.630792,1.06E+08,6,11.11111,TRUE,62.31268,54.70737,9.190755,3.403141,2.591949,1.784172,3
118,EXID.NS,Exide Industries Ltd,India,Automobile Components,2024,1.537446,57.63801,9.398627,0.0942549,0.2748308,0.7858463,0.0270714,0.0010109,-1.66E+07,0.0268223,0.2163539,0.3402303,0.2652784,93680515,5,11.11111,TRUE,56.75009,60.1545,6.484224,3.430827,3.20181,1.791415,3
119,FDC.NS,F D C Ltd,India,Pharmaceuticals,2022,3.103206,41.05024,8.455101,0.0120874,0.1329772,0.8632999,0.0606193,0.0021341,-1684384,0.1958089,0.1477583,0.3811143,7.850688,23591541,5,30,TRUE,67.82168,34.76777,7.609365,3.370596,5.897142,1.339182,3
119,FDC.NS,F D C Ltd,India,Pharmaceuticals,2023,2.947317,47.14728,8.471456,0.0083135,0.1258556,0.8374375,0.0818359,0,184007.2,0.2000299,0.1640621,0.3798733,7.369519,36599724,4,27.27273,TRUE,77.62933,28.77906,9.190755,3.403141,2.591949,1.440112,3
119,FDC.NS,F D C Ltd,India,Pharmaceuticals,2024,2.705051,52.4734,8.501866,0.0078003,0.1332585,0.8357272,0,0.0194457,3048836,0.2143498,0.1381943,0.3626412,5.834858,31221545,6,25,TRUE,69.49989,40.61164,6.484224,3.430827,3.20181,1.389292,3
120,FINE.NS,Fineotex Chemical Ltd,India,Chemicals,2022,6.504311,28.27017,7.71137,0.0172231,0.1510337,0.8623215,0.4786284,0.0686377,165445.5,0.1653116,0.1118848,0.2109409,29.7041,10900049,6,25,TRUE,48.3866,26.40568,7.609365,3.370596,5.897142,1,3
120,FINE.NS,Fineotex Chemical Ltd,India,Chemicals,2023,5.005599,33.92356,7.817997,0.0094685,0.163115,0.8847321,0.1627623,0.0462741,3123179,0.1893117,0.0914104,0.2389771,8.481953,14520060,6,28.57143,TRUE,32.53943,42.72265,9.190755,3.403141,2.591949,1,3
120,FINE.NS,Fineotex Chemical Ltd,India,Chemicals,2024,3.312119,37.60879,7.979248,0.0002669,0.0823708,0.805444,0,0.0511857,-3188403,0.0757214,0.0791478,0.2376875,-8.567155,12780363,5,28.57143,TRUE,51.2034,29.32624,6.484224,3.430827,3.20181,1.407394,3
121,FINO.NS,Fine Organic Industries Ltd,India,Chemicals,2022,7.637858,25.0685,8.342202,0.0157892,0.1464289,0.996926,0.3490261,0.2338635,3.52E+07,0.3907492,0.2668095,0.1400356,48.84892,75447493,4,10,TRUE,40.54727,19.17054,7.609365,3.370596,5.897142,2.501238,3
121,FINO.NS,Fine Organic Industries Ltd,India,Chemicals,2023,6.617488,21.92232,8.402917,0.0020077,0.0874145,0.9867737,0.4823126,0.2875969,2.16E+07,0.5720781,0.1322147,0.1405728,-30.77774,49734073,5,10,TRUE,26.75796,16.97242,9.190755,3.403141,2.591949,2.439993,3
121,FINO.NS,Fine Organic Industries Ltd,India,Chemicals,2024,5.550889,21.51371,8.468079,0.0011134,0.0854042,0.99526,0.6086819,0.0233562,-5.92E+07,0.4395524,0.1677735,0.1545572,4.259642,48136325,5,18.18182,TRUE,24.03028,20.1444,6.484224,3.430827,3.20181,2.724714,3
122,FINX.NS,Finolex Industries Ltd,India,Chemicals,2022,1.959646,36.02283,8.88365,0.0860325,0.1807442,0.8219899,0.0075353,0,-1824489,0.3100033,0.1152509,0.1747316,-12.5926,30513632,9,30,TRUE,62.41043,38.04652,7.609365,3.370596,5.897142,3.351267,3
122,FINX.NS,Finolex Industries Ltd,India,Chemicals,2023,1.768518,44.11297,8.927767,0.0558173,0.156355,0.7751795,0.0019483,0,-769046.2,0.2991734,0.1082171,0.1520463,-3.212621,56819436,5,30,0,54.28389,36.53754,9.190755,3.403141,2.591949,2.621447,3
122,FINX.NS,Finolex Industries Ltd,India,Chemicals,2024,1.708456,43.91569,8.936458,0.0320716,0.1324396,0.7607894,0.0141972,0.0041331,4943242,0.3097141,0.1086464,0.1457979,-6.421693,93625512,7,30,TRUE,63.05029,34.39469,6.484224,3.430827,3.20181,2.466533,3
123,FISO.NS,Firstsource Solutions Ltd,India,Professional Services,2022,4.226075,62.50362,8.838491,0.2459515,0.2753447,0.6788412,0.0971626,0,8364168,0.0341602,0,0.1188445,-6.039189,62525803,4,10,TRUE,67.68742,53.32995,7.609365,3.370596,5.897142,2.203207,3
123,FISO.NS,Firstsource Solutions Ltd,India,Professional Services,2023,4.027446,66.72437,8.862684,0.2511347,0.2695431,0.689473,0.1067233,0,2787523,0.0362141,0,0.1344265,3.71059,61754649,4,10,TRUE,68.56902,54.0692,9.190755,3.403141,2.591949,3.280487,3
123,FISO.NS,Firstsource Solutions Ltd,India,Professional Services,2024,3.011548,77.81396,8.967135,0.3243103,0.3065657,0.6350163,0.0634961,0,-2406320,0.035164,0,0.15627,22.85181,69567115,5,16.66667,TRUE,64.88313,69.00381,6.484224,3.430827,3.20181,2.81822,3
124,FLTX.NS,Filatex India Ltd,India,"Textiles, Apparel & Luxury Goods",2022,1.050725,28.44733,8.410275,0.1436272,0.2756627,0.5743909,0.0034622,0.0236705,6224051,0.0238968,0.1936641,0.6380991,3.864284,10941529,6,12.5,TRUE,41.78099,26.2431,7.609365,3.370596,5.897142,1.273265,3
124,FLTX.NS,Filatex India Ltd,India,"Textiles, Apparel & Luxury Goods",2023,1.070245,27.06058,8.400827,0.1110036,0.2405862,0.5647798,0.0088655,0,-5706383,0.0281558,0.1991119,0.6422685,-1.839286,13276533,4,12.5,TRUE,33.90464,30.24158,9.190755,3.403141,2.591949,1.779919,3
124,FLTX.NS,Filatex India Ltd,India,"Textiles, Apparel & Luxury Goods",2024,0.9914364,29.65783,8.425334,0.064676,0.2801867,0.6746243,0.0333637,0.0159844,1966062,0.1043479,0.2030817,0.591661,-3.225761,15665301,4,12.5,TRUE,44.24673,27.30817,6.484224,3.430827,3.20181,2.032328,3
125,FOHE.NS,Fortis Healthcare Ltd,India,Health Care Providers & Services,2022,5.337963,63.91133,9.179936,0.0744532,0.1146796,0.2746651,0,0.0113469,-2611380,0.0284725,0.0117026,0.4083531,1.754114,77042831,6,16.66667,TRUE,91.90461,44.20137,7.609365,3.370596,5.897142,2.267771,3
125,FOHE.NS,Fortis Healthcare Ltd,India,Health Care Providers & Services,2023,4.947672,73.17424,9.202579,0.0869167,0.2385598,0.5634971,0.0179999,0.0134102,1.49E+07,0.0475908,0.0092947,0.4370613,7.889853,77410810,5,20,TRUE,88.61135,43.8749,9.190755,3.403141,2.591949,2.396085,3
125,FOHE.NS,Fortis Healthcare Ltd,India,Health Care Providers & Services,2024,4.926233,71.24817,9.20474,0.1807767,0.1173947,0.3366092,0.037204,0.0058375,-8163558,0.0371198,0.0091795,0.4566378,10.13457,94720257,10,18.18182,TRUE,79.02107,49.81403,6.484224,3.430827,3.20181,2.066828,3
127,GAIL.NS,Gail (India) Ltd,India,Gas Utilities,2022,1.014807,54.96403,10.11788,0.1653002,0.2014369,0.5066357,0.0066492,0.0009223,-1.55E+08,0.0077052,0.0556939,0.5890391,45.10321,6.81E+08,15,8.333333,TRUE,16.81559,60.84875,7.609365,3.370596,5.897142,2.330429,3
127,GAIL.NS,Gail (India) Ltd,India,Gas Utilities,2023,0.8824931,54.03842,10.17502,0.1747455,0.1735168,0.4534895,0.0134812,0.0068498,1.08E+08,0.0133881,0.0483964,0.6068121,-9.790217,1.19E+09,15,8.333333,TRUE,14.85713,64.9202,9.190755,3.403141,2.591949,2.776502,3
127,GAIL.NS,Gail (India) Ltd,India,Gas Utilities,2024,0.8266677,50.01337,10.19263,0.1621899,0.164474,0.4548073,0.0278184,0.0053171,2.00E+07,0.0191692,0.0478276,0.6228524,3.966274,1.46E+09,13,7.142857,TRUE,14.73581,60.12156,6.484224,3.430827,3.20181,2.89073,3
128,GALK.NS,Gujarat Alkalies And Chemicals Ltd,India,Chemicals,2022,0.4762848,26.16882,9.006232,0.0715717,0.1007649,0.3825276,0.0720888,0,1.92E+07,0.0575782,0.0606171,0.5747222,11.00681,49856037,6,0,TRUE,29.13094,21.81294,7.609365,3.370596,5.897142,1.328194,3
128,GALK.NS,Gujarat Alkalies And Chemicals Ltd,India,Chemicals,2023,0.4969597,31.12834,8.983453,0.0678189,0.0927996,0.3822502,0.0734984,0,-3.61E+07,0.0206736,0.0541672,0.5869948,-16.92049,-28415417,6,11.11111,TRUE,24.68328,33.52127,9.190755,3.403141,2.591949,1.392949,3
128,GALK.NS,Gujarat Alkalies And Chemicals Ltd,India,Chemicals,2024,0.5069206,29.87538,8.970652,0.0702023,0.1168741,0.4028528,0.1352217,0.0009704,-3335284,0.0247655,0.0608555,0.5836892,4.365557,-7620830.9,4,12.5,TRUE,19.70247,32.34433,6.484224,3.430827,3.20181,1.496532,3
129,GALX.NS,Galaxy Surfactants Ltd,India,Chemicals,2022,2.707062,55.73377,8.522209,0.1197206,0.2486643,0.7981688,0.1543326,0.0464188,2.05E+07,0.0875742,0.2361791,0.3856498,11.89104,46370497,6,10,TRUE,79.99913,45.91508,7.609365,3.370596,5.897142,1.416041,3
129,GALX.NS,Galaxy Surfactants Ltd,India,Chemicals,2023,2.617425,55.86019,8.543685,0.0643021,0.2069181,0.8200644,0.1072459,0.0534467,-1368926,0.157942,0.1907757,0.3856513,-16.21456,36169166,6,11.11111,TRUE,80.77495,45.86512,9.190755,3.403141,2.591949,2.15888,3
129,GALX.NS,Galaxy Surfactants Ltd,India,Chemicals,2024,2.234347,66.76913,8.607626,0.0607379,0.2825779,0.8897367,0.1138289,0.0236996,-3165594,0.1704251,0.2090876,0.3714346,8.578214,35682855,6,10,TRUE,81.18303,52.27324,6.484224,3.430827,3.20181,1.615493,3
131,GDFR.NS,Godfrey Phillips India Ltd,India,Tobacco,2022,10.40347,54.12219,8.781541,0.0714499,0.2092862,0.7320874,0.0151259,0,-1352580,0.0361274,0.1891678,0.1809387,21.88937,84034664,5,25,TRUE,62.44939,51.682,7.609365,3.370596,5.897142,1.71184,3
131,GDFR.NS,Godfrey Phillips India Ltd,India,Tobacco,2023,9.214612,62.14903,8.84575,0.0591087,0.20775,0.7534624,0.0086155,0,-1574001,0.0338047,0.2495686,0.1459206,13.463,1.11E+08,5,25,TRUE,55.0475,65.29104,9.190755,3.403141,2.591949,1.526796,3
131,GDFR.NS,Godfrey Phillips India Ltd,India,Tobacco,2024,7.658253,68.76837,8.911461,0.0256812,0.2038654,0.8244708,0.0100279,0,2129538,0.0326554,0.2908179,0.1008076,34.62618,1.35E+08,5,22.22222,TRUE,61.42439,69.92326,6.484224,3.430827,3.20181,1.943315,3
132,GDPI.NS,Godawari Power and Ispat Ltd,India,Metals & Mining,2022,2.91271,20.55694,8.797935,0.0613803,0.1836761,0.7557563,0.0397049,0.0910333,6.04E+07,0.1593011,0.1837208,0.4668249,-1.562923,96018318,8,9.090909,TRUE,20.98419,18.32234,7.609365,3.370596,5.897142,1.499434,3
132,GDPI.NS,Godawari Power and Ispat Ltd,India,Metals & Mining,2023,2.79189,24.49842,8.823015,0.0093101,0.1343867,0.7101563,0.0499365,0.0148359,-4.65E+07,0.1663895,0.1936114,0.4875763,-6.528225,1.12E+08,8,10,TRUE,23.95655,18.27658,9.190755,3.403141,2.591949,1.398125,3
132,GDPI.NS,Godawari Power and Ispat Ltd,India,Metals & Mining,2024,2.528415,38.54994,8.857674,0.0501557,0.1523526,0.7497123,0,0.1127666,2.45E+07,0.1222789,0.1513375,0.5003939,-3.881259,95141018,5,10,TRUE,28.66723,33.50477,6.484224,3.430827,3.20181,1.564538,3
133,GEEN.NS,Greenlam Industries Ltd,India,Building Products,2022,2.722651,32.26495,8.395264,0.3076517,0.324085,0.6107529,0.0240578,0,25279.94,0.1721037,0.2515409,0.4270191,9.875814,15641224,7,28.57143,TRUE,40.0374,26.17858,7.609365,3.370596,5.897142,1.374303,3
133,GEEN.NS,Greenlam Industries Ltd,India,Building Products,2023,2.067145,48.23984,8.516174,0.4054801,0.3274134,0.5400482,0.0365915,0,2022772,0.0870108,0.2226427,0.5788287,12.21459,16557612,6,33.33333,TRUE,47.61142,42.68191,9.190755,3.403141,2.591949,1.374303,3
133,GEEN.NS,Greenlam Industries Ltd,India,Building Products,2024,1.993724,44.14415,8.531975,0.4121508,0.3204028,0.5230478,0.0456043,0,1137507,0.0351089,0.2285311,0.6068032,8.66512,7998829.7,6,25,TRUE,47.87933,42.95916,6.484224,3.430827,3.20181,1.339627,3
134,GESC.NS,Great Eastern Shipping Company Ltd,India,"Oil, Gas & Consumable Fuels",2022,0.8547698,47.54501,9.267444,0.2399475,0.0944565,0.2911775,1.864374,0,1.36E+08,0.3522074,0.0134446,0.5574879,49.81689,3.13E+08,6,7.692307,TRUE,66.35319,28.82696,7.609365,3.370596,5.897142,1.716403,3
134,GESC.NS,Great Eastern Shipping Company Ltd,India,"Oil, Gas & Consumable Fuels",2023,0.7715476,51.28443,9.304606,0.1813616,0.0896301,0.341576,2.182477,0,7.31E+07,0.436543,0.0147181,0.4981759,-8.967972,3.14E+08,5,7.142857,TRUE,60.60938,31.7095,9.190755,3.403141,2.591949,1.853844,3
134,GESC.NS,Great Eastern Shipping Company Ltd,India,"Oil, Gas & Consumable Fuels",2024,0.7471817,50.36837,9.315172,0.1225109,0.0799398,0.4155425,2.913412,0,9.64E+07,0.4607432,0.0143121,0.4672026,-1.207107,2.74E+08,7,13.33333,TRUE,58.04108,29.85555,6.484224,3.430827,3.20181,1.248032,3
135,GGAS.NS,Gujarat Gas Ltd,India,Gas Utilities,2022,2.560752,28.1546,9.123857,0.0139392,0.2565443,0.7189087,0.0178143,0.0571736,8.01E+07,0.0650133,0.0055988,0.7154299,-4.762514,1.86E+08,4,0,TRUE,18.01523,23.94595,7.609365,3.370596,5.897142,1.432976,3
135,GGAS.NS,Gujarat Gas Ltd,India,Gas Utilities,2023,2.419443,32.21087,9.146967,0.012852,0.2407666,0.7092155,0.0427185,0.0680602,2.89E+07,0.0826272,0.0050181,0.6948314,-7.198634,1.37E+08,4,25,TRUE,19.81639,35.17776,9.190755,3.403141,2.591949,1.647305,3
135,GGAS.NS,Gujarat Gas Ltd,India,Gas Utilities,2024,2.25736,30.71795,9.170417,0.0118551,0.2343138,0.7123276,0,0.0284086,-6.89E+07,0.1383298,0.0048897,0.6703127,2.88263,1.34E+08,4,25,TRUE,11.19946,37.81712,6.484224,3.430827,3.20181,1.896771,3
136,GHCH.NS,GHCL Ltd,India,Chemicals,2022,1.009022,36.1498,8.795746,0.0701054,0.0807787,0.3521195,0.1167193,0.0146102,-1.00E+07,0.0902932,0.1504516,0.3580758,37.58115,1.36E+08,6,10,TRUE,46.73381,24.60743,7.609365,3.370596,5.897142,1.752298,3
136,GHCH.NS,GHCL Ltd,India,Chemicals,2023,1.37967,40.57444,8.655385,0.0554468,0.1097874,0.5231522,0,0.0129272,-1.34E+07,0.1712981,0.1727178,0.4973817,-25.2581,95248950,4,10,TRUE,52.65522,30.47067,9.190755,3.403141,2.591949,1.896367,3
136,GHCH.NS,GHCL Ltd,India,Chemicals,2024,1.252593,41.87197,8.690023,0.028253,0.0879584,0.5285192,0,0.0235653,5839673,0.2776557,0.1494843,0.4969645,-9.902583,73042715,4,11.11111,TRUE,45.4668,39.69198,6.484224,3.430827,3.20181,2.75233,3
137,GHFC.NS,Ganesh Housing Ltd,India,Real Estate Management & Development,2022,4.976797,29.32013,8.237175,0.0025178,0.1637249,0.7517257,0.6041194,0,3.78E+07,0.2545294,0.3630436,0.1531281,48.72051,12433496,13,16.66667,TRUE,56.59822,11.22799,7.609365,3.370596,5.897142,1,3
137,GHFC.NS,Ganesh Housing Ltd,India,Real Estate Management & Development,2023,4.004891,31.1105,8.326852,0.0147188,0.1092184,0.8828559,0.3835916,-5.65E-08,-1.13E+07,0.1600878,0.2542697,0.2047068,42.69629,55273809,8,28.57143,TRUE,45.58403,18.06807,9.190755,3.403141,2.591949,1.274274,3
137,GHFC.NS,Ganesh Housing Ltd,India,Real Estate Management & Development,2024,3.08055,54.1785,8.437194,0.011726,0.1094508,0.9084136,0.4733408,-4.28E-08,-8564470,0.0865326,0.1922039,0.2443406,4.944048,69989468,7,28.57143,TRUE,78.20222,29.54354,6.484224,3.430827,3.20181,1.362777,3
139,GLAX.NS,GlaxoSmithKline Pharmaceuticals Ltd,India,Pharmaceuticals,2022,13.4097,54.57587,8.607338,0.0046712,0.3987183,0.836662,0.0263131,0.000012,-3.06E+07,0.3298131,0.1382711,0.0947274,-8.358945,73958398,7,30,TRUE,56.54709,54.35229,7.609365,3.370596,5.897142,1.559672,3
139,GLAX.NS,GlaxoSmithKline Pharmaceuticals Ltd,India,Pharmaceuticals,2023,12.70124,47.33861,8.630132,0.005248,0.428763,0.8572035,0.042081,0,3506935,0.5502079,0.1476257,0.0873672,4.695177,70781164,5,22.22222,TRUE,39.00496,50.66844,9.190755,3.403141,2.591949,1,3
139,GLAX.NS,GlaxoSmithKline Pharmaceuticals Ltd,India,Pharmaceuticals,2024,11.21891,47.02897,8.681925,0.0024224,0.4637595,0.8833432,0.0545088,0.1058893,5.56E+07,0.6851203,0.1172661,0.0690979,5.888296,1.09E+08,6,22.22222,TRUE,36.41125,50.60381,6.484224,3.430827,3.20181,1.312369,3
140,GLEN.NS,Glenmark Pharmaceuticals Ltd,India,Pharmaceuticals,2022,2.655246,70.21062,9.372507,0.2378669,0.234685,0.4593206,0.2549805,0,3955696,0.062687,0.1293921,0.2165583,-13.0357,-10900803,5,27.27273,TRUE,54.63902,68.22439,7.609365,3.370596,5.897142,2.425222,3
140,GLEN.NS,Glenmark Pharmaceuticals Ltd,India,Pharmaceuticals,2023,3.658536,75.90423,9.236207,0.0857276,0.4052329,0.8936965,0.2849953,0,2.58E+07,0.0843806,0.1894925,0.246366,0.5283905,-2.20E+08,5,33.33333,TRUE,70.3969,72.77456,9.190755,3.403141,2.591949,2.110138,3
140,GLEN.NS,Glenmark Pharmaceuticals Ltd,India,Pharmaceuticals,2024,3.345294,73.24493,9.273751,0.1540645,0.3717875,0.8287403,0.2808279,0,2040609,0.1180779,0.1886987,0.2405894,9.999502,1.23E+08,7,33.33333,TRUE,64.89929,73.17481,6.484224,3.430827,3.20181,2.723613,3
141,GMDC.NS,Gujarat Mineral Development Corporation Ltd,India,"Oil, Gas & Consumable Fuels",2022,1.839154,18.00736,8.927399,0.0002975,0.0758615,0.452248,0.0968553,0.0033685,1027215,0.0152175,0.0158296,0.1534856,18.27717,1.47E+08,4,25,TRUE,15.32029,7.454034,7.609365,3.370596,5.897142,1.5149,3
141,GMDC.NS,Gujarat Mineral Development Corporation Ltd,India,"Oil, Gas & Consumable Fuels",2023,1.731465,28.01783,8.946376,0.0004049,0.0747498,0.4402382,0.0603352,0.0615951,-37192.56,0.0721691,0.0163865,0.1530925,-30.59461,71668866,5,37.5,TRUE,12.4305,25.44241,9.190755,3.403141,2.591949,1.315305,3
141,GMDC.NS,Gujarat Mineral Development Corporation Ltd,India,"Oil, Gas & Consumable Fuels",2024,1.639314,37.02978,8.957614,0.0163139,0.0680955,0.3942407,0.2252117,0.0598456,7969573,0.2668124,0.0117838,0.1938819,12.90759,80256290,6,25,TRUE,22.70959,32.1946,6.484224,3.430827,3.20181,1.498987,3
142,GMMP.NS,GMM Pfaudler Ltd,India,Machinery,2022,1.539695,55.13524,8.610972,0.2899474,0.4145725,0.5452635,0.2239735,0,2543817,0.1054979,0.260146,0.1881748,15.54485,25985881,4,12.5,FALSE,64.94039,47.23758,7.609365,3.370596,5.897142,1.888638,3
142,GMMP.NS,GMM Pfaudler Ltd,India,Machinery,2023,1.639814,51.66933,8.580647,0.2854897,0.3670248,0.5272356,0.27441,0,977804.4,0.0939224,0.214586,0.2073639,6.914891,20887822,7,12.5,FALSE,56.84011,46.2748,9.190755,3.403141,2.591949,1.49517,3
142,GMMP.NS,GMM Pfaudler Ltd,India,Machinery,2024,1.699748,52.43482,8.560081,0.2740471,0.3643799,0.54353,0.3933935,0,1.46E+07,0.1367149,0.1864696,0.1976713,-9.470541,5754242.2,7,16.66667,FALSE,47.81433,47.93664,6.484224,3.430827,3.20181,2.16024,3
143,GOCP.NS,Godrej Consumer Products Ltd,India,Personal Care Products,2022,6.915457,84.12812,9.328347,0.064552,0.1880881,0.8884531,0.0930815,0.0029293,-4.79E+07,0.1467171,0.0878433,0.0900452,0.2045855,2.07E+08,4,41.66667,TRUE,94.30952,71.998,7.609365,3.370596,5.897142,1.860728,3
143,GOCP.NS,Godrej Consumer Products Ltd,India,Personal Care Products,2023,6.64139,82.53981,9.346169,0.1742117,0.3022477,0.9479458,0.0560091,0.0048481,5418117,0.1264292,0.0687136,0.0824248,4.34732,-67252549,4,41.66667,TRUE,94.84859,68.57436,9.190755,3.403141,2.591949,2.285646,3
143,GOCP.NS,Godrej Consumer Products Ltd,India,Personal Care Products,2024,6.384098,81.26819,9.362132,0.2035651,0.3524621,0.9042355,0.0504734,0.0053356,6100644,0.1876537,0.0721134,0.096645,-0.6018225,2.17E+08,7,54.54546,TRUE,96.89971,62.44174,6.484224,3.430827,3.20181,2.150171,3
144,GODE.NS,Godrej Agrovet Ltd,India,Food Products,2022,2.460802,23.54534,8.824592,0.2612127,0.4334673,0.8026205,0.0112364,0,-564751.7,0.0048375,0.2709449,0.4413948,4.256429,35949367,4,38.46154,TRUE,20.13491,49.13223,7.609365,3.370596,5.897142,2.405586,3
144,GODE.NS,Godrej Agrovet Ltd,India,Food Products,2023,2.403978,30.93051,8.835218,0.2482576,0.384511,0.7307537,0.0226816,3.51E-06,2764247,0.0103946,0.264194,0.4639339,0.5373839,43125375,4,42.85714,TRUE,11.2854,52.576,9.190755,3.403141,2.591949,2.518718,3
144,GODE.NS,Godrej Agrovet Ltd,India,Food Products,2024,2.509889,39.1351,8.809912,0.2530788,0.399281,0.854251,0.0070922,0.0038271,-1524868,0.0062973,0.2500059,0.4747833,-4.271395,47205383,4,46.15385,TRUE,31.64084,58.51906,6.484224,3.430827,3.20181,2.722792,3
145,GODI.NS,Godrej Industries Ltd,India,Industrial Conglomerates,2022,0.9278283,37.84568,9.728546,0.4466721,0.5033534,0.6150185,0.0242236,0.0236787,1.19E+08,0.1242315,0.3256603,0.1083867,7.211444,1.73E+08,4,27.27273,TRUE,26.18542,33.65109,7.609365,3.370596,5.897142,2.120049,3
145,GODI.NS,Godrej Industries Ltd,India,Industrial Conglomerates,2023,0.6697924,38.17881,9.86831,0.4711088,0.5586786,0.6421598,0.0369797,0.0099156,3.46E+07,0.138071,0.4043319,0.0873816,-5.252838,71404919,4,25,TRUE,20.91108,28.85264,9.190755,3.403141,2.591949,1.984513,3
145,GODI.NS,Godrej Industries Ltd,India,Industrial Conglomerates,2024,0.4743761,43.68298,10.01249,0.4330924,0.5344284,0.6041688,0.0381649,0.0119361,1.14E+08,0.1839602,0.4036012,0.0621126,12.26833,2.18E+08,5,27.27273,TRUE,34.08098,25.58284,6.484224,3.430827,3.20181,2.251141,3
146,GOFA.NS,Go Fashion (India) Ltd,India,Specialty Retail,2022,3.804829,35.62973,8.052409,0.3662409,0.1368169,0.3119733,0.2053878,0.0082028,-963984.9,0.1262203,0.2533354,0.4318501,53.14782,10077678,11,14.28571,TRUE,36.65384,10.51964,7.609365,3.370596,5.897142,1.407394,3
146,GOFA.NS,Go Fashion (India) Ltd,India,Specialty Retail,2023,3.138597,45.51982,8.136778,0.4107532,0.1222578,0.2594525,0.0976666,0.0018122,-2153114,0.2087028,0.1960919,0.4699581,13.02573,9931145.8,4,14.28571,TRUE,44.24067,29.58591,9.190755,3.403141,2.591949,1.304736,3
146,GOFA.NS,Go Fashion (India) Ltd,India,Specialty Retail,2024,2.866039,44.74045,8.175604,0.3959997,0.1250882,0.2747325,0.0881538,0.0015795,50789.94,0.2111655,0.1885339,0.4457254,8.454715,10941919,4,16.66667,TRUE,30.48516,49.39846,6.484224,3.430827,3.20181,1.304736,3
147,GRAN.NS,Granules India Ltd,India,Pharmaceuticals,2022,2.13415,38.44287,8.77594,0.2316689,0.3697578,0.8762335,0.02059,0.0518327,1.30E+07,0.0596839,0.2388345,0.3791181,10.71197,62876947,7,20,TRUE,52.63048,22.85779,7.609365,3.370596,5.897142,1.484468,3
147,GRAN.NS,Granules India Ltd,India,Pharmaceuticals,2023,1.926823,47.99141,8.821111,0.2381939,0.3771599,0.9071441,0.1349776,0.0181194,1.07E+07,0.0765938,0.2454283,0.383198,-1.548966,48627475,7,22.22222,TRUE,53.61001,45.79643,9.190755,3.403141,2.591949,2.29541,3
147,GRAN.NS,Granules India Ltd,India,Pharmaceuticals,2024,1.777032,53.39758,8.864346,0.2326658,0.3203745,0.7895839,0.1099957,0.0393079,9948976,0.0828113,0.2199443,0.4245256,-2.993498,58691164,6,23.07692,TRUE,58.35459,55.99827,6.484224,3.430827,3.20181,2.395743,3
148,GRAS.NS,Grasim Industries Ltd,India,Construction Materials,2022,0.5327001,59.89854,10.61323,0.3055665,0.2062039,0.2690249,0.0240366,0.0019016,8746349,0.054648,0.0376097,0.2191033,13.54803,1.35E+09,6,15.38461,TRUE,52.52282,55.51994,7.609365,3.370596,5.897142,2.894077,3
148,GRAS.NS,Grasim Industries Ltd,India,Construction Materials,2023,0.4400431,62.63308,10.69456,0.3324656,0.2240584,0.2853864,0.0166907,0.002048,9008998,0.060406,0.0360144,0.2187739,9.760849,1.19E+09,7,20,TRUE,61.51065,55.67215,9.190755,3.403141,2.591949,2.299528,3
148,GRAS.NS,Grasim Industries Ltd,India,Construction Materials,2024,0.3696992,72.02364,10.76772,0.3722523,0.2148173,0.2667907,0.0320307,0.0028742,2.92E+08,0.0523188,0.0342476,0.2430969,10.5746,9.08E+08,6,20,TRUE,69.36288,64.63387,6.484224,3.430827,3.20181,2.954086,3
149,GREP.NS,Greenpanel Industries Ltd,India,Paper & Forest Products,2022,1.789307,15.41076,8.31702,0.1335201,0.1372321,0.457913,0.05673,0,-5369012,0.2475905,0.0961769,0.5843174,1.35446,31221373,4,16.66667,TRUE,34.30367,13.76419,7.609365,3.370596,5.897142,2.134037,3
149,GREP.NS,Greenpanel Industries Ltd,India,Paper & Forest Products,2023,1.623458,22.48152,8.359203,0.1553473,0.115244,0.3730349,0.135123,0.005248,3437505,0.1372997,0.1119707,0.6792464,-13.36021,16225831,5,16.66667,TRUE,40.78458,18.329,9.190755,3.403141,2.591949,1.920845,3
149,GREP.NS,Greenpanel Industries Ltd,India,Paper & Forest Products,2024,1.515801,46.13564,8.39787,0.1931903,0.1300552,0.3700129,0.0500706,0.009387,-669771.8,0.1153093,0.0958847,0.7345115,-10.62868,8438724.4,5,16.66667,TRUE,51.63224,55.56797,6.484224,3.430827,3.20181,1.745149,3
151,GRNN.NS,Grindwell Norton Ltd,India,Machinery,2022,6.789933,40.8303,8.467338,0.021314,0.2063447,0.8231743,0.0273767,0.0107888,147626.6,0.2494933,0.2054541,0.2551378,16.64357,44002240,5,11.11111,TRUE,28.13371,24.64797,7.609365,3.370596,5.897142,2.053311,3
151,GRNN.NS,Grindwell Norton Ltd,India,Machinery,2023,5.957936,39.99446,8.521515,0.0298223,0.205929,0.7984143,0.0352493,0.0104707,1138668,0.2692473,0.1849876,0.2851074,4.212909,46065519,5,12.5,TRUE,31.87004,22.83505,9.190755,3.403141,2.591949,1.747878,3
151,GRNN.NS,Grindwell Norton Ltd,India,Machinery,2024,5.513858,36.90661,8.553555,0.0273323,0.2079893,0.793439,0.0193087,0.0193013,2594710,0.3092406,0.1678553,0.2674876,2.074114,43448426,6,11.11111,TRUE,20.39493,25.37416,6.484224,3.430827,3.20181,1.634753,3
153,GRPH.NS,Graphite India Ltd,India,Electrical Equipment,2022,1.516421,15.75744,8.899003,0.06635,0.2182107,0.9182042,0.0162653,0,-5518501,0.2069463,0.359568,0.1301597,-2.904302,24227118,4,14.28571,0,19.82999,9.430912,7.609365,3.370596,5.897142,1.967701,3
153,GRPH.NS,Graphite India Ltd,India,Electrical Equipment,2023,1.443522,16.30205,8.911317,0.0260642,0.1516558,0.8698713,0.0332725,0.0003973,1665267,0.4063393,0.2017976,0.150817,-8.59321,96560288,4,12.5,0,17.87435,7.615528,9.190755,3.403141,2.591949,1.511385,3
153,GRPH.NS,Graphite India Ltd,India,Electrical Equipment,2024,1.372379,16.23984,8.927504,0.0238796,0.1590242,0.8422136,0.0151746,0.0126188,8392042,0.4576578,0.1657076,0.1507172,-15.34313,53619661,5,11.11111,0,18.18286,8.061394,6.484224,3.430827,3.20181,1.55611,3
154,GRSE.NS,Garden Reach Shipbuilders & Engineers Ltd,India,Aerospace & Defense,2022,2.55318,23.58789,9.117794,0.0289634,0.8575459,0.987048,0.0015134,9.28E-09,520070.6,0.5529347,0.4095597,0.0467797,34.85991,27765823,7,0,TRUE,20.39777,20.27143,7.609365,3.370596,5.897142,1.804654,3
154,GRSE.NS,Garden Reach Shipbuilders & Engineers Ltd,India,Aerospace & Defense,2023,2.678108,24.10248,9.089899,0.0064057,0.824856,0.9857642,0.0006232,0,-1045651,0.3409289,0.4216853,0.0484396,38.27212,42863551,7,0,TRUE,16.38452,18.35128,9.190755,3.403141,2.591949,2.016777,3
154,GRSE.NS,Garden Reach Shipbuilders & Engineers Ltd,India,Aerospace & Defense,2024,2.615783,22.82294,9.083405,0.0009338,0.7870451,0.984807,0,0.3604182,-162352.3,0.3745663,0.343072,0.0502867,37.80801,61720749,9,0,TRUE,14.35257,16.36028,6.484224,3.430827,3.20181,1.850789,3
155,GRVL.NS,Greaves Cotton Ltd,India,Machinery,2022,1.677101,31.69126,8.520616,0.0103728,0.2617024,0.6265895,0.0202387,0.0264275,-517283.3,0.6200693,0.0815804,0.1001127,45.86286,9322054.5,6,12.5,TRUE,43.69235,25.78503,7.609365,3.370596,5.897142,1.631523,3
155,GRVL.NS,Greaves Cotton Ltd,India,Machinery,2023,1.861761,44.20425,8.470804,0.0327667,0.2799841,0.6737131,0.0622618,0.0425501,7365327,0.1730315,0.1179115,0.1658869,-3.847244,-43955609,6,11.11111,TRUE,58.14944,30.13187,9.190755,3.403141,2.591949,1.407394,3
155,GRVL.NS,Greaves Cotton Ltd,India,Machinery,2024,1.799445,48.35144,8.475102,0.0318387,0.337434,0.7512892,0.0357956,0.0408566,-1496782,0.2162336,0.1419261,0.1656052,8.109064,-734932.71,4,12.5,TRUE,66.98154,26.95825,6.484224,3.430827,3.20181,1.662749,3
156,GRWL.NS,Garware Technical Fibres Ltd,India,"Textiles, Apparel & Luxury Goods",2022,5.096966,18.766,8.259449,0.0894428,0.2885584,0.9037119,0.0494575,0.0138296,311562.8,0.0362058,0.1515592,0.1618332,1.403958,20959068,4,33.33333,TRUE,8.555382,26.5804,7.609365,3.370596,5.897142,2.450117,3
156,GRWL.NS,Garware Technical Fibres Ltd,India,"Textiles, Apparel & Luxury Goods",2023,4.265596,20.1756,8.327312,0.0695096,0.2727768,0.8993761,0.1433325,0.0453649,1.29E+07,0.2048686,0.1519572,0.1456603,0.0870259,25227115,4,28.57143,TRUE,18.05349,30.01934,9.190755,3.403141,2.591949,1.855366,3
156,GRWL.NS,Garware Technical Fibres Ltd,India,"Textiles, Apparel & Luxury Goods",2024,4.270601,22.7029,8.312964,0.0369241,0.2568788,0.8761063,0.0231825,0.0003331,-1.62E+07,0.0939063,0.1645545,0.1557644,13.32615,27097425,4,28.57143,TRUE,20.29179,36.02182,6.484224,3.430827,3.20181,1.704992,3
157,GSFC.NS,Gujarat State Fertilizers & Chemicals Ltd,India,Chemicals,2022,0.5665112,31.47268,9.228643,0.0001717,0.0777061,0.578178,0.0566547,0.0745305,9.38E+07,0.0935657,0.1024054,0.1996787,15.63464,1.54E+08,5,18.18182,TRUE,34.57877,28.78147,7.609365,3.370596,5.897142,2.758607,3
157,GSFC.NS,Gujarat State Fertilizers & Chemicals Ltd,India,Chemicals,2023,0.5251189,31.34367,9.256651,0.0003394,0.0866106,0.5609791,0.067308,0.0295371,-6.79E+07,0.1626703,0.0945042,0.1848314,-20.62464,67640624,6,18.18182,TRUE,32.16137,27.46519,9.190755,3.403141,2.591949,1.972066,3
157,GSFC.NS,Gujarat State Fertilizers & Chemicals Ltd,India,Chemicals,2024,0.5404611,32.29228,9.225715,0.0001225,0.0906131,0.5837268,0,0.1327357,-2.89E+07,0.1287838,0.1029493,0.2220209,1.58402,69181978,6,20,TRUE,25.11229,37.19885,6.484224,3.430827,3.20181,2.108289,3
158,GILE.NS,Gillette India Ltd,India,Personal Care Products,2022,16.61757,36.21032,8.368134,0.0000261,0.42576,0.8797895,0.0777623,0.2035331,2.00E+07,0.2693695,0.2151971,0.2201811,5.589678,43327527,6,18.18182,TRUE,38.08505,41.97988,7.609365,3.370596,5.897142,1.356992,3
158,GILE.NS,Gillette India Ltd,India,Personal Care Products,2023,17.49802,40.69426,8.341698,0.0000273,0.414606,0.8831387,0.0901534,0.2212208,2398177,0.2433269,0.2162174,0.2036597,4.6871,49391158,4,18.18182,TRUE,38.38544,45.77189,9.190755,3.403141,2.591949,1.40312,3
158,GILE.NS,Gillette India Ltd,India,Personal Care Products,2024,16.56091,42.81136,8.351068,0.0000261,0.4077019,0.8739758,0.0837117,0.1825103,-6785255,0.2213652,0.2364656,0.1874485,-17.20541,48877706,6,20,TRUE,30.69695,46.47884,6.484224,3.430827,3.20181,0,3
159,GINF.NS,G R Infraprojects Ltd,India,Construction & Engineering,2022,0.8370484,11.69212,9.224764,0.4132412,0.1609378,0.2950122,0.073443,0.0035004,-4.78E+07,0.0693802,0.0771895,0.10943,3.5575,1.77E+08,11,12.5,TRUE,26.45049,3.50008,7.609365,3.370596,5.897142,1.571786,3
159,GINF.NS,G R Infraprojects Ltd,India,Construction & Engineering,2023,0.9040725,31.66105,9.191081,0.2949233,0.1490752,0.360626,0.2138767,0.025321,3.87E+07,0.0543743,0.0716817,0.1068251,-6.640033,1.59E+08,7,12.5,TRUE,45.29855,20.86722,9.190755,3.403141,2.591949,2.327578,3
159,GINF.NS,G R Infraprojects Ltd,India,Construction & Engineering,2024,0.7968859,38.90614,9.242329,0.3329527,0.1138461,0.2640105,0.2131093,0.0199124,1.47E+07,0.0874119,0.0473419,0.0827379,-19.6787,1.19E+08,5,12.5,TRUE,60.011,20.78755,6.484224,3.430827,3.20181,2.302585,3
160,HALC.NS,Hindalco Industries Ltd,India,Metals & Mining,2022,0.6592666,79.78822,10.43717,0.2932652,0.2689165,0.4650145,0.1533321,0.0158796,1.46E+08,0.0878424,0.1992687,0.3819551,5.711308,1.23E+09,7,18.18182,TRUE,86.32339,82.35141,7.609365,3.370596,5.897142,2.379627,3
160,HALC.NS,Hindalco Industries Ltd,India,Metals & Mining,2023,0.6571377,78.21727,10.44441,0.2623336,0.2559259,0.4719349,0.1520615,0.0120091,-1.23E+08,0.0775803,0.1822843,0.4068053,-4.625102,1.22E+09,5,18.18182,TRUE,83.26273,83.40533,9.190755,3.403141,2.591949,2.769637,3
160,HALC.NS,Hindalco Industries Ltd,India,Metals & Mining,2024,0.5788672,77.54497,10.49315,0.2468317,0.2463091,0.4604658,0.1097289,0.0098462,-2.36E+08,0.1036888,0.1883447,0.4182848,7.720236,1.87E+09,6,20,TRUE,83.56461,83.12794,6.484224,3.430827,3.20181,2.873721,3
161,HAPL.NS,Hatsun Agro Product Ltd,India,Food Products,2022,5.084707,44.40126,8.654237,0.4837828,0.3098657,0.5069367,0.032317,0,73.02824,0.0104929,0.1599697,0.7706097,5.094888,20186977,7,10,TRUE,71.38551,29.65315,7.609365,3.370596,5.897142,2.525761,3
161,HAPL.NS,Hatsun Agro Product Ltd,India,Food Products,2023,4.035031,42.64906,8.754378,0.5699101,0.3887528,0.5820324,0.0275591,0,1633377,0.013744,0.3083009,0.6321857,8.684408,32068062,8,10,TRUE,65.67162,32.26185,9.190755,3.403141,2.591949,1.976771,3
161,HAPL.NS,Hatsun Agro Product Ltd,India,Food Products,2024,3.945887,42.6446,8.755362,0.5283664,0.3703735,0.572493,0.0320341,0,819192.5,0.0143122,0.2065202,0.6971161,6.201849,32628438,7,18.18182,TRUE,64.02635,30.47976,6.484224,3.430827,3.20181,2.205638,3
162,HBLO.NS,HBL Engineering Ltd,India,Electrical Equipment,2022,16.13427,36.32277,8.197335,0.0664673,0.2208446,0.833917,0.2303318,0.0512584,1.00E+07,0.1086745,0.3003533,0.2579336,2.281819,11817393,4,37.5,TRUE,39.99582,15.93111,7.609365,3.370596,5.897142,2.46954,3
162,HBLO.NS,HBL Engineering Ltd,India,Electrical Equipment,2023,12.44392,41.37554,8.297655,0.0407849,0.2394527,0.913559,0.1124534,0.108233,1.10E+07,0.1743615,0.2721325,0.2206729,60.84638,31512442,4,37.5,TRUE,59.65844,21.55868,9.190755,3.403141,2.591949,2.230877,3
162,HBLO.NS,HBL Engineering Ltd,India,Electrical Equipment,2024,10.53423,41.27567,8.364842,0.0375324,0.2152646,0.8578112,0,0.072035,-1.25E+07,0.1606925,0.269549,0.2320088,-14.08193,30728122,5,40,TRUE,46.32261,25.39722,6.484224,3.430827,3.20181,2.174153,3
163,HCLT.NS,HCL Technologies Ltd,India,IT Services,2022,4.001287,73.69867,10.05574,0.0512359,0.2294269,0.7652289,0.2457655,0.0405734,-1.76E+08,0.208572,0.0035542,0.0829453,9.429561,1.81E+09,6,30.76923,TRUE,84.29482,48.36574,7.609365,3.370596,5.897142,2.164189,3
163,HCLT.NS,HCL Technologies Ltd,India,IT Services,2023,3.886906,81.13319,10.07813,0.0576886,0.2277679,0.7211398,0.374285,0.0093709,4.51E+07,0.2867968,0.0028764,0.0792668,6.78891,1.89E+09,5,30.76923,TRUE,90.33892,75.87689,9.190755,3.403141,2.591949,2.59432,3
163,HCLT.NS,HCL Technologies Ltd,India,IT Services,2024,3.737442,80.15097,10.09172,0.0594634,0.2656617,0.78127,0.1900567,0.0274483,-1.40E+08,0.2809928,0.0023213,0.0717805,3.880599,2.04E+09,4,35.71429,TRUE,85.41721,77.04723,6.484224,3.430827,3.20181,2.521449,3
164,HEAC.NS,Healthcare Global Enterprises Ltd,India,Health Care Providers & Services,2022,3.838162,60.74626,8.450081,0.3891155,0.2462503,0.3918392,0.1706358,0.0333771,-2617819,0.0726811,0.0248582,0.5920829,12.02996,2145813,4,20,TRUE,63.52973,58.68012,7.609365,3.370596,5.897142,2.20391,3
164,HEAC.NS,Healthcare Global Enterprises Ltd,India,Health Care Providers & Services,2023,3.331398,52.46291,8.511662,0.4706781,0.2746835,0.3952266,0.0792505,0.0789194,-619556.1,0.1160272,0.0216506,0.5867184,11.18697,4959088.2,5,20,TRUE,54.06087,51.30435,9.190755,3.403141,2.591949,1.902956,3
164,HEAC.NS,Healthcare Global Enterprises Ltd,India,Health Care Providers & Services,2024,2.633354,55.46147,8.617688,0.5185142,0.2953286,0.3992766,0,0.066569,-2.49E+07,0.0867705,0.0149637,0.5610091,13.40533,5714452.9,6,20,TRUE,61.12052,49.61495,6.484224,3.430827,3.20181,1.902956,3
165,HEGL.NS,HEG Ltd,India,Electrical Equipment,2022,1.55247,35.19131,8.840601,0.1304594,0.2312191,0.9327215,0.0252933,0,-942989.3,0.1335441,0.2530087,0.3210097,3.528408,64801400,4,20,TRUE,62.84959,13.26105,7.609365,3.370596,5.897142,1.836343,3
165,HEGL.NS,HEG Ltd,India,Electrical Equipment,2023,1.581379,34.00376,8.835073,0.1092151,0.2047865,0.9154308,0.0157476,0.0208135,1.24E+07,0.1232975,0.2094502,0.3542622,-4.317626,37394013,4,20,TRUE,55.86815,13.02648,9.190755,3.403141,2.591949,1.761679,3
165,HEGL.NS,HEG Ltd,India,Electrical Equipment,2024,1.59352,39.43343,8.820195,0.1040464,0.192184,0.9088178,0.0179528,0.0058021,-1.01E+07,0.0891556,0.2221321,0.3541997,-12.03759,13464646,6,20,TRUE,65.50358,15.36392,6.484224,3.430827,3.20181,2.101109,3
168,HFCL.NS,HFCL Ltd,India,Diversified Telecommunication Services,2022,1.825188,45.08832,8.823532,0.1403577,0.3914344,0.9057568,0.0149755,0,5718111,0.0135766,0.1384811,0.1050526,-7.300977,38669669,6,14.28571,TRUE,65.44894,41.97697,7.609365,3.370596,5.897142,2.200398,3
168,HFCL.NS,HFCL Ltd,India,Diversified Telecommunication Services,2023,1.570595,54.07177,8.891127,0.152805,0.3366745,0.8627814,0.0056457,0.0016957,-4748651,0.0171294,0.1193834,0.1020144,-7.210327,40494301,6,14.28571,TRUE,72.9258,42.72258,9.190755,3.403141,2.591949,2.310917,3
168,HFCL.NS,HFCL Ltd,India,Diversified Telecommunication Services,2024,1.338592,52.05555,8.946021,0.2016832,0.3826874,0.8329257,0.0157244,0.0033275,5522528,0.0254802,0.1191102,0.1122273,-11.20746,20276185,7,14.28571,TRUE,61.50871,42.26534,6.484224,3.430827,3.20181,2.055242,3
169,HFDS.NS,Hindustan Foods Ltd,India,Food Products,2022,4.452138,23.94181,8.210881,0.3838968,0.3781685,0.525824,0.0752061,0.0014199,885065.8,0.0423755,0.2557062,0.5058009,17.6516,8655927.5,4,10,TRUE,41.1362,16.77901,7.609365,3.370596,5.897142,3.329518,3
169,HFDS.NS,Hindustan Foods Ltd,India,Food Products,2023,3.134852,29.33837,8.363581,0.3790768,0.3578985,0.5386869,0.0626679,0,397324.5,0.0319985,0.2648298,0.4722182,4.512955,11159832,5,10,TRUE,50.52929,24.21638,9.190755,3.403141,2.591949,2.844974,3
169,HFDS.NS,Hindustan Foods Ltd,India,Food Products,2024,2.478496,35.42159,8.46458,0.3597427,0.3503792,0.5455608,0,0.0335752,3956700,0.1219808,0.302273,0.4483463,26.21218,12830895,7,20,TRUE,55.86269,32.44146,6.484224,3.430827,3.20181,2.189027,3
170,HGIN.NS,HG Infra Engineering Ltd,India,Construction & Engineering,2022,1.244317,22.22112,8.777894,0.3877264,0.2961976,0.4856458,0.0495227,0.0043031,5384129,0.0502083,0.0521922,0.1415416,13.82118,60028116,4,16.66667,TRUE,11.64439,21.53439,7.609365,3.370596,5.897142,2.140352,3
170,HGIN.NS,HG Infra Engineering Ltd,India,Construction & Engineering,2023,1.137814,41.76038,8.814244,0.2784423,0.3241629,0.5912784,0.0571887,0.0026765,3065867,0.0230671,0.0588693,0.1376862,14.70533,64617397,5,37.5,TRUE,34.47292,34.78625,9.190755,3.403141,2.591949,1.518922,3
170,HGIN.NS,HG Infra Engineering Ltd,India,Construction & Engineering,2024,0.70796,43.92315,9.011422,0.4753902,0.2769605,0.4172549,0.0358436,0,-3300293,0.0156317,0.0626469,0.2539443,-8.302655,59145816,6,37.5,TRUE,32.21235,31.39361,6.484224,3.430827,3.20181,2.203835,3
171,HIAE.NS,Hindustan Aeronautics Ltd,India,Aerospace & Defense,2022,4.187954,31.9986,9.912733,0.0000394,0.4587132,0.7065346,0.0434589,0,1.67E+08,0.3212124,0.235569,0.0957613,1.040699,7.09E+08,12,25,TRUE,33.35429,25.70156,7.609365,3.370596,5.897142,1.443253,3
171,HIAE.NS,Hindustan Aeronautics Ltd,India,Aerospace & Defense,2023,3.632686,25.73107,9.971719,0.0000141,0.465129,0.7419638,0.0342591,0,-2.23E+07,0.3876792,0.2272003,0.0860118,11.21482,9.14E+08,12,28.57143,TRUE,16.51361,21.71129,9.190755,3.403141,2.591949,1.653444,3
171,HIAE.NS,Hindustan Aeronautics Ltd,India,Aerospace & Defense,2024,2.690677,23.10095,10.09469,0.0000109,0.4149483,0.6185747,0.030582,0,3.44E+07,0.4768915,0.2642436,0.0664491,-0.5316166,9.79E+08,12,12.5,TRUE,12.73194,18.75047,6.484224,3.430827,3.20181,1.614515,3
172,HIIL.NS,Hindware Home Innovation Ltd,India,Trading Companies & Distributors,2022,1.016086,48.71609,8.447568,0.4158396,0.4821978,0.64296,0.0082849,0,-2103055,0.0039606,0.3047597,0.4098069,15.72901,8089094.5,5,14.28571,TRUE,65.32697,37.06622,7.609365,3.370596,5.897142,1.927569,3
172,HIIL.NS,Hindware Home Innovation Ltd,India,Trading Companies & Distributors,2023,1.032047,44.70613,8.462966,0.4322588,0.502599,0.6674671,0.0240216,0,2402160,0.012509,0.2577687,0.399667,-4.754128,6967006.6,5,14.28571,TRUE,68.87168,25.97927,9.190755,3.403141,2.591949,1.636169,3
172,HIIL.NS,Hindware Home Innovation Ltd,India,Trading Companies & Distributors,2024,1.027951,43.89647,8.471021,0.3517569,0.4536345,0.6549892,0,0.0098467,-506729.1,0.0163826,0.237651,0.4267369,-11.35768,-5954359.3,5,16.66667,0,58.1235,32.69935,6.484224,3.430827,3.20181,0,3
173,HIKA.NS,Hikal Ltd,India,Pharmaceuticals,2022,1.239585,40.0312,8.462915,0.3136406,0.2773251,0.5283927,0.0396702,0.0002037,1860881,0.0247559,0.1399952,0.5660361,-3.798633,9540165.5,5,20,TRUE,24.24995,48.22899,7.609365,3.370596,5.897142,1.912778,3
173,HIKA.NS,Hikal Ltd,India,Pharmaceuticals,2023,1.211046,42.51247,8.474796,0.3287206,0.304217,0.5822547,0.0162192,0.0001733,-1682903,0.0085412,0.1286787,0.5929749,-13.04523,8350569.9,4,20,TRUE,31.16939,60.25774,9.190755,3.403141,2.591949,1.653672,3
173,HIKA.NS,Hikal Ltd,India,Pharmaceuticals,2024,1.216181,44.60212,8.47122,0.3023844,0.3121911,0.6233223,0,0.0071177,35108.25,0.0327475,0.1322709,0.5844043,1.652694,10626097,7,25,TRUE,30.7534,61.95367,6.484224,3.430827,3.20181,2.165963,3
175,HLEG.NS,HLE Glascoat Ltd,India,Machinery,2022,3.757154,26.22811,8.036908,0.2785685,0.4547152,0.7163555,0.006595,0,-2707814,0.0149675,0.3119302,0.3532661,31.94399,8496409.4,6,12.5,TRUE,26.46861,31.81019,7.609365,3.370596,5.897142,1.437106,3
175,HLEG.NS,HLE Glascoat Ltd,India,Machinery,2023,2.93456,31.52674,8.158983,0.317691,0.4054336,0.6206588,0.0683047,0,3669838,0.0397022,0.2698216,0.3029942,2.423878,4905650.9,5,14.28571,0,38.34106,34.56892,9.190755,3.403141,2.591949,1.333597,3
175,HLEG.NS,HLE Glascoat Ltd,India,Machinery,2024,2.729925,34.69299,8.180009,0.2943124,0.4394781,0.6814948,0.022107,0.0306111,737916.9,0.0465611,0.2856889,0.3091054,3.55534,7228484.5,6,12.5,TRUE,29.77681,32.27672,6.484224,3.430827,3.20181,1.447619,3
176,HLL.NS,Hindustan Unilever Ltd,India,Personal Care Products,2022,7.954416,76.57056,9.94918,0.0166788,0.164571,0.5279375,0.0078982,0.0084694,-5.43E+07,0.0940501,0.0581636,0.1105669,6.710279,1.24E+09,5,18.18182,TRUE,73.1359,68.8757,7.609365,3.370596,5.897142,2.161083,3
176,HLL.NS,Hindustan Unilever Ltd,India,Personal Care Products,2023,7.495817,82.3659,9.973959,0.0189047,0.1640276,0.4719768,0.0149115,0.0080638,1.33E+07,0.1601714,0.0512363,0.1153645,0.7136049,1.23E+09,8,27.27273,TRUE,71.59833,76.63081,9.190755,3.403141,2.591949,2.052286,3
176,HLL.NS,Hindustan Unilever Ltd,India,Personal Care Products,2024,7.724575,83.62319,9.970726,0.0206309,0.207023,0.5425881,0.0074379,0.0744617,6.15E+08,0.137344,0.0552704,0.1206059,-0.5270898,1.25E+09,7,30.76923,TRUE,72.43056,75.52642,6.484224,3.430827,3.20181,1.983291,3
177,HOEX.NS,Hindustan Oil Exploration Company Ltd,India,"Oil, Gas & Consumable Fuels",2022,1.135948,36.34917,8.352578,0.1968334,0.29519,0.6048013,0.1427452,0.0000277,1.40E+07,0.1165791,0.0437433,0.6837894,231.5709,23618330,7,14.28571,TRUE,80.83916,26.64526,7.609365,3.370596,5.897142,1.265848,3
177,HOEX.NS,Hindustan Oil Exploration Company Ltd,India,"Oil, Gas & Consumable Fuels",2023,1.076969,42.16484,8.369452,0.0892051,0.2233299,0.560872,0.1558939,0.0001439,-1.56E+07,0.0365725,0.0216913,0.6517324,32.11945,27166143,11,14.28571,TRUE,87.07147,27.9186,9.190755,3.403141,2.591949,1.219844,3
177,HOEX.NS,Hindustan Oil Exploration Company Ltd,India,"Oil, Gas & Consumable Fuels",2024,1.078375,39.44669,8.36107,0.0614477,0.1749355,0.5354576,0.0396232,0.0003146,49912.23,0.0072847,0.1070845,0.6244727,-45.19963,17227349,7,20,FALSE,85.34704,22.66821,6.484224,3.430827,3.20181,1.219844,3
178,HPCL.NS,Hindustan Petroleum Corp Ltd,India,"Oil, Gas & Consumable Fuels",2022,0.483112,57.91486,10.29464,0.4364535,0.4597762,0.5741842,0.0060801,0.0004066,1.43E+08,0.033979,0.1826507,0.5719815,15.19156,-8.50E+08,12,8.333333,TRUE,24.98357,66.23473,7.609365,3.370596,5.897142,1.683001,3
178,HPCL.NS,Hindustan Petroleum Corp Ltd,India,"Oil, Gas & Consumable Fuels",2023,0.4323627,56.5901,10.341,0.3648543,0.4723701,0.6355261,0.0026305,0.0002886,-6.39E+08,0.0332542,0.1871848,0.5384961,-2.384802,1.92E+09,12,16.66667,TRUE,24.55746,68.34724,9.190755,3.403141,2.591949,1.872978,3
178,HPCL.NS,Hindustan Petroleum Corp Ltd,India,"Oil, Gas & Consumable Fuels",2024,0.4080942,55.19584,10.35775,0.3623115,0.4943793,0.6704561,0.0014401,0.0001416,-5.47E+07,0.0182455,0.1967976,0.5273703,-1.453681,7.88E+08,12,15.38461,TRUE,19.39511,69.06738,6.484224,3.430827,3.20181,1.367237,3
179,HROM.NS,Hero MotoCorp Ltd,India,Automobiles,2022,3.933458,69.62128,9.464046,0.0237295,0.2513949,0.8280181,0.0376375,0,5511198,0.1837013,0.0800672,0.2409492,6.785018,3.41E+08,9,27.27273,TRUE,88.0953,57.21981,7.609365,3.370596,5.897142,2.298638,3
179,HROM.NS,Hero MotoCorp Ltd,India,Automobiles,2023,3.686436,66.6779,9.496613,0.0231872,0.2695074,0.8337448,0.0858227,0,4.54E+07,0.2198171,0.0781882,0.2223744,9.048223,4.49E+08,7,30,TRUE,91.29857,56.78745,9.190755,3.403141,2.591949,2.898349,3
179,HROM.NS,Hero MotoCorp Ltd,India,Automobiles,2024,3.487021,61.84364,9.521459,0.0246538,0.2633285,0.8198892,0.0513043,0,-2.59E+07,0.2670897,0.0789019,0.2045729,5.634171,5.12E+08,6,30,TRUE,75.54843,54.38401,6.484224,3.430827,3.20181,2.548784,3
180,HVEL.NS,Havells India Ltd,India,Electrical Equipment,2022,8.226007,66.0798,9.132904,0.0199956,0.3437652,0.8463258,0.0186858,0.0352671,-3.78E+07,0.1798608,0.3350267,0.2143207,11.45326,1.30E+08,5,7.142857,TRUE,74.80522,81.98145,7.609365,3.370596,5.897142,1.632131,3
180,HVEL.NS,Havells India Ltd,India,Electrical Equipment,2023,7.495731,64.75215,9.173659,0.0243841,0.3445015,0.8590333,0.0132615,0.0168347,-2.39E+07,0.2682205,0.2823637,0.233511,8.972177,1.53E+08,6,7.142857,TRUE,62.36554,81.82584,9.190755,3.403141,2.591949,1.322465,3
180,HVEL.NS,Havells India Ltd,India,Electrical Equipment,2024,6.721151,59.57054,9.208463,0.0230669,0.3457613,0.8704139,0.012564,0.0541124,6.33E+07,0.2648547,0.2949728,0.2439351,14.27023,1.72E+08,5,7.142857,TRUE,53.66462,78.18227,6.484224,3.430827,3.20181,1.830311,3
181,HZNC.NS,Hindustan Zinc Ltd,India,Metals & Mining,2022,4.76254,78.99985,9.635164,0.3349875,0.4920912,0.7744842,0.0033805,0,-1.87E+08,0.2049289,0.0538247,0.557335,6.999182,1.25E+09,7,50,TRUE,83.99934,71.59508,7.609365,3.370596,5.897142,2.339388,3
181,HZNC.NS,Hindustan Zinc Ltd,India,Metals & Mining,2023,5.156849,76.07487,9.60923,0.2573241,0.3198407,0.5797326,0.0048888,0,-719856,0.2784826,0.0595368,0.5802331,-16.36186,9.31E+08,6,44.44444,TRUE,78.67456,68.47675,9.190755,3.403141,2.591949,2.164737,3
181,HZNC.NS,Hindustan Zinc Ltd,India,Metals & Mining,2024,5.139664,75.52127,9.605981,0.3179762,0.3247028,0.5291533,0.0085722,0,5032183,0.266051,0.0575239,0.6115106,14.9087,1.21E+09,8,55.55556,TRUE,79.76343,67.67786,6.484224,3.430827,3.20181,2.478093,3
182,IFBI.NS,IFB Industries Ltd,India,Household Durables,2022,2.673316,21.64919,8.40896,0.1675345,0.5406139,0.7913181,0.0667451,0,690116.9,0.0847178,0.2720205,0.3158312,13.47005,1818403.1,6,7.142857,TRUE,6.603765,21.18801,7.609365,3.370596,5.897142,1.603542,3
182,IFBI.NS,IFB Industries Ltd,India,Household Durables,2023,2.624221,23.08924,8.417509,0.0753008,0.5729038,0.8540741,0.0831912,0,3343731,0.1413369,0.2473587,0.2753981,4.278683,6041991.6,8,7.142857,TRUE,11.50842,25.18171,9.190755,3.403141,2.591949,1.838533,3
182,IFBI.NS,IFB Industries Ltd,India,Household Durables,2024,2.44041,29.92345,8.440762,0.1060731,0.53582,0.8334884,0.0864905,0,628437.7,0.1447705,0.2840407,0.2835359,11.91429,13915740,8,7.692307,TRUE,15.13132,43.42192,6.484224,3.430827,3.20181,2.229581,3
183,IGAS.NS,Indraprastha Gas Ltd,India,Gas Utilities,2022,2.16214,31.00081,9.186512,0.0065569,0.3354326,0.9024348,0.0146826,0.0034413,3725657,0.1522542,0.0040243,0.5667529,69.88694,2.00E+08,12,10,TRUE,27.36629,23.39207,7.609365,3.370596,5.897142,1.513053,3
183,IGAS.NS,Indraprastha Gas Ltd,India,Gas Utilities,2023,1.975583,30.02549,9.231993,0.0057082,0.286922,0.8895541,0.029066,0.007064,1.36E+07,0.2350174,0.0039184,0.5616591,-2.353167,2.38E+08,19,9.090909,TRUE,22.65008,26.66984,9.190755,3.403141,2.591949,1.311501,3
183,IGAS.NS,Indraprastha Gas Ltd,India,Gas Utilities,2024,1.819102,27.11831,9.260893,0.0060001,0.2768738,0.868793,0,0.1453891,-8709187,0.2635875,0.0031294,0.5589531,3.91755,2.01E+08,12,0,TRUE,8.569877,31.31607,6.484224,3.430827,3.20181,1.181579,3
185,INED.NS,Info Edge (India) Ltd,India,Interactive Media & Services,2022,5.047023,65.14267,9.307022,0.0064614,0.0809672,0.4134961,0.1191641,0.0120376,1.90E+07,0.1588526,0,0.0108433,36.37324,-8575827.7,13,20,TRUE,81.63481,29.82857,7.609365,3.370596,5.897142,1.378294,3
185,INED.NS,Info Edge (India) Ltd,India,Interactive Media & Services,2023,2.400069,70.36665,9.636491,0.0068268,0.041441,0.2566066,0.1254234,0.0039985,-3527175,0.2455484,0,0.0087465,6.583873,71332094,12,25,TRUE,84.12252,22.51243,9.190755,3.403141,2.591949,1.365527,3
185,INED.NS,Info Edge (India) Ltd,India,Interactive Media & Services,2024,2.060255,71.16839,9.699441,0.0062506,0.0404718,0.2200011,0.0703447,0.0033015,-8065419,0.1148264,0,0.0085499,9.587873,1.91E+08,6,18.18182,TRUE,86.28419,22.79149,6.484224,3.430827,3.20181,1.708627,3
186,INFY.NS,Infosys Ltd,India,IT Services,2022,4.610956,92.59441,10.18508,0.0659614,0.3114548,0.7773612,0,0.0768106,-6.45E+08,0.1487006,0,0.1630635,11.46481,2.93E+09,8,25,TRUE,97.24034,76.93349,7.609365,3.370596,5.897142,2.458716,3
186,INFY.NS,Infosys Ltd,India,IT Services,2023,4.385486,91.08678,10.21839,0.0606542,0.2814954,0.7805948,0,0.1047644,3.13E+08,0.2215479,0.0025832,0.1394271,3.208508,3.15E+09,8,12.5,TRUE,94.7096,76.68262,9.190755,3.403141,2.591949,1.685982,3
186,INFY.NS,Infosys Ltd,India,IT Services,2024,4.153134,91.11195,10.24119,0.0552507,0.2877712,0.807196,0,0.1613869,1.13E+09,0.2617594,0.0027736,0.1269484,3.458316,3.13E+09,6,22.22222,TRUE,94.96601,76.73174,6.484224,3.430827,3.20181,1.908447,3
187,INIR.NS,Indian Railway Catering and Tourism Corporation Ltd,India,Commercial Services & Supplies,2022,10.72341,46.61148,8.791951,0.0165388,0.469931,0.9161075,0.1793307,0,7380879,0.4649921,0.0018884,0.0698414,74.15858,1.22E+08,8,14.28571,TRUE,26.15207,50.23416,7.609365,3.370596,5.897142,1.754353,3
187,INIR.NS,Indian Railway Catering and Tourism Corporation Ltd,India,Commercial Services & Supplies,2023,9.022097,43.18803,8.863794,0.0099079,0.4320478,0.919723,0.268399,0,3.33E+07,0.4408851,0.0018002,0.1240905,18.85486,1.33E+08,8,14.28571,TRUE,28.46382,33.80496,9.190755,3.403141,2.591949,1.572138,3
187,INIR.NS,Indian Railway Catering and Tourism Corporation Ltd,India,Commercial Services & Supplies,2024,8.230657,38.22227,8.900763,0.0132064,0.4122305,0.8937687,0.1346825,0,-3.85E+07,0.3634572,0.001647,0.1195802,6.784409,1.54E+08,7,0,TRUE,24.68872,39.20454,6.484224,3.430827,3.20181,2.048424,3
188,INMR.NS,Indiamart Intermesh Ltd,India,Trading Companies & Distributors,2022,4.377267,45.77875,8.622482,0.0133274,0.2485199,0.6175857,0,0.0168686,1041748,0.7299307,0,0.015755,20.81667,34545643,5,16.66667,TRUE,48.19641,33.02516,7.609365,3.370596,5.897142,2.185179,3
188,INMR.NS,Indiamart Intermesh Ltd,India,Trading Companies & Distributors,2023,4.367901,59.89122,8.616737,0.0117923,0.3095497,0.6233699,0.0440266,0.0109624,3203120,0.6647977,0,0.0141188,19.71683,40066347,4,14.28571,TRUE,60.94102,58.04684,9.190755,3.403141,2.591949,1.151395,3
188,INMR.NS,Indiamart Intermesh Ltd,India,Trading Companies & Distributors,2024,3.758775,60.29058,8.684626,0.0079921,0.2955123,0.6269545,0.0595978,0.000165,-1324751,0.8124256,0,0.0080209,13.15614,64446811,5,12.5,TRUE,62.55172,51.37757,6.484224,3.430827,3.20181,1.369658,3
189,INUS.NS,Indus Towers Ltd,India,Diversified Telecommunication Services,2022,1.883606,62.49998,9.753469,0.4119371,0.1752712,0.3205762,0.0027442,0,-1.17E+08,0.0057393,0.0021644,0.7024568,-5.40244,2.48E+08,5,15.38461,TRUE,86.63686,48.44584,7.609365,3.370596,5.897142,2.947544,3
189,INUS.NS,Indus Towers Ltd,India,Diversified Telecommunication Services,2023,1.593618,59.90496,9.826255,0.3674939,0.1817959,0.352304,0.0058189,0.0000716,4883024,0.0013355,0.0033347,0.710768,-0.6678044,7.24E+08,9,14.28571,TRUE,85.08372,47.77056,9.190755,3.403141,2.591949,2.727954,3
189,INUS.NS,Indus Towers Ltd,India,Diversified Telecommunication Services,2024,1.394797,66.71941,9.8688,0.3349016,0.1549275,0.3190803,0.0152961,0.0270127,1.01E+07,0.1261646,0.0043976,0.7109222,2.73389,1.16E+09,7,13.33333,TRUE,75.50239,59.67855,6.484224,3.430827,3.20181,2.936746,3
190,INGL.NS,Interglobe Aviation Ltd,India,Passenger Airlines,2022,3.740971,52.82578,9.85744,0.758059,0.4030965,0.3646054,0.0273413,0.0104081,3.07E+07,0.4702818,0.010964,0.4672596,93.97283,-37218720,13,25,TRUE,76.9072,35.86318,7.609365,3.370596,5.897142,1.994571,3
190,INGL.NS,Interglobe Aviation Ltd,India,Passenger Airlines,2023,2.736133,50.10171,9.994096,0.6236585,0.3745637,0.3838845,0.0195749,0.0011227,-6.87E+07,0.5379535,0.0090067,0.439107,24.74749,9.81E+08,13,12.5,0,61.08887,39.13027,9.190755,3.403141,2.591949,2.339991,3
190,INGL.NS,Interglobe Aviation Ltd,India,Passenger Airlines,2024,1.968939,64.81262,10.13216,0.5767246,0.2953795,0.3213684,0.0137414,0.0052044,4.42E+07,0.5188575,0.0180027,0.4467449,14.38627,8.49E+08,15,12.5,FALSE,74.73812,62.39312,6.484224,3.430827,3.20181,1.630721,3
191,IOC.NS,Indian Oil Corporation Ltd,India,"Oil, Gas & Consumable Fuels",2022,0.4209369,69.34949,10.73048,0.337267,0.467829,0.6842713,0.0031447,0.0007845,-2.19E+07,0.027288,0.2741737,0.5072963,19.30213,1.43E+09,9,12.5,0,30.75458,84.74922,7.609365,3.370596,5.897142,1.555913,3
191,IOC.NS,Indian Oil Corporation Ltd,India,"Oil, Gas & Consumable Fuels",2023,0.3899191,68.1933,10.76247,0.2749544,0.4486339,0.7238904,0.0045379,0.0005485,3.00E+07,0.0292964,0.2516281,0.5171974,-8.69825,5.18E+09,12,6.666667,0,27.38894,86.78592,9.190755,3.403141,2.591949,2.017758,3
191,IOC.NS,Indian Oil Corporation Ltd,India,"Oil, Gas & Consumable Fuels",2024,0.377587,69.65585,10.77318,0.3004152,0.4549801,0.7198159,0.002723,0.0000892,-6.71E+07,0.0268548,0.2246713,0.5344645,-4.878631,1.61E+09,15,12.5,0,31.80994,83.90218,6.484224,3.430827,3.20181,1.880133,3
192,IONX.NS,Ion Exchange (India) Ltd,India,Commercial Services & Supplies,2022,2.651891,44.29526,8.373174,0.0305304,0.5418945,0.9500296,0.0551217,0.0597893,764130.9,0.1924513,0.1237576,0.127283,16.56332,23730075,6,10,TRUE,56.32393,18.24259,7.609365,3.370596,5.897142,1.25162,3
192,IONX.NS,Ion Exchange (India) Ltd,India,Commercial Services & Supplies,2023,2.141859,64.57721,8.468148,0.0622247,0.5140449,0.8795811,0.0805065,0.0207776,-2605735,0.1872727,0.111311,0.163631,16.32076,23437600,6,9.090909,TRUE,65.13562,43.15302,9.190755,3.403141,2.591949,1.996789,3
192,IONX.NS,Ion Exchange (India) Ltd,India,Commercial Services & Supplies,2024,1.733672,65.58321,8.543512,0.1080033,0.4915255,0.8252437,0.0559423,0.0181191,-508613.2,0.116044,0.1173497,0.2293864,13.71437,24371539,8,8.333333,FALSE,61.38301,56.90301,6.484224,3.430827,3.20181,1.868956,3
193,IPCA.NS,IPCA Laboratories Ltd,India,Pharmaceuticals,2022,3.924752,47.91003,9.021171,0.171713,0.2093357,0.6485468,0.0507692,0.1351857,7.16E+07,0.2641847,0.2055555,0.3123633,-1.048679,59874635,7,12.5,TRUE,71.49013,20.31138,7.609365,3.370596,5.897142,1.858068,3
193,IPCA.NS,IPCA Laboratories Ltd,India,Pharmaceuticals,2023,3.044546,51.8387,9.124468,0.129567,0.2121954,0.4939391,0.0589182,0.0063164,-9.88E+07,0.0965963,0.2262757,0.4200633,21.63108,63492502,6,12.5,TRUE,69.16834,27.50681,9.190755,3.403141,2.591949,1.688583,3
193,IPCA.NS,IPCA Laboratories Ltd,India,Pharmaceuticals,2024,3.018207,54.28848,9.138716,0.1158738,0.2029004,0.4958791,0.0537838,0.0033017,1.98E+07,0.0970962,0.2210279,0.3983946,13.17128,92162668,8,22.22222,TRUE,64.6675,35.05331,6.484224,3.430827,3.20181,1.49622,3
194,IRCN.NS,Ircon International Ltd,India,Construction & Engineering,2022,0.9749527,16.51627,9.276717,0.0968452,0.4676071,0.7036091,0.0964078,0.1054019,1.31E+08,0.3355676,0.0121629,0.0137649,29.79097,93138997,9,11.11111,TRUE,3.692736,19.48533,7.609365,3.370596,5.897142,1.890725,3
194,IRCN.NS,Ircon International Ltd,India,Construction & Engineering,2023,0.8679427,26.51443,9.320943,0.1472827,0.4021172,0.6059641,0,0.2855998,-1.90E+07,0.4795259,0.0027338,0.0438061,17.23516,1.12E+08,8,18.18182,TRUE,10.68604,25.48443,9.190755,3.403141,2.591949,2.019312,3
194,IRCN.NS,Ircon International Ltd,India,Construction & Engineering,2024,0.7778269,26.13031,9.358796,0.2202289,0.370175,0.5476565,0,0.2449445,1.17E+07,0.4211156,0.0046529,0.1013561,-14.88743,85176126,9,20,TRUE,14.11316,22.11955,6.484224,3.430827,3.20181,2.471105,3
196,ITC.NS,ITC Ltd,India,Tobacco,2022,5.465822,84.61132,10.01925,0.0035669,0.1599783,0.8213558,0.0333544,0.0000592,1.69E+07,0.2148362,0.1387252,0.2908221,8.411043,2.37E+09,6,12.5,TRUE,68.28921,95.60204,7.609365,3.370596,5.897142,2.098681,3
196,ITC.NS,ITC Ltd,India,Tobacco,2023,5.184341,82.70856,10.04206,0.0033077,0.1490904,0.7904772,0.0355892,0.00151,2.29E+07,0.1589636,0.1557604,0.2926463,-4.811585,2.42E+09,6,12.5,TRUE,57.61485,96.30647,9.190755,3.403141,2.591949,1.252063,3
196,ITC.NS,ITC Ltd,India,Tobacco,2024,5.594174,84.34341,10.01322,0.0032335,0.1627199,0.7936661,0.0291194,0.0022999,2.27E+07,0.2176228,0.1797709,0.2168036,7.735204,2.35E+09,6,18.75,TRUE,63.74825,95.85678,6.484224,3.430827,3.20181,1,3
197,JAIC.NS,Jai Corp Ltd,India,Containers & Packaging,2022,1.420195,27.85681,8.262733,0.0020543,0.0211261,0.4373116,0.1596642,0,-651351,0.1102828,0.1402397,0.0734699,-23.75216,-1650036.5,5,37.5,TRUE,87.93519,3.061594,7.609365,3.370596,5.897142,1.692826,3
197,JAIC.NS,Jai Corp Ltd,India,Containers & Packaging,2023,1.366084,27.80686,8.270386,0,0.0180586,0.4168934,0.1204194,0.0033794,-21955.61,0.1589797,0.1381725,0.0648533,-23.19869,6340935.8,6,37.5,TRUE,88.58743,4.673913,9.190755,3.403141,2.591949,1.699382,3
197,JAIC.NS,Jai Corp Ltd,India,Containers & Packaging,2024,1.42926,26.87033,8.234751,0,0.0167199,0.398473,0.1736649,0,102984.2,0.1068463,0.140712,0.0611679,9.051824,7820947.9,5,37.5,TRUE,84.71353,4.726429,6.484224,3.430827,3.20181,1.699382,3
198,JAIR.NS,Jain Irrigation Systems Ltd,India,Machinery,2022,0.3081888,51.85096,9.126868,0.3604789,0.3830159,0.7238543,0.0265667,0.0005181,-2.22E+07,0.0098118,0.2159134,0.3651111,12.52356,-14700219,6,16.66667,TRUE,56.07613,32.36325,7.609365,3.370596,5.897142,1.971879,3
198,JAIR.NS,Jain Irrigation Systems Ltd,India,Machinery,2023,0.2983971,54.78214,9.128222,0.3608231,0.3552552,0.6911052,0.0217809,0.0000779,-3617157,0.0091807,0.2221521,0.3641216,5.130528,10919016,7,16.66667,TRUE,72.14689,32.11547,9.190755,3.403141,2.591949,2.99462,3
198,JAIR.NS,Jain Irrigation Systems Ltd,India,Machinery,2024,0.2929919,65.12067,9.127066,0.3492546,0.3585303,0.7042099,0,0.0088294,-837916.9,0.0533441,0.1616409,0.3709083,-8.015958,3006436.5,6,15.38461,TRUE,65.83389,66.1141,6.484224,3.430827,3.20181,2.842354,3
199,JAPR.NS,Jaiprakash Power Ventures Ltd,India,Independent Power and Renewable Electricity Producers,2022,0.703029,28.89348,9.323565,0.2750645,0.1492933,0.3765647,0.0226756,1.16E-06,-405306.7,0.0096017,0.0725475,0.786606,15.59754,6745374.9,6,16.66667,TRUE,67.79122,11.08589,7.609365,3.370596,5.897142,1.460221,3
199,JAPR.NS,Jaiprakash Power Ventures Ltd,India,Independent Power and Renewable Electricity Producers,2023,0.7048458,27.8534,9.317223,0.2453895,0.103314,0.3063366,0.0173634,0,-3307739,0.0545193,0.0590253,0.75507,15.19971,1.23E+08,4,16.66667,TRUE,60.94102,12.10439,9.190755,3.403141,2.591949,1.885254,3
199,JAPR.NS,Jaiprakash Power Ventures Ltd,India,Independent Power and Renewable Electricity Producers,2024,0.6783705,37.29773,9.318357,0.2124331,0.0889737,0.2874882,0.0587317,0.0449577,1.01E+08,0.0880134,0.061272,0.717359,-21.21653,95207724,5,20,TRUE,72.16585,20.61066,6.484224,3.430827,3.20181,2.28997,3
200,JAYN.NS,Jayaswal Neco Industries Ltd,India,Metals & Mining,2022,0.9175542,25.70954,8.867347,0.5639679,0.6549839,0.9923064,0.0181617,0.0347986,-1.34E+07,0.0416845,0.2120416,0.5909196,-1.659171,27613644,6,8.333333,TRUE,40.03276,24.97877,7.609365,3.370596,5.897142,1.711676,3
200,JAYN.NS,Jayaswal Neco Industries Ltd,India,Metals & Mining,2023,0.9062421,35.51346,8.864458,0.5302495,0.1223636,0.1945375,0.1198369,0,2093017,0.0145684,0.2855589,0.5713627,-7.788631,25192897,4,8.333333,TRUE,61.49339,28.97236,9.190755,3.403141,2.591949,1.630634,3
200,JAYN.NS,Jayaswal Neco Industries Ltd,India,Metals & Mining,2024,0.970219,34.7947,8.827311,0.4790795,0.1620341,0.2763941,0.1674584,0,7762786,0.0249105,0.2456441,0.6004964,-1.369613,13186495,6,8.333333,TRUE,35.6228,31.42994,6.484224,3.430827,3.20181,1.561722,3
201,JBCH.NS,J B Chemicals and Pharmaceuticals Ltd,India,Pharmaceuticals,2022,7.239758,33.21072,8.636042,0.1610768,0.1560128,0.5164786,0.0902203,0.0075725,2481780,0.0953811,0.1249555,0.1621956,20.01201,49903274,10,16.66667,TRUE,20.88469,28.76579,7.609365,3.370596,5.897142,1.55982,3
201,JBCH.NS,J B Chemicals and Pharmaceuticals Ltd,India,Pharmaceuticals,2023,6.521243,28.97641,8.680516,0.0945528,0.2173757,0.8108217,0.0745353,0.005884,1353413,0.1274872,0.1286372,0.1589539,9.054659,66302076,9,16.66667,TRUE,14.66858,19.90972,9.190755,3.403141,2.591949,2.157015,3
201,JBCH.NS,J B Chemicals and Pharmaceuticals Ltd,India,Pharmaceuticals,2024,6.137683,37.83666,8.6991,0.0065258,0.1479578,0.7523686,0.1250769,0.0084235,3145220,0.109919,0.1281605,0.1536447,9.687123,77189210,6,16.66667,TRUE,15.57069,27.06077,6.484224,3.430827,3.20181,2.121547,3
202,JBMA.NS,JBM Auto Ltd,India,Automobile Components,2022,4.01509,16.48655,8.634075,0.481435,0.4908869,0.6924357,0.0167183,0,-283471.3,0.0201985,0.1307604,0.4492742,11.60322,15230222,5,14.28571,TRUE,23.2372,4.452376,7.609365,3.370596,5.897142,2.224334,3
202,JBMA.NS,JBM Auto Ltd,India,Automobile Components,2023,2.945282,14.08772,8.76616,0.4371895,0.5797044,0.7627934,0.0137189,0,1158380,0.0207311,0.1586231,0.3290137,28.00982,23242364,5,14.28571,TRUE,21.49459,7.812738,9.190755,3.403141,2.591949,1.994308,3
202,JBMA.NS,JBM Auto Ltd,India,Automobile Components,2024,2.437219,29.54699,8.835422,0.4496422,0.529041,0.6878614,0.0163889,0.0085475,7259228,0.0412134,0.108834,0.2656632,6.557701,25117765,4,14.28571,TRUE,33.10554,28.46595,6.484224,3.430827,3.20181,1.722715,3
203,JCHA.NS,Johnson Controls-Hitachi Air Conditioning India Ltd,India,Household Durables,2022,2.483014,39.67194,8.337851,0.1079174,0.5614982,0.8892086,0.0069004,0.0084089,-1032132,0.0113141,0.4876131,0.2166232,2.026988,-9997565.7,4,16.66667,TRUE,41.10559,39.04687,7.609365,3.370596,5.897142,2.10284,3
203,JCHA.NS,Johnson Controls-Hitachi Air Conditioning India Ltd,India,Household Durables,2023,2.743535,43.50976,8.298474,0.0290124,0.5842616,0.9013265,0.0034702,0.0413101,5980804,0.0395812,0.396441,0.2268679,-20.68131,-9083383.3,6,14.28571,TRUE,27.74115,62.88558,9.190755,3.403141,2.591949,2.00035,3
203,JCHA.NS,Johnson Controls-Hitachi Air Conditioning India Ltd,India,Household Durables,2024,2.547527,46.35581,8.32336,0.0233663,0.5964417,0.9265319,0.001519,0.0754459,7671153,0.0808547,0.4320381,0.1887148,40.13227,6884727.9,5,16.66667,TRUE,29.27373,69.01218,6.484224,3.430827,3.20181,2.729051,3
204,JINW.NS,Jindal Worldwide Ltd,India,"Textiles, Apparel & Luxury Goods",2022,2.03012,14.78372,8.309971,0.499215,0.4404622,0.7191177,0.0172085,0,402263.9,0.2318649,0.2265514,0.2228173,-25.27504,14084189,7,25,TRUE,22.03683,19.27542,7.609365,3.370596,5.897142,1.208362,3
204,JINW.NS,Jindal Worldwide Ltd,India,"Textiles, Apparel & Luxury Goods",2023,1.969445,26.10068,8.319807,0.5073277,0.4620355,0.7872533,0.0053495,0,-1009202,0.180563,0.2574867,0.2095091,-13.61464,9075920.8,5,11.11111,TRUE,23.96405,15.89544,9.190755,3.403141,2.591949,1.699561,3
204,JINW.NS,Jindal Worldwide Ltd,India,"Textiles, Apparel & Luxury Goods",2024,1.904449,30.46278,8.322616,0.4430813,0.4656278,0.8313646,0.032922,0,2718619,0.1722291,0.2363304,0.1968106,23.02816,8878174.4,4,25,TRUE,48.62513,18.57909,6.484224,3.430827,3.20181,1.248032,3
205,JKCE.NS,J K Cement Ltd,India,Construction Materials,2022,3.743468,59.38818,9.208703,0.3983562,0.2218152,0.3427218,0.0313637,0.0121123,1.88E+07,0.110869,0.0866117,0.6591074,12.37591,50672566,6,13.33333,TRUE,62.01958,49.40508,7.609365,3.370596,5.897142,2.006728,3
205,JKCE.NS,J K Cement Ltd,India,Construction Materials,2023,3.45225,63.97611,9.249417,0.3749083,0.2297025,0.3603704,0.0000706,0.0069801,-9928014,0.117913,0.0866803,0.6333683,17.18909,94772645,4,13.33333,TRUE,79.97538,53.68314,9.190755,3.403141,2.591949,2.257035,3
205,JKCE.NS,J K Cement Ltd,India,Construction Materials,2024,3.132317,66.23965,9.290524,0.3613711,0.2342654,0.3689294,0.0000589,0.0139471,1.44E+07,0.1369604,0.0851522,0.6274471,0.270082,1.02E+08,6,21.42857,TRUE,80.18011,52.46518,6.484224,3.430827,3.20181,2.493449,3
206,JKIN.NS,JK Tyre & Industries Ltd,India,Automobile Components,2022,0.6729714,35.73843,9.180459,0.392202,0.4226087,0.5811575,0.0329128,0,9627556,0.0193588,0.177194,0.5140691,12.90491,32222493,4,16.66667,TRUE,39.26797,38.92388,7.609365,3.370596,5.897142,1.881796,3
206,JKIN.NS,JK Tyre & Industries Ltd,India,Automobile Components,2023,0.6036996,30.19753,9.228144,0.3270413,0.4034052,0.5917902,0.0301313,0,-219556.1,0.0597853,0.1656981,0.4915417,0.9741072,97358128,4,16.66667,TRUE,23.258,33.76486,9.190755,3.403141,2.591949,1.954563,3
206,JKIN.NS,JK Tyre & Industries Ltd,India,Automobile Components,2024,0.5903328,28.21672,9.230221,0.3382598,0.3994567,0.5998517,0.0321622,0,1779988,0.0488436,0.1758897,0.4780758,-4.465803,60361615,4,18.18182,TRUE,27.17826,31.48201,6.484224,3.430827,3.20181,2.157198,3
207,JKIP.NS,J Kumar Infraprojects Ltd,India,Construction & Engineering,2022,1.061765,27.35785,8.724405,0.1256448,0.4170257,0.901005,0.0357123,0,-5418172,0.0180577,0.1003983,0.2368931,10.08635,33397201,5,16.66667,TRUE,29.65726,20.71348,7.609365,3.370596,5.897142,2.51621,3
207,JKIP.NS,J Kumar Infraprojects Ltd,India,Construction & Engineering,2023,0.9918576,32.40082,8.752125,0.1258137,0.3751014,0.8551587,0.058402,0,4596581,0.0256866,0.1152274,0.2296959,14.4273,39423239,7,16.66667,TRUE,26.57355,27.45099,9.190755,3.403141,2.591949,3.268695,3
207,JKIP.NS,J Kumar Infraprojects Ltd,India,Construction & Engineering,2024,0.8340721,39.33723,8.821514,0.1243445,0.3998626,0.8523892,0.0299032,0.1365078,-4147607,0.2086652,0.0891529,0.2080679,13.82113,45781989,8,12.5,TRUE,28.01739,39.68531,6.484224,3.430827,3.20181,2.174224,3
208,JKLC.NS,JK Lakshmi Cement Ltd,India,Construction Materials,2022,1.565724,31.97483,8.900972,0.287384,0.2508168,0.4390054,0.0322697,0.0137032,8387293,0.1322764,0.1286687,0.6457988,9.966293,44925755,4,20,TRUE,35.10665,24.11646,7.609365,3.370596,5.897142,1.984758,3
208,JKLC.NS,JK Lakshmi Cement Ltd,India,Construction Materials,2023,1.361454,44.61421,8.962758,0.2724195,0.2662784,0.4563885,0.0400925,0.0058823,-1952010,0.0960566,0.1295732,0.6553743,3.720841,58532693,4,25,TRUE,57.9877,35.54765,9.190755,3.403141,2.591949,1.839755,3
208,JKLC.NS,JK Lakshmi Cement Ltd,India,Construction Materials,2024,1.252948,45.93953,8.99664,0.3082754,0.2383095,0.4034945,0,0.0232217,-5928613,0.1029482,0.101995,0.6349925,-11.01925,35341135,4,25,TRUE,60.4702,36.71384,6.484224,3.430827,3.20181,1.62223,3
209,JSTL.NS,JSW Steel Ltd,India,Metals & Mining,2022,1.14679,57.81425,10.40978,0.383048,0.3314557,0.4812323,0.0330032,0.0621334,8.05E+08,0.0944206,0.16781,0.5889719,4.746071,5.04E+08,5,25,TRUE,32.73434,60.99468,7.609365,3.370596,5.897142,1.959523,3
209,JSTL.NS,JSW Steel Ltd,India,Metals & Mining,2023,1.07618,60.54199,10.43741,0.3855599,0.2895074,0.4388855,0.043987,0.011192,-8.87E+08,0.0331519,0.1723416,0.6083139,3.945176,1.08E+09,5,30.76923,TRUE,34.40532,73.22591,9.190755,3.403141,2.591949,1.806791,3
209,JSTL.NS,JSW Steel Ltd,India,Metals & Mining,2024,1.034921,65.58927,10.44984,0.4101985,0.2518298,0.3759845,0.0492198,0.033484,4.24E+08,0.0754699,0.1514526,0.5903789,-5.903215,4.09E+08,6,27.27273,TRUE,35.04888,78.13179,6.484224,3.430827,3.20181,2.40116,3
210,JUBA.NS,Jubilant Pharmova Ltd,India,Pharmaceuticals,2022,1.446631,40.59312,9.132874,0.3295581,0.1588651,0.3078492,0.5601196,0.0016157,3663583,0.0934639,0.1274125,0.3016245,-5.333485,-7896908.5,5,8.333333,TRUE,17.95717,62.84726,7.609365,3.370596,5.897142,1.590957,3
210,JUBA.NS,Jubilant Pharmova Ltd,India,Pharmaceuticals,2023,1.406008,37.64284,9.14162,0.3172706,0.163571,0.3089327,0.4781366,0.0043902,-6898621,0.0842799,0.1128978,0.3192709,5.181277,8722255.5,5,7.692307,TRUE,12.98053,61.62885,9.190755,3.403141,2.591949,1.664956,3
210,JUBA.NS,Jubilant Pharmova Ltd,India,Pharmaceuticals,2024,1.26229,38.7142,9.174016,0.2140886,0.1696874,0.3329386,0.4927469,0.0015365,1.54E+07,0.091744,0.0900411,0.4051456,5.27841,97870099,5,7.692307,TRUE,16.70958,56.51242,6.484224,3.430827,3.20181,1.907937,3
212,JUWL.NS,Jupiter Wagons Ltd,India,Machinery,2022,8.332178,28.5093,8.2986,0.1763003,0.4754613,0.9353153,0.0002735,0.0614063,9303067,0.0866209,0.3773524,0.2825526,62.14967,14687816,6,25,TRUE,42.66933,19.4858,7.609365,3.370596,5.897142,2.182662,3
212,JUWL.NS,Jupiter Wagons Ltd,India,Machinery,2023,4.618862,26.44791,8.54744,0.1187085,0.4267409,0.9477152,0.0002901,0.0400393,645818.8,0.1034036,0.3701407,0.2400172,73.65965,39714145,12,10,TRUE,32.34751,21.53856,9.190755,3.403141,2.591949,2.841242,3
212,JUWL.NS,Jupiter Wagons Ltd,India,Machinery,2024,3.412823,26.78959,8.670252,0.1254338,0.2902218,0.9323769,0,0.1484316,3.72E+07,0.2508003,0.1923925,0.2073355,6.096646,44502118,9,11.11111,TRUE,28.41861,23.1397,6.484224,3.430827,3.20181,2.178856,3
213,JYOI.NS,Jyothy Labs Ltd,India,Household Products,2022,5.708435,35.09353,8.399568,0.0225714,0.1970755,0.7924613,0.2600272,0,3607084,0.1268748,0.1524494,0.1646077,4.559655,29177945,5,42.85714,TRUE,33.37275,35.58495,7.609365,3.370596,5.897142,2.008878,3
213,JYOI.NS,Jyothy Labs Ltd,India,Household Products,2023,5.052757,44.13635,8.459474,0.0210585,0.2001474,0.8108737,0.1756149,0,-2550690,0.2916129,0.1196203,0.1444649,9.314252,44307139,7,42.85714,TRUE,64.53574,38.43677,9.190755,3.403141,2.591949,1.596692,3
213,JYOI.NS,Jyothy Labs Ltd,India,Household Products,2024,4.545491,54.57516,8.498166,0.0227741,0.1898223,0.7964976,0.1511052,0,-843768.3,0.303926,0.1268926,0.1379377,0.7284646,43344646,7,28.57143,TRUE,77.12887,45.90873,6.484224,3.430827,3.20181,2.318608,3
214,KANE.NS,Kansai Nerolac Paints Ltd,India,Chemicals,2022,2.805863,53.37922,8.885118,0.045516,0.2389096,0.8499374,0.0661136,0.0007928,5932327,0.1007499,0.2741883,0.3462774,9.401381,57019231,7,12.5,TRUE,30.83949,57.42458,7.609365,3.370596,5.897142,1.79701,3
214,KANE.NS,Kansai Nerolac Paints Ltd,India,Chemicals,2023,2.435384,61.40211,8.948896,0.0373051,0.2052115,0.8321986,0.1132675,0,7727655,0.2470763,0.227736,0.310148,1.953241,1.41E+08,8,14.28571,TRUE,33.74749,68.77375,9.190755,3.403141,2.591949,2.418832,3
214,KANE.NS,Kansai Nerolac Paints Ltd,India,Chemicals,2024,2.246264,68.73083,8.983003,0.0360702,0.1765358,0.8086427,0,0.0114397,-8470451,0.280867,0.2026365,0.2987028,-2.188385,1.30E+08,6,12.5,TRUE,43.53698,82.94696,6.484224,3.430827,3.20181,2.476613,3
215,KAPT.NS,Kalpataru Projects International Ltd,India,Construction & Engineering,2022,1.066793,35.22959,9.377172,0.1933598,0.6434869,0.8479021,0.0751491,0.0004877,-1.27E+07,0.0531864,0.0804837,0.1092506,2.285351,52947907,8,11.11111,TRUE,47.00877,26.78692,7.609365,3.370596,5.897142,1.710657,3
215,KAPT.NS,Kalpataru Projects International Ltd,India,Construction & Engineering,2023,0.9499611,64.35964,9.422261,0.1818791,0.6710148,0.8750222,0.0681509,0.0000699,6322736,0.0512604,0.0898156,0.0967696,18.24277,61895621,6,10,TRUE,83.02483,77.21955,9.190755,3.403141,2.591949,2.249539,3
215,KAPT.NS,Kalpataru Projects International Ltd,India,Construction & Engineering,2024,0.8223727,61.15717,9.476258,0.1686013,0.6622632,0.8884491,0.0669582,0.018261,6.97E+07,0.0778349,0.0835766,0.0927002,10.90836,66386191,5,11.11111,TRUE,74.13499,69.02725,6.484224,3.430827,3.20181,2.364528,3
216,KECL.NS,KEC International Ltd,India,Construction & Engineering,2022,1.195471,48.80882,9.322848,0.1958129,0.7419043,0.949056,0.0186894,0.001973,8949611,0.0158208,0.0749702,0.074847,16.1764,21425268,6,9.090909,TRUE,71.50757,26.50794,7.609365,3.370596,5.897142,2.885048,3
216,KECL.NS,KEC International Ltd,India,Construction & Engineering,2023,1.097748,54.14525,9.358566,0.2093916,0.7624099,0.9714785,0.0083489,0.0043328,-9125375,0.0116414,0.0766283,0.0709551,13.58744,41605279,5,9.090909,TRUE,68.61135,37.10417,9.190755,3.403141,2.591949,2.744866,3
216,KECL.NS,KEC International Ltd,India,Construction & Engineering,2024,0.9582267,55.71259,9.414248,0.1784263,0.7316023,0.9640225,0.0334143,0,3.99E+07,0.0291984,0.0727784,0.0632139,7.008228,66792276,4,18.18182,TRUE,61.81113,37.22111,6.484224,3.430827,3.20181,2.469684,3
217,KEIN.NS,KEI Industries Ltd,India,Electrical Equipment,2022,9.430289,16.65372,8.661698,0.0429232,0.2964204,0.9463,0.0628786,0.1086471,1.47E+07,0.1403617,0.3107652,0.1538914,11.51176,58099075,5,20,TRUE,23.79122,20.04314,7.609365,3.370596,5.897142,1.84931,3
217,KEIN.NS,KEI Industries Ltd,India,Electrical Equipment,2023,7.699317,48.11444,8.747149,0.0356987,0.3073876,0.9490441,0.1011014,0.1117446,2.23E+07,0.1817221,0.2996613,0.1910674,15.56706,69687822,4,20,TRUE,68.20616,32.39864,9.190755,3.403141,2.591949,2.296415,3
217,KEIN.NS,KEI Industries Ltd,India,Electrical Equipment,2024,4.991436,52.05982,8.927703,0.0300235,0.1863287,0.9304008,0.1504309,0.044923,4.51E+07,0.11093,0.243288,0.1904046,17.18308,81499590,6,18.18182,TRUE,53.639,56.41173,6.484224,3.430827,3.20181,2.113162,3
218,KIRI.NS,Kiri Industries Ltd,India,Chemicals,2022,0.9519449,33.47947,8.591114,0.0151966,0.1481722,0.9039,0.057869,0,1733106,0.0082573,0.0662376,0.1811655,-41.67502,12980148,5,16.66667,TRUE,30.58345,34.36157,7.609365,3.370596,5.897142,2.480706,3
218,KIRI.NS,Kiri Industries Ltd,India,Chemicals,2023,0.8907369,27.85428,8.61196,0.0356408,0.1663164,0.9468094,0.0294105,0,-1295021,0.005132,0.0635227,0.1589919,-0.9951844,15959352,4,14.28571,TRUE,36.83626,26.85862,9.190755,3.403141,2.591949,1.489911,3
218,KIRI.NS,Kiri Industries Ltd,India,Chemicals,2024,0.6614563,28.74504,8.742709,0.2378462,0.0515206,0.164648,0.0515396,0,1110989,0.1091921,0.032477,0.183756,-23.95388,30981393,4,16.66667,TRUE,49.78637,24.38564,6.484224,3.430827,3.20181,1.534003,3
219,KIRO.NS,Kirloskar Oil Engines Ltd,India,Machinery,2022,1.928354,55.74748,8.91302,0.4963047,0.3755714,0.571255,0.0379031,0.0259591,1.43E+07,0.154604,0.0831368,0.068378,15.39362,40366358,6,23.07692,0,85.74706,27.01094,7.609365,3.370596,5.897142,1.920407,3
219,KIRO.NS,Kirloskar Oil Engines Ltd,India,Machinery,2023,1.630961,49.95157,8.997013,0.500351,0.4285354,0.6332694,0.126401,0.005377,2.67E+07,0.1386762,0.0808469,0.0890326,15.7313,52753449,8,27.27273,TRUE,73.40791,24.85955,9.190755,3.403141,2.591949,1.947031,3
219,KIRO.NS,Kirloskar Oil Engines Ltd,India,Machinery,2024,1.248509,47.99362,9.088658,0.555191,0.3291187,0.4665088,0.1204178,0.0310785,2.90E+07,0.1474801,0.062011,0.0881078,4.997613,55684026,6,27.27273,TRUE,63.59817,29.36819,6.484224,3.430827,3.20181,1.596888,3
220,KIRP.NS,Kirloskar Pneumatic Company Ltd,India,Machinery,2022,7.028012,27.67032,8.138235,0.000903,0.2777513,0.9383107,0.1143096,0,21908.47,0.1737775,0.1582409,0.2119085,12.11906,13215798,7,8.333333,TRUE,38.99661,24.27566,7.609365,3.370596,5.897142,2.3135,3
220,KIRP.NS,Kirloskar Pneumatic Company Ltd,India,Machinery,2023,5.594302,52.4983,8.220555,0.000561,0.3135028,0.9431171,0.1142089,0,1644631,0.2741427,0.1461983,0.1875452,5.196308,15991362,5,10,TRUE,74.40257,44.65728,9.190755,3.403141,2.591949,1.855583,3
220,KIRP.NS,Kirloskar Pneumatic Company Ltd,India,Machinery,2024,4.746381,50.77258,8.285041,0.0064369,0.3092124,0.9244258,0.1245902,0,1620831,0.2554473,0.1329151,0.2010771,20.96147,24725922,6,10,TRUE,57.58006,39.23796,6.484224,3.430827,3.20181,1.855583,3
221,KNRL.NS,KNR Constructions Ltd,India,Construction & Engineering,2022,1.216402,23.647,8.72303,0.150175,0.2458857,0.6831533,0.1788765,0,5306877,0.0361618,0.1010619,0.1053568,4.251268,53482157,5,33.33333,TRUE,44.62223,16.06061,7.609365,3.370596,5.897142,3.105232,3
221,KNRL.NS,KNR Constructions Ltd,India,Construction & Engineering,2023,0.9232385,43.56649,8.842806,0.2175195,0.1898268,0.4897292,0.3234777,0,1.98E+07,0.0899052,0.0664708,0.0706025,7.500228,90257576,5,33.33333,TRUE,64.76626,37.74566,9.190755,3.403141,2.591949,2.868426,3
221,KNRL.NS,KNR Constructions Ltd,India,Construction & Engineering,2024,0.7478005,41.05358,8.92146,0.2593439,0.1089546,0.2999768,0,0.0452254,-2.96E+07,0.3103679,0.0224941,0.0478693,4.478198,1.19E+08,5,25,TRUE,64.9603,31.57676,6.484224,3.430827,3.20181,2.379631,3
222,KPIE.NS,KPIT Technologies Ltd,India,Software,2022,9.002488,47.47285,8.616892,0.0842581,0.3434872,0.667827,0.3727473,0.0248764,1.37E+07,0.2324213,0.0187459,0.1409956,27.8047,47086538,10,10,TRUE,49.47414,39.51758,7.609365,3.370596,5.897142,2.289896,3
222,KPIE.NS,KPIT Technologies Ltd,India,Software,2023,7.469108,47.85617,8.699011,0.0788772,0.3629143,0.7480517,0.2916344,0.072425,2.41E+07,0.2482204,0.0228288,0.1303747,42.70238,71807199,7,9.090909,TRUE,41.81934,40.76755,9.190755,3.403141,2.591949,1.830024,3
222,KPIE.NS,KPIT Technologies Ltd,India,Software,2024,6.323992,45.25698,8.770112,0.0685217,0.3421041,0.8118605,0.4892429,0.0756614,4.91E+07,0.3678452,0.0184784,0.1198394,16.98074,98256290,5,9.090909,TRUE,38.02267,42.08009,6.484224,3.430827,3.20181,2.411309,3
223,KPRM.NS,KPR Mill Ltd,India,"Textiles, Apparel & Luxury Goods",2022,5.900859,45.1081,8.833344,0.2408323,0.2367359,0.7007943,0.0819373,0,-1549416,0.0447374,0.356876,0.4272165,18.50056,99087147,4,9.090909,TRUE,58.42405,44.95805,7.609365,3.370596,5.897142,2.070527,3
223,KPRM.NS,KPR Mill Ltd,India,"Textiles, Apparel & Luxury Goods",2023,5.660836,47.72095,8.847287,0.1975481,0.1851589,0.7210777,0.0691951,0,-4013197,0.036776,0.3359061,0.434085,-3.438717,96622675,5,16.66667,TRUE,60.87442,46.62609,9.190755,3.403141,2.591949,2.380306,3
223,KPRM.NS,KPR Mill Ltd,India,"Textiles, Apparel & Luxury Goods",2024,5.480339,43.65264,8.843645,0.0781613,0.130034,0.8079039,0.1477554,0,4612054,0.096325,0.3277251,0.4193259,2.825444,95390287,4,8.333333,TRUE,30.11581,46.55228,6.484224,3.430827,3.20181,0,3
224,KRBR.NS,Kirloskar Brothers Ltd,India,Machinery,2022,4.813711,54.36613,8.564741,0.0948049,0.4496039,0.8411813,0.0952865,0,1.06E+07,0.1542731,0.252442,0.196751,12.70401,27393233,5,28.57143,TRUE,40.13302,56.59304,7.609365,3.370596,5.897142,3.090969,3
224,KRBR.NS,Kirloskar Brothers Ltd,India,Machinery,2023,4.623144,59.58448,8.600848,0.0578477,0.4224927,0.874766,0.1124064,0,5353546,0.1921443,0.2671271,0.1946972,5.732963,40735489,7,30,TRUE,50.45948,61.61285,9.190755,3.403141,2.591949,2.755078,3
224,KRBR.NS,Kirloskar Brothers Ltd,India,Machinery,2024,4.265358,52.83738,8.632421,0.0495251,0.3703534,0.863212,0.1934684,0,6696642,0.2065933,0.2503192,0.1833711,9.513239,47213856,6,27.27273,TRUE,24.86703,61.58085,6.484224,3.430827,3.20181,2.472233,3
226,KSBL.NS,KSB Ltd,India,Machinery,2022,7.318445,38.76115,8.343623,0.0015793,0.3480616,0.9317159,0.0440119,0.002192,-2975326,0.0886186,0.3074777,0.2046868,9.547307,22092315,4,12.5,TRUE,53.49393,33.63045,7.609365,3.370596,5.897142,0,3
226,KSBL.NS,KSB Ltd,India,Machinery,2023,6.454143,47.56361,8.395005,0.0015665,0.3468447,0.9380206,0.0663343,0.0348543,1.05E+07,0.0953441,0.311091,0.2076686,22.64049,25091117,5,12.5,TRUE,55.95903,40.32509,9.190755,3.403141,2.591949,1.616596,3
226,KSBL.NS,KSB Ltd,India,Machinery,2024,6.082119,51.67607,8.438463,0.0014634,0.3412421,0.9287892,0.0822482,0.0127767,-2761648,0.1283305,0.2737714,0.2010197,9.605329,28926175,4,12.5,TRUE,54.42846,39.85579,6.484224,3.430827,3.20181,1,3
227,KVRI.NS,Kaveri Seed Company Ltd,India,Food Products,2022,2.733052,31.60975,8.397316,0.0002954,0.3125238,0.9344164,0.0335193,0,178687.9,0.284168,0.4179854,0.1912998,1.942158,33184628,5,20,TRUE,33.98475,41.36747,7.609365,3.370596,5.897142,2.36325,3
227,KVRI.NS,Kaveri Seed Company Ltd,India,Food Products,2023,2.742172,37.75127,8.391172,0.0000634,0.3724705,0.933201,0.0315184,0,311457.7,0.2383572,0.4349015,0.2094337,5.760139,35978536,5,20,TRUE,47.55096,50.44519,9.190755,3.403141,2.591949,2.166532,3
227,KVRI.NS,Kaveri Seed Company Ltd,India,Food Products,2024,2.162393,31.98662,8.492094,0,0.411127,0.9451001,0.0001119,0.0076906,-407220.6,0.2994633,0.3876621,0.1902963,2.346917,33034664,6,20,TRUE,46.47043,40.8123,6.484224,3.430827,3.20181,2.691114,3
228,LAOP.NS,La Opala R G Ltd,India,Household Durables,2022,2.930689,35.53043,8.038093,0.0142124,0.0702424,0.5165208,0.0004476,0,182.5706,0.4560157,0.0844073,0.242504,29.49528,14968464,4,25,TRUE,59.08477,16.8612,7.609365,3.370596,5.897142,1.929104,3
228,LAOP.NS,La Opala R G Ltd,India,Household Durables,2023,2.822305,42.20047,8.046298,0.0100135,0.0321818,0.3939957,0.0068161,0,21019.8,0.5232553,0.1103043,0.2183962,-20.42992,15323611,5,25,TRUE,62.93132,18.80151,9.190755,3.403141,2.591949,1.929104,3
228,LAOP.NS,La Opala R G Ltd,India,Household Durables,2024,2.924105,36.49384,8.023087,0.0120088,0.0374026,0.4389714,0.0028749,0,-12463.43,0.5375329,0.0789378,0.2134081,-11.3439,11303125,4,25,TRUE,56.22181,17.40054,6.484224,3.430827,3.20181,1.407795,3
229,LART.NS,Larsen and Toubro Ltd,India,Construction & Engineering,2022,1.408638,77.27337,10.60432,0.3652175,0.4905853,0.6723995,0.06452,0.0195858,3.84E+08,0.1571248,0.0206712,0.0497143,8.213033,1.54E+09,8,5.882353,TRUE,45.40285,92.77096,7.609365,3.370596,5.897142,2.720232,3
229,LART.NS,Larsen and Toubro Ltd,India,Construction & Engineering,2023,1.386625,75.57008,10.61075,0.3419874,0.5207019,0.6978948,0.0511777,0.0085097,-5.96E+08,0.1451115,0.0194634,0.0543432,18.60521,1.87E+09,7,5.555555,TRUE,41.24257,91.92084,9.190755,3.403141,2.591949,2.676296,3
229,LART.NS,Larsen and Toubro Ltd,India,Construction & Engineering,2024,1.251804,83.05315,10.64753,0.3488815,0.5321689,0.716543,0.0459484,0.007659,2.67E+07,0.1741699,0.020211,0.0510862,12.99429,2.07E+09,6,5,TRUE,67.18977,92.52502,6.484224,3.430827,3.20181,2.165174,3
230,LATN.NS,Latent View Analytics Ltd,India,Professional Services,2022,6.462092,29.90553,8.186762,0.0169913,0.0268848,0.6106715,1.512207,0.001608,-2.23E+07,0.6830971,0,0.0183523,22.04528,18918087,16,33.33333,FALSE,33.68467,24.25206,7.609365,3.370596,5.897142,1.405017,3
230,LATN.NS,Latent View Analytics Ltd,India,Professional Services,2023,5.731998,49.86105,8.242218,0.0164794,0.0364255,0.6509507,2.33471,0.0281975,1.34E+07,0.7154998,0,0.018891,17.21983,19033473,4,33.33333,FALSE,57.46508,25.5204,9.190755,3.403141,2.591949,1.374303,3
230,LATN.NS,Latent View Analytics Ltd,India,Professional Services,2024,4.786812,49.63906,8.320809,0.0160793,0.0741829,0.4597256,0.4918002,0.0023415,-1.12E+07,0.4425094,0,0.0269166,29.08203,20303920,5,33.33333,FALSE,53.32653,36.14379,6.484224,3.430827,3.20181,1.620373,3
231,LAUL.NS,Laurus Labs Ltd,India,Pharmaceuticals,2022,5.828497,34.78509,8.969591,0.2630529,0.3175108,0.6713628,0.0079515,0.0034372,-3612464,0.0060549,0.2199376,0.4830257,13.06509,96962025,6,11.11111,TRUE,21.81943,33.13495,7.609365,3.370596,5.897142,2.651963,3
231,LAUL.NS,Laurus Labs Ltd,India,Pharmaceuticals,2023,5.348467,34.51903,9.002703,0.3073078,0.3710825,0.7278348,0.0391385,0.0020424,1.12E+07,0.0178785,0.2200314,0.482594,-17.74157,20181164,5,12.5,TRUE,20.91573,32.42575,9.190755,3.403141,2.591949,1.407394,3
231,LAUL.NS,Laurus Labs Ltd,India,Pharmaceuticals,2024,4.898977,37.59579,9.038428,0.296043,0.3791648,0.7278866,0.0257393,0.000903,-4610884,0.0115767,0.2074367,0.4623135,7.471728,41475717,8,12.5,TRUE,20.75101,36.72046,6.484224,3.430827,3.20181,1.689867,3
232,LAXR.NS,Laxmi Organic Industries Ltd,India,Chemicals,2022,2.302474,17.74258,8.467752,0.1681946,0.3441332,0.8297612,0.0494074,0.0355447,5769474,0.0602753,0.1287866,0.48139,-16.23055,15166991,5,11.11111,TRUE,29.83944,16.63579,7.609365,3.370596,5.897142,2.290154,3
232,LAXR.NS,Laxmi Organic Industries Ltd,India,Chemicals,2023,2.013047,30.95073,8.530454,0.0505033,0.3151957,0.8655089,0.0562646,0.0349251,3614277,0.1111368,0.104394,0.4674495,0.9818872,14461308,6,11.11111,TRUE,60.74053,12.75313,9.190755,3.403141,2.591949,2.190731,3
232,LAXR.NS,Laxmi Organic Industries Ltd,India,Chemicals,2024,1.879014,32.75244,8.551816,0.0845955,0.3456703,0.9248744,0.039563,0.0080559,-8133646,0.0729896,0.1272545,0.5137229,1.642769,13283090,6,11.11111,TRUE,62.59333,14.55497,6.484224,3.430827,3.20181,2.124613,3
233,LMVL.NS,LMW Ltd,India,Machinery,2022,3.718823,39.09153,8.697069,0,0.3346804,0.7815327,0.1062484,0.0029341,9606500,0.2751202,0.1997943,0.2229366,37.48747,46740385,4,12.5,TRUE,57.75695,24.13927,7.609365,3.370596,5.897142,1.157663,3
233,LMVL.NS,LMW Ltd,India,Machinery,2023,3.814435,38.45304,8.684552,0,0.2623765,0.7966304,0.1095817,0.0006201,-4681464,0.3142265,0.1768037,0.2399552,-1.914177,44830234,4,10,TRUE,37.63855,30.71092,9.190755,3.403141,2.591949,1.458304,3
233,LMVL.NS,LMW Ltd,India,Machinery,2024,3.798705,35.60419,8.671204,0,0.2510074,0.8175819,0.1177026,0.0053669,2517262,0.4138721,0.1669382,0.2434024,-37.43452,12008192,4,11.11111,TRUE,26.58553,30.2034,6.484224,3.430827,3.20181,1.224451,3
234,LTEH.NS,L&T Technology Services Ltd,India,Professional Services,2022,5.198816,64.58707,8.999026,0.0554065,0.4037889,0.879714,0.0916891,0.0281912,3.53E+07,0.4244192,0.0039768,0.0816336,23.96263,1.48E+08,6,10,TRUE,62.51111,58.95055,7.609365,3.370596,5.897142,2.615016,3
234,LTEH.NS,L&T Technology Services Ltd,India,Professional Services,2023,5.200035,59.10369,9.007925,0.0776109,0.2988867,0.8025242,0.3061369,0.0406903,7.22E+07,0.3226783,0.0038169,0.1179125,7.873224,1.57E+08,5,16.66667,TRUE,42.96095,60.16554,9.190755,3.403141,2.591949,2.205784,3
234,LTEH.NS,L&T Technology Services Ltd,India,Professional Services,2024,4.635743,62.3332,9.052523,0.0598953,0.3100534,0.8390627,0.3264883,0.0421942,2.97E+07,0.2692831,0.009426,0.09397,7.883802,1.48E+08,6,18.18182,TRUE,37.5852,63.55914,6.484224,3.430827,3.20181,1.903415,3
235,LTIM.NS,LTIMindtree Ltd,India,IT Services,2022,6.200663,54.54754,9.456335,0.0655939,0.2333409,0.7941194,0.3796374,0.0079247,1.09E+08,0.3415507,0.0001404,0.1292214,17.41397,5.37E+08,6,8.333333,TRUE,29.31413,48.50692,7.609365,3.370596,5.897142,2.207403,3
235,LTIM.NS,LTIMindtree Ltd,India,IT Services,2023,5.416498,61.69968,9.519421,0.0751224,0.2083663,0.7611122,0.2890201,0.0039364,-6.21E+07,0.3999678,0.0001088,0.1459819,5.505586,5.50E+08,8,7.142857,TRUE,40.82302,49.74926,9.190755,3.403141,2.591949,2.370031,3
235,LTIM.NS,LTIMindtree Ltd,India,IT Services,2024,4.875129,57.16968,9.554435,0.0714104,0.1947731,0.7521591,0.3274443,0.0026706,2.84E+07,0.3787108,0.0000914,0.1483807,4.383877,5.39E+08,7,7.692307,TRUE,33.01389,48.51869,6.484224,3.430827,3.20181,2.015994,3
236,LUXI.NS,Lux Industries Ltd,India,"Textiles, Apparel & Luxury Goods",2022,1.739085,38.99216,8.411438,0.1263852,0.2904891,0.9226779,0.0436068,0.0001463,-3079357,0.0599594,0.3346407,0.1593608,-4.286645,16731986,8,16.66667,TRUE,48.0819,14.17546,7.609365,3.370596,5.897142,1.857656,3
236,LUXI.NS,Lux Industries Ltd,India,"Textiles, Apparel & Luxury Goods",2023,1.700947,41.89778,8.41941,0.0963208,0.2749492,0.9667245,0.0515151,0.0092996,2905819,0.1202961,0.316103,0.1580697,-3.680821,15068986,4,16.66667,TRUE,61.76949,11.69681,9.190755,3.403141,2.591949,2.013293,3
236,LUXI.NS,Lux Industries Ltd,India,"Textiles, Apparel & Luxury Goods",2024,1.483349,33.78584,8.477157,0.1235202,0.3143062,0.9669055,0,0.0119631,-2615565,0.0953259,0.3228758,0.1445912,8.402105,19255705,6,16.66667,TRUE,49.3894,10.71539,6.484224,3.430827,3.20181,1.818704,3
237,MAHM.NS,Mahindra and Mahindra Ltd,India,Automobiles,2022,1.865584,85.85371,10.39898,0.4499784,0.3427986,0.472021,0.029794,0.0067539,708373.9,0.1351558,0.0818633,0.1047832,24.25592,1.38E+09,6,23.07692,TRUE,75.25511,93.00604,7.609365,3.370596,5.897142,2.816054,3
237,MAHM.NS,Mahindra and Mahindra Ltd,India,Automobiles,2023,1.642175,89.44165,10.45256,0.4597838,0.3197013,0.4440984,0.0345727,0.008118,1.24E+08,0.1223487,0.0786729,0.1052469,12.42903,1.47E+09,9,23.07692,TRUE,88.65151,95.35874,9.190755,3.403141,2.591949,2.520521,3
237,MAHM.NS,Mahindra and Mahindra Ltd,India,Automobiles,2024,1.404023,89.02235,10.51169,0.4648089,0.3253836,0.4503773,0.0202999,0.011133,4.61E+07,0.175431,0.0732418,0.1062278,11.95444,1.65E+09,9,30,TRUE,87.48903,94.81042,6.484224,3.430827,3.20181,2.436091,3
238,MAIT.NS,Maithan Alloys Ltd,India,Metals & Mining,2022,0.9481429,22.67901,8.582277,0.0063088,0.0934186,0.8735297,0.3051067,0.0009522,137536.5,0.661213,0.1021095,0.0804316,-10.93659,60733934,5,12.5,TRUE,14.96942,22.01121,7.609365,3.370596,5.897142,1.360156,3
238,MAIT.NS,Maithan Alloys Ltd,India,Metals & Mining,2023,0.8632812,27.25126,8.619184,0.0087109,0.0724349,0.7701576,0.1625731,0.0003489,-5838033,0.5699347,0.1037318,0.0836918,-40.93624,41866827,4,12.5,TRUE,33.2696,15.98048,9.190755,3.403141,2.591949,1.459513,3
238,MAIT.NS,Maithan Alloys Ltd,India,Metals & Mining,2024,0.6212143,27.43035,8.753935,0.1213605,0.1748196,0.7686288,0.0257169,0.0076491,-2228204,0.5820516,0.223884,0.0612216,1.885629,73845524,5,12.5,TRUE,30.80351,14.67857,6.484224,3.430827,3.20181,1.470663,3
239,MAST.NS,Mastek Ltd,India,IT Services,2022,2.308901,79.64071,8.582394,0.1284154,0.2341717,0.5046415,0.2823075,0,-6.32E+07,0.0978006,0.0080614,0.0304244,8.438431,37764119,10,14.28571,FALSE,87.90646,44.73849,7.609365,3.370596,5.897142,1.699009,3
239,MAST.NS,Mastek Ltd,India,IT Services,2023,2.080731,77.19473,8.645547,0.1408254,0.2959027,0.6824976,0.235272,0.0338034,2.08E+07,0.1436891,0.0101055,0.0241728,17.46852,37308938,10,20,FALSE,85.68887,41.04408,9.190755,3.403141,2.591949,1.722718,3
239,MAST.NS,Mastek Ltd,India,IT Services,2024,1.976261,76.84769,8.655205,0.1509554,0.2429374,0.6700391,0,0.1194611,9320070,0.1691408,0,0.0217555,10.32886,43994149,8,16.66667,FALSE,81.76629,39.42648,6.484224,3.430827,3.20181,1.959646,3
240,MAXE.NS,Max Healthcare Institute Ltd,India,Health Care Providers & Services,2022,11.18008,57.71365,9.089741,0.0682014,0.1035028,0.3883615,0.0324129,0.1327272,-3.24E+07,0.1382027,0.0075461,0.220319,7.213109,1.34E+08,8,12.5,TRUE,63.27834,62.84235,7.609365,3.370596,5.897142,2.211231,3
240,MAXE.NS,Max Healthcare Institute Ltd,India,Health Care Providers & Services,2023,9.417104,70.60821,9.158274,0.1082464,0.1040597,0.3476558,0.0374707,0.0777546,-4.73E+07,0.0956113,0.0066534,0.3075915,16.79388,1.27E+08,8,14.28571,TRUE,79.62481,70.46529,9.190755,3.403141,2.591949,2.478237,3
240,MAXE.NS,Max Healthcare Institute Ltd,India,Health Care Providers & Services,2024,7.375484,88.07032,9.250546,0.1978569,0.1192134,0.3109173,0.0553157,0.0368892,-3.73E+07,0.053777,0.0069808,0.4181793,26.81659,1.26E+08,8,12.5,TRUE,95.48398,75.21067,6.484224,3.430827,3.20181,3.521043,3
241,MAZG.NS,Mazagon Dock Shipbuilders Ltd,India,Aerospace & Defense,2022,3.478274,17.49857,9.554619,0.000205,0.8193229,0.9772028,0.0773998,0.3875347,1.40E+08,0.4123027,0.3830969,0.0362687,26.1222,1.27E+08,9,11.11111,TRUE,16.40703,6.280423,7.609365,3.370596,5.897142,2.008029,3
241,MAZG.NS,Mazagon Dock Shipbuilders Ltd,India,Aerospace & Defense,2023,3.592109,28.00818,9.548162,0.0000316,0.7685998,0.975394,0.1556696,0.362872,1.99E+08,0.4753988,0.3179246,0.0301503,19.21821,2.17E+08,10,11.11111,TRUE,9.422786,45.59793,9.190755,3.403141,2.591949,2.160924,3
241,MAZG.NS,Mazagon Dock Shipbuilders Ltd,India,Aerospace & Defense,2024,3.683503,29.65749,9.526287,0.0007082,0.6905122,0.9545061,0,0.5625529,7830310,0.5444187,0.1580439,0.0549511,17.79262,2.67E+08,9,10,TRUE,14.55054,45.2066,6.484224,3.430827,3.20181,1.677437,3
242,MBFL.NS,Mphasis Ltd,India,IT Services,2022,4.391989,77.68256,9.150151,0.0906817,0.2409962,0.7613946,0.3587019,0.003678,2.64E+07,0.2079563,0.0032906,0.0841789,7.818514,1.99E+08,6,25,TRUE,76.10014,48.19526,7.609365,3.370596,5.897142,2.333582,3
242,MBFL.NS,Mphasis Ltd,India,IT Services,2023,3.73841,65.03451,9.229244,0.1690407,0.2975621,0.7880263,0.176725,0.0045396,-2.87E+07,0.2892799,0.0024794,0.0661869,-5.052014,1.87E+08,5,25,TRUE,49.44369,46.91587,9.190755,3.403141,2.591949,2.862292,3
242,MBFL.NS,Mphasis Ltd,India,IT Services,2024,3.576513,66.25086,9.241668,0.12667,0.2984384,0.8428408,0.1727971,0.0147059,2.12E+07,0.2344434,0.0016758,0.0551274,4.048391,1.99E+08,5,25,TRUE,48.33498,54.17976,6.484224,3.430827,3.20181,2.606337,3
244,METB.NS,Metro Brands Ltd,India,Specialty Retail,2022,10.22059,39.03164,8.548691,0.324446,0.1771695,0.3789966,0.0440845,0.0604637,-3616176,0.2662607,0.2221878,0.3964843,46.32644,44224866,10,22.22222,FALSE,46.30829,29.32953,7.609365,3.370596,5.897142,2.471688,3
244,METB.NS,Metro Brands Ltd,India,Specialty Retail,2023,8.85269,48.15228,8.604486,0.3276275,0.1509181,0.3398188,0.0917428,0.0196112,1930414,0.2873596,0.2118156,0.3960444,9.212447,49484103,5,22.22222,FALSE,52.51349,34.31327,9.190755,3.403141,2.591949,2.596255,3
244,METB.NS,Metro Brands Ltd,India,Specialty Retail,2024,9.062909,52.12679,8.591312,0.3680007,0.1622996,0.3329642,0.1752467,0.0018054,5490931,0.2284654,0.191006,0.4339216,3.779393,41290813,6,20,FALSE,55.85876,40.69478,6.484224,3.430827,3.20181,2.493837,3
246,MGAS.NS,Mahanagar Gas Ltd,India,Gas Utilities,2022,2.044542,9.567157,8.865823,0.0189994,0.2588013,0.8224952,0.0755203,0,4311101,0.2701887,0.0088507,0.618201,65.15739,96159932,9,11.11111,TRUE,10.47136,9.037169,7.609365,3.370596,5.897142,1.475961,3
246,MGAS.NS,Mahanagar Gas Ltd,India,Gas Utilities,2023,1.715061,38.19978,8.939636,0.0194984,0.2343425,0.8036823,0.0641554,0.0028014,1374925,0.2350073,0.006965,0.6344721,-1.546829,1.54E+08,11,12.5,TRUE,35.78516,34.35064,9.190755,3.403141,2.591949,1.706784,3
246,MGAS.NS,Mahanagar Gas Ltd,India,Gas Utilities,2024,1.493993,34.90027,8.985805,0.0243077,0.2267137,0.7844964,0.0803853,0.0001245,2619076,0.1880126,0.0075802,0.663832,12.41579,1.22E+08,11,12.5,TRUE,19.68866,36.91861,6.484224,3.430827,3.20181,1.91231,3
247,MHSM.NS,Maharashtra Seamless Ltd,India,Metals & Mining,2022,1.437437,38.11911,8.853147,0.0416793,0.092731,0.5008141,0.1001616,0,-2015713,0.1155859,0.2606916,0.346257,25.41367,93429783,4,14.28571,TRUE,76.83177,13.27875,7.609365,3.370596,5.897142,1.41265,3
247,MHSM.NS,Maharashtra Seamless Ltd,India,Metals & Mining,2023,1.287796,38.57608,8.897838,0,0.0652853,0.5017675,0.1267642,0,13197.36,0.2063115,0.2422247,0.2961573,-6.812051,1.14E+08,6,12.5,TRUE,67.55096,17.53318,9.190755,3.403141,2.591949,1,3
247,MHSM.NS,Maharashtra Seamless Ltd,India,Metals & Mining,2024,1.220656,34.60093,8.915444,0.0000142,0.0385753,0.39132,0.1541042,0,-1487420,0.3345731,0.1941177,0.2666203,-4.902582,90971328,4,12.5,TRUE,51.54016,23.39697,6.484224,3.430827,3.20181,1,3
248,MINC.NS,Minda Corporation Ltd,India,Automobile Components,2022,3.487204,33.71356,8.593775,0.2211643,0.3935428,0.7767983,0.0730554,0.0047142,4515580,0.0474502,0.1898086,0.2945445,33.49026,34627556,7,12.5,TRUE,37.76869,12.25045,7.609365,3.370596,5.897142,1.638115,3
248,MINC.NS,Minda Corporation Ltd,India,Automobile Components,2023,3.339563,48.03036,8.615526,0.1556266,0.3205583,0.7558969,0.0536103,0.0270427,5302940,0.1399572,0.1600465,0.3220994,6.618348,27018596,8,12.5,TRUE,72.6228,32.74036,9.190755,3.403141,2.591949,1,3
248,MINC.NS,Minda Corporation Ltd,India,Automobile Components,2024,2.345384,51.88603,8.756984,0.3296062,0.4018759,0.731993,0.0172238,0.0086216,-8917496,0.0249883,0.1224632,0.2891196,6.038141,27992978,4,12.5,TRUE,68.61971,37.75511,6.484224,3.430827,3.20181,2.106465,3
249,MINS.NS,Mindspace Business Parks REIT,India,Office REITs,2022,1.067969,51.7153,9.441807,0.240557,0.0805216,0.2304292,0.18074,0.0038727,2.27E+07,0.0176264,0.0003169,0.0057034,19.48324,37548685,5,16.66667,FALSE,36.64666,60.26056,7.609365,3.370596,5.897142,1.756815,3
249,MINS.NS,Mindspace Business Parks REIT,India,Office REITs,2023,1.021586,62.20351,9.456485,0.2929636,0.1368486,0.3372469,0.1036438,0,-1.15E+07,0.0310512,0.0001845,0.0047348,5.209094,67330534,9,14.28571,TRUE,56.62578,60.96381,9.190755,3.403141,2.591949,1.226632,3
249,MINS.NS,Mindspace Business Parks REIT,India,Office REITs,2024,0.9186913,58.39651,9.502223,0.3727974,0.1000207,0.2072806,0.2217448,0,-2442364,0.0335537,0.0001851,0.0066526,4.693434,60122411,7,12.5,FALSE,36.72978,69.91202,6.484224,3.430827,3.20181,2.816753,3
250,MIRZ.NS,Mirza International Ltd,India,"Textiles, Apparel & Luxury Goods",2022,0.5914659,25.26223,7.948186,0.0361629,0.2143582,0.7983146,0.0957712,0,-4739533,0.0097201,0.2252743,0.5391936,-64.06339,3216893.9,6,8.333333,TRUE,37.98598,19.25903,7.609365,3.370596,5.897142,1,3
250,MIRZ.NS,Mirza International Ltd,India,"Textiles, Apparel & Luxury Goods",2023,0.6017411,40.50275,7.935865,0.0492859,0.1810811,0.78223,0.1337839,0,413917.2,0.0235616,0.215445,0.5527,-4.84529,1444511.1,6,8.333333,TRUE,63.60957,29.76598,9.190755,3.403141,2.591949,1.396982,3
250,MIRZ.NS,Mirza International Ltd,India,"Textiles, Apparel & Luxury Goods",2024,0.5899927,34.53352,7.93415,0.0650569,0.180803,0.7813088,0.124661,0,73727.33,0.0224773,0.2236204,0.5610802,-10.05999,-386190.75,5,10,TRUE,51.59019,26.80192,6.484224,3.430827,3.20181,1.396982,3
251,MISR.NS,Mishra Dhatu Nigam Ltd,India,Metals & Mining,2022,2.408849,15.84703,8.542131,0.1706895,0.2797634,0.5077362,0.0178436,0,537232.3,0.00475,0.4285846,0.3809255,-6.279256,19019535,5,0,TRUE,6.114384,7.367851,7.609365,3.370596,5.897142,1.790859,3
251,MISR.NS,Mishra Dhatu Nigam Ltd,India,Metals & Mining,2023,2.393073,17.58985,8.542304,0.1489092,0.2667916,0.4886598,0.0212509,1.41E-06,262207.6,0.0056732,0.45201,0.3823312,21.265,11011614,7,16.66667,TRUE,8.133589,15.15879,9.190755,3.403141,2.591949,1.878079,3
251,MISR.NS,Mishra Dhatu Nigam Ltd,India,Metals & Mining,2024,2.386888,20.65465,8.532875,0.1200007,0.2352129,0.4571388,0,0.0174572,-654745.4,0.0239935,0.4394963,0.3761278,-2.327815,12971024,8,16.66667,TRUE,9.3118,18.75914,6.484224,3.430827,3.20181,1.764313,3
252,MMFO.NS,MM Forgings Ltd,India,Metals & Mining,2022,0.8720493,33.61849,8.305479,0.4553294,0.3729666,0.627252,0.0219032,0,-969595.9,0.1424349,0.1842007,0.5221188,18.50517,15571884,6,28.57143,TRUE,46.37009,40.82954,7.609365,3.370596,5.897142,2.165367,3
252,MMFO.NS,MM Forgings Ltd,India,Metals & Mining,2023,0.7443799,40.87407,8.373343,0.4727419,0.3774194,0.6296334,0.0033821,0,-766310.8,0.1242524,0.1751687,0.5270576,5.394969,16201512,5,28.57143,TRUE,53.23099,43.61813,9.190755,3.403141,2.591949,2.175205,3
252,MMFO.NS,MM Forgings Ltd,India,Metals & Mining,2024,0.6464209,49.53263,8.439165,0.5045782,0.3348155,0.5395339,0.0045808,0,951749.6,0.1076005,0.1454654,0.5737697,-4.821786,14261205,5,20,TRUE,69.03949,50.37509,6.484224,3.430827,3.20181,2.277846,3
253,MOIL.NS,Moil Ltd,India,Metals & Mining,2022,2.345365,30.84922,8.515364,0,0.1411308,0.8491452,0.0032916,0.0043839,-1423795,0.3190863,0.0633734,0.3987027,-13.70596,30500292,5,25,TRUE,18.36853,33.59326,7.609365,3.370596,5.897142,1.484806,3
253,MOIL.NS,Moil Ltd,India,Metals & Mining,2023,2.2134,30.80052,8.539815,0,0.1232561,0.8171318,0.08557,0.0032885,3229526,0.3109547,0.0735526,0.4148605,6.490897,35193845,6,20,TRUE,21.24768,34.81395,9.190755,3.403141,2.591949,1.520153,3
253,MOIL.NS,Moil Ltd,India,Metals & Mining,2024,2.008831,29.57802,8.574976,0,0.1369013,0.7666478,0,0.2802548,-4348520,0.3420279,0.0898365,0.4102721,6.662317,44662036,7,33.33333,TRUE,21.72777,26.20955,6.484224,3.430827,3.20181,0,3
254,MRCO.NS,Marico Ltd,India,Food Products,2022,12.84588,72.28561,8.927074,0.0875324,0.3496977,0.7718462,0.0806916,0.0015836,-8398247,0.2126744,0.1885978,0.1259718,-5.170102,1.61E+08,5,10,TRUE,80.82845,92.38688,7.609365,3.370596,5.897142,1.41394,3
254,MRCO.NS,Marico Ltd,India,Food Products,2023,12.02344,82.63983,8.949556,0.0711494,0.3293357,0.6809697,0.0822422,0.0036383,2519496,0.1702948,0.2044199,0.1284194,-2.548313,1.80E+08,6,27.27273,TRUE,79.99382,98.06107,9.190755,3.403141,2.591949,1.257479,3
254,MRCO.NS,Marico Ltd,India,Food Products,2024,10.89688,86.60282,8.989349,0.0664428,0.2951547,0.5640614,0.1190573,0.0033581,1.09E+07,0.2825983,0.1694651,0.1175342,9.445973,1.94E+08,5,25,TRUE,77.77219,98.17879,6.484224,3.430827,3.20181,1.257479,3
255,MRF.NS,MRF Ltd,India,Automobile Components,2022,2.415247,33.44268,9.472184,0.1234925,0.3075708,0.7757725,0.0266219,0.0020095,-715676.8,0.0915902,0.1699282,0.539114,10.0384,93592989,4,21.42857,TRUE,39.36178,19.81307,7.609365,3.370596,5.897142,2.16727,3
255,MRF.NS,MRF Ltd,India,Automobile Components,2023,2.205881,28.35423,9.50803,0.1047393,0.287158,0.7598754,0.0373228,0.0005702,6545891,0.1110965,0.1664311,0.5365108,7.829131,2.50E+08,4,17.64706,TRUE,35.17659,16.71245,9.190755,3.403141,2.591949,1.661152,3
255,MRF.NS,MRF Ltd,India,Automobile Components,2024,1.991926,29.34513,9.539095,0.1269023,0.3030261,0.8087327,0.0212733,0.0060892,7907549,0.1427041,0.1902385,0.4859501,9.106697,2.19E+08,4,15,TRUE,29.29732,19.18768,6.484224,3.430827,3.20181,1.453681,3
256,NAAL.NS,Nava Limited,India,Industrial Conglomerates,2022,1.602928,26.11236,9.133003,0.2754891,0.1729953,0.3760062,0.2036146,0,8175645,0.0714833,0.0729452,0.4665529,-2.636894,1.49E+08,7,10,TRUE,42.72565,15.0433,7.609365,3.370596,5.897142,2.935672,3
256,NAAL.NS,Nava Limited,India,Industrial Conglomerates,2023,1.866269,26.37933,9.065781,0.0426533,0.0703323,0.2445363,0.3855846,0,-1.55E+07,0.0679826,0.0739001,0.5256401,6.673732,1.51E+08,4,11.11111,TRUE,41.64962,14.11976,9.190755,3.403141,2.591949,1.981292,3
256,NAAL.NS,Nava Limited,India,Industrial Conglomerates,2024,1.615686,29.03562,9.12028,0.0792401,0.0596728,0.1837488,1.470992,0,8.47E+07,0.1480611,0.0819902,0.4971662,1.768726,1.68E+08,4,12.5,TRUE,45.34704,12.41569,6.484224,3.430827,3.20181,2.097279,3
257,NAFL.NS,Navin Fluorine International Ltd,India,Chemicals,2022,6.868438,35.44465,8.633027,0.2440009,0.1477578,0.3879078,0.0276521,0.0000142,-7457400,0.0194797,0.1525406,0.5053424,32.04935,45665774,8,16.66667,TRUE,51.20389,31.70016,7.609365,3.370596,5.897142,2.132062,3
257,NAFL.NS,Navin Fluorine International Ltd,India,Chemicals,2023,5.566329,30.03032,8.720271,0.3127256,0.1796984,0.3943881,0.0083785,0.0000114,-939412.1,0.1386658,0.0881791,0.5585926,-2.015618,32454709,8,16.66667,TRUE,41.85621,33.81336,9.190755,3.403141,2.591949,2.116498,3
257,NAFL.NS,Navin Fluorine International Ltd,India,Chemicals,2024,4.959498,48.22999,8.752269,0.303649,0.1893557,0.4149718,0.0214506,0.0000124,1526039,0.1103899,0.069508,0.6099997,10.97487,33774137,9,16.66667,0,69.23457,43.74582,6.484224,3.430827,3.20181,2.325488,3
259,NALU.NS,National Aluminium Co Ltd,India,Metals & Mining,2022,1.85154,48.50488,9.331509,0.0059348,0.1637099,0.6412213,0.0219327,5.67E-07,-4.25E+07,0.115238,0.1505338,0.5481111,-7.135169,1.75E+08,5,12.5,TRUE,28.98471,53.14605,7.609365,3.370596,5.897142,1.300299,3
259,NALU.NS,National Aluminium Co Ltd,India,Metals & Mining,2023,1.730174,42.60771,9.363187,0.0050107,0.1652028,0.6556054,0.0136861,0,-2375525,0.150971,0.1244048,0.5709234,-9.073693,2.39E+08,8,12.5,TRUE,17.47635,49.0384,9.190755,3.403141,2.591949,1.363373,3
259,NALU.NS,National Aluminium Co Ltd,India,Metals & Mining,2024,1.456241,46.01436,9.427785,0.0079424,0.1528789,0.6890669,0.0347036,0.2318544,9117613,0.3046853,0.08342,0.5127886,24.53323,6.17E+08,7,12.5,TRUE,21.46074,49.01794,6.484224,3.430827,3.20181,1.335437,3
260,NARY.NS,Narayana Hrudayalaya Ltd,India,Health Care Providers & Services,2022,8.326836,58.22519,8.704652,0.2124342,0.2372046,0.4861684,0.1567558,0,-478821.8,0.1198719,0.0263252,0.5563884,12.93514,73827410,5,30,TRUE,89.73112,42.14376,7.609365,3.370596,5.897142,1.926131,3
260,NARY.NS,Narayana Hrudayalaya Ltd,India,Health Care Providers & Services,2023,6.342711,61.27137,8.829185,0.2892116,0.1974159,0.4051158,0.1899481,0.0094073,1.17E+07,0.2929174,0.0248491,0.5185341,6.533462,94299820,8,23.07692,TRUE,76.87322,57.55912,9.190755,3.403141,2.591949,1.71071,3
260,NARY.NS,Narayana Hrudayalaya Ltd,India,Health Care Providers & Services,2024,4.845705,63.0132,8.929525,0.3342544,0.1642307,0.3279054,0.2490779,0.0220233,2.40E+07,0.2788216,0.0217568,0.5656531,9.366098,92430544,5,33.33333,TRUE,82.05054,58.78199,6.484224,3.430827,3.20181,1.840366,3
261,NATP.NS,Natco Pharma Ltd,India,Pharmaceuticals,2022,2.62851,42.9496,8.837956,0.0294658,0.1207445,0.8717458,0.1930903,0,2531646,0.1434078,0.1429809,0.4071482,28.59341,87061831,6,11.11111,TRUE,36.22633,23.74648,7.609365,3.370596,5.897142,1.843648,3
261,NATP.NS,Natco Pharma Ltd,India,Pharmaceuticals,2023,2.159129,45.15496,8.91834,0.053748,0.1408569,0.9236612,0.0658923,0.0009122,-7378525,0.2423971,0.1146345,0.3525766,45.60632,1.67E+08,6,10,TRUE,32.39565,37.61195,9.190755,3.403141,2.591949,1.986112,3
261,NATP.NS,Natco Pharma Ltd,India,Pharmaceuticals,2024,1.731052,55.83479,9.004339,0.0323724,0.1093178,0.9215667,0,0.2521203,5804564,0.4120303,0.0887287,0.3078857,8.048454,2.20E+08,5,10,TRUE,35.89559,59.52729,6.484224,3.430827,3.20181,1.801275,3
262,NAVN.NS,Navneet Education Ltd,India,Media,2022,1.973795,40.58696,8.304542,0.1737537,0.2801562,0.9167572,0.0505074,0.0006157,-782619.3,0.0182561,0.3863112,0.1128135,40.18711,24800389,5,8.333333,TRUE,25.80581,46.71657,7.609365,3.370596,5.897142,1.258718,3
262,NAVN.NS,Navneet Education Ltd,India,Media,2023,1.830655,37.23301,8.321442,0.1473827,0.2317567,0.8922701,0.0412664,0.0031135,-151169.8,0.0134719,0.3783839,0.1146908,1.746716,30202759,4,9.090909,TRUE,16.5505,44.60714,9.190755,3.403141,2.591949,1.398677,3
262,NAVN.NS,Navneet Education Ltd,India,Media,2024,1.381674,35.11324,8.44007,0.0848305,0.1436231,0.6507979,0,0.0178302,2043300,0.0333233,0.2701084,0.1455348,-0.5779501,94064365,5,9.090909,TRUE,15.72918,43.36036,6.484224,3.430827,3.20181,1.594822,3
263,NAZA.NS,Nazara Technologies Ltd,India,Entertainment,2022,5.924189,39.57219,8.316248,0.0224468,0.1964978,0.5602279,0.3277512,0.0086967,-8033106,0.3756763,0.0299683,0.0086967,62.11875,7716650.4,11,14.28571,FALSE,40.90738,20.68065,7.609365,3.370596,5.897142,1.681034,3
263,NAZA.NS,Nazara Technologies Ltd,India,Entertainment,2023,3.562141,50.88807,8.520284,0.0100298,0.1383564,0.5006813,0.4960352,0.13668,5.10E+07,0.8258977,0.0114781,0.0083714,2.844052,10733053,9,14.28571,TRUE,62.36884,26.74251,9.190755,3.403141,2.591949,1.819027,3
263,NAZA.NS,Nazara Technologies Ltd,India,Entertainment,2024,2.30762,50.60412,8.715227,0.0493431,0.2087513,0.5888439,0,0.1032968,-3.14E+07,0.235173,0.0005681,0.0277265,39.15742,7317729.7,12,14.28571,TRUE,61.57172,30.91622,6.484224,3.430827,3.20181,1.648425,3
264,NCCL.NS,NCC Ltd,India,Construction & Engineering,2022,0.7743707,23.28524,9.304141,0.0588407,0.5976289,0.9525719,0.0285325,0.0000109,1929163,0.0210624,0.1686628,0.0757052,29.00583,78652629,7,9.090909,TRUE,42.01928,4.308161,7.609365,3.370596,5.897142,1.173952,3
264,NCCL.NS,NCC Ltd,India,Construction & Engineering,2023,0.7222649,26.9423,9.33671,0.0541526,0.6142116,0.9701458,0.0495735,0.0000492,3.23E+07,0.0380266,0.1879399,0.0715159,32.10835,88831434,6,9.090909,TRUE,33.16356,13.39823,9.190755,3.403141,2.591949,1.315722,3
264,NCCL.NS,NCC Ltd,India,Construction & Engineering,2024,0.6179391,30.79708,9.390639,0.0758617,0.6249544,0.9594641,0.0750052,0.0001776,5.11E+07,0.0547756,0.1503915,0.0659504,3.880235,1.02E+08,8,15.38461,TRUE,32.38731,16.42595,6.484224,3.430827,3.20181,2.108282,3
265,NEFI.NS,Network18 Media & Investments Ltd,India,Media,2022,0.5811768,58.76902,9.230976,0.4339899,0.642531,0.6751213,0.0144949,0.0069951,-1.35E+07,0.0352026,0.4347093,0.0420969,-2.231917,-1916991.2,6,37.5,TRUE,61.6134,46.70121,7.609365,3.370596,5.897142,1,3
265,NEFI.NS,Network18 Media & Investments Ltd,India,Media,2023,0.2032187,58.1213,9.679861,0.2045054,0.2687343,0.4347176,0.0280385,0.1135965,5.52E+08,0.5677658,0.2583186,0.0360983,47.27179,-38943011,6,42.85714,TRUE,50.29707,45.38329,9.190755,3.403141,2.591949,1,3
265,NEFI.NS,Network18 Media & Investments Ltd,India,Media,2024,0.9466863,59.83074,8.997587,0.3483029,0.40594,0.9186206,0.0007885,0,-5.65E+08,0.0027657,0.0012756,0.0598682,-27.7367,-2.08E+08,6,33.33333,TRUE,60.63685,44.10746,6.484224,3.430827,3.20181,0,3
267,NEWG.NS,Newgen Software Technologies Ltd,India,Software,2022,8.515943,62.00231,8.21398,0.0317629,0.2204317,0.8183668,0,0.1549355,541613.9,0.3538742,0,0.1699949,15.51087,21544730,6,28.57143,FALSE,73.50768,49.51876,7.609365,3.370596,5.897142,1.725108,3
267,NEWG.NS,Newgen Software Technologies Ltd,India,Software,2023,7.298684,67.90689,8.306075,0.0287626,0.225078,0.8199131,0.2912603,0.0083096,1985903,0.5430513,0.0006133,0.1410946,25.88264,30186563,6,28.57143,FALSE,76.97466,55.7282,9.190755,3.403141,2.591949,1.360572,3
267,NEWG.NS,Newgen Software Technologies Ltd,India,Software,2024,6.000191,66.54617,8.378998,0.0261529,0.2113886,0.8177609,0.240006,6.80E-06,-2434535,0.5342948,0.0002689,0.1220448,16.60272,36892030,6,28.57143,FALSE,70.78903,54.33321,6.484224,3.430827,3.20181,1.360572,3
268,NIIT.NS,NIIT Ltd,India,Diversified Consumer Services,2022,1.262239,38.66381,8.14233,0.0112978,0.1137425,0.8986606,0.3762067,0,-580209.4,0.313049,0.0006095,0.1303655,25.79156,1353091.5,7,33.33333,TRUE,35.99435,32.89651,7.609365,3.370596,5.897142,1.636995,3
268,NIIT.NS,NIIT Ltd,India,Diversified Consumer Services,2023,1.254921,43.42727,8.144836,0.0071177,0.0975636,0.8743231,0.3422548,0,-1192202,0.6201688,0.0009068,0.1260267,-12.34014,4788722.3,9,33.33333,TRUE,36.11884,43.78964,9.190755,3.403141,2.591949,1.243194,3
268,NIIT.NS,NIIT Ltd,India,Diversified Consumer Services,2024,1.215961,43.43555,8.148866,0.005317,0.090854,0.8752391,0,0.0470642,-814160.3,0.6619475,0.0008763,0.1216939,14.93486,5794382.7,8,25,TRUE,33.75404,42.2275,6.484224,3.430827,3.20181,1.302833,3
269,NKML.NS,Nilkamal Ltd,India,Containers & Packaging,2022,1.070483,48.29086,8.402435,0.1691821,0.1789588,0.48795,0.0415844,0.0021741,-5523807,0.0127537,0.3258436,0.3838908,5.94452,16309348,4,8.333333,TRUE,72.07646,41.80188,7.609365,3.370596,5.897142,1.251847,3
269,NKML.NS,Nilkamal Ltd,India,Containers & Packaging,2023,1.00405,49.16386,8.425608,0.1827964,0.2037928,0.5581093,0.1652612,0.0032162,7436209,0.0554207,0.2783358,0.3626907,0.6329051,14688890,4,8.333333,TRUE,75.86807,35.38969,9.190755,3.403141,2.591949,1.305972,3
269,NKML.NS,Nilkamal Ltd,India,Containers & Packaging,2024,0.8898123,56.86526,8.473878,0.2085752,0.2410703,0.5801807,0.1766437,0.0120328,6674067,0.0617196,0.2825573,0.3947307,1.095027,12499157,4,8.333333,TRUE,82.53402,42.0397,6.484224,3.430827,3.20181,1.356235,3
270,NMDC.NS,NMDC Ltd,India,Metals & Mining,2022,1.937519,48.76114,9.561779,0.0710405,0.1971951,0.8055779,0.0157452,0,-3359299,0.2474674,0.0888254,0.1462395,-37.14145,6.74E+08,9,20,TRUE,21.64854,51.02711,7.609365,3.370596,5.897142,0,3
270,NMDC.NS,NMDC Ltd,India,Metals & Mining,2023,1.658259,44.54506,9.631289,0.0941863,0.2356864,0.8400511,0.0051233,0.00186,1966407,0.4020683,0.0775903,0.1612685,18.88706,6.69E+08,9,11.11111,TRUE,14.71308,44.94917,9.190755,3.403141,2.591949,1.901563,3
270,NMDC.NS,NMDC Ltd,India,Metals & Mining,2024,1.461246,54.30272,9.681145,0.1042708,0.2357741,0.8547667,0.0087729,0,-2875366,0.2682459,0.091105,0.2173972,9.433956,7.65E+08,8,10,TRUE,18.52649,71.22499,6.484224,3.430827,3.20181,1.945692,3
271,NSEN.NS,Nesco Ltd,India,Real Estate Management & Development,2022,4.234636,49.14466,8.43994,0.000181,0.0495795,0.3763792,0.1060068,0,988948.4,0.1919037,0.0086567,0.1037845,49.49954,35374428,4,33.33333,TRUE,45.3477,40.38758,7.609365,3.370596,5.897142,1,3
271,NSEN.NS,Nesco Ltd,India,Real Estate Management & Development,2023,3.641894,46.84971,8.502392,0.0000976,0.056692,0.4246668,0.1470067,0,1223335,0.1554846,0.008184,0.1062005,22.43597,43525327,5,20,TRUE,48.95207,32.6388,9.190755,3.403141,2.591949,1.371277,3
271,NSEN.NS,Nesco Ltd,India,Real Estate Management & Development,2024,3.279266,61.60384,8.547663,0.0003217,0.0485742,0.3793129,0.0950992,0,-954686.9,0.0972465,0.0071287,0.3484552,5.283597,43910228,4,33.33333,TRUE,66.57775,37.39948,6.484224,3.430827,3.20181,1.727518,3
272,NTPC.NS,NTPC Ltd,India,Independent Power and Renewable Electricity Producers,2022,0.6863969,50.04823,10.73653,0.4976704,0.1915999,0.2852209,0.004348,0.0002065,-2.56E+07,0.0048795,0.0420269,0.7324614,23.76147,2.13E+09,15,8.333333,TRUE,21.43777,51.60521,7.609365,3.370596,5.897142,1.993566,3
272,NTPC.NS,NTPC Ltd,India,Independent Power and Renewable Electricity Producers,2023,0.6492295,57.8777,10.76051,0.4938206,0.2049251,0.3080071,0.0087537,4.04E-06,4.77E+07,0.0087619,0.0474595,0.7181811,-0.5163246,2.44E+09,15,8.333333,TRUE,21.30877,62.56425,9.190755,3.403141,2.591949,2.013148,3
272,NTPC.NS,NTPC Ltd,India,Independent Power and Renewable Electricity Producers,2024,0.6011851,55.07402,10.78776,0.4771329,0.1928271,0.2971923,0.0072384,0.0013258,6.59E+07,0.00921,0.0421456,0.7070926,3.245744,2.37E+09,15,7.142857,TRUE,26.65343,59.21633,6.484224,3.430827,3.20181,1.862291,3
274,OLEC.NS,Olectra Greentech Ltd,India,Machinery,2022,7.705646,21.38235,8.2776,0.0858753,0.4270349,0.9270719,0.009571,0.1033166,-1574684,0.1297656,0.1074805,0.2226737,69.854,8141808.7,8,28.57143,TRUE,23.57358,32.72061,7.609365,3.370596,5.897142,2.116954,3
274,OLEC.NS,Olectra Greentech Ltd,India,Machinery,2023,7.870217,24.38283,8.280103,0.0760106,0.3862907,0.908981,0.0111969,0,60911.82,0.0043503,0.1548254,0.2458373,4.299462,9436616.7,7,28.57143,TRUE,20.72218,31.93095,9.190755,3.403141,2.591949,2.13277,3
274,OLEC.NS,Olectra Greentech Ltd,India,Machinery,2024,5.871964,34.80985,8.405028,0.1173656,0.4253021,0.8229833,0.0061346,0,-141100.1,0.0335205,0.1335343,0.2430073,52.28835,16291398,7,33.33333,TRUE,27.48452,50.74061,6.484224,3.430827,3.20181,2.120515,3
275,ONTE.NS,Orient Electric Ltd,India,Household Durables,2022,3.399831,43.46237,8.187303,0.0769,0.4614472,0.8581891,0.1082836,0.0794303,1662610,0.1273189,0.2250777,0.2294505,-4.568812,9231986.4,5,16.66667,TRUE,64.27211,34.29353,7.609365,3.370596,5.897142,2.138454,3
275,ONTE.NS,Orient Electric Ltd,India,Household Durables,2023,3.013396,40.08579,8.240759,0.0768992,0.4946485,0.8838387,0.0322963,0.0292972,-1.18E+07,0.0802995,0.2171345,0.3061289,9.600025,9030593.9,5,16.66667,0,40.13477,44.18537,9.190755,3.403141,2.591949,2.254716,3
275,ONTE.NS,Orient Electric Ltd,India,Household Durables,2024,2.844405,54.81393,8.259929,0.0555934,0.504927,0.9123875,0.0245605,0.0223712,-1569339,0.0458069,0.276372,0.2775812,7.308735,9737858.4,7,16.66667,TRUE,46.88414,54.20543,6.484224,3.430827,3.20181,2.297856,3
276,PAFO.NS,Patanjali Foods Ltd,India,Food Products,2022,4.639939,33.44691,9.207345,0.1098188,0.2419023,0.9430779,0.0680778,0.0441723,5.21E+07,0.0660451,0.307317,0.2765585,20.31725,1.08E+08,14,16.66667,FALSE,56.69685,22.71575,7.609365,3.370596,5.897142,1.169636,3
276,PAFO.NS,Patanjali Foods Ltd,India,Food Products,2023,4.698337,40.73383,9.201706,0.0790774,0.2283249,0.9906118,0.0371293,0.0320463,-3.19E+07,0.1228015,0.2841024,0.2646526,-0.8126714,91799748,11,16.66667,FALSE,56.54523,33.34018,9.190755,3.403141,2.591949,1.076905,3
276,PAFO.NS,Patanjali Foods Ltd,India,Food Products,2024,4.100892,41.83245,9.259101,0.0507616,0.2645782,0.990164,0,0.0190908,-5.01E+07,0.0396048,0.4002201,0.2631902,5.031875,1.52E+08,6,16.66667,FALSE,57.36828,36.81976,6.484224,3.430827,3.20181,1.072001,3
277,PAGE.NS,Page Industries Ltd,India,"Textiles, Apparel & Luxury Goods",2022,17.79202,76.34438,8.515545,0.1509189,0.4432541,0.9030362,0.000553,0,-1.76E+07,0.000292,0.6006881,0.2350842,12.05776,69528846,5,7.692307,0,71.97974,64.24279,7.609365,3.370596,5.897142,1.571327,3
277,PAGE.NS,Page Industries Ltd,India,"Textiles, Apparel & Luxury Goods",2023,18.5376,68.60654,8.507648,0.0689075,0.3497337,0.8641703,0.0353724,0,1.07E+07,0.1149303,0.4388561,0.2692705,-4.198708,68289502,5,7.692307,TRUE,57.28486,63.64891,9.190755,3.403141,2.591949,1.699561,3
277,PAGE.NS,Page Industries Ltd,India,"Textiles, Apparel & Luxury Goods",2024,18.72985,71.7379,8.490387,0.0990586,0.3823283,0.8176774,0.1019141,0.0511931,2.40E+07,0.1678479,0.3300138,0.3123362,5.062755,85329666,4,7.142857,TRUE,56.46388,63.08265,6.484224,3.430827,3.20181,1.396982,3
278,PDSL.NS,PDS Ltd,India,"Textiles, Apparel & Luxury Goods",2022,1.395454,36.44777,8.577966,0.2312634,0.6084546,0.9203785,0.2702577,0,5242977,0.2126467,0.0985548,0.1139174,10.68256,39772201,6,25,FALSE,59.66586,34.66246,7.609365,3.370596,5.897142,2.368912,3
278,PDSL.NS,PDS Ltd,India,"Textiles, Apparel & Luxury Goods",2023,1.072092,34.828,8.687822,0.2594692,0.6559036,0.9201549,0.1732173,0,-1.89E+07,0.221218,0.0944952,0.1129468,-3.332195,24316833,8,22.22222,FALSE,52.05903,33.88718,9.190755,3.403141,2.591949,2.476079,3
278,PDSL.NS,PDS Ltd,India,"Textiles, Apparel & Luxury Goods",2024,0.934711,57.46456,8.743887,0.2600378,0.5897198,0.9049545,0.1233157,0.0191672,1.17E+07,0.1367175,0.1215865,0.1048622,18.28101,28247490,6,30,FALSE,56.17973,64.30197,6.484224,3.430827,3.20181,2.25452,3
279,PFIZ.NS,Pfizer Ltd,India,Pharmaceuticals,2022,6.098392,60.89236,8.687479,0.0336114,0.1643075,0.8284915,0.0179509,0.0071737,-3184031,0.4373191,0.1061381,0.0463565,-14.20679,75940847,5,14.28571,TRUE,64.7749,45.78,7.609365,3.370596,5.897142,1.208362,3
279,PFIZ.NS,Pfizer Ltd,India,Pharmaceuticals,2023,5.627749,57.15278,8.70531,0.0223563,0.1292477,0.8631167,0.0163386,0.0254589,9046191,0.5011609,0.104432,0.0357905,-10.8424,66146371,5,28.57143,TRUE,58.48949,42.0793,9.190755,3.403141,2.591949,1.659308,3
279,PFIZ.NS,Pfizer Ltd,India,Pharmaceuticals,2024,4.768864,61.19732,8.759467,0.0220724,0.1159636,0.8209745,0.0086566,0.1004091,4.48E+07,0.643193,0.099222,0.0365416,1.464276,89830310,5,42.85714,TRUE,64.29929,46.18822,6.484224,3.430827,3.20181,1.610628,3
280,PIIL.NS,PI Industries Ltd,India,Chemicals,2022,6.505669,54.81783,9.013721,0.0054837,0.1393681,0.9224165,0.3191741,0.0584337,6.35E+07,0.3818685,0.1701829,0.3015319,13.17043,1.50E+08,4,18.18182,TRUE,42.0926,48.2366,7.609365,3.370596,5.897142,2.018454,3
280,PIIL.NS,PI Industries Ltd,India,Chemicals,2023,5.225565,67.1737,9.111068,0.0177072,0.1589186,0.8414166,0.2571612,0.0414902,1655669,0.4591911,0.1256503,0.2905425,16.39486,2.02E+08,7,22.22222,TRUE,48.50859,76.16041,9.190755,3.403141,2.591949,3.639242,3
280,PIIL.NS,PI Industries Ltd,India,Chemicals,2024,4.56436,70.67346,9.15737,0.0149959,0.14073,0.8150682,0.2464548,0.0135623,-3.44E+07,0.3406826,0.0842164,0.3015794,1.512424,1.94E+08,7,20,TRUE,47.44759,77.56535,6.484224,3.430827,3.20181,3.341005,3
281,PIVI.NS,Privi Speciality Chemicals Ltd,India,Chemicals,2022,3.73035,23.40766,8.463939,0.4513913,0.460574,0.7050287,0.0184976,0.0019319,-1469060,0.0135075,0.3392717,0.4603408,5.814768,2589836.9,4,12.5,TRUE,49.25098,15.07786,7.609365,3.370596,5.897142,2.547934,3
281,PIVI.NS,Privi Speciality Chemicals Ltd,India,Chemicals,2023,3.810583,24.41012,8.448783,0.4303792,0.3825069,0.6318343,0.0266705,0.0000379,424403.1,0.0261963,0.2907605,0.4751988,7.426101,11449262,4,12.5,TRUE,55.91476,11.18222,9.190755,3.403141,2.591949,2.374723,3
281,PIVI.NS,Privi Speciality Chemicals Ltd,India,Chemicals,2024,3.281633,30.70975,8.513971,0.4095426,0.3953996,0.6540102,0.0450165,0.0000338,3016677,0.0238611,0.2943701,0.4561343,16.96792,21620866,6,12.5,TRUE,79.40968,16.06893,6.484224,3.430827,3.20181,1.852646,3
282,PLMD.NS,Poly Medicure Ltd,India,Health Care Equipment & Supplies,2022,12.51536,38.40876,8.283229,0.0944813,0.185963,0.8740117,0.0240789,0,-84591.04,0.2021569,0.1322937,0.4199685,11.61506,21821142,4,18.18182,TRUE,59.15095,13.20867,7.609365,3.370596,5.897142,0,3
282,PLMD.NS,Poly Medicure Ltd,India,Health Care Equipment & Supplies,2023,11.00759,41.13136,8.348297,0.0936972,0.1889745,0.9038211,0.0343157,0,598764.3,0.1827015,0.1189185,0.4782645,21.60302,30984967,4,16.66667,TRUE,52.22592,19.76756,9.190755,3.403141,2.591949,0,3
282,PLMD.NS,Poly Medicure Ltd,India,Health Care Equipment & Supplies,2024,6.43295,46.73204,8.572412,0.0564599,0.1159514,0.8673246,0.0234995,0.0446818,-392545.3,0.638039,0.0894525,0.3540223,18.3892,39620503,5,16.66667,TRUE,47.75496,29.80925,6.484224,3.430827,3.20181,1.396982,3
283,POLC.NS,Polycab India Ltd,India,Electrical Equipment,2022,10.66857,60.55648,9.059643,0.1416483,0.2780221,0.9398272,0.0581929,0.0000274,-267405.1,0.254527,0.3457078,0.2437412,6.795826,1.56E+08,4,20,TRUE,55.14563,56.80854,7.609365,3.370596,5.897142,1.572466,3
283,POLC.NS,Polycab India Ltd,India,Electrical Equipment,2023,8.386086,64.12763,9.161121,0.1674872,0.2962107,0.9193538,0.0858119,4.14E-07,1.88E+07,0.2321983,0.3295929,0.2333849,26.04318,2.16E+08,5,20,TRUE,66.68488,55.76316,9.190755,3.403141,2.591949,2.402668,3
283,POLC.NS,Polycab India Ltd,India,Electrical Equipment,2024,7.530119,67.75568,9.207308,0.1095406,0.2548619,0.8891598,0.0492051,0.0032434,-6911059,0.2004902,0.2747392,0.2635962,21.16566,2.39E+08,5,18.18182,TRUE,57.35381,66.25139,6.484224,3.430827,3.20181,1.885889,3
284,PRAF.NS,Paras Defence and Space Technologies Ltd,India,Aerospace & Defense,2022,9.960696,28.71986,7.801795,0.0280883,0.1593527,0.7731265,0,0.0328645,1816894,0.0345312,0.2091511,0.2876897,12.55463,4374440.1,13,28.57143,TRUE,49.30921,13.23034,7.609365,3.370596,5.897142,2.102079,3
284,PRAF.NS,Paras Defence and Space Technologies Ltd,India,Aerospace & Defense,2023,8.061242,25.90862,7.88509,0.1028619,0.2668837,0.875041,0,0.0046609,-1694733,0.0056463,0.2771283,0.28549,12.34257,3603827.2,9,33.33333,TRUE,42.15849,13.17706,9.190755,3.403141,2.591949,1.601198,3
284,PRAF.NS,Paras Defence and Space Technologies Ltd,India,Aerospace & Defense,2024,6.01327,40.94672,7.998707,0.0281975,0.2242032,0.9009125,0,0.0404621,3685243,0.060185,0.2020734,0.2198642,40.31633,7196196.6,9,33.33333,TRUE,48.42782,14.18413,6.484224,3.430827,3.20181,1.601198,3
286,PROC.NS,Procter & Gamble Hygiene and Health Care Ltd,India,Personal Care Products,2022,18.99857,37.81056,8.415574,0.0018855,0.5076591,0.9108026,0.0749565,0.4129003,4.13E+07,0.5509141,0.1042988,0.0902064,-3.407615,82608325,4,20,TRUE,60.20993,28.854,7.609365,3.370596,5.897142,1,3
286,PROC.NS,Procter & Gamble Hygiene and Health Care Ltd,India,Personal Care Products,2023,21.93749,39.95512,8.348245,0.0016572,0.5276451,0.9049183,0.0598169,0.2771016,-4.68E+07,0.2643361,0.1246556,0.0898061,5.717975,80981345,5,20,TRUE,47.23038,41.07409,9.190755,3.403141,2.591949,1.40312,3
286,PROC.NS,Procter & Gamble Hygiene and Health Care Ltd,India,Personal Care Products,2024,23.66814,37.93408,8.312498,0.0013221,0.5135035,0.8853538,0.0625596,0.2336542,-1.26E+07,0.2447839,0.1291595,0.0980664,-21.73269,74498537,4,18.18182,TRUE,38.19352,39.43538,6.484224,3.430827,3.20181,0,3
287,PSPP.NS,PSP Projects Ltd,India,Construction & Engineering,2022,1.41801,39.17746,8.332182,0.0821239,0.5235134,0.9583204,0.1018243,0,743111,0.1762024,0.1533917,0.1450895,2.410031,16387683,8,28.57143,TRUE,45.65449,28.19652,7.609365,3.370596,5.897142,1.882145,3
287,PSPP.NS,PSP Projects Ltd,India,Construction & Engineering,2023,1.279961,40.41126,8.388031,0.2234397,0.5290365,0.960456,0.1049655,0,2278920,0.1267496,0.1970937,0.158897,27.46441,14811998,4,33.33333,TRUE,35.33968,36.68628,9.190755,3.403141,2.591949,2.045485,3
287,PSPP.NS,PSP Projects Ltd,India,Construction & Engineering,2024,1.136295,36.82002,8.439922,0.1153942,0.4771733,0.9813786,0.0710025,0.054447,-3906238,0.3733497,0.1376673,0.1312025,-2.21089,6782960.8,4,33.33333,TRUE,22.76023,36.02267,6.484224,3.430827,3.20181,1.572941,3
288,PTCI.NS,PTC India Ltd,India,Independent Power and Renewable Electricity Producers,2022,0.3144431,29.1488,9.306221,0.3936355,0.3528118,0.5053132,0.0891528,0.0269068,-3.36E+07,0.0854212,0.0017234,0.097196,-12.78362,59011685,11,33.33333,TRUE,49.47259,15.39978,7.609365,3.370596,5.897142,1.102972,3
288,PTCI.NS,PTC India Ltd,India,Independent Power and Renewable Electricity Producers,2023,0.3495878,28.51716,9.258731,0.286128,0.413135,0.6259695,0.1067588,0.0127627,-1.15E+07,0.1275561,0.0013549,0.0028248,6.763188,58014397,10,20,TRUE,31.96774,24.35513,9.190755,3.403141,2.591949,1.384596,3
288,PTCI.NS,PTC India Ltd,India,Independent Power and Renewable Electricity Producers,2024,0.3996424,24.57424,9.179412,0.2293634,0.33452,0.6076163,0.0613731,0.1118507,1.00E+08,0.1951377,0.0022081,0.002867,-6.989488,99909889,8,13.33333,TRUE,27.17945,22.07974,6.484224,3.430827,3.20181,1.363146,3
289,QUEC.NS,Quess Corp Ltd,India,Professional Services,2022,0.6244439,47.23782,8.872004,0.1652838,0.4520887,0.7792145,0.1581844,0,3299416,0.1035083,0.0098896,0.1055352,15.77265,27131086,8,12.5,TRUE,48.95706,32.93838,7.609365,3.370596,5.897142,2.066733,3
289,QUEC.NS,Quess Corp Ltd,India,Professional Services,2023,0.6166002,57.1089,8.875324,0.1339901,0.4195124,0.7592679,0.1977091,0.0002115,9904139,0.0967525,0.0076892,0.0992335,-21.32382,16245711,7,12.5,TRUE,59.89016,50.95725,9.190755,3.403141,2.591949,1.970107,3
289,QUEC.NS,Quess Corp Ltd,India,Professional Services,2024,1.37839,60.6442,8.517277,0.0401468,0.5016587,0.8167903,0.1765999,3.56E-06,-3.17E+07,0.0411657,0.0109313,0.035876,6.602939,5370275,6,12.5,TRUE,64.12764,51.91045,6.484224,3.430827,3.20181,2.169403,3
290,RADC.NS,Radico Khaitan Ltd,India,Beverages,2022,9.788444,44.12874,8.655776,0.2026401,0.2960902,0.7286864,0.110855,0,2535370,0.0423829,0.1992447,0.4172557,-5.592143,24874830,4,12.5,TRUE,35.83455,60.14835,7.609365,3.370596,5.897142,1.821922,3
290,RADC.NS,Radico Khaitan Ltd,India,Beverages,2023,9.061284,44.69675,8.691346,0.2516785,0.2959766,0.7321764,0.0711603,0,-4298045,0.0254988,0.2017185,0.4264385,19.76556,30681080,4,12.5,TRUE,37.85235,57.01952,9.190755,3.403141,2.591949,1.534783,3
290,RADC.NS,Radico Khaitan Ltd,India,Beverages,2024,8.174756,45.0544,8.734708,0.2376761,0.332919,0.8192021,0.0260097,0,-5392440,0.01265,0.2418259,0.3938544,7.714112,40446027,4,12.5,TRUE,30.66539,64.52083,6.484224,3.430827,3.20181,2.266336,3
291,RAID.NS,Rain Industries Ltd,India,Chemicals,2022,0.213599,49.47586,9.428354,0.4387603,0.1769345,0.285351,0,0.075323,7805893,0.0821952,0.2035542,0.2521487,30.2106,1.91E+08,5,25,TRUE,92.3894,27.48627,7.609365,3.370596,5.897142,1.720699,3
291,RAID.NS,Rain Industries Ltd,India,Chemicals,2023,0.2338876,54.95297,9.381152,0.4343157,0.1620269,0.2559519,0.3946945,0.0062752,2.85E+07,0.0978409,0.1627822,0.2757535,-14.14812,-95708499,4,14.28571,TRUE,97.43043,22.32947,9.190755,3.403141,2.591949,2.016964,3
291,RAID.NS,Rain Industries Ltd,India,Chemicals,2024,0.2437728,56.95018,9.345068,0.4485577,0.2127162,0.3275153,0.2612315,0.0141998,-9814269,0.0891702,0.164065,0.2856387,-17.59456,-52591112,5,14.28571,TRUE,90.1709,23.88184,6.484224,3.430827,3.20181,2.372962,3
293,RALL.NS,Rallis India Ltd,India,Chemicals,2022,2.472377,51.22829,8.532141,0.0488602,0.3534285,0.9261349,0.0092637,0.0125103,4098418,0.0852347,0.2885681,0.2607731,5.262402,11190798,8,33.33333,TRUE,89.20544,29.45206,7.609365,3.370596,5.897142,2.071435,3
293,RALL.NS,Rallis India Ltd,India,Chemicals,2023,2.347916,49.52636,8.556715,0.0445155,0.3390501,0.8674231,0.0153685,0.0036625,-2100780,0.0965921,0.2744044,0.2686976,-12.01244,17740852,8,16.66667,TRUE,80.84309,26.95609,9.190755,3.403141,2.591949,2.300426,3
293,RALL.NS,Rallis India Ltd,India,Chemicals,2024,2.335413,57.63164,8.5417,0.0212137,0.3256827,0.9051614,0.0037162,0.008156,141603.3,0.142021,0.2668895,0.2367465,-1.921319,14643651,7,16.66667,TRUE,80.1561,41.30054,6.484224,3.430827,3.20181,2.261091,3
294,RATE.NS,Rategain Travel Technologies Ltd,India,Software,2022,5.814634,40.80359,8.060901,0.0187151,0.2034324,0.816433,0.5196541,0,8012658,0.3754843,0.0003459,0.0242869,42.41456,8325340.8,23,33.33333,0,39.57416,27.62956,7.609365,3.370596,5.897142,1.94979,3
294,RATE.NS,Rategain Travel Technologies Ltd,India,Software,2023,3.420634,36.80497,8.317393,0.009625,0.1430768,0.882835,0.7501968,0.0472008,2.01E+07,1.104909,0.000591,0.0123639,66.92985,17443671,6,33.33333,TRUE,30.10425,28.95264,9.190755,3.403141,2.591949,1.860623,3
294,RATE.NS,Rategain Travel Technologies Ltd,India,Software,2024,3.098512,30.62047,8.34798,0.0084286,0.10125,0.8705887,0,0.182425,9344997,0.662671,0,0.0125056,9.736258,24450439,4,33.33333,TRUE,30.77061,29.65749,6.484224,3.430827,3.20181,1.533814,3
295,REDY.NS,Dr Reddy's Laboratories Ltd,India,Pharmaceuticals,2022,3.099054,88.3102,9.594341,0.0417282,0.2655126,0.9525614,0.0314392,0.0090692,-1.10E+08,0.1914363,0.1507507,0.2053393,5.779788,5.49E+08,7,27.27273,FALSE,96.33168,82.07835,7.609365,3.370596,5.897142,2.684432,3
295,REDY.NS,Dr Reddy's Laboratories Ltd,India,Pharmaceuticals,2023,2.616835,88.36469,9.668639,0.0515132,0.2467077,0.903761,0.0453692,0.00669,1.59E+07,0.2482634,0.1635249,0.195547,11.92346,6.69E+08,8,33.33333,FALSE,93.05053,82.10346,9.190755,3.403141,2.591949,2.046545,3
295,REDY.NS,Dr Reddy's Laboratories Ltd,India,Pharmaceuticals,2024,2.074815,87.00272,9.762249,0.0946171,0.2637001,0.8209233,0.0920453,0.0050722,8.76E+07,0.1449666,0.155564,0.1962061,13.67512,6.70E+08,6,36.36364,FALSE,90.82468,81.11036,6.484224,3.430827,3.20181,2.203386,3
296,RELI.NS,Reliance Industries Ltd,India,"Oil, Gas & Consumable Fuels",2022,1.11618,81.30338,11.29147,0.2080288,0.2461959,0.4438775,0.0100368,0,3.95E+09,0.0993228,0.0871005,0.4278641,14.74004,8.97E+09,5,14.28571,TRUE,90.01589,67.56543,7.609365,3.370596,5.897142,2.554305,3
296,RELI.NS,Reliance Industries Ltd,India,"Oil, Gas & Consumable Fuels",2023,1.035968,79.57413,11.32362,0.1971212,0.2262928,0.4128467,0.186256,0,3.43E+09,0.1295814,0.0869996,0.4319317,1.133718,9.48E+09,6,15.38461,TRUE,89.21939,66.90829,9.190755,3.403141,2.591949,2.239651,3
296,RELI.NS,Reliance Industries Ltd,India,"Oil, Gas & Consumable Fuels",2024,0.9373084,62.3816,11.35835,0.1895139,0.2326712,0.4099091,0.1024492,0,1.09E+09,0.1326454,0.0748989,0.4373124,4.546492,9.45E+09,7,14.28571,TRUE,75.29165,52.50877,6.484224,3.430827,3.20181,2.270117,3
297,RESR.NS,Restaurant Brands Asia Ltd,India,"Hotels, Restaurants & Leisure",2022,1.761312,26.74024,8.482099,0.468286,0.2368706,0.354107,0.2625218,0,-3694499,0.117335,0.0148411,0.768346,27.34531,-29430623,9,12.5,TRUE,28.97969,16.89355,7.609365,3.370596,5.897142,1.361517,3
297,RESR.NS,Restaurant Brands Asia Ltd,India,"Hotels, Restaurants & Leisure",2023,1.63248,38.22866,8.511841,0.5278577,0.2393887,0.3114311,0.0482533,0,-1.48E+07,0.046057,0.0167514,0.8338126,16.93951,-28402879,8,12.5,TRUE,48.71952,33.90744,9.190755,3.403141,2.591949,1.330287,3
297,RESR.NS,Restaurant Brands Asia Ltd,India,"Hotels, Restaurants & Leisure",2024,1.275146,38.11591,8.607699,0.5290298,0.2249896,0.3050252,0.6857605,0,5.89E+07,0.2016685,0.0180248,0.7255775,2.091706,-27243300,9,22.22222,TRUE,44.19479,40.26771,6.484224,3.430827,3.20181,1.688298,3
298,RLXO.NS,Relaxo Footwears Ltd,India,"Textiles, Apparel & Luxury Goods",2022,4.476688,40.31656,8.482373,0.0657691,0.1886532,0.7356895,0.0218209,0,385832.5,0.1030844,0.229382,0.4839045,-3.108602,18801120,4,14.28571,TRUE,62.2627,29.98344,7.609365,3.370596,5.897142,1.364891,3
298,RLXO.NS,Relaxo Footwears Ltd,India,"Textiles, Apparel & Luxury Goods",2023,4.064689,47.2782,8.51269,0.0755257,0.1914028,0.7287458,0.025681,0.0099487,3608878,0.066853,0.2285374,0.5091068,3.222888,24051590,5,10,TRUE,62.20957,29.20636,9.190755,3.403141,2.591949,1.756853,3
298,RLXO.NS,Relaxo Footwears Ltd,India,"Textiles, Apparel & Luxury Goods",2024,3.99815,41.88494,8.509585,0.0769311,0.1631945,0.678537,0.0163702,0.0054263,-2104155,0.1047735,0.2045488,0.5011602,-6.623296,19933294,5,10,TRUE,40.01347,31.65342,6.484224,3.430827,3.20181,2.08768,3
299,RMT.NS,Ratnamani Metals and Tubes Ltd,India,Metals & Mining,2022,4.221942,40.54111,8.662864,0.0626925,0.2276974,0.7317038,0.0378985,0,-1623637,0.0535946,0.3330898,0.318347,31.69339,62351315,4,16.66667,TRUE,60.94996,40.13188,7.609365,3.370596,5.897142,2.812044,3
299,RMT.NS,Ratnamani Metals and Tubes Ltd,India,Metals & Mining,2023,4.064018,46.60947,8.683302,0.0380292,0.1492704,0.6824051,0.1959931,0.0211452,2.07E+07,0.0761284,0.3390007,0.3260823,11.45323,74997061,5,10,TRUE,50.0351,56.56611,9.190755,3.403141,2.591949,2.438895,3
299,RMT.NS,Ratnamani Metals and Tubes Ltd,India,Metals & Mining,2024,3.334812,48.77988,8.759012,0.0320828,0.2032586,0.7858452,0.1491116,0.0152895,2144330,0.0978502,0.3159209,0.3084403,-0.0016607,63378631,5,14.28571,TRUE,52.20893,54.41364,6.484224,3.430827,3.20181,1.626648,3
300,ROLE.NS,Rolex Rings Ltd,India,Machinery,2022,3.504037,21.86403,8.091058,0.0804607,0.2019397,0.7571416,0.1485856,0.0039447,2179284,0.0322502,0.2604266,0.430316,7.125013,24110516,10,14.28571,TRUE,36.56861,5.02623,7.609365,3.370596,5.897142,1.138424,3
300,ROLE.NS,Rolex Rings Ltd,India,Machinery,2023,3.242921,24.58491,8.128663,0.0161164,0.1439043,0.7242379,0.0974501,0.002812,-334013.2,0.132551,0.2228093,0.4193237,2.150962,18720816,5,14.28571,TRUE,41.97696,9.61613,9.190755,3.403141,2.591949,1.146361,3
300,ROLE.NS,Rolex Rings Ltd,India,Machinery,2024,2.850835,24.0488,8.176247,0.0110341,0.1311854,0.8006006,0,0.0381225,3511995,0.2902886,0.1902577,0.3730978,-7.802968,20362434,7,16.66667,TRUE,41.38756,9.17092,6.484224,3.430827,3.20181,1.138424,3
301,ROSB.NS,Rossari Biotech Ltd,India,Chemicals,2022,2.412097,40.26522,8.221288,0.0540581,0.2548383,0.7703553,0.0343034,0.0418576,3860881,0.1104549,0.1454212,0.2388793,3.153731,13054649,7,16.66667,TRUE,78.10012,37.75638,7.609365,3.370596,5.897142,1.827431,3
301,ROSB.NS,Rossari Biotech Ltd,India,Chemicals,2023,2.098317,42.28875,8.275589,0.0755602,0.270163,0.809913,0.0284246,0.0083306,-5282304,0.0510425,0.1951594,0.2301961,8.970564,15679544,5,33.33333,TRUE,82.2762,33.60679,9.190755,3.403141,2.591949,1.53034,3
301,ROSB.NS,Rossari Biotech Ltd,India,Chemicals,2024,1.761544,60.29305,8.346169,0.1149667,0.2829747,0.7549537,0.0823785,5.27E-07,2227268,0.0651815,0.2141659,0.2603761,10.84976,15959977,7,33.33333,TRUE,88.2049,55.97331,6.484224,3.430827,3.20181,1.610014,3
302,ROUT.NS,Route Mobile Ltd,India,Software,2022,1.808323,62.0131,8.545535,0.0482094,0.2714282,0.7354236,0.5274146,0.0244547,9284323,0.2820712,0.0251132,0.0235398,64.69989,40544060,10,14.28571,TRUE,83.75259,36.36027,7.609365,3.370596,5.897142,1.88124,3
302,ROUT.NS,Route Mobile Ltd,India,Software,2023,1.509846,72.35242,8.619667,0.107764,0.2981762,0.7828865,0.4417097,0.0244733,7035393,0.2334307,0.0578725,0.0183586,11.11217,46651470,11,14.28571,TRUE,88.72792,46.43831,9.190755,3.403141,2.591949,1.57942,3
302,ROUT.NS,Route Mobile Ltd,India,Software,2024,1.381926,72.11993,8.651001,0.1213994,0.3383834,0.9288523,0.50258,0.0522202,3.61E+07,0.3276044,0.0709357,0.015354,10.93336,39078994,9,14.28571,TRUE,87.7346,45.74067,6.484224,3.430827,3.20181,2.124454,3
303,RSPO.NS,Responsive Industries Ltd,India,Chemicals,2022,3.794651,28.62348,8.210652,0.1946052,0.2412473,0.8889638,0,0.0182078,-889240.5,0.0456885,0.1606677,0.5179722,-18.48173,2974318.4,8,40,TRUE,37.96111,18.75009,7.609365,3.370596,5.897142,1,3
303,RSPO.NS,Responsive Industries Ltd,India,Chemicals,2023,3.304838,32.69617,8.268306,0.1388591,0.2400443,0.9074903,0.0441459,0,-949610.1,0.0201358,0.0814648,0.5269313,10.0442,19348050,10,16.66667,TRUE,48.74966,21.8567,9.190755,3.403141,2.591949,1,3
303,RSPO.NS,Responsive Industries Ltd,India,Chemicals,2024,2.949851,33.11559,8.308307,0.1474442,0.1445773,0.6401588,0.0298777,0,-1038760,0.0183696,0.1097983,0.4584135,27.24011,23272288,6,33.33333,TRUE,50.63249,19.74793,6.484224,3.430827,3.20181,1,3
304,RSYS.NS,R Systems International Ltd,India,IT Services,2022,6.006457,58.3821,8.003076,0.0925804,0.2376499,0.6884161,0.0004496,0.2474536,225104.9,0.3476324,0.0008391,0.1709059,18.0858,16886613,8,16.66667,TRUE,55.7894,37.50998,7.609365,3.370596,5.897142,1.68462,3
304,RSYS.NS,R Systems International Ltd,India,IT Services,2023,4.059,48.67409,8.198736,0.0997815,0.2801493,0.5237392,0.0002444,0.1196219,-5875706,0.2175833,0.0011494,0.0941397,10.4965,16841688,11,14.28571,TRUE,28.58117,39.87281,9.190755,3.403141,2.591949,2.533909,3
304,RSYS.NS,R Systems International Ltd,India,IT Services,2024,4.42617,47.0862,8.152543,0.0599566,0.2134119,0.4385567,0.5818387,0.0322061,3826706,0.1465407,0.0006458,0.0767272,0.5391555,15333240,6,14.28571,TRUE,22.7759,41.0861,6.484224,3.430827,3.20181,1.558737,3
305,RUCL.NS,Rupa & Company Ltd,India,"Textiles, Apparel & Luxury Goods",2022,1.072028,39.71609,8.227699,0.1860389,0.3158256,0.9206091,0.0153227,0,290871.5,0.066726,0.3536737,0.1786392,-28.36459,6539897.8,4,8.333333,0,46.67671,18.16748,7.609365,3.370596,5.897142,1.347026,3
305,RUCL.NS,Rupa & Company Ltd,India,"Textiles, Apparel & Luxury Goods",2023,1.03702,38.83405,8.239317,0.1623146,0.314616,0.9320877,0.0331327,0,1002831,0.1566783,0.2978826,0.1681165,4.904709,8371613.7,4,7.142857,0,40.0838,23.63977,9.190755,3.403141,2.591949,1.198694,3
305,RUCL.NS,Rupa & Company Ltd,India,"Textiles, Apparel & Luxury Goods",2024,0.9870133,45.2863,8.247729,0.1573945,0.3057041,0.9352452,0.0452239,0,681474.6,0.1323285,0.3004368,0.1588189,-0.6291403,9747466.4,4,7.142857,TRUE,41.9269,35.80728,6.484224,3.430827,3.20181,1.406028,3
306,SAFA.NS,Safari Industries (India) Ltd,India,"Textiles, Apparel & Luxury Goods",2022,12.40566,48.00276,7.959275,0.1863781,0.3259211,0.7563809,0.0005,0.0037317,88838.85,0.1703244,0.3582459,0.2454501,58.19787,15225158,4,12.5,TRUE,76.70897,29.62036,7.609365,3.370596,5.897142,1.701155,3
306,SAFA.NS,Safari Industries (India) Ltd,India,"Textiles, Apparel & Luxury Goods",2023,8.794563,48.56734,8.137604,0.1278251,0.2020328,0.7207171,0.0604317,0.0218664,4328735,0.4839287,0.2379088,0.255956,26.46887,21092981,5,10,TRUE,73.01346,30.00369,9.190755,3.403141,2.591949,1.148745,3
306,SAFA.NS,Safari Industries (India) Ltd,India,"Textiles, Apparel & Luxury Goods",2024,7.675416,60.35171,8.188589,0.0946125,0.2092452,0.7548403,0.0418433,0,-3211235,0.1946808,0.2689342,0.3220737,11.45638,16711527,4,14.28571,TRUE,81.48296,53.48041,6.484224,3.430827,3.20181,1,3
307,SAMD.NS,Samvardhana Motherson International Ltd,India,Automobile Components,2022,1.527759,68.84783,9.876691,0.2229898,0.4448608,0.6983569,0.1527036,0.0054388,-4.13E+07,0.0810327,0.1264767,0.3069406,14.43216,2.03E+08,8,10,0,80.00941,55.61488,7.609365,3.370596,5.897142,2.025904,3
307,SAMD.NS,Samvardhana Motherson International Ltd,India,Automobile Components,2023,1.121922,72.44502,10.00862,0.2343155,0.490703,0.7087255,0.1445624,0.0083743,2.65E+08,0.1230343,0.1200329,0.2832712,23.61093,3.62E+08,12,10,0,77.68376,58.57964,9.190755,3.403141,2.591949,2.354201,3
307,SAMD.NS,Samvardhana Motherson International Ltd,India,Automobile Components,2024,1.030649,72.44479,10.03606,0.1854841,0.4531031,0.7257474,0.1222005,0.0053378,-1.29E+08,0.0767624,0.1297518,0.2847245,12.33898,4.85E+08,16,12.5,0,81.57421,55.89592,6.484224,3.430827,3.20181,2.54996,3
308,SANO.NS,Sanofi India Ltd,India,Pharmaceuticals,2022,5.507737,45.96077,8.398732,0.0113916,0.3574842,0.9305189,0.0510397,0.4668147,-6.44E+07,0.2955484,0.1995945,0.1563933,-15.65255,75026899,8,12.5,TRUE,21.21117,48.14348,7.609365,3.370596,5.897142,2.094975,3
308,SANO.NS,Sanofi India Ltd,India,Pharmaceuticals,2023,6.669692,58.94526,8.314142,0.01108,0.379811,0.9309605,0.1007216,0.1918008,-7.34E+07,0.1893406,0.3880336,0.1885351,-28.35094,43827383,9,25,TRUE,30.85913,86.95832,9.190755,3.403141,2.591949,2.204572,3
308,SANO.NS,Sanofi India Ltd,India,Pharmaceuticals,2024,7.121671,50.59731,8.275071,0.0119742,0.4462092,0.9574015,0.0560345,0.1510733,-1.29E+07,0.1609273,0.3130041,0.2043057,-1.930168,36666900,6,25,TRUE,16.89544,83.34254,6.484224,3.430827,3.20181,1.936641,3
309,SAPI.NS,Sapphire Foods India Ltd,India,"Hotels, Restaurants & Leisure",2022,3.811609,40.1065,8.499318,0.3711488,0.205744,0.3988552,0.0649528,0.003759,-2017770,0.1230949,0.0440257,0.6233872,21.57448,28382546,16,22.22222,TRUE,40.15743,31.12919,7.609365,3.370596,5.897142,1.374303,3
309,SAPI.NS,Sapphire Foods India Ltd,India,"Hotels, Restaurants & Leisure",2023,3.516516,54.63408,8.532425,0.4098175,0.1564617,0.2960571,0.17983,0.0062129,5920576,0.0688209,0.0374225,0.7082773,12.87383,6233473.3,4,22.22222,TRUE,59.21907,38.60033,9.190755,3.403141,2.591949,1.374303,3
309,SAPI.NS,Sapphire Foods India Ltd,India,"Hotels, Restaurants & Leisure",2024,3.337593,55.79797,8.551303,0.4248869,0.1508477,0.2792133,0.1270235,0,-4608777,0.0784662,0.0372958,0.7128937,8.355345,1954827.4,4,22.22222,TRUE,61.05598,49.87587,6.484224,3.430827,3.20181,1.698695,3
310,SCHE.NS,Schaeffler India Ltd,India,Machinery,2022,10.20581,68.87478,8.840311,0.0100197,0.2406072,0.9563235,0.0603386,0.014476,-4951824,0.285652,0.2210061,0.2394879,11.18548,1.06E+08,4,30,TRUE,76.65118,62.04609,7.609365,3.370596,5.897142,2.209522,3
310,SCHE.NS,Schaeffler India Ltd,India,Machinery,2023,9.381086,70.73573,8.876955,0.0081545,0.2242317,0.9616674,0.0452692,0.0009734,-1.16E+07,0.2751157,0.2143665,0.2826214,4.983865,1.08E+08,5,30,TRUE,80.18358,59.13665,9.190755,3.403141,2.591949,1.308442,3
310,SCHE.NS,Schaeffler India Ltd,India,Machinery,2024,8.741577,69.42776,8.905533,0.0080678,0.2161931,0.960962,0.0520483,0.056152,4.61E+07,0.209261,0.2178247,0.3294183,10.39863,1.10E+08,6,33.33333,TRUE,84.00923,55.16405,6.484224,3.430827,3.20181,2.159996,3
311,SEIN.NS,Schneider Electric Infrastructure Ltd,India,Electrical Equipment,2022,14.2752,46.89348,8.217612,0.3506755,0.5686779,0.6399798,0.0253647,0,-2014362,0.0154481,0.2269107,0.2462095,7.28391,15046616,5,20,TRUE,83.31377,31.06939,7.609365,3.370596,5.897142,1.997966,3
311,SEIN.NS,Schneider Electric Infrastructure Ltd,India,Electrical Equipment,2023,12.34426,51.08948,8.278174,0.3457579,0.4707374,0.5792029,0.0635334,0,3328134,0.034383,0.1940008,0.2738091,22.39433,20639472,5,16.66667,TRUE,68.90694,37.45352,9.190755,3.403141,2.591949,1.575669,3
311,SEIN.NS,Schneider Electric Infrastructure Ltd,India,Electrical Equipment,2024,10.37726,59.1592,8.354439,0.2698744,0.4169737,0.5878928,0.1345519,0.077614,2.47E+07,0.1593882,0.1801991,0.2614248,16.55115,31350497,7,16.66667,TRUE,71.62242,38.8358,6.484224,3.430827,3.20181,1.442824,3
312,SEQU.NS,SeQuent Scientific Ltd,India,Pharmaceuticals,2022,2.703774,32.44033,8.269782,0.2900977,0.3440312,0.6335511,0.0790281,0,-1937926,0.0265024,0.2307564,0.230281,-7.088383,-14846276,6,11.11111,TRUE,44.51605,25.64795,7.609365,3.370596,5.897142,1.281673,3
312,SEQU.NS,SeQuent Scientific Ltd,India,Pharmaceuticals,2023,2.699054,33.50867,8.266724,0.3166048,0.4070349,0.709406,0.1033669,0,2787763,0.0443411,0.2291688,0.2020438,-4.97807,-3552849.4,5,12.5,TRUE,31.26406,26.70505,9.190755,3.403141,2.591949,1.281673,3
312,SEQU.NS,SeQuent Scientific Ltd,India,Pharmaceuticals,2024,2.646085,35.99152,8.272936,0.3004115,0.3152441,0.5626961,0.1240782,0,-251609.1,0.040023,0.2455657,0.186917,10.47745,3775190.2,6,11.11111,TRUE,43.63961,23.3667,6.484224,3.430827,3.20181,1.281673,3
313,SHAD.NS,Sharda Motor Industries Ltd,India,Automobile Components,2022,4.113113,46.54091,8.228019,0.017742,0.4310431,0.9486848,0.2342762,0.0122397,-4399246,0.4900338,0.1492667,0.1502823,10.59511,25003079,4,25,FALSE,80.9805,31.62453,7.609365,3.370596,5.897142,2.034199,3
313,SHAD.NS,Sharda Motor Industries Ltd,India,Automobile Components,2023,3.535594,40.77249,8.290708,0.0145379,0.361224,0.94543,0.3885287,0.021018,1.21E+07,0.4243894,0.1225457,0.1284072,2.563704,35380588,4,28.57143,0,75.85038,28.65644,9.190755,3.403141,2.591949,2.143536,3
313,SHAD.NS,Sharda Motor Industries Ltd,India,Automobile Components,2024,3.287077,38.94995,8.313024,0.029388,0.3614239,0.913626,0,0.1146348,-6962505,0.5486564,0.1179511,0.1428958,-1.509379,36564435,4,28.57143,FALSE,71.14787,26.47558,6.484224,3.430827,3.20181,2.040856,3
314,SHCR.NS,Sharda Cropchem Ltd,India,Chemicals,2022,1.87527,23.0013,8.723911,0.0006814,0.452916,0.930033,0.0894999,0,1.46E+07,0.0527003,0.261312,0.001144,4.392659,41623990,4,25,TRUE,62.36271,3.776672,7.609365,3.370596,5.897142,1.661279,3
314,SHCR.NS,Sharda Cropchem Ltd,India,Chemicals,2023,2.080135,21.51978,8.685295,0.0045315,0.3913876,0.8774944,0.055261,0.0001425,-1.07E+07,0.08178,0.2458874,0.0044973,-22.92349,3827978.4,4,25,TRUE,43.20246,10.68421,9.190755,3.403141,2.591949,1.692826,3
314,SHCR.NS,Sharda Cropchem Ltd,India,Chemicals,2024,1.801469,29.0826,8.742676,0.0016423,0.4202761,0.8927562,0.0640631,0.0197119,4665910,0.1254804,0.2061293,0.0021463,33.21709,35625231,5,25,TRUE,44.57356,20.93328,6.484224,3.430827,3.20181,1.846607,3
315,SHEF.NS,Sheela Foam Ltd,India,Household Durables,2022,2.646037,35.16964,8.518437,0.2107006,0.252084,0.6154038,0.061666,0.0000484,177422.1,0.2937976,0.129139,0.3043657,-10.97874,24715458,6,20,TRUE,68.44987,12.47336,7.609365,3.370596,5.897142,1.630721,3
315,SHEF.NS,Sheela Foam Ltd,India,Household Durables,2023,1.376297,42.35556,8.806599,0.2796327,0.2114208,0.4666088,0.0388966,0.0000206,209958,0.0240685,0.0666874,0.2904033,2.311271,22067187,7,22.22222,TRUE,88.1955,23.99023,9.190755,3.403141,2.591949,1.462281,3
315,SHEF.NS,Sheela Foam Ltd,India,Household Durables,2024,1.397705,53.73429,8.806048,0.2674817,0.2737903,0.6154963,0.0274309,0.0000348,-324166.2,0.0945805,0.0671686,0.2767681,12.4856,11316559,9,22.22222,FALSE,78.46082,45.14236,6.484224,3.430827,3.20181,1.374303,3
317,SISI.NS,SIS Ltd,India,Commercial Services & Supplies,2022,0.8485507,40.6448,8.842181,0.2883911,0.3957545,0.6690006,0.2312445,0.0249994,-2.37E+07,0.1314242,0.0055014,0.0577802,4.199498,42174051,4,16.66667,TRUE,63.86714,2.977975,7.609365,3.370596,5.897142,1,3
317,SISI.NS,SIS Ltd,India,Commercial Services & Supplies,2023,0.8198581,49.38286,8.855294,0.2775834,0.5000263,0.8390651,0.1573357,0.0303973,-6292982,0.1208476,0.0051737,0.0629008,6.527421,22800240,7,20,TRUE,72.04064,20.23307,9.190755,3.403141,2.591949,1,3
317,SISI.NS,SIS Ltd,India,Commercial Services & Supplies,2024,0.8249443,46.47051,8.854437,0.2692362,0.4085669,0.6741944,0.2428333,0.0180926,2.95E+07,0.1722172,0.004643,0.0622116,4.921787,1379520.2,5,27.27273,TRUE,72.21696,22.18199,6.484224,3.430827,3.20181,1,3
318,SNDO.NS,Sundrop Brands Ltd,India,Food Products,2022,4.616112,27.51607,7.890983,0.0970465,0.1989037,0.8302706,0.0528626,0,158836.4,0.010036,0.2598493,0.4958816,-14.36147,1834956.2,4,14.28571,TRUE,49.37102,17.69847,7.609365,3.370596,5.897142,1.641998,3
318,SNDO.NS,Sundrop Brands Ltd,India,Food Products,2023,4.660826,35.10443,7.887302,0.0653224,0.1816733,0.8183589,0.1110902,0,750569.9,0.0200118,0.2267436,0.5216495,-11.87232,1248950.2,4,11.11111,TRUE,50.80043,19.85528,9.190755,3.403141,2.591949,1.607093,3
318,SNDO.NS,Sundrop Brands Ltd,India,Food Products,2024,1.668926,32.10641,8.320459,0.0080075,0.1306289,0.6692975,0.2015986,0,3989234,0.0713977,0.1088954,0.2256344,15.41514,-12861439,5,11.11111,TRUE,47.88112,17.25269,6.484224,3.430827,3.20181,1.785399,3
319,SNFS.NS,Sundram Fasteners Ltd,India,Automobile Components,2022,4.265061,27.29488,8.750394,0.1579214,0.275219,0.791158,0.0449745,0.0000627,2563291,0.0185987,0.205519,0.4507211,6.718109,60899464,6,44.44444,TRUE,69.79935,15.01782,7.609365,3.370596,5.897142,1.501547,3
319,SNFS.NS,Sundram Fasteners Ltd,India,Automobile Components,2023,3.938762,30.93091,8.777067,0.1296053,0.2571519,0.818223,0.0175084,0.00001,-4201560,0.0145224,0.1949612,0.4518826,-1.365745,63064187,4,50,TRUE,72.07838,14.48776,9.190755,3.403141,2.591949,1.773035,3
319,SNFS.NS,Sundram Fasteners Ltd,India,Automobile Components,2024,3.598152,38.67591,8.810837,0.1489717,0.257475,0.8287054,0.0256945,0.0000308,1665301,0.0152731,0.2023785,0.4408133,2.519293,63399649,5,50,TRUE,62.90689,25.51818,6.484224,3.430827,3.20181,0,3
320,SOBH.NS,Sobha Ltd,India,Real Estate Management & Development,2022,1.18228,18.0028,9.185305,0.1717099,0.7486485,0.9336803,0.0296457,0,1.71E+07,0.0223623,0.6959649,0.0336286,19.39294,12683179,7,14.28571,TRUE,13.53186,16.52015,7.609365,3.370596,5.897142,2.397434,3
320,SOBH.NS,Sobha Ltd,India,Real Estate Management & Development,2023,1.119369,27.14414,9.215704,0.1454322,0.7597005,0.9304993,0.0053927,0,-1.99E+07,0.0043939,0.684585,0.0349581,-9.616824,5892381.5,5,16.66667,TRUE,15.72234,12.66406,9.190755,3.403141,2.591949,2.233991,3
320,SOBH.NS,Sobha Ltd,India,Real Estate Management & Development,2024,0.9010453,41.68723,9.304347,0.0692238,0.6799372,0.9248605,0.0060352,0,1501697,0.0050328,0.6534016,0.0307219,27.79025,11080866,5,16.66667,TRUE,61.72893,12.00027,6.484224,3.430827,3.20181,2.627275,3
321,SOFT.NS,Sonata Software Ltd,India,IT Services,2022,2.235673,66.59747,8.724515,0.1355328,0.4965319,0.7078426,0.1218908,0.0352798,-3.85E+07,0.3362868,0.0066148,0.030212,23.91895,55002434,4,16.66667,TRUE,80.81146,42.84984,7.609365,3.370596,5.897142,2.401224,3
321,SOFT.NS,Sonata Software Ltd,India,IT Services,2023,1.95728,63.46428,8.790828,0.1486584,0.6007395,0.8264548,0.0533802,0.0720317,1.42E+07,0.246657,0.0190324,0.0257772,13.9744,37012597,6,14.28571,TRUE,54.83605,45.041,9.190755,3.403141,2.591949,2.480631,3
321,SOFT.NS,Sonata Software Ltd,India,IT Services,2024,2.074794,69.4453,8.745452,0.1085181,0.554033,0.8639976,0.0815332,0.0200162,-2.65E+07,0.1293293,0.0099345,0.021789,15.03029,49698069,6,14.28571,TRUE,63.51808,51.67966,6.484224,3.430827,3.20181,2.441941,3
323,SPRC.NS,Sun Pharma Advanced Research Co Ltd,India,Pharmaceuticals,2022,5.37288,27.61963,8.004483,0.018883,0.2155645,0.5638731,0.0032613,0.1337026,-77969.81,1.341252,0.0012839,0.1292339,60.72322,-27091468,7,16.66667,FALSE,52.75243,19.68492,7.609365,3.370596,5.897142,1.917032,3
323,SPRC.NS,Sun Pharma Advanced Research Co Ltd,India,Pharmaceuticals,2023,8.677612,29.8962,7.790937,0.1187301,0.5146332,0.6808805,0.0201069,0,569394.1,0.186583,0.002872,0.2108876,-68.81368,-46456377,5,16.66667,FALSE,41.89606,31.57737,9.190755,3.403141,2.591949,2.029551,3
323,SPRC.NS,Sun Pharma Advanced Research Co Ltd,India,Pharmaceuticals,2024,13.45071,34.44262,7.594024,0.8015119,1.115359,0.6773807,0.0052477,0,-393867.8,0.0037194,0.0058224,0.2958137,-7.337326,-40083019,6,16.66667,FALSE,53.42782,24.23708,6.484224,3.430827,3.20181,1.898815,3
325,STEN.NS,Sterling and Wilson Renewable Energy Ltd,India,Construction & Engineering,2022,1.918718,47.61887,8.589181,0.6361676,0.8464034,0.790625,0.0177385,0,-4.99E+07,0.0244181,0.0161455,0.0120519,-64.19434,-1.43E+08,9,16.66667,0,82.91956,32.83354,7.609365,3.370596,5.897142,1.481564,3
325,STEN.NS,Sterling and Wilson Renewable Energy Ltd,India,Construction & Engineering,2023,1.402804,45.73357,8.712614,0.1199114,0.7081811,0.9142087,0.0454369,0.0343657,2.97E+07,0.0903299,0.0155981,0.0119544,48.48728,-25289742,6,25,0,75.96208,32.07504,9.190755,3.403141,2.591949,1.296518,3
325,STEN.NS,Sterling and Wilson Renewable Energy Ltd,India,Construction & Engineering,2024,1.07859,51.18736,8.818798,0.1663067,0.7173775,0.8736502,0.1424811,0,3.27E+07,0.1305915,0.0637778,0.0074582,102.5119,10011703,6,25,0,78.44624,43.11982,6.484224,3.430827,3.20181,1.130094,3
326,STYE.NS,Styrenix Performance Materials Ltd,India,Chemicals,2022,3.406617,69.17831,8.186665,0.027783,0.380302,0.876305,0.0139494,0.0760862,-7705246,0.0772908,0.274419,0.2544384,0.5758687,22275073,5,14.28571,TRUE,67.67979,66.50459,7.609365,3.370596,5.897142,1.304736,3
326,STYE.NS,Styrenix Performance Materials Ltd,India,Chemicals,2023,4.357725,59.91545,8.095229,0.0263429,0.2471841,0.8141284,0.045412,0.041268,-5794841,0.0864986,0.2616756,0.3115864,-7.664792,20776245,7,12.5,0,47.51803,58.58044,9.190755,3.403141,2.591949,1.563933,3
326,STYE.NS,Styrenix Performance Materials Ltd,India,Chemicals,2024,2.012317,60.78444,8.428375,0.1733709,0.2882911,0.5878265,0.1478269,0,5052077,0.1018422,0.3371492,0.3850602,30.91369,27520187,8,12.5,TRUE,31.03646,60.10856,6.484224,3.430827,3.20181,1.841671,3
329,SUZL.NS,Suzlon Energy Ltd,India,Electrical Equipment,2022,13.66039,60.94977,8.827544,0.3508576,0.4889742,0.6104529,0.1360009,0,-1.62E+07,0.0524073,0.3307993,0.1414025,-15.73808,3.51E+08,6,10,FALSE,48.8529,57.65972,7.609365,3.370596,5.897142,1.132422,3
329,SUZL.NS,Suzlon Energy Ltd,India,Electrical Equipment,2023,10.43436,53.31778,8.93516,0.0209276,0.4191171,0.9233255,0.1418615,0,7142172,0.0776656,0.319304,0.1150185,7.688851,79226155,5,10,0,25.95031,58.93795,9.190755,3.403141,2.591949,1.196703,3
329,SUZL.NS,Suzlon Energy Ltd,India,Electrical Equipment,2024,5.876579,62.77543,9.18088,0.0249367,0.456391,0.8629636,0.1881484,0,8.03E+07,0.1826276,0.2495102,0.0702746,62.91983,2.42E+08,6,12.5,FALSE,31.40018,72.62706,6.484224,3.430827,3.20181,1.160055,3
330,SYMP.NS,Symphony Ltd,India,Household Durables,2022,4.408609,43.73397,8.232514,0.165137,0.2848908,0.7652305,0.1342137,0,-1247566,0.1829133,0.2167196,0.0989254,5.58347,14104187,6,25,TRUE,38.57848,42.32059,7.609365,3.370596,5.897142,1.380587,3
330,SYMP.NS,Symphony Ltd,India,Household Durables,2023,5.120569,39.73861,8.164617,0.1395311,0.3153123,0.8192642,0.1079596,0,-1464907,0.1287204,0.202513,0.0969244,-4.041512,17772046,4,25,TRUE,31.01049,39.18573,9.190755,3.403141,2.591949,2.169087,3
330,SYMP.NS,Symphony Ltd,India,Household Durables,2024,4.675182,47.26196,8.193457,0.1061962,0.4078064,0.9486138,0.0645553,0,-740784.1,0.1534211,0.229146,0.0873662,32.94835,24868344,4,25,TRUE,30.65082,45.17461,6.484224,3.430827,3.20181,2.102366,3
331,SYNN.NS,Syngene International Ltd,India,Life Sciences Tools & Services,2022,4.325459,57.04553,8.851083,0.1398045,0.2037729,0.5369182,0.075324,0,-2.10E+07,0.2251695,0.0570743,0.4762819,13.2662,56523856,4,44.44444,TRUE,77.59817,54.45994,7.609365,3.370596,5.897142,1.467483,3
331,SYNN.NS,Syngene International Ltd,India,Life Sciences Tools & Services,2023,4.148933,57.92627,8.868082,0.0902529,0.1860004,0.6041821,0.0748995,0,-467906.4,0.1820147,0.0387704,0.5880584,7.701236,61187762,5,40,TRUE,81.61239,54,9.190755,3.403141,2.591949,2.040661,3
331,SYNN.NS,Syngene International Ltd,India,Life Sciences Tools & Services,2024,3.740111,80.20141,8.900535,0.0850366,0.2054768,0.6748828,0.2016614,0.0125811,3.29E+07,0.2215936,0.0228814,0.5890611,1.842722,58069046,6,44.44444,TRUE,83.24409,79.18643,6.484224,3.430827,3.20181,2.038558,3
332,TABE.NS,Tasty Bite Eatables Ltd,India,Food Products,2022,5.09641,45.47264,7.749051,0.2915289,0.2718482,0.5761566,0.0076601,0.0271816,1160054,0.0289296,0.2042294,0.5642837,18.09719,3676971.8,7,28.57143,0,36.37009,41.72667,7.609365,3.370596,5.897142,1.419889,3
332,TABE.NS,Tasty Bite Eatables Ltd,India,Food Products,2023,5.26757,45.15277,7.729108,0.1935178,0.1831215,0.5108509,0.0310513,0.0134319,-594001.2,0.01826,0.2202674,0.5738866,11.97124,4981043.8,9,28.57143,0,43.64506,38.44947,9.190755,3.403141,2.591949,2.217645,3
332,TABE.NS,Tasty Bite Eatables Ltd,India,Food Products,2024,5.282814,43.56269,7.726325,0.1592697,0.1717019,0.5436385,0.0428522,0.0263721,796723.3,0.0335144,0.2005661,0.5207317,0.0851472,2996840.3,5,25,TRUE,35.66197,36.71427,6.484224,3.430827,3.20181,1.646707,3
333,TACN.NS,Tata Consumer Products Ltd,India,Food Products,2022,4.42456,64.11275,9.443486,0.070143,0.1720511,0.6006165,0.1890473,0.0349658,-1.06E+07,0.1023165,0.1184365,0.0997241,2.477571,1.64E+08,6,12.5,TRUE,52.13663,69.19173,7.609365,3.370596,5.897142,1.65833,3
333,TACN.NS,Tata Consumer Products Ltd,India,Food Products,2023,3.634842,74.09808,9.526577,0.1240936,0.2209451,0.5174701,0.2197368,0.0384341,3.38E+07,0.1163445,0.0988314,0.0947295,8.746861,1.56E+08,7,12.5,TRUE,72.75827,84.19089,9.190755,3.403141,2.591949,2.102166,3
333,TACN.NS,Tata Consumer Products Ltd,India,Food Products,2024,3.259235,72.33572,9.573134,0.0748234,0.1826618,0.4877094,0.244882,0.0427289,2.41E+07,0.1082566,0.1125757,0.0869685,13.0178,1.62E+08,5,11.11111,TRUE,51.40922,90.70693,6.484224,3.430827,3.20181,2.94207,3
336,TBEI.NS,Tube Investments of India Ltd,India,Automobile Components,2022,5.436379,23.16873,9.097658,0.1094578,0.4614759,0.7491597,0.0427675,0.0621868,5.61E+07,0.1674681,0.1315074,0.2329508,11.06534,1.41E+08,11,14.28571,TRUE,35.28329,15.78324,7.609365,3.370596,5.897142,1.57904,3
336,TBEI.NS,Tube Investments of India Ltd,India,Automobile Components,2023,4.283074,32.80126,9.198207,0.1599166,0.3719141,0.6077414,0.0385241,0.0264099,-4.04E+07,0.2532607,0.1358745,0.2294904,11.25616,1.44E+08,7,14.28571,TRUE,55.79196,24.5888,9.190755,3.403141,2.591949,1.693598,3
336,TBEI.NS,Tube Investments of India Ltd,India,Automobile Components,2024,3.580001,30.07828,9.271442,0.194022,0.3276919,0.5016354,0.1034019,0.0072311,1.41E+07,0.2184616,0.1392955,0.2465511,12.40924,1.23E+08,6,12.5,TRUE,32.12827,31.15362,6.484224,3.430827,3.20181,2.119744,3
337,TCIE.NS,TCI Express Ltd,India,Air Freight & Logistics,2022,3.421946,23.71462,7.951591,0.0096198,0.1690478,0.8965865,0.1110753,0,-236124.6,0.0645523,0,0.5880752,6.010812,16952288,4,12.5,TRUE,41.90718,13.51553,7.609365,3.370596,5.897142,2.627038,3
337,TCIE.NS,TCI Express Ltd,India,Air Freight & Logistics,2023,2.952965,31.91514,8.008728,0.0122998,0.1517956,0.8814613,0.1317685,0,385123,0.1435786,0,0.5446956,-0.4102279,15797241,4,12.5,TRUE,43.77001,38.05463,9.190755,3.403141,2.591949,1.751018,3
337,TCIE.NS,TCI Express Ltd,India,Air Freight & Logistics,2024,2.759702,38.57951,8.031438,0.0107331,0.1466935,0.8737033,0.087192,0,-615564.7,0.1834154,0,0.5201546,-6.001194,10042130,4,12.5,TRUE,45.10714,43.97865,6.484224,3.430827,3.20181,2.033024,3
338,TCS.NS,Tata Consultancy Services Ltd,India,IT Services,2022,7.236962,71.6201,10.24265,0.0535186,0.303221,0.8183441,0.0487626,0.0347996,-6.53E+08,0.3084158,0.0008423,0.1324321,8.620193,5.15E+09,6,22.22222,TRUE,53.557,73.98875,7.609365,3.370596,5.897142,2.931717,3
338,TCS.NS,Tata Consultancy Services Ltd,India,IT Services,2023,7.383737,69.14713,10.24478,0.0547699,0.3148127,0.8238742,0.0606238,0.0424175,2.27E+08,0.3003466,0.001393,0.1285499,5.320608,5.53E+09,5,22.22222,TRUE,47.89418,75.83916,9.190755,3.403141,2.591949,2.782181,3
338,TCS.NS,Tata Consultancy Services Ltd,India,IT Services,2024,6.979396,68.89525,10.2714,0.0588364,0.3320261,0.8169963,0.0646026,0.03074,-7.89E+07,0.2906644,0.0015473,0.1365604,3.385825,5.71E+09,5,25,TRUE,47.92458,75.70419,6.484224,3.430827,3.20181,2.952387,3
340,TIME.NS,Time Technoplast Ltd,India,Containers & Packaging,2022,2.672915,27.13525,8.66846,0.2351035,0.2804781,0.6884786,0.0644839,0,97857.84,0.0258257,0.2598815,0.3787171,8.57164,27235455,5,12.5,TRUE,54.41719,18.66041,7.609365,3.370596,5.897142,1,3
340,TIME.NS,Time Technoplast Ltd,India,Containers & Packaging,2023,2.526732,25.06209,8.693357,0.2015857,0.2784958,0.7338595,0.0795909,0,2631242,0.0393449,0.2553051,0.3425918,14.7287,37899196,5,11.11111,TRUE,45.72897,20.2603,9.190755,3.403141,2.591949,2.005302,3
340,TIME.NS,Time Technoplast Ltd,India,Containers & Packaging,2024,2.332413,32.67999,8.711617,0.1664154,0.2459574,0.7181055,0.1168119,0,4118198,0.0420124,0.2610455,0.3300738,6.618515,46160995,4,11.11111,TRUE,38.56988,30.38428,6.484224,3.430827,3.20181,1.781859,3
341,TITN.NS,Titan Company Ltd,India,"Textiles, Apparel & Luxury Goods",2022,11.18298,59.16604,9.517073,0.3466307,0.4908411,0.874242,0.017491,0,1582279,0.1183876,0.6203234,0.1021722,30.15788,3.99E+08,9,15.38461,TRUE,58.94986,47.31278,7.609365,3.370596,5.897142,1.291418,3
341,TITN.NS,Titan Company Ltd,India,"Textiles, Apparel & Luxury Goods",2023,9.769599,53.79025,9.578094,0.4921712,0.5238986,0.7459945,0.0247444,0,2.12E+07,0.092652,0.6086529,0.1067512,24.10269,4.19E+08,7,23.07692,TRUE,38.91103,49.64379,9.190755,3.403141,2.591949,1.363138,3
341,TITN.NS,Titan Company Ltd,India,"Textiles, Apparel & Luxury Goods",2024,7.64969,54.32224,9.677317,0.511157,0.634561,0.8887089,0.0157795,0,-234055,0.0693772,0.6973947,0.0915443,15.4378,3.91E+08,9,16.66667,TRUE,48.99811,45.86036,6.484224,3.430827,3.20181,1.462408,3
342,TLSV.NS,TeamLease Services Ltd,India,Professional Services,2022,1.651093,45.97929,8.332768,0.0566359,0.4279962,0.787999,0.1975276,0,-2589107,0.2631731,0.0092246,0.0496662,12.20205,13577142,5,22.22222,TRUE,84.76962,14.4281,7.609365,3.370596,5.897142,1.180555,3
342,TLSV.NS,TeamLease Services Ltd,India,Professional Services,2023,1.508265,48.18425,8.366195,0.0541131,0.4914011,0.8357378,0.1490891,0.0135063,872225.6,0.1873213,0.0106512,0.0414018,16.75283,13516497,6,30,TRUE,78.84821,14.70033,9.190755,3.403141,2.591949,1.480504,3
342,TLSV.NS,TeamLease Services Ltd,India,Professional Services,2024,1.372369,55.8087,8.399634,0.0550499,0.4824583,0.8372552,0.0433757,0.0233237,-9142188,0.1213344,0.0136296,0.0360767,16.73734,12928028,5,30,TRUE,84.04476,15.05835,6.484224,3.430827,3.20181,1.829638,3
343,TMIN.NS,3M India Ltd,India,Industrial Conglomerates,2022,11.92845,66.26073,8.519017,0.0098538,0.3611602,0.9454056,0.0399915,0.2796172,-6.45E+07,0.2453144,0.230455,0.1334468,9.650284,54895229,6,37.5,TRUE,69.82502,66.55367,7.609365,3.370596,5.897142,2.363542,3
343,TMIN.NS,3M India Ltd,India,Industrial Conglomerates,2023,10.07264,66.37293,8.59074,0.0055962,0.3261727,0.9620108,0.0752857,0.2969392,2.95E+07,0.4921853,0.165326,0.1060341,4.298226,69996017,5,37.5,TRUE,70.59132,66.06735,9.190755,3.403141,2.591949,1.852788,3
343,TMIN.NS,3M India Ltd,India,Industrial Conglomerates,2024,11.08515,68.07301,8.547517,0.0330178,0.3459692,0.8928691,0.0317072,0.2984517,-1.30E+07,0.2801086,0.2163719,0.1415373,3.507477,55712978,7,42.85714,TRUE,78.20868,70.33816,6.484224,3.430827,3.20181,2.031446,3
344,TORP.NS,Torrent Pharmaceuticals Ltd,India,Pharmaceuticals,2022,7.817073,67.23424,9.261774,0.3576215,0.3628667,0.6180435,0.0863822,0.00253,1.34E+07,0.0509696,0.1519386,0.2304739,4.457993,1.52E+08,5,28.57143,0,57.87078,79.26811,7.609365,3.370596,5.897142,1.947442,3
344,TORP.NS,Torrent Pharmaceuticals Ltd,India,Pharmaceuticals,2023,7.858074,63.47055,9.256936,0.2670508,0.3602285,0.6612586,0.0803373,0.0265123,3.92E+07,0.0659256,0.1543075,0.2375586,9.922164,1.99E+08,7,20,0,52.61912,76.86406,9.190755,3.403141,2.591949,1.412071,3
344,TORP.NS,Torrent Pharmaceuticals Ltd,India,Pharmaceuticals,2024,7.93824,62.29691,9.244082,0.2136341,0.3146946,0.63754,0.0724923,0.0154452,-3.06E+07,0.0445576,0.1734753,0.2550351,4.709552,2.24E+08,5,18.18182,0,46.09555,77.34742,6.484224,3.430827,3.20181,2.043092,3
345,TVSM.NS,TVS Motor Company Ltd,India,Automobiles,2022,4.175487,48.40225,9.632288,0.6350761,0.5454758,0.6464868,0,0.0525415,4.94E+07,0.0702751,0.0545374,0.1275288,21.28093,1.59E+08,6,16.66667,TRUE,68.35006,43.5556,7.609365,3.370596,5.897142,1.054788,3
345,TVSM.NS,TVS Motor Company Ltd,India,Automobiles,2023,17.58327,45.47731,9.704618,0.6159502,0.4992416,0.5948088,0.0999041,0.0059213,6.05E+07,0.0711715,0.0532538,0.1097129,19.55083,2.10E+08,6,16.66667,TRUE,59.10376,45.17838,9.190755,3.403141,2.591949,1,3
345,TVSM.NS,TVS Motor Company Ltd,India,Automobiles,2024,15.81202,59.67065,9.748958,0.5967992,0.4834175,0.5876608,0.1760357,0.0007433,2.06E+08,0.1071266,0.0504117,0.1283462,10.89942,2.75E+08,8,18.18182,TRUE,68.7197,62.54106,6.484224,3.430827,3.20181,1.246653,3
346,THYO.NS,Thyrocare Technologies Ltd,India,Health Care Providers & Services,2022,10.02121,28.74516,7.886551,0.0368409,0.1218548,0.7833773,0,0.0280851,503894.8,0.2129481,0.0477778,0.3072923,-17.37416,7833495.6,15,14.28571,0,28.29716,23.3262,7.609365,3.370596,5.897142,1.711738,3
346,THYO.NS,Thyrocare Technologies Ltd,India,Health Care Providers & Services,2023,9.91037,39.97826,7.887899,0.0657576,0.1405231,0.772607,0,0.0144437,-1014997,0.2275332,0.0812729,0.3163788,7.033852,8337132.6,4,12.5,TRUE,33.21255,43.75286,9.190755,3.403141,2.591949,1.855337,3
346,THYO.NS,Thyrocare Technologies Ltd,India,Health Care Providers & Services,2024,9.452456,46.92695,7.908864,0.0356261,0.1758787,0.8345205,0,0.0255215,980690.4,0.2348575,0.0776471,0.2862649,17.2375,10620246,7,22.22222,TRUE,58.45017,35.46438,6.484224,3.430827,3.20181,1.786463,3
347,TRCE.NS,Ramco Cements Limited,India,Construction Materials,2022,1.634901,41.30276,9.249536,0.3088174,0.2115892,0.3993041,0.0442668,0,-991966.9,0.011778,0.0643396,0.8155617,25.52071,41624878,4,16.66667,FALSE,53.13989,29.43927,7.609365,3.370596,5.897142,1.53499,3
347,TRCE.NS,Ramco Cements Limited,India,Construction Materials,2023,1.469733,36.92249,9.290555,0.3033603,0.2440543,0.4395689,0.0241198,0,-4009598,0.0066108,0.0647949,0.7903542,13.30376,47214157,5,14.28571,0,38.73755,35.1011,9.190755,3.403141,2.591949,1.500611,3
347,TRCE.NS,Ramco Cements Limited,India,Construction Materials,2024,1.472712,42.93299,9.28126,0.2862678,0.264133,0.4852872,0.0397458,0,8806319,0.0102759,0.0663597,0.8026235,-11.38285,31379754,8,10,FALSE,52.79631,29.02066,6.484224,3.430827,3.20181,1.436261,3
348,TRIE.NS,Trident Ltd,India,"Textiles, Apparel & Luxury Goods",2022,2.000071,45.58088,8.919681,0.2111942,0.2145315,0.5557355,0.0023345,0.0185583,-1.76E+07,0.0561274,0.1620563,0.6479878,-16.40212,53750000,5,12.5,TRUE,47.06544,45.0464,7.609365,3.370596,5.897142,3.125666,3
348,TRIE.NS,Trident Ltd,India,"Textiles, Apparel & Luxury Goods",2023,1.809874,44.19393,8.957805,0.2810778,0.2253758,0.5248301,0.0003344,0.0041516,-1.20E+07,0.071167,0.1967334,0.6130872,5.9909,41990402,6,6.666667,TRUE,26.15928,48.32425,9.190755,3.403141,2.591949,2.73889,3
348,TRIE.NS,Trident Ltd,India,"Textiles, Apparel & Luxury Goods",2024,1.923808,58.39219,8.923244,0.2283611,0.1744978,0.4919932,0.0256897,0.0047816,6716209,0.0826107,0.1825347,0.6233745,0.096009,43385606,9,14.28571,FALSE,57.04277,57.20401,6.484224,3.430827,3.20181,2.581419,3
349,TRVT.NS,Triveni Turbine Ltd,India,Electrical Equipment,2022,11.92054,24.76324,8.212406,0.0027734,0.4195302,0.9699568,0.0528587,0,-343476.2,0.4596462,0.1618934,0.1985167,35.23464,23476144,6,10,TRUE,16.5299,30.02155,7.609365,3.370596,5.897142,1.731694,3
349,TRVT.NS,Triveni Turbine Ltd,India,Electrical Equipment,2023,9.734671,27.81373,8.297542,0.0018855,0.4043342,0.9636397,0.0390588,0.0018142,-71625.67,0.6312286,0.1462141,0.1670194,30.68225,32331974,6,10,TRUE,22.95148,34.6201,9.190755,3.403141,2.591949,1.697411,3
349,TRVT.NS,Triveni Turbine Ltd,India,Electrical Equipment,2024,8.135701,26.30287,8.373417,0.0193936,0.3697506,0.9301323,0.093149,0.0141944,8084143,0.5822148,0.1114194,0.1663416,18.29583,41969105,7,0,TRUE,20.88638,36.83796,6.484224,3.430827,3.20181,1.755817,3
350,UNOI.NS,UNO Minda Ltd,India,Automobile Components,2022,8.253439,37.40635,9.004872,0.1679324,0.3553179,0.7108942,0.038266,0.0010098,-1.04E+07,0.024192,0.171034,0.3630761,24.87119,85227605,8,22.22222,TRUE,53.17001,25.09036,7.609365,3.370596,5.897142,1.971348,3
350,UNOI.NS,UNO Minda Ltd,India,Automobile Components,2023,7.101542,40.5656,9.074861,0.1723045,0.3709102,0.7405155,0.0510901,0.0053489,1.41E+07,0.0318375,0.1771788,0.3594642,23.0862,1.11E+08,9,20,TRUE,40.94336,31.70591,9.190755,3.403141,2.591949,2.411645,3
350,UNOI.NS,UNO Minda Ltd,India,Automobile Components,2024,6.106048,38.34809,9.138085,0.2105745,0.3457064,0.6748012,0.0288241,0.0068872,-5000585,0.0204029,0.1596255,0.4167449,16.6167,1.19E+08,7,20,TRUE,36.14766,35.37835,6.484224,3.430827,3.20181,2.898792,3
351,USBL.NS,Usha Martin Ltd,India,Metals & Mining,2022,3.499502,42.83482,8.574852,0.134941,0.2297405,0.671518,0.1426456,0.0158739,-513631.9,0.0545595,0.3045778,0.3337761,12.30496,41243914,6,14.28571,TRUE,54.07093,29.84249,7.609365,3.370596,5.897142,2.209173,3
351,USBL.NS,Usha Martin Ltd,India,Metals & Mining,2023,3.377646,60.7565,8.601556,0.109254,0.1849417,0.647981,0.1703254,0.013477,-45590.88,0.0535551,0.2805806,0.3773366,-2.711541,49390522,5,14.28571,TRUE,36.79397,57.99805,9.190755,3.403141,2.591949,3.338943,3
351,USBL.NS,Usha Martin Ltd,India,Metals & Mining,2024,3.063531,62.41842,8.64208,0.1111837,0.1854299,0.6977291,0.1644939,0.0390615,1.30E+07,0.080298,0.2713811,0.3895313,5.071928,45466355,5,14.28571,TRUE,36.96952,64.58481,6.484224,3.430827,3.20181,1.890661,3
352,VARB.NS,Varun Beverages Ltd,India,Beverages,2022,14.24406,42.08834,9.147546,0.3342858,0.3415968,0.6090911,0.0252926,0.0046437,433042.8,0.0145002,0.1935259,0.5993773,34.56824,1.87E+08,4,20,TRUE,51.30597,52.22421,7.609365,3.370596,5.897142,3.057303,3
352,VARB.NS,Varun Beverages Ltd,India,Beverages,2023,10.91384,57.60175,9.261406,0.3576246,0.2734682,0.5033779,0.0435511,0.0040386,1.06E+07,0.020729,0.1549641,0.6426512,21.19185,2.53E+08,6,20,TRUE,75.08561,61.13085,9.190755,3.403141,2.591949,2.771161,3
352,VARB.NS,Varun Beverages Ltd,India,Beverages,2024,7.256752,61.22735,9.432197,0.1221165,0.195491,0.6924348,0.0488442,0.0883728,2.37E+08,0.1451001,0.1461307,0.5682871,22.02266,3.08E+08,5,20,0,82.14346,56.36697,6.484224,3.430827,3.20181,3.407997,3
353,VART.NS,Vardhman Textiles Ltd,India,"Textiles, Apparel & Luxury Goods",2022,0.9958955,50.89231,9.139668,0.1480363,0.1274946,0.5217686,0.0567122,0.0000353,1091772,0.1255814,0.2255739,0.3515684,-2.671709,97949124,7,20,TRUE,49.80858,56.71807,7.609365,3.370596,5.897142,1.857829,3
353,VART.NS,Vardhman Textiles Ltd,India,"Textiles, Apparel & Luxury Goods",2023,0.9499473,48.3211,9.157579,0.1495185,0.1721155,0.7158359,0.0164106,0.0000384,-4955009,0.0243148,0.3560934,0.3186526,-7.580868,76388722,6,30,TRUE,49.53344,53.26983,9.190755,3.403141,2.591949,1.546739,3
353,VART.NS,Vardhman Textiles Ltd,India,"Textiles, Apparel & Luxury Goods",2024,0.9037594,43.60258,9.162832,0.0996018,0.1095591,0.537069,0,0.0071605,2253950,0.0544134,0.3025619,0.353283,0.417994,1.04E+08,5,30,TRUE,30.70616,51.00089,6.484224,3.430827,3.20181,2.804594,3
355,VIJA.NS,Vijaya Diagnostic Centre Ltd,India,Health Care Providers & Services,2022,11.56391,41.60906,8.016496,0.2900832,0.0775348,0.2143619,0.1837304,0.0140789,1597736,0.3307185,0.0049083,0.6368414,-8.246392,10370862,10,12.5,FALSE,52.96445,22.42598,7.609365,3.370596,5.897142,1.620373,3
355,VIJA.NS,Vijaya Diagnostic Centre Ltd,India,Health Care Providers & Services,2023,10.16011,37.68501,8.071539,0.2637309,0.0741447,0.2238176,0.1398761,0.0122598,-231457.7,0.2118385,0.0061412,0.6210892,17.58657,14353581,5,14.28571,FALSE,40.14834,22.01373,9.190755,3.403141,2.591949,1.379004,3
355,VIJA.NS,Vijaya Diagnostic Centre Ltd,India,Health Care Providers & Services,2024,7.937375,45.04216,8.173326,0.2509207,0.1276789,0.3402661,0.042473,0.0046225,-1105512,0.2788929,0.0058167,0.6233979,21.32858,16827794,5,37.5,TRUE,63.63961,21.16562,6.484224,3.430827,3.20181,1.379004,3
356,VMAR.NS,V-mart Retail Ltd,India,Broadline Retail,2022,2.0344,55.64121,8.523491,0.4855598,0.2819538,0.4083729,0.0153012,0.0022717,-1823272,0.012624,0.3280729,0.5442437,36.66485,-955331.06,5,16.66667,TRUE,81.30443,35.26427,7.609365,3.370596,5.897142,2.662808,3
356,VMAR.NS,V-mart Retail Ltd,India,Broadline Retail,2023,1.986447,57.73872,8.533227,0.4889591,0.3135664,0.4251933,0.0305201,0,1100180,0.0175577,0.2982818,0.5669957,11.39992,-11608878,6,16.66667,TRUE,81.94846,40.5466,9.190755,3.403141,2.591949,2.481312,3
356,VMAR.NS,V-mart Retail Ltd,India,Broadline Retail,2024,2.349152,54.38465,8.455008,0.3211958,0.4794643,0.718356,0.0337474,0,1426565,0.0212923,0.4157801,0.4111253,13.93933,5356348.7,5,16.66667,TRUE,76.36865,42.00006,6.484224,3.430827,3.20181,2.111269,3
357,VODA.NS,Vodafone Idea Ltd,India,Wireless Telecommunication Services,2022,0.3477427,54.03936,10.40182,1.147283,0.2896252,0.2131474,0.0037819,8.69E-06,-1.49E+08,0.0037528,0.0000787,0.2901014,1.165297,-3.57E+09,13,7.692307,TRUE,58.14653,35.64099,7.609365,3.370596,5.897142,2.698235,3
357,VODA.NS,Vodafone Idea Ltd,India,Wireless Telecommunication Services,2023,0.4124177,50.29476,10.34626,1.317903,0.2926593,0.1872336,0.0030938,1.62E-06,-7318537,0.0011539,6.49E-06,0.285489,-0.3187611,-3.75E+09,11,7.692307,TRUE,36.60582,43.90182,9.190755,3.403141,2.591949,2.429817,3
357,VODA.NS,Vodafone Idea Ltd,India,Wireless Telecommunication Services,2024,0.3583435,50.50679,10.36466,1.178717,0.2810676,0.20737,0.0045097,0.0000303,1.04E+07,0.0535852,5.56E-06,0.2964987,-0.3544958,-3.21E+09,8,8.333333,FALSE,34.38485,45.30898,6.484224,3.430827,3.20181,2.136776,3
358,VOTL.NS,Voltamp Transformers Ltd,India,Electrical Equipment,2022,6.401337,22.65068,8.172594,0,0.0834338,0.8847268,0.1737341,0,538084.3,0.0740066,0.1453815,0.0549675,13.51868,24335784,5,28.57143,TRUE,30.63793,11.74087,7.609365,3.370596,5.897142,1.407394,3
358,VOTL.NS,Voltamp Transformers Ltd,India,Electrical Equipment,2023,5.118753,25.66551,8.261246,0.0021132,0.0967812,0.8790662,0.1985231,0,1380228,0.0488623,0.1535418,0.0505669,15.02007,36875909,4,33.33333,TRUE,34.73571,17.16729,9.190755,3.403141,2.591949,1,3
358,VOTL.NS,Voltamp Transformers Ltd,India,Electrical Equipment,2024,4.387023,24.21928,8.317648,0.0011982,0.0903588,0.8532537,0.2405878,0,1097320,0.1041176,0.1365213,0.0680074,16.73485,38082294,4,33.33333,TRUE,25.34311,18.33793,6.484224,3.430827,3.20181,1.660452,3
359,VRLL.NS,VRL Logistics Ltd,India,Ground Transportation,2022,2.423937,16.23981,8.362198,0.3804568,0.1618384,0.3342713,0.0379254,0,361441.1,0.0178776,0.0292943,0.8032534,13.09004,20221215,5,16.66667,TRUE,24.12633,12.33212,7.609365,3.370596,5.897142,1.097263,3
359,VRLL.NS,VRL Logistics Ltd,India,Ground Transportation,2023,2.109562,18.7205,8.424265,0.4680875,0.1745517,0.3047306,0.0472525,0,809970,0.0095152,0.0206369,0.8685302,7.508235,10685183,6,16.66667,TRUE,25.04289,20.23727,9.190755,3.403141,2.591949,1.26891,3
359,VRLL.NS,VRL Logistics Ltd,India,Ground Transportation,2024,1.829477,28.45179,8.480863,0.4740539,0.1514267,0.2608317,0.1356957,0,4080702,0.0234081,0.0188745,0.8727243,6.738337,21408180,5,15.38461,TRUE,46.00082,26.33385,6.484224,3.430827,3.20181,1.947796,3
360,VST.NS,VST Tillers Tractors Ltd,India,Machinery,2022,3.962796,34.025,8.123081,0.0017311,0.1982217,0.8118148,0.0458726,0.0009168,-1737354,0.3927405,0.1014873,0.2271849,8.889957,11241261,5,10,FALSE,59.71266,14.45612,7.609365,3.370596,5.897142,2.154283,3
360,VST.NS,VST Tillers Tractors Ltd,India,Machinery,2023,3.776473,32.19065,8.146108,0.0011608,0.1605832,0.7703819,0.081232,0.024382,3929502,0.4352347,0.1034089,0.1982403,-5.187595,14525135,5,11.11111,FALSE,67.33887,12.45419,9.190755,3.403141,2.591949,1.261156,3
360,VST.NS,VST Tillers Tractors Ltd,India,Machinery,2024,3.58919,34.87098,8.170437,0.0015524,0.1606113,0.7717135,0.2320862,0.0189777,3218163,0.4638472,0.0828872,0.1790615,0.2127059,10879637,7,11.11111,FALSE,55.44378,16.03274,6.484224,3.430827,3.20181,1.999646,3
361,WCKH.NS,Wockhardt Ltd,India,Pharmaceuticals,2022,2.943771,44.49689,8.97087,0.284264,0.447091,0.7934858,0.0262009,0,-3.41E+07,0.0100866,0.0944943,0.3170637,-24.17777,-75584226,6,27.27273,TRUE,57.28422,42.2612,7.609365,3.370596,5.897142,2.40936,3
361,WCKH.NS,Wockhardt Ltd,India,Pharmaceuticals,2023,2.92912,39.1479,8.962699,0.3080141,0.3648843,0.6505827,0.1809387,0,4.98E+07,0.0647911,0.0898157,0.3018695,4.038195,-56628674,6,20,TRUE,48.01574,41.10139,9.190755,3.403141,2.591949,2.145709,3
361,WCKH.NS,Wockhardt Ltd,India,Pharmaceuticals,2024,2.864177,45.40604,8.978645,0.2484327,0.2510141,0.539926,0.0548482,0,-4.60E+07,0.0680973,0.1011678,0.2742471,5.002779,-6670567.6,5,27.27273,TRUE,69.76878,44.00886,6.484224,3.430827,3.20181,2.293579,3
362,WEST.NS,Westlife Foodworld Ltd,India,"Hotels, Restaurants & Leisure",2022,4.876972,51.46328,8.407334,0.5731552,0,0,0,0,-1810613,0.00424,0.0340305,0.7582873,33.50145,13580818,4,25,TRUE,64.15761,38.93588,7.609365,3.370596,5.897142,1.867753,3
362,WEST.NS,Westlife Foodworld Ltd,India,"Hotels, Restaurants & Leisure",2023,4.584296,52.83754,8.43813,0.5960857,0,0,0,0,703659.3,0.0066275,0.0276662,0.7767379,3.863921,8303659.3,4,28.57143,TRUE,41.64962,49.91203,9.190755,3.403141,2.591949,2.177989,3
362,WEST.NS,Westlife Foodworld Ltd,India,"Hotels, Restaurants & Leisure",2024,4.115465,60.84303,8.484579,0.6224094,0,0,0,0.0128839,5214044,0.0250348,0.0309685,0.7637705,1.485034,1421533.1,4,25,TRUE,59.74803,47.88983,6.484224,3.430827,3.20181,2.145825,3
363,WGSR.NS,Welspun Corp Ltd,India,Metals & Mining,2022,1.435765,65.21131,9.271147,0.2191584,0.5323032,0.7697701,0.0576386,0.0355758,4.58E+07,0.2088021,0.376414,0.2989994,38.57979,24241723,9,37.5,TRUE,85.97702,70.94579,7.609365,3.370596,5.897142,3.053148,3
363,WGSR.NS,Welspun Corp Ltd,India,Metals & Mining,2023,1.87708,63.76104,9.152822,0.1644331,0.3355918,0.6379336,0.0968885,0.0365748,-2.37E+07,0.0946738,0.2055977,0.376926,75.15746,1.36E+08,9,37.5,TRUE,84.94738,75.89949,9.190755,3.403141,2.591949,2.526657,3
363,WGSR.NS,Welspun Corp Ltd,India,Metals & Mining,2024,1.472704,59.62672,9.251185,0.0724267,0.4149205,0.8132168,0.0715473,0.0455991,3.84E+07,0.1447386,0.2896583,0.3306285,-21.37056,2.23E+08,6,36.36364,TRUE,78.81641,68.09954,6.484224,3.430827,3.20181,2.00682,3
364,ZENT.NS,Zensar Technologies Ltd,India,IT Services,2022,4.111164,58.51635,8.700342,0.0662461,0.2082504,0.7496506,0.3414122,0.0440184,-3773126,0.2821159,0.0013104,0.0791555,5.539486,39873418,9,9.090909,TRUE,57.01531,46.39428,7.609365,3.370596,5.897142,2.597215,3
364,ZENT.NS,Zensar Technologies Ltd,India,IT Services,2023,3.771914,81.55415,8.746342,0.0401265,0.1837429,0.7864444,0.2673302,0.0462369,-3743251,0.3283191,0.0023022,0.0492706,-0.3359006,79784043,5,10,TRUE,88.13591,52.78336,9.190755,3.403141,2.591949,2.335685,3
364,ZENT.NS,Zensar Technologies Ltd,India,IT Services,2024,3.446821,74.03077,8.782022,0.0242031,0.1705426,0.7996737,0.1482657,0.0270641,-2.02E+07,0.4186026,0.0014499,0.0365366,5.078136,76044470,8,11.11111,TRUE,71.0766,53.63049,6.484224,3.430827,3.20181,2.260418,3
365,ZYDU.NS,Zydus Lifesciences Ltd,India,Pharmaceuticals,2022,3.634454,56.84667,9.496224,0.0463924,0.2147311,0.6711526,0.0881986,0,-2.07E+07,0.0394718,0.1389596,0.2650487,5.390029,2.44E+08,8,12.5,TRUE,66.95555,47.71061,7.609365,3.370596,5.897142,2.932712,3
365,ZYDU.NS,Zydus Lifesciences Ltd,India,Pharmaceuticals,2023,3.346003,63.16223,9.545677,0.0274651,0.182437,0.5652027,0.0773133,0,-8974205,0.0517806,0.1228689,0.2361547,11.78205,4.60E+08,5,20,TRUE,67.81889,55.98169,9.190755,3.403141,2.591949,3.062267,3
365,ZYDU.NS,Zydus Lifesciences Ltd,India,Pharmaceuticals,2024,2.606008,61.02924,9.638851,0.0863724,0.2430427,0.682457,0.091444,0,4.84E+07,0.2599694,0.1100676,0.1978377,15.97615,5.40E+08,5,20,TRUE,58.06809,64.23423,6.484224,3.430827,3.20181,2.569645,3
366,ADVA.KL,Advance Synergy Bhd,Malaysia,Industrial Conglomerates,2022,0.2062712,36.07,8.277691,0.2197547,0.1534827,0.3703646,1.368014,0,1.06E+07,0.2174063,0.0431545,0.3797474,97.84399,-10097955,7,44.44,0,28.55,30.2,8.861822,4.069967,6.403485,1.877731,3
366,ADVA.KL,Advance Synergy Bhd,Malaysia,Industrial Conglomerates,2023,0.2395814,43.52,8.211748,0.2213181,0.1823624,0.4171079,0.4778797,0,5296514,0.1340669,0.0602291,0.3837972,13.39372,-17565359,5,37.5,0,54.33,28.92,3.555487,4.056108,-1.872256,1.624513,3
366,ADVA.KL,Advance Synergy Bhd,Malaysia,Industrial Conglomerates,2024,0.3156964,48.82,8.124116,0.1922164,0.1452323,0.3599081,0.7568206,0,-2958147,0.139371,0.1066992,0.3898851,-3.363656,-16927484,7,55.56,0,61.32,33.82,5.114155,4.07435,0.7825099,1.607093,3
367,ADVE.KL,Adventa Bhd,Malaysia,Health Care Equipment & Supplies,2022,0.7095326,22.75,7.227859,0.008168,0.1531115,1.001141,0.7198626,0,335831.8,0.1049118,0.2655786,0.1899451,-42.77985,-1183000,6,20,FALSE,46.57,13.07,8.861822,4.069967,6.403485,1.371277,3
367,ADVE.KL,Adventa Bhd,Malaysia,Health Care Equipment & Supplies,2023,0.5420064,23.07,7.356863,0.0741135,0.0651091,0.5441518,5.018832,0,5056255,0.4397934,0.1188287,0.2858402,-39.39808,-1995331.1,8,16.67,0,46.53,13.19,3.555487,4.056108,-1.872256,1.407394,3
367,ADVE.KL,Adventa Bhd,Malaysia,Health Care Equipment & Supplies,2024,0.4898278,24.3,7.400824,0.0831457,0.1287884,1.000321,0.3111947,0,-869964.2,0.0719114,0.1335059,0.4716178,60.57664,486025.07,5,16.67,0,31.5,24.92,5.114155,4.07435,0.7825099,1.663311,3
368,AEOM.KL,AEON CO (M) Bhd,Malaysia,Consumer Staples Distribution & Retail,2022,0.3654954,48.83,9.091053,0.4196556,0.353842,0.5305069,0.0245685,0,9979773,0.0383325,0.1115818,0.7671626,7.950078,25280000,5,12.5,TRUE,66.81,18.19,8.861822,4.069967,6.403485,2.053146,3
368,AEOM.KL,AEON CO (M) Bhd,Malaysia,Consumer Staples Distribution & Retail,2023,0.383523,52.62,9.056152,0.391286,0.2870716,0.445688,0.0332297,0,-3.00E+07,0.0176356,0.1059386,0.7966532,-4.418513,25017865,8,18.18,0,67.02,26.15,3.555487,4.056108,-1.872256,1.719606,3
368,AEOM.KL,AEON CO (M) Bhd,Malaysia,Consumer Staples Distribution & Retail,2024,0.3434423,54.26,9.100762,0.4093763,0.2725201,0.4153074,0.0419703,0.0214039,6.08E+07,0.0730338,0.1089919,0.7569758,6.026807,28655327,6,36.36,0,87.39,28.56,5.114155,4.07435,0.7825099,1.867228,3
369,AJIY.KL,Ajiya Bhd,Malaysia,Building Products,2022,1.59554,43.45,8.039051,0.025256,0.1090121,0.601603,0.9331207,0,2520221,0.3384094,0.1398513,0.3030763,3.522131,6960927.3,5,14.29,FALSE,65.35,39.48,8.861822,4.069967,6.403485,1,3
369,AJIY.KL,Ajiya Bhd,Malaysia,Building Products,2023,1.408857,45.49,8.095753,0.0086067,0.1062901,0.6184301,0.5218437,0,-2136524,0.4347416,0.1291529,0.2615438,-1.103083,12173365,5,14.29,FALSE,73.59,37.05,3.555487,4.056108,-1.872256,1.389646,3
369,AJIY.KL,Ajiya Bhd,Malaysia,Building Products,2024,1.018544,45.26,8.23664,0.0206577,0.0791073,0.6237728,0.692968,0,1898644,0.2131565,0.0975246,0.2690812,30.4288,14199071,5,14.29,0,76.18,43.75,5.114155,4.07435,0.7825099,2.404929,3
370,ALDR.KL,Aldrich Resources Bhd,Malaysia,Software,2022,0.8406353,22.36,6.799331,0.0202223,0.1593304,1.052372,1.367417,0,917163.6,0.2451711,0,0.0783001,28.52894,-100070.45,6,12.5,TRUE,25.24,7.91,8.861822,4.069967,6.403485,1,3
370,ALDR.KL,Aldrich Resources Bhd,Malaysia,Software,2023,0.8009697,15.76,6.819394,0.013055,0.2779293,1.060532,0.3661301,0,-644370.4,0.1065695,0,0.0417877,40.75172,-249082.79,5,16.67,0,10.43,6.75,3.555487,4.056108,-1.872256,1.371277,3
370,ALDR.KL,Aldrich Resources Bhd,Malaysia,Software,2024,0.6700026,20.76,6.896934,0.072948,0.2757188,0.8360087,0.3431489,0,56542.08,0.1131068,0,0.0572265,32.98309,350333.48,5,33.33,0,17.98,20.01,5.114155,4.07435,0.7825099,0,3
371,AMRY.KL,AmanahRaya Real Estate Investment Trust,Malaysia,Diversified REITs,2022,0.1635098,16.52,8.506473,0.4504282,0.0389515,0.0813165,0.1285117,0,-385950,0.0274626,0,0,-14.88947,2795579.5,6,0,FALSE,2.07,10.27,8.861822,4.069967,6.403485,1.374303,3
371,AMRY.KL,AmanahRaya Real Estate Investment Trust,Malaysia,Diversified REITs,2023,0.1695988,19.8,8.483988,0.3991783,0.0767905,0.1596275,0.1576594,0,-3296928,0.0180687,0,0,-10.85914,1098015.3,8,22.22,FALSE,5.09,8.58,3.555487,4.056108,-1.872256,1.248032,3
371,AMRY.KL,AmanahRaya Real Estate Investment Trust,Malaysia,Diversified REITs,2024,0.1763218,17.09,8.467104,0.4204342,0.4331588,0.9660568,0.006985,0,-2903673,0.0029102,0,0,9.995018,403484.78,6,37.5,0,3.9,7.04,5.114155,4.07435,0.7825099,1.246405,3
372,ANCM.KL,Ancom Nylex Bhd,Malaysia,Chemicals,2022,0.9739695,36.27,8.416903,0.338464,0.4800825,0.8109291,0.1827407,0,9463690,0.1429554,0.1752247,0.2653832,-3.69491,16654455,5,0,TRUE,74.61,18.76,8.861822,4.069967,6.403485,2.614144,3
372,ANCM.KL,Ancom Nylex Bhd,Malaysia,Chemicals,2023,0.9747449,36.38,8.416719,0.2917847,0.4613422,0.8332568,0.1869825,0,-6653912,0.1127297,0.1782271,0.2723428,-4.176696,17186437,4,12.5,TRUE,68,19.41,3.555487,4.056108,-1.872256,2.28558,3
372,ANCM.KL,Ancom Nylex Bhd,Malaysia,Chemicals,2024,0.8598123,36.29,8.468814,0.3054374,0.4013474,0.7713841,0.2373616,0,4374795,0.1367495,0.1466287,0.3190403,3.851474,15313191,4,12.5,TRUE,67.66,19.51,5.114155,4.07435,0.7825099,1.558742,3
373,ANCO.KL,Ancom Logistics Bhd,Malaysia,Ground Transportation,2022,1.116627,22.46,6.981174,0.0838295,0.2525072,0.4891033,0.5338892,0,43572.51,0.1303403,0,0.5270867,-3.167542,108822.89,4,0,FALSE,54.88,9.31,8.861822,4.069967,6.403485,0,3
373,ANCO.KL,Ancom Logistics Bhd,Malaysia,Ground Transportation,2023,0.9334095,15.44,7.058081,0.2871622,0.2293801,0.3412461,0.3736014,0,-286989.8,0.1175729,0,0.6631269,0.8825645,-625425.17,5,0,FALSE,35,7.31,3.555487,4.056108,-1.872256,0,3
373,ANCO.KL,Ancom Logistics Bhd,Malaysia,Ground Transportation,2024,0.4514711,23.48,7.350042,0.5929722,0.1704018,0.2064508,0.2765931,0,36679.99,0.1098412,0,0.8282645,17.42866,166235.6,5,14.29,FALSE,38.45,7.18,5.114155,4.07435,0.7825099,1,3
374,ANNJ.KL,Ann Joo Resources Bhd,Malaysia,Metals & Mining,2022,0.191782,41.11,8.7921,0.4660654,0.5334496,0.9484033,0.0770982,0,1.27E+07,0.0479324,0.3342945,0.3181066,19.88906,-30259318,5,11.11,0,41.15,43.42,8.861822,4.069967,6.403485,1.497965,3
374,ANNJ.KL,Ann Joo Resources Bhd,Malaysia,Metals & Mining,2023,0.1702078,52.88,8.839865,0.4726029,0.5301178,0.8518361,0.0373101,0,-2926580,0.0417315,0.3056417,0.3774189,-20.78243,-1551198.3,7,11.11,0,62.01,49.16,3.555487,4.056108,-1.872256,1.281921,3
374,ANNJ.KL,Ann Joo Resources Bhd,Malaysia,Metals & Mining,2024,0.1738683,60.87,8.833759,0.4690366,0.5670802,0.8527344,0.0342753,0,-2162937,0.034704,0.2650511,0.3854685,3.392365,-66393465,5,16.67,0,80.99,47.04,5.114155,4.07435,0.7825099,1.424994,3
376,APER.KL,Apex Healthcare Bhd,Malaysia,Pharmaceuticals,2022,2.529424,36.25,8.228853,0.0214683,0.2289119,0.9131225,0.6167318,0,1.38E+07,0.2427625,0.1483103,0.2621958,7.772473,22947991,4,12.5,TRUE,76.01,9.32,8.861822,4.069967,6.403485,1.634619,3
376,APER.KL,Apex Healthcare Bhd,Malaysia,Pharmaceuticals,2023,1.747944,56.53,8.388419,0.0093807,0.1697804,0.9327382,0.45604,0,4.70E+07,0.4926035,0.1131211,0.1831702,2.241656,86707815,5,12.5,TRUE,76.42,52.45,3.555487,4.056108,-1.872256,1.308588,3
376,APER.KL,Apex Healthcare Bhd,Malaysia,Pharmaceuticals,2024,1.893293,58.89,8.353729,0.0563299,0.1615776,0.7434505,0.5336208,0,-3.76E+07,0.1958494,0.1311872,0.2625379,5.540792,17131744,4,14.29,TRUE,72.18,50.08,5.114155,4.07435,0.7825099,3.773341,3
377,APMA.KL,APM Automotive Holdings Bhd,Malaysia,Automobile Components,2022,0.3428317,22.07,8.64807,0.0730517,0.2248024,0.6576689,0.3878896,0,1.23E+07,0.1825811,0.191484,0.3205807,34.45442,9473409.1,6,22.22,TRUE,21.85,7,8.861822,4.069967,6.403485,1.387325,3
377,APMA.KL,APM Automotive Holdings Bhd,Malaysia,Automobile Components,2023,0.3254654,36.22,8.669718,0.0629752,0.213158,0.6391796,0.4485113,0,2.74E+07,0.2366992,0.173608,0.333835,6.181873,18824837,5,22.22,TRUE,36.79,16.42,3.555487,4.056108,-1.872256,1.751863,3
377,APMA.KL,APM Automotive Holdings Bhd,Malaysia,Automobile Components,2024,0.2798534,41.42,8.732553,0.1486832,0.2329058,0.5771301,0.2475318,0,1.11E+07,0.3064537,0.151426,0.2828196,10.88003,25974709,5,22.22,TRUE,38.36,21.92,5.114155,4.07435,0.7825099,1.507304,3
379,ASPY.KL,Asia Poly Holdings Bhd,Malaysia,Chemicals,2022,0.7246583,13.79,7.729419,0.285622,0.2387577,0.5969235,0.2819089,0,-5010973,0.1266708,0.1776851,0.4779911,3.511526,-2274706.8,5,0,0,27.67,7.54,8.861822,4.069967,6.403485,2.102816,3
379,ASPY.KL,Asia Poly Holdings Bhd,Malaysia,Chemicals,2023,0.8344154,13.27,7.667241,0.2850319,0.2465061,0.6154559,0.242027,0,-698333.3,0.1144261,0.180077,0.5382972,15.43997,-2480483.7,6,0,0,28.77,4.95,3.555487,4.056108,-1.872256,1.720621,3
379,ASPY.KL,Asia Poly Holdings Bhd,Malaysia,Chemicals,2024,0.8400497,32.04,7.664319,0.3178237,0.2642639,0.6387268,0.1075532,0,-2060732,0.103453,0.1743297,0.5477885,8.459963,-2512003.1,5,20,0,30.42,44.84,5.114155,4.07435,0.7825099,1.649046,3
381,AXIA.KL,Axiata Group Bhd,Malaysia,Wireless Telecommunication Services,2022,0.3049166,74.47,10.26845,0.4394807,0.258122,0.3651854,0.1399827,0,3150909,0.0972026,0.00265,0.4472615,-5.240991,-5.49E+08,23,20,TRUE,88.68,69.42,8.861822,4.069967,6.403485,2.118406,3
381,AXIA.KL,Axiata Group Bhd,Malaysia,Wireless Telecommunication Services,2023,0.3291734,72.49,10.2326,0.4711196,0.1934929,0.2692511,0.1466712,0,-6.40E+08,0.054155,0.0027913,0.4894586,6.864008,-1.43E+08,30,22.22,FALSE,86.44,65.41,3.555487,4.056108,-1.872256,2.372215,3
381,AXIA.KL,Axiata Group Bhd,Malaysia,Wireless Telecommunication Services,2024,0.3457868,67.56,10.2212,0.4602992,0.2189017,0.3061664,0.1360152,0,3.43E+07,0.0636744,0.0016497,0.4747093,2.805515,3.58E+08,18,27.27,TRUE,84.1,60.43,5.114155,4.07435,0.7825099,2.470475,3
382,AXSR.KL,Axis Real Estate Investment Trust,Malaysia,Diversified REITs,2022,1.0136,41.52,8.985516,0.3632845,0.2037774,0.5150211,0.0258888,0,-3.33E+07,0.0107277,0,0.0004368,9.349504,43265227,4,14.29,TRUE,24.05,47.11,8.861822,4.069967,6.403485,2.48734,3
382,AXSR.KL,Axis Real Estate Investment Trust,Malaysia,Diversified REITs,2023,0.9927726,59.75,8.993604,0.3438008,0.1939624,0.5169873,0.0088821,0,1786710,0.0116492,0,0.0003075,-2.812076,47444880,4,33.33,TRUE,60.04,63.69,3.555487,4.056108,-1.872256,2.563923,3
382,AXSR.KL,Axis Real Estate Investment Trust,Malaysia,Diversified REITs,2024,0.8189659,68.14,9.070753,0.3328753,0.1773043,0.475827,0.0151625,0,1.54E+07,0.0274126,0,0.0002115,14.75001,47002238,4,50,TRUE,68.01,74.43,5.114155,4.07435,0.7825099,2.690982,3
383,BATO.KL,British American Tobacco (Malaysia) Bhd,Malaysia,Tobacco,2022,1.061684,82,8.489838,0.5361615,0.7066113,0.9779612,0.0173212,0,-1179773,0.0113097,0.0411817,0.0414075,-6.823451,59663409,5,28.57,0,79.29,86.16,8.861822,4.069967,6.403485,1.279148,3
383,BATO.KL,British American Tobacco (Malaysia) Bhd,Malaysia,Tobacco,2023,1.23736,82.3,8.409634,0.5019138,0.6507561,0.957397,0.0363032,0,2442920,0.0196408,0.0276294,0.055727,-14.68232,42428758,5,28.57,0,85.57,82.19,3.555487,4.056108,-1.872256,1.309058,3
383,BATO.KL,British American Tobacco (Malaysia) Bhd,Malaysia,Tobacco,2024,1.186854,79.82,8.427732,0.4980064,0.6536918,0.9673952,0.0452481,0,1686661,0.030837,0.0088087,0.0420449,2.926343,40989705,6,28.57,0,74.42,82.58,5.114155,4.07435,0.7825099,1.431087,3
385,BESH.KL,Beshom Holdings Bhd,Malaysia,Consumer Staples Distribution & Retail,2022,0.6080647,68.77,7.898859,0.0108301,0.08009,0.6499485,0.3883821,0,-4982169,0.2522079,0.2478248,0.2618653,-18.83487,3762895.9,6,25,0,79.53,37.3,8.861822,4.069967,6.403485,1,3
385,BESH.KL,Beshom Holdings Bhd,Malaysia,Consumer Staples Distribution & Retail,2023,0.6557881,67.14,7.865117,0.0127152,0.0691499,0.6109765,0.4231545,0,-134700.2,0.2743267,0.2199298,0.2415907,-18.93032,2301681.3,5,37.5,0,76.92,34.76,3.555487,4.056108,-1.872256,1,3
385,BESH.KL,Beshom Holdings Bhd,Malaysia,Consumer Staples Distribution & Retail,2024,0.5790074,71.72,7.919196,0.0299727,0.0812362,0.6044646,0,0.0880576,-692718,0.2926075,0.2088812,0.2346554,13.54643,2012523.2,6,33.33,0,72.7,51.5,5.114155,4.07435,0.7825099,1,3
386,BGRO.KL,Berjaya Corporation Bhd,Malaysia,Industrial Conglomerates,2022,0.089052,39.54,9.666661,0.3501788,0.2405775,0.3421418,0.1467219,0,3.11E+07,0.0682831,0.0762399,0.248622,2.903893,5332047.2,6,57.14,TRUE,29.87,26.2,8.861822,4.069967,6.403485,1.835204,3
386,BGRO.KL,Berjaya Corporation Bhd,Malaysia,Industrial Conglomerates,2023,0.0867074,40.23,9.67732,0.3780478,0.2918418,0.403825,0.1607017,0,7.55E+07,0.0816184,0.0866937,0.2639568,11.31949,4093247.6,5,100,TRUE,26.56,24.97,3.555487,4.056108,-1.872256,1.349798,3
386,BGRO.KL,Berjaya Corporation Bhd,Malaysia,Industrial Conglomerates,2024,0.0864033,38.46,9.678845,0.3664989,0.2861492,0.3974163,0.1385999,0,4415059,0.0868713,0.073437,0.2367209,3.835904,84462142,6,100,TRUE,24.29,30.02,5.114155,4.07435,0.7825099,1.547322,3
387,BONI.KL,Bonia Corporation Bhd,Malaysia,Specialty Retail,2022,0.3897706,27.12,8.172497,0.2418579,0.1514276,0.3945278,1.070094,0,-4596999,0.2091822,0.1356519,0.3141335,8.487957,13418006,5,11.11,0,19.95,15.79,8.861822,4.069967,6.403485,1.896594,3
387,BONI.KL,Bonia Corporation Bhd,Malaysia,Specialty Retail,2023,0.3818112,22.09,8.180529,0.2381412,0.1323923,0.3410709,0.9365512,0,-2524496,0.2043839,0.1285169,0.3320569,-3.505779,8467444.3,6,22.22,TRUE,15.24,17.81,3.555487,4.056108,-1.872256,1.408697,3
387,BONI.KL,Bonia Corporation Bhd,Malaysia,Specialty Retail,2024,0.3354661,30.53,8.2087,0.2282219,0,0,0,0,0,0.171377,0.1404778,0.3570095,2.157677,1875534.4,6,22.22,TRUE,30.39,19.75,5.114155,4.07435,0.7825099,1.64442,3
389,BPPL.KL,BP Plastics Holding Bhd,Malaysia,Containers & Packaging,2022,0.8071566,49.53,7.843083,0,0.158909,0.7945768,0.6859463,0,1354589,0.1961436,0.2261551,0.4081567,6.376131,6940343.2,5,28.57,TRUE,81.61,39.87,8.861822,4.069967,6.403485,1.586122,3
389,BPPL.KL,BP Plastics Holding Bhd,Malaysia,Containers & Packaging,2023,0.7431144,45.35,7.880634,0,0.2037916,0.8351379,0.2729497,0,-3054769,0.2273104,0.2539182,0.3934302,-10.43252,7676139.4,5,28.57,TRUE,67.91,37.43,3.555487,4.056108,-1.872256,1.362663,3
389,BPPL.KL,BP Plastics Holding Bhd,Malaysia,Containers & Packaging,2024,0.7074839,50.54,7.88893,0,0.1821929,0.8116663,0.1984697,0,-1541142,0.1488287,0.2849783,0.4174751,6.68606,4833531.8,5,28.57,TRUE,60.3,42.87,5.114155,4.07435,0.7825099,1.176722,3
390,CABC.KL,CAB Cakaran Corporation Bhd,Malaysia,Food Products,2022,0.3857585,21.77,8.487448,0.3478003,0.3683695,0.5703095,0.1458908,0,1.14E+07,0.0841878,0.0560509,0.5282147,2.65775,12152706,6,12.5,0,20.26,8.74,8.861822,4.069967,6.403485,1.346786,3
390,CABC.KL,CAB Cakaran Corporation Bhd,Malaysia,Food Products,2023,0.3634873,22.87,8.515393,0.2738847,0.3365659,0.5595061,0.1848662,0,1.18E+07,0.1195268,0.1402719,0.4853339,13.49463,30122201,5,12.5,0,23.87,10.89,3.555487,4.056108,-1.872256,0,3
390,CABC.KL,CAB Cakaran Corporation Bhd,Malaysia,Food Products,2024,0.3214763,22.58,8.57775,0.2383558,0.3047197,0.5421616,0.1559389,0,5756729,0.1442358,0.140275,0.4809393,16.48322,22613038,5,16.67,0,19.97,12.73,5.114155,4.07435,0.7825099,1,3
391,CAPI.KL,Capital A Berhad,Malaysia,Passenger Airlines,2022,0.1822924,72.4,9.656001,0.9030018,0.5157701,0.4006617,0.0442113,0.0007818,-1.91E+08,0.0222057,0.0102601,0.555263,231.7642,-8.90E+08,7,16.67,TRUE,89.49,57.88,8.861822,4.069967,6.403485,2.7125,3
391,CAPI.KL,Capital A Berhad,Malaysia,Passenger Airlines,2023,0.1281535,60.89,9.79989,0.8254084,0.5217005,0.4001226,0.0425826,0.0020586,4.04E+07,0.0338088,0.0101746,0.5127655,-80.78802,-1.83E+08,11,16.67,TRUE,83.28,41.31,3.555487,4.056108,-1.872256,2.227004,3
391,CAPI.KL,Capital A Berhad,Malaysia,Passenger Airlines,2024,0.118261,57.74,9.837536,0.0517138,0.0446435,0.0347294,0,0.0140286,6.27E+07,0.0152989,0.0047983,0.020571,36.14275,-1.97E+08,12,16.67,TRUE,82.58,29.66,5.114155,4.07435,0.7825099,1,3
392,CBIP.KL,CB Industrial Product Holding Bhd,Malaysia,Machinery,2022,0.4582785,32.5,8.437554,0.1452282,0.1931115,0.5519962,0,0.0497828,-1.34E+07,0.0566833,0.104835,0.4755675,37.62669,-2913181.8,5,14.29,0,69.24,13.98,8.861822,4.069967,6.403485,1,3
392,CBIP.KL,CB Industrial Product Holding Bhd,Malaysia,Machinery,2023,0.4670209,31.4,8.428419,0.1396933,0.1711323,0.5287106,0,0.0810293,5908933,0.0793427,0.0790495,0.4280984,-8.522944,16393464,6,28.57,0,65.56,12.99,3.555487,4.056108,-1.872256,1,3
392,CBIP.KL,CB Industrial Product Holding Bhd,Malaysia,Machinery,2024,0.4833294,36.25,8.417552,0.1297221,0.2104479,0.6196496,0,0.0533948,-1702775,0.0766845,0.028903,0.4197791,-9.71381,-6286257.8,5,28.57,0,75.78,14.08,5.114155,4.07435,0.7825099,1.867543,3
393,CBMS.KL,Carlsberg Brewery Malaysia Bhd,Malaysia,Beverages,2022,5.018741,61.04,8.381111,0.1188596,0.839303,0.9754068,0.1027437,0,3560227,0.1068335,0.117597,0.2999896,28.78171,73832045,4,25,0,37.12,55.63,8.861822,4.069967,6.403485,1.868126,3
393,CBMS.KL,Carlsberg Brewery Malaysia Bhd,Malaysia,Beverages,2023,5.394923,65.59,8.345641,0.1291011,0.7569121,0.9769136,0.123421,0,824618.8,0.0860923,0.0958753,0.3337642,-10.16199,72953813,4,28.57,0,49.22,59.82,3.555487,4.056108,-1.872256,2.15062,3
393,CBMS.KL,Carlsberg Brewery Malaysia Bhd,Malaysia,Beverages,2024,4.685094,64.87,8.404264,0.0813139,0.7239652,0.9594756,0.1030161,0,-2351835,0.0853584,0.109719,0.3468139,7.979198,76263205,4,28.57,0,62.3,52.66,5.114155,4.07435,0.7825099,2.655308,3
394,CELC.KL,CelcomDigi Bhd,Malaysia,Wireless Telecommunication Services,2022,1.21646,64.05,9.931033,0.3965772,0.2226317,0.3918606,0.1222119,0,2.30E+08,0.1473682,0.0043783,0.3639389,1.173375,1.74E+08,18,30,FALSE,67.34,42.61,8.861822,4.069967,6.403485,2.093512,3
394,CELC.KL,CelcomDigi Bhd,Malaysia,Wireless Telecommunication Services,2023,1.280393,66.09,9.899609,0.3567962,0.2037415,0.3696207,0.0337388,0,-1.80E+08,0.0101389,0.0067712,0.3451197,79.48654,3.41E+08,18,30,FALSE,81.42,39.48,3.555487,4.056108,-1.872256,2.065831,3
394,CELC.KL,CelcomDigi Bhd,Malaysia,Wireless Telecommunication Services,2024,1.260735,69.92,9.906328,0.3624618,0.1943661,0.3510983,0.0151557,0,-3.91E+07,0.0066937,0.0072552,0.3251587,2.708228,3.11E+08,12,30,FALSE,90.58,39.42,5.114155,4.07435,0.7825099,2.465702,3
395,CITR.KL,Citra Nusa Holdings Bhd,Malaysia,Distributors,2022,0.4345846,30.47,7.294462,0.0243098,0.1791587,0.8933513,0,0.1501871,625338.6,0.2469992,0.1626187,0.3396201,-1.51462,-508965.91,5,16.67,TRUE,49.49,6.3,8.861822,4.069967,6.403485,1.991976,3
395,CITR.KL,Citra Nusa Holdings Bhd,Malaysia,Distributors,2023,0.4225744,37,7.259947,0.0327378,0.1700171,0.8911894,0,0.1625545,79919.39,0.2911836,0.1326593,0.345486,-22.9655,-353566.45,5,16.67,TRUE,42.81,20.15,3.555487,4.056108,-1.872256,1,3
395,CITR.KL,Citra Nusa Holdings Bhd,Malaysia,Distributors,2024,0.4632628,34.44,7.26578,0.0273186,0.1880925,0.9330807,0,0.1882353,323243.1,0.3645391,0.1282775,0.3251909,-3.889928,-443784.69,4,16.67,TRUE,39.59,21.81,5.114155,4.07435,0.7825099,1.740207,3
396,CJCE.KL,CJ Century Logistics Holdings Bhd,Malaysia,Air Freight & Logistics,2022,0.1254487,31.71,8.242054,0.2298228,0.2641968,0.6265349,0,0.0905882,6013864,0.1197909,0.0488469,0.5568345,4.444836,6400681.8,4,11.11,TRUE,9.32,28.24,8.861822,4.069967,6.403485,1.873639,3
396,CJCE.KL,CJ Century Logistics Holdings Bhd,Malaysia,Air Freight & Logistics,2023,0.1374842,28.13,8.215127,0.2226496,0.2572967,0.6395513,0,0.1090022,2725708,0.1173487,0.0317796,0.5768701,-24.11548,2571459.7,4,11.11,TRUE,8.56,24.75,3.555487,4.056108,-1.872256,1.462281,3
396,CJCE.KL,CJ Century Logistics Holdings Bhd,Malaysia,Air Freight & Logistics,2024,0.1371903,38.8,8.216057,0.2175528,0.2767511,0.6961801,0,0.1031232,-2543868,0.1236147,0.0445767,0.5697474,-3.652731,-1707923,4,11.11,TRUE,14.16,34.68,5.114155,4.07435,0.7825099,1.884343,3
398,CNON.KL,Can-One Bhd,Malaysia,Containers & Packaging,2022,0.0952602,35.84,8.986321,0.3759926,0.3193666,0.5587378,0.164704,0.0342424,3.12E+07,0.0922339,0.2023833,0.545875,11.29156,19974545,6,20,0,48.26,12.53,8.861822,4.069967,6.403485,2.098053,3
398,CNON.KL,Can-One Bhd,Malaysia,Containers & Packaging,2023,0.0929026,34.12,8.989778,0.393044,0.3135981,0.5342223,0.231049,0.0054612,193899.8,0.0870265,0.1788,0.57881,-7.579298,6235947.7,4,10,0,40.69,10.69,3.555487,4.056108,-1.872256,2.079485,3
398,CNON.KL,Can-One Bhd,Malaysia,Containers & Packaging,2024,0.0917587,35.83,8.99297,0.4252481,0.2902048,0.4932198,0.1737843,0.0257507,5526634,0.0974798,0.1623333,0.5838922,7.400209,-5762981.2,4,11.11,0,41.24,13.51,5.114155,4.07435,0.7825099,2.804799,3
399,COMF.KL,Comfort Gloves Bhd,Malaysia,Health Care Equipment & Supplies,2022,0.1108404,29.06,8.352439,0.0360346,0.0854131,0.8586396,1.590408,0,-1.97E+07,0.1903312,0.1107269,0.4492265,-58.71442,-9614436.4,5,33.33,TRUE,25.26,7.73,8.861822,4.069967,6.403485,1,3
399,COMF.KL,Comfort Gloves Bhd,Malaysia,Health Care Equipment & Supplies,2023,0.1185529,33,8.322296,0.0439443,0.0834565,0.8526202,1.754732,0,1442179,0.238764,0.0884734,0.4494879,-48.50776,-8020233.1,5,33.33,TRUE,17.73,26.96,3.555487,4.056108,-1.872256,0,3
399,COMF.KL,Comfort Gloves Bhd,Malaysia,Health Care Equipment & Supplies,2024,0.1221617,28.97,8.321173,0.0532001,0.1179773,0.9036448,0.5167224,0,-1.88E+07,0.1753259,0.1161247,0.4619259,9.310771,-12508563,5,33.33,TRUE,9.16,25.51,5.114155,4.07435,0.7825099,1.997471,3
400,CSTH.KL,CSC Steel Holdings Bhd,Malaysia,Metals & Mining,2022,0.4490924,30.45,8.328988,0,0.0634287,0.7729281,0.9834061,0,9517305,0.2462021,0.3548398,0.1740653,9.04987,3319997.7,5,25,0,73.96,15.42,8.861822,4.069967,6.403485,0,3
400,CSTH.KL,CSC Steel Holdings Bhd,Malaysia,Metals & Mining,2023,0.4484559,36.63,8.328675,0,0.0643704,0.8075489,0.3095792,0,1.60E+07,0.3562461,0.3385347,0.1627428,-12.01978,10779488,5,25,0,73,29.82,3.555487,4.056108,-1.872256,1,3
400,CSTH.KL,CSC Steel Holdings Bhd,Malaysia,Metals & Mining,2024,0.4408374,36.24,8.336117,0,0.0545782,0.7714552,0.4503348,0,5738899,0.3931618,0.3178855,0.1601687,-0.2746261,7644845.6,5,42.86,0,70.46,24.76,5.114155,4.07435,0.7825099,1,3
401,CTPB.KL,Chin Teck Plantations Bhd,Malaysia,Food Products,2022,1.096794,22.54,8.279152,0,0.0197998,0.4032781,4.072099,0,1.34E+07,0.4757252,0.0245917,0.1496379,32.29885,24031238,5,0,0,62.97,12.85,8.861822,4.069967,6.403485,1.833522,3
401,CTPB.KL,Chin Teck Plantations Bhd,Malaysia,Food Products,2023,1.048002,20.07,8.293439,0.0121281,0.0173373,0.300855,4.244898,0,1248223,0.4336901,0.0187878,0.206551,-23.76127,11509519,6,12.5,0,56.5,10.83,3.555487,4.056108,-1.872256,1.833522,3
401,CTPB.KL,Chin Teck Plantations Bhd,Malaysia,Food Products,2024,0.9409604,24.66,8.349277,0.0110184,0.0209329,0.3458227,3.492187,0,-1832249,0.5065687,0.0207088,0.2079638,38.2899,20228263,5,14.29,0,49.44,28.52,5.114155,4.07435,0.7825099,2.284652,3
402,CYLC.KL,CYL Corp Bhd,Malaysia,Containers & Packaging,2022,0.4482307,8.26,7.236616,0,0.0573216,0.4158185,0.5893069,0,526723,0.1206847,0.0710975,0.69081,-10.84106,-41222.14,6,37.5,0,28.82,1.69,8.861822,4.069967,6.403485,0,3
402,CYLC.KL,CYL Corp Bhd,Malaysia,Containers & Packaging,2023,0.5050697,6.47,7.183837,0,0.0723312,0.4816654,0.2421978,0,-418544.5,0.0894874,0.0599328,0.7114459,-13.647,-332104.93,6,37.5,0,23.36,1.06,3.555487,4.056108,-1.872256,0,3
402,CYLC.KL,CYL Corp Bhd,Malaysia,Containers & Packaging,2024,0.2660607,10.06,7.462208,0.0018513,0.0470048,0.3341764,0.1743583,0,-370973,0.0830467,0.0424292,0.8045068,19.01084,-91224.72,6,25,0,30.22,1.51,5.114155,4.07435,0.7825099,0,3
403,CHIN.KL,Chin Hin Group Property Bhd,Malaysia,Machinery,2022,2.030915,32.14,8.246742,0.3320173,0.4255487,0.584315,0.1767138,0,8994193,0.1391317,0.2964371,0.0759403,147.9246,2419954.5,5,28.57,0,31.16,11.62,8.861822,4.069967,6.403485,1.659614,3
403,CHIN.KL,Chin Hin Group Property Bhd,Malaysia,Machinery,2023,1.365049,26.64,8.422151,0.3217202,0.4707169,0.6577558,0.0687189,0,-6467517,0.1582309,0.4051242,0.0648923,76.46066,7957244,5,28.57,0,19.25,11.54,3.555487,4.056108,-1.872256,1.302833,3
403,CHIN.KL,Chin Hin Group Property Bhd,Malaysia,Machinery,2024,1.454402,28.15,8.402102,0.3553894,0.3881141,0.6117604,0.0585812,0,434149.5,0.0712278,0.5249752,0.0468785,21.81718,5781342.9,6,28.57,0,26.9,18.97,5.114155,4.07435,0.7825099,2.592257,3
404,DEHB.KL,Dayang Enterprise Holdings Bhd,Malaysia,Energy Equipment & Services,2022,0.9079171,31.9,8.729784,0.1739843,0.1581313,0.4078067,0.7269492,0,-5993182,0.1844474,0.0031946,0.4497594,39.48552,28485682,5,18.18,0,61.63,15.52,8.861822,4.069967,6.403485,1.158611,3
404,DEHB.KL,Dayang Enterprise Holdings Bhd,Malaysia,Energy Equipment & Services,2023,0.8796575,35.54,8.737653,0.0983986,0.169264,0.4959352,0.3620001,0,-9023094,0.2193952,0.0030648,0.4293687,8.406225,51237037,5,33.33,0,17.42,29.8,3.555487,4.056108,-1.872256,1.196529,3
404,DEHB.KL,Dayang Enterprise Holdings Bhd,Malaysia,Energy Equipment & Services,2024,0.7963225,36.06,8.785812,0.0478495,0.1787381,0.5713032,0.3627988,0,2.56E+07,0.2999212,0.0029265,0.3792496,35.51173,81601164,6,40,0,23.35,29.48,5.114155,4.07435,0.7825099,1.222651,3
405,DELM.KL,DKSH Holdings (Malaysia) Bhd,Malaysia,Trading Companies & Distributors,2022,0.2707264,34.58,8.823565,0.1757967,0.6129569,0.8557382,5.01E-06,0.0122531,-1.86E+07,0.0126846,0.269516,0.054574,0.5953726,23685000,4,33.33,0,37.19,18.34,8.861822,4.069967,6.403485,2.451973,3
405,DELM.KL,DKSH Holdings (Malaysia) Bhd,Malaysia,Trading Companies & Distributors,2023,0.2695334,42.82,8.825456,0.1925878,0.6437425,0.9071229,0,0.0127082,2475381,0.0127637,0.28341,0.0478179,0.7003381,24077342,4,50,0,44.84,13.31,3.555487,4.056108,-1.872256,1.894887,3
405,DELM.KL,DKSH Holdings (Malaysia) Bhd,Malaysia,Trading Companies & Distributors,2024,0.2314793,39.04,8.891557,0.1916664,0.6876355,0.9601617,0.0390734,0,1.22E+07,0.0312853,0.3129836,0.0395222,8.451768,27556849,4,33.33,0,39.82,13.7,5.114155,4.07435,0.7825099,3.483553,3
406,DIAL.KL,Dialog Group Bhd,Malaysia,Energy Equipment & Services,2022,1.251166,60.82,9.300175,0.2346249,0.1359667,0.3911774,0.599864,0,-2.57E+07,0.1863245,0.0076091,0.2953407,22.24488,1.12E+08,9,44.44,0,55.33,69.25,8.861822,4.069967,6.403485,1.345799,3
406,DIAL.KL,Dialog Group Bhd,Malaysia,Energy Equipment & Services,2023,1.286938,60.49,9.287004,0.189335,0.1121652,0.3811076,0.8942145,0,-3.15E+07,0.1678304,0.0103733,0.3060295,3.896926,1.28E+08,10,37.5,0,59.85,59.23,3.555487,4.056108,-1.872256,1.707474,3
406,DIAL.KL,Dialog Group Bhd,Malaysia,Energy Equipment & Services,2024,1.220734,57.42,9.314585,0.1853406,0.1797244,0.6381081,0,0.1922333,2.30E+07,0.2048657,0.008484,0.3043692,-11.11213,73564371,7,33.33,0,49.09,60.05,5.114155,4.07435,0.7825099,1.43906,3
407,DLEU.KL,Deleum Bhd,Malaysia,Energy Equipment & Services,2022,0.9006073,64.63,8.210134,0.0123102,0.3967959,0.8713384,0.0165952,0,-3372434,0.2708964,0.0560571,0.1545088,18.31082,11581409,11,14.29,TRUE,76.79,51.26,8.861822,4.069967,6.403485,1.531644,3
407,DLEU.KL,Deleum Bhd,Malaysia,Energy Equipment & Services,2023,1.06415,61.83,8.131023,0.0038833,0.2588059,0.7750472,0.0761618,0,6471408,0.2899115,0.0285774,0.1468579,8.761354,13802020,11,14.29,TRUE,68.71,51.63,3.555487,4.056108,-1.872256,1.502573,3
407,DLEU.KL,Deleum Bhd,Malaysia,Energy Equipment & Services,2024,0.8829146,65.71,8.214973,0.0206171,0.297625,0.8081841,0.0997875,0,-2191643,0.3234456,0.0619679,0.1245984,17.71054,22595011,12,12.5,TRUE,64.88,62.1,5.114155,4.07435,0.7825099,1.537386,3
408,DOVT.KL,D & O Green Technologies Bhd,Malaysia,Semiconductors & Semiconductor Equipment,2022,1.216638,35.04,8.560362,0.2691137,0.3337161,0.6877134,0.0792398,0,-7024091,0.1861851,0.278693,0.3236928,9.893975,18964545,6,10,0,48.89,27.12,8.861822,4.069967,6.403485,1.224988,3
408,DOVT.KL,D & O Green Technologies Bhd,Malaysia,Semiconductors & Semiconductor Equipment,2023,1.288646,32.38,8.587707,0.2767652,0.364636,0.72721,0.2089093,0,1597604,0.1566092,0.3259564,0.299711,-0.8642746,10390414,5,20,0,52.86,22.65,3.555487,4.056108,-1.872256,1.377111,3
408,DOVT.KL,D & O Green Technologies Bhd,Malaysia,Semiconductors & Semiconductor Equipment,2024,1.249974,44.93,8.610847,0.2786821,0.3613353,0.7214845,0.3030207,0,-4981424,0.1381958,0.3347042,0.318171,8.748054,9576544.3,5,20,0,54.58,56.47,5.114155,4.07435,0.7825099,1.377111,3
409,DUFU.KL,Dufu Technology Corp Bhd,Malaysia,Machinery,2022,1.522266,56.05,7.984322,0.134648,0.0819567,0.4155525,1.441084,0,5204732,0.264467,0.2242958,0.3289832,-18.43144,15230305,4,16.67,FALSE,71.09,20.99,8.861822,4.069967,6.403485,1.26002,3
409,DUFU.KL,Dufu Technology Corp Bhd,Malaysia,Machinery,2023,1.625535,61.28,7.958713,0.1134284,0.0774489,0.4200763,1.608726,0,-990355.1,0.2331043,0.1639547,0.3548394,-28.17087,5304647.1,4,16.67,0,76.47,33.6,3.555487,4.056108,-1.872256,1.825025,3
409,DUFU.KL,Dufu Technology Corp Bhd,Malaysia,Machinery,2024,1.502376,61.23,8.000484,0.1429944,0.1177999,0.5088493,1.70879,0,-359518.8,0.2500605,0.1585091,0.404625,17.06477,5046078.8,4,33.33,FALSE,78.05,34.59,5.114155,4.07435,0.7825099,1.710454,3
410,DUOP.KL,Duopharma Biotech Bhd,Malaysia,Pharmaceuticals,2022,1.095582,57.87,8.44359,0.3516452,0.2165373,0.4669003,0.2541167,0.0642759,4467500,0.1281487,0.1924669,0.4745969,3.156042,15934545,17,40,0,78.88,19.74,8.861822,4.069967,6.403485,1.913159,3
410,DUOP.KL,Duopharma Biotech Bhd,Malaysia,Pharmaceuticals,2023,1.028195,61.87,8.466953,0.4069272,0.1239489,0.2533814,0.5928578,0.1202816,2.46E+07,0.2122111,0.1807016,0.4329417,-3.037346,11469499,12,40,0,93.72,23.51,3.555487,4.056108,-1.872256,2.318864,3
410,DUOP.KL,Duopharma Biotech Bhd,Malaysia,Pharmaceuticals,2024,1.014125,62.05,8.489083,0.3723717,0.1291775,0.2661732,0.5803691,0.0934424,-1333259,0.2020381,0.1803905,0.4118939,18.61518,14020815,10,50,0,95.79,24.1,5.114155,4.07435,0.7825099,2.698061,3
411,ECOW.KL,Eco World Development Group Bhd,Malaysia,Real Estate Management & Development,2022,0.7586985,65.88,9.298621,0.2995578,0.2719397,0.5483843,0.4249481,0,1.02E+08,0.1182152,0.1018795,0.0159564,-12.38622,33264706,9,30.77,TRUE,56.66,60.38,8.861822,4.069967,6.403485,1.877947,3
411,ECOW.KL,Eco World Development Group Bhd,Malaysia,Real Estate Management & Development,2023,0.8206174,79.45,9.271739,0.2862402,0.2304523,0.4968573,0.2365748,0,-1.18E+08,0.1411169,0.1111715,0.0162083,8.145415,39757035,6,33.33,TRUE,79.43,83.51,3.555487,4.056108,-1.872256,1.568821,3
411,ECOW.KL,Eco World Development Group Bhd,Malaysia,Real Estate Management & Development,2024,0.7417598,72.73,9.309543,0.2557156,0.230914,0.5113504,0.2720957,0,3.16E+07,0.1658616,0.1307934,0.0146512,10.37811,69380343,7,36.36,TRUE,67.72,79.51,5.114155,4.07435,0.7825099,1.666295,3
412,EKOV.KL,Ekovest Bhd,Malaysia,Construction & Engineering,2022,0.1079329,17.58,9.40623,0.6112522,0.1259389,0.1603289,0.055497,0.0151468,-2.70E+07,0.0776644,0.0289215,0.0758093,-43.77137,-28017703,9,33.33,0,48.86,0,8.861822,4.069967,6.403485,1.91798,3
412,EKOV.KL,Ekovest Bhd,Malaysia,Construction & Engineering,2023,0.111001,26.26,9.387524,0.6005957,0.1284677,0.1610803,0.0582226,0.0274763,-917041.8,0.05681,0.0190866,0.0749144,30.47599,-23434941,7,37.5,0,70.14,4.36,3.555487,4.056108,-1.872256,1.660642,3
412,EKOV.KL,Ekovest Bhd,Malaysia,Construction & Engineering,2024,0.1108756,28.77,9.388015,0.5805954,0.1591308,0.1987264,0.039256,0.0182094,-5941464,0.0419342,0.0165587,0.0663272,1.600422,-25070626,6,33.33,0,69.33,7.02,5.114155,4.07435,0.7825099,1.339965,3
414,ELSR.KL,Elsoft Research Bhd,Malaysia,Semiconductors & Semiconductor Equipment,2022,1.391388,13.08,7.536631,0,0.0760027,0.9234183,0.9736243,0,-372154.6,0.5764289,0.0240635,0.1270043,-8.887696,9765704.6,5,28.57,TRUE,24.68,0.26,8.861822,4.069967,6.403485,1,3
414,ELSR.KL,Elsoft Research Bhd,Malaysia,Semiconductors & Semiconductor Equipment,2023,1.56178,14.72,7.485531,0,0.0324831,0.7623326,2.07368,0,-380274.5,0.6195976,0.0223406,0.1330588,-45.15873,1530324.6,4,25,TRUE,31.28,1.77,3.555487,4.056108,-1.872256,0,3
414,ELSR.KL,Elsoft Research Bhd,Malaysia,Semiconductors & Semiconductor Equipment,2024,1.907389,17.5,7.406136,0,0.0331451,0.7819617,1.112703,0,-1203266,0.5618582,0.0233482,0.1583818,-11.23924,494039.84,5,22.22,TRUE,31.38,1.42,5.114155,4.07435,0.7825099,1.379004,3
415,ENOB.KL,Eastern & Oriental Bhd,Malaysia,Real Estate Management & Development,2022,0.570794,64.37,8.950098,0.3956053,0.1497151,0.3084857,0.7833058,0,9.41E+07,0.1600172,0.1011592,0.0614874,115.7643,11740136,6,16.67,0,67.21,50.77,8.861822,4.069967,6.403485,1.405017,3
415,ENOB.KL,Eastern & Oriental Bhd,Malaysia,Real Estate Management & Development,2023,0.5826315,60.65,8.932523,0.3726218,0.1087143,0.2324559,0.757296,0,-3.87E+07,0.0915571,0.1144528,0.0559232,24.13942,29880995,5,16.67,0,55.22,63.19,3.555487,4.056108,-1.872256,1,3
415,ENOB.KL,Eastern & Oriental Bhd,Malaysia,Real Estate Management & Development,2024,0.4864022,54.97,9.013515,0.3809491,0.1468967,0.2975221,0.2044034,0,-4.16E+07,0.0733507,0.1251515,0.0496182,86.62887,40971139,5,16.67,0,38.07,72.87,5.114155,4.07435,0.7825099,1.691174,3
416,EPMB.KL,EP Manufacturing Bhd,Malaysia,Automobile Components,2022,0.1810696,20.27,8.143515,0.2988336,0.4755448,0.8865188,0,0.0997282,5218637,0.1134149,0.0665617,0.3452582,41.55564,90681.82,5,11.11,FALSE,52.94,5.56,8.861822,4.069967,6.403485,1.67467,3
416,EPMB.KL,EP Manufacturing Bhd,Malaysia,Automobile Components,2023,0.1868673,20,8.128898,0.3166652,0.4277394,0.8461068,0,0.0873811,-1491503,0.0891155,0.1031144,0.3573903,20.69909,4405446.6,7,12.5,FALSE,49.89,4.46,3.555487,4.056108,-1.872256,1.826726,3
416,EPMB.KL,EP Manufacturing Bhd,Malaysia,Automobile Components,2024,0.1781476,25.46,8.16691,0.2480535,0.3881612,0.8690152,0,0.1375489,8163608,0.1553238,0.0780212,0.3894764,-6.023752,3896374.2,7,14.29,FALSE,57.12,11.65,5.114155,4.07435,0.7825099,1.377111,3
417,ESCM.KL,ES Ceramics Technology Bhd,Malaysia,Building Products,2022,0.246398,30.33,7.81181,0.0967523,0.3598342,0.7797031,0,0.1703385,-4187358,0.3167281,0.0325785,0.3531663,122.0936,4945629.7,5,0,0,65.46,7,8.861822,4.069967,6.403485,1,3
417,ESCM.KL,ES Ceramics Technology Bhd,Malaysia,Building Products,2023,0.2329618,30.78,7.835234,0.0997444,0.3263535,0.7686271,0,0.2641039,9188359,0.2793844,0.0276986,0.3114052,33.19567,125977.89,5,20,TRUE,65.99,10.91,3.555487,4.056108,-1.872256,1,3
417,ESCM.KL,ES Ceramics Technology Bhd,Malaysia,Building Products,2024,0.1979719,23.73,7.905915,0.1011795,0.3235416,0.7618765,0,0.2234999,-2003388,0.2630017,0.0307668,0.2980691,42.0778,1514808.4,4,20,TRUE,34.43,13.06,5.114155,4.07435,0.7825099,1,3
418,ETEX.KL,Engtex Group Bhd,Malaysia,Trading Companies & Distributors,2022,0.304152,43.05,8.541888,0.3836686,0.4393682,0.9141917,0.0904108,0,455454.6,0.0858296,0.334101,0.2863719,15.96123,7800909.1,5,28.57,0,48.62,39.69,8.861822,4.069967,6.403485,1.270434,3
418,ETEX.KL,Engtex Group Bhd,Malaysia,Trading Companies & Distributors,2023,0.297629,40.82,8.54255,0.404821,0.4570543,0.92048,0.0508449,0,-1.01E+07,0.0479281,0.338833,0.2897298,-2.423542,2220043.6,5,37.5,0,37.84,35.27,3.555487,4.056108,-1.872256,1,3
418,ETEX.KL,Engtex Group Bhd,Malaysia,Trading Companies & Distributors,2024,0.3063056,41.67,8.545583,0.3736531,0.4223671,0.8877205,0.2081804,0,1.10E+07,0.0885446,0.3041154,0.2999019,2.13893,2280886.3,5,37.5,0,37.88,38.11,5.114155,4.07435,0.7825099,1.414065,3
419,EVGN.KL,Evergreen Fibreboard Bhd,Malaysia,Paper & Forest Products,2022,0.1213563,27.42,8.475032,0.1142281,0.1763597,0.7682937,0.3914893,0.0190295,5506109,0.0801114,0.165938,0.6693146,11.60313,-5927906.8,5,37.5,TRUE,55.27,9.15,8.861822,4.069967,6.403485,1.407234,3
419,EVGN.KL,Evergreen Fibreboard Bhd,Malaysia,Paper & Forest Products,2023,0.1139518,40.85,8.501445,0.1647475,0.2267638,0.7176092,0.5332938,0.0134767,1.65E+07,0.1484673,0.1288404,0.6360171,-23.40413,-8120971.7,5,33.33,TRUE,53.73,26.94,3.555487,4.056108,-1.872256,1.732347,3
419,EVGN.KL,Evergreen Fibreboard Bhd,Malaysia,Paper & Forest Products,2024,0.1096254,44.01,8.506021,0.1879239,0.2166026,0.6964765,0.374274,0.0161006,-1.17E+07,0.1010947,0.1496085,0.6727116,11.7087,456376.45,5,37.5,TRUE,67.95,26.23,5.114155,4.07435,0.7825099,1.565942,3
421,FMHB.KL,FM Global Logistics Holdings Bhd,Malaysia,Marine Transportation,2022,0.5170038,48.96,8.169389,0.218901,0.2185512,0.4937118,0.702123,0,3069882,0.1551383,0,0.5138071,-22.31129,10107610,5,37.5,0,71.1,23.86,8.861822,4.069967,6.403485,1.769657,3
421,FMHB.KL,FM Global Logistics Holdings Bhd,Malaysia,Marine Transportation,2023,0.4355866,60.09,8.242879,0.2784573,0.2461946,0.5172627,0.4449812,0,-6026087,0.1323975,0,0.5595104,-14.71517,7149734.9,5,37.5,0,70.79,41.29,3.555487,4.056108,-1.872256,1.423655,3
421,FMHB.KL,FM Global Logistics Holdings Bhd,Malaysia,Marine Transportation,2024,0.3693413,52.03,8.310733,0.2815813,0.2791644,0.5537568,0.4025012,0,1223991,0.1313654,0,0.551789,30.53191,8349643.7,5,37.5,0,51.37,32.27,5.114155,4.07435,0.7825099,1.773143,3
422,FRAS.KL,Fraser & Neave Holdings Bhd,Malaysia,Beverages,2022,2.624081,70.28,8.956229,0.0740041,0.1988589,0.6897932,0,0.110219,-2.02E+07,0.1148328,0.2150934,0.3771454,-2.292625,82474434,7,36.36,FALSE,76.57,69.97,8.861822,4.069967,6.403485,2.064766,3
422,FRAS.KL,Fraser & Neave Holdings Bhd,Malaysia,Beverages,2023,2.092269,69.13,9.037062,0.1502217,0.1663988,0.4809765,0,0.2018019,1.21E+08,0.2430844,0.1494991,0.381842,10.48845,1.16E+08,7,36.36,FALSE,80.04,62.59,3.555487,4.056108,-1.872256,2.514196,3
422,FRAS.KL,Fraser & Neave Holdings Bhd,Malaysia,Beverages,2024,1.755918,71.08,9.12334,0.1389992,0.2027027,0.5845192,0,0.207302,2.51E+07,0.2528611,0.1360787,0.3826521,19.45501,1.32E+08,7,27.27,FALSE,75.05,66.08,5.114155,4.07435,0.7825099,2.31268,3
423,FRKN.KL,Frontken Corporation Bhd,Malaysia,Commercial Services & Supplies,2022,8.997888,30.79,8.262786,0.06532,0.2306958,0.7223549,1.707152,0,5700462,0.4510416,0.0264106,0.328642,8.71137,30719895,6,16.67,TRUE,13.78,37.46,8.861822,4.069967,6.403485,1.604054,3
423,FRKN.KL,Frontken Corporation Bhd,Malaysia,Commercial Services & Supplies,2023,8.578183,58.74,8.285339,0.0374144,0.1879482,0.6813039,1.899917,0,1.68E+07,0.4992289,0.0252198,0.3065656,-7.296557,27089129,5,20,TRUE,34.26,49.76,3.555487,4.056108,-1.872256,1.436962,3
423,FRKN.KL,Frontken Corporation Bhd,Malaysia,Commercial Services & Supplies,2024,7.599219,59.45,8.344883,0.0291159,0.1899838,0.7008277,1.880629,0,2.31E+07,0.6016907,0.0214828,0.2603801,16.91444,33814116,5,33.33,TRUE,34.76,68.49,5.114155,4.07435,0.7825099,1.435883,3
424,GADA.KL,Gadang Holdings Bhd,Malaysia,Construction & Engineering,2022,0.1517864,27.31,8.478773,0.1632828,0.2357525,0.5488344,0.3912049,0,-1.63E+07,0.1326014,0.4076339,0.0262617,-27.80691,-8930414.1,6,33.33,TRUE,37.84,11.53,8.861822,4.069967,6.403485,2.259391,3
424,GADA.KL,Gadang Holdings Bhd,Malaysia,Construction & Engineering,2023,0.154549,39.94,8.470011,0.1353037,0.3160924,0.7357643,0.191887,0,-9653274,0.1209994,0.3855587,0.0224385,15.36595,105229.59,6,33.33,TRUE,46.87,17.93,3.555487,4.056108,-1.872256,2.350409,3
424,GADA.KL,Gadang Holdings Bhd,Malaysia,Construction & Engineering,2024,0.1431708,46.75,8.512177,0.1448362,0.3517433,0.8586304,0.2694679,0,1.74E+07,0.206038,0.2899125,0.016596,52.31933,1645426.8,6,33.33,0,58.88,24.63,5.114155,4.07435,0.7825099,1.940277,3
425,GAMU.KL,Gamuda Bhd,Malaysia,Construction & Engineering,2022,1.70959,76.2,9.658533,0.2364178,0.3133679,0.6130369,0.1301974,0,1.34E+08,0.179901,0.1316355,0.0579784,32.16696,1.67E+08,8,42.86,0,82.27,79.44,8.861822,4.069967,6.403485,1.857301,3
425,GAMU.KL,Gamuda Bhd,Malaysia,Construction & Engineering,2023,1.452846,73.09,9.72364,0.2923177,0.2880352,0.526011,0.2504045,0,2.05E+08,0.2034566,0.1941171,0.0764656,65.49739,1.86E+08,8,57.14,0,67.92,78.63,3.555487,4.056108,-1.872256,1.857301,3
425,GAMU.KL,Gamuda Bhd,Malaysia,Construction & Engineering,2024,1.329196,79.55,9.763822,0.2980033,0.2961541,0.5162497,0.2112855,0,-5.08E+07,0.1383636,0.2122281,0.0699792,59.35498,2.05E+08,4,42.86,0,81.61,84.7,5.114155,4.07435,0.7825099,2.418614,3
426,GENM.KL,Genting Malaysia Bhd,Malaysia,"Hotels, Restaurants & Leisure",2022,0.4340339,68.03,9.813384,0.4505606,0.130921,0.2343468,0.5714438,0.0140058,-3.63E+08,0.0947381,0.00526,0.5660857,95.8661,-1.52E+08,6,16.67,TRUE,35.86,82.04,8.861822,4.069967,6.403485,1.179039,3
426,GENM.KL,Genting Malaysia Bhd,Malaysia,"Hotels, Restaurants & Leisure",2023,0.4509475,65.82,9.802319,0.4465345,0.1080299,0.1931056,0.858301,0.0407267,1.83E+08,0.1300919,0.0061513,0.5247253,13.53733,78627451,4,10,TRUE,30.82,77.51,3.555487,4.056108,-1.872256,1.964097,3
426,GENM.KL,Genting Malaysia Bhd,Malaysia,"Hotels, Restaurants & Leisure",2024,0.4363717,70.85,9.805758,0.4662202,0.1169935,0.2007774,0.6132488,0.0524024,-7.80E+07,0.1251353,0.0065389,0.5209224,10.01384,36280215,5,22.22,TRUE,41.33,86.85,5.114155,4.07435,0.7825099,1.997718,3
427,GENP.KL,Genting Plantations Bhd,Malaysia,Food Products,2022,0.5361394,56.93,9.300626,0.2763186,0.1301745,0.3194835,0.126843,0.1404358,-1.24E+07,0.1701576,0.0328427,0.6085097,-3.561381,1.10E+08,4,11.11,TRUE,35.36,69.68,8.861822,4.069967,6.403485,2.160592,3
427,GENP.KL,Genting Plantations Bhd,Malaysia,Food Products,2023,0.5590448,55.29,9.271021,0.2447074,0.1172633,0.3107552,0.5878384,0.0394024,-1.15E+08,0.11433,0.0263361,0.6554467,-10.85106,57905882,4,10,TRUE,31.13,65.83,3.555487,4.056108,-1.872256,2.811544,3
427,GENP.KL,Genting Plantations Bhd,Malaysia,Food Products,2024,0.4903402,57.52,9.333256,0.3281162,0.2324032,0.5142691,0.3736567,0.0740878,1.86E+08,0.2254836,0.0357969,0.5655169,1.740919,74967547,4,20,TRUE,35.9,73.49,5.114155,4.07435,0.7825099,2.753373,3
428,GENT.KL,Genting Bhd,Malaysia,"Hotels, Restaurants & Leisure",2022,0.1139722,72.42,10.36731,0.3893752,0.087383,0.1264582,0.5814504,0.163013,-1.51E+08,0.2048848,0.0081514,0.5756524,56.56986,10113636,5,12.5,TRUE,29.85,90.11,8.861822,4.069967,6.403485,1.685176,3
428,GENT.KL,Genting Bhd,Malaysia,"Hotels, Restaurants & Leisure",2023,0.1106754,71.43,10.3669,0.3727927,0.0960444,0.1402597,0.5070462,0.1727645,3.79E+08,0.2235166,0.0081145,0.5610626,16.13828,4.94E+08,5,12.5,TRUE,31.14,85,3.555487,4.056108,-1.872256,1.661692,3
428,GENT.KL,Genting Bhd,Malaysia,"Hotels, Restaurants & Leisure",2024,0.1110829,70.17,10.37146,0.3845185,0.1035435,0.1493916,0.4316697,0.1684822,-2.81E+08,0.2173956,0.0094659,0.561731,4.997384,4.52E+08,4,12.5,TRUE,31.45,84.49,5.114155,4.07435,0.7825099,1.634286,3
429,GESH.KL,GE-SHEN Corporation Bhd,Malaysia,Containers & Packaging,2022,2.473351,16.11,7.796286,0.3697672,0.3454299,0.6272603,0.1204013,0,875454.6,0.0725169,0.139644,0.4844709,0.0835634,2180454.5,5,28.57,0,28.86,0.44,8.861822,4.069967,6.403485,1,3
429,GESH.KL,GE-SHEN Corporation Bhd,Malaysia,Containers & Packaging,2023,2.294475,10.84,7.830649,0.3388924,0.3121955,0.5924926,0.2345351,0,2522658,0.1006676,0.1591288,0.4659444,-3.1166,1982788.7,5,33.33,TRUE,13.46,0.39,3.555487,4.056108,-1.872256,0,3
429,GESH.KL,GE-SHEN Corporation Bhd,Malaysia,Containers & Packaging,2024,1.869784,13.54,7.914145,0.3478656,0.2428325,0.5035745,0.4208298,0,3782229,0.1463943,0.1223217,0.3284386,10.24712,2872426.1,6,40,FALSE,16.44,5.41,5.114155,4.07435,0.7825099,0,3
430,GKMS.KL,George Kent (Malaysia) Bhd,Malaysia,Construction & Engineering,2022,0.2414619,50.32,8.262615,0.2472196,0.1725975,0.4974422,0.5496182,0,-8578231,0.3096705,0.131337,0.1618597,-33.7195,162131.52,9,16.67,0,61.17,27.01,8.861822,4.069967,6.403485,1.581251,3
430,GKMS.KL,George Kent (Malaysia) Bhd,Malaysia,Construction & Engineering,2023,0.269044,49.71,8.221243,0.2630136,0.1781088,0.4902641,0,0.3490266,6432610,0.3599446,0.1054917,0.1767004,-49.17777,-5475489.7,5,33.33,0,68.98,25.04,3.555487,4.056108,-1.872256,1.83224,3
430,GKMS.KL,George Kent (Malaysia) Bhd,Malaysia,Construction & Engineering,2024,0.2595518,49.68,8.230311,0.2695304,0.3289842,0.9583994,0,0.3259446,-5252537,0.3816925,0.094661,0.1789081,8.906038,979706.88,4,33.33,0,63.34,28.5,5.114155,4.07435,0.7825099,1.932126,3
431,GOLD.KL,Golden Land Bhd,Malaysia,Real Estate Management & Development,2022,0.0790346,19.31,8.168974,0.3198094,0.2349607,0.557537,0.4546371,0,-237044.9,0.109142,0.1568348,0.571905,-33.37898,-5117076.7,5,33.33,TRUE,23.18,7.92,8.861822,4.069967,6.403485,1.312369,3
431,GOLD.KL,Golden Land Bhd,Malaysia,Real Estate Management & Development,2023,0.0848998,23.56,8.136956,0.3142924,0.2252073,0.5641938,0.296182,0,-5869702,0.0619617,0.1437591,0.6427436,32.20698,-3081858.5,5,33.33,TRUE,31.44,7.57,3.555487,4.056108,-1.872256,1.874609,3
431,GOLD.KL,Golden Land Bhd,Malaysia,Real Estate Management & Development,2024,0.0874611,25.4,8.124048,0.3185225,0.2421349,0.5209409,0.3154935,0,960294.8,0.0741549,0.1137285,0.6217107,55.51743,-3366965,6,33.33,TRUE,38.49,6.66,5.114155,4.07435,0.7825099,1.598748,3
432,GOPK.KL,Gopeng Bhd,Malaysia,Food Products,2022,0.9331659,19.89,7.831652,0.0066977,0.0135556,0.1320094,0,0,-783875,0.21042,0.0041373,0.7243096,-15.32307,-831115.91,5,0,0,44.78,15.56,8.861822,4.069967,6.403485,2.259484,3
432,GOPK.KL,Gopeng Bhd,Malaysia,Food Products,2023,0.4974866,30.28,8.110432,0,0.2749462,0.7601593,0,0,1168641,0.2012966,0.0005531,0.6097802,-33.27264,-155960.78,5,0,0,59.3,27.18,3.555487,4.056108,-1.872256,2.361789,3
432,GOPK.KL,Gopeng Bhd,Malaysia,Food Products,2024,0.446798,31.43,8.157102,0.0005627,0.2940349,0.7736844,0,0,5819998,0.0800533,0.0003761,0.5586061,3066.086,5307981.2,5,12.5,0,49.33,45.58,5.114155,4.07435,0.7825099,2.135284,3
433,HAPS.KL,Hap Seng Consolidated Bhd,Malaysia,Industrial Conglomerates,2022,0.3505311,42.6,9.627325,0.3864437,0.2278702,0.3871149,0.103598,0.0763336,4.68E+07,0.1532325,0.1159303,0.2552448,11.91402,2.42E+08,6,10,0,36.93,57.39,8.861822,4.069967,6.403485,1.871829,3
433,HAPS.KL,Hap Seng Consolidated Bhd,Malaysia,Industrial Conglomerates,2023,0.3504172,40.31,9.608881,0.3736204,0.2360871,0.4086782,0.271324,0.0614751,1.84E+08,0.1745491,0.0930874,0.2493311,-17.94965,1.98E+08,6,11.11,0,35.7,56.16,3.555487,4.056108,-1.872256,1.744078,3
433,HAPS.KL,Hap Seng Consolidated Bhd,Malaysia,Industrial Conglomerates,2024,0.3453003,43.35,9.629452,0.3828017,0.2191565,0.3773112,0.2990589,0.0929637,-8.82E+07,0.1997671,0.0973076,0.2559685,-4.956439,1.73E+08,7,11.11,0,41.91,61.3,5.114155,4.07435,0.7825099,2.104922,3
434,HEIN.KL,Heineken Malaysia Bhd,Malaysia,Beverages,2022,4.817186,50.39,8.505219,0.1249442,0.6266545,0.9594463,0.0595534,0,-5437500,0.0457052,0.1354077,0.3702544,36.50605,93823636,4,42.86,0,71.59,31.74,8.861822,4.069967,6.403485,2.321935,3
434,HEIN.KL,Heineken Malaysia Bhd,Malaysia,Beverages,2023,5.507832,51.77,8.434203,0.1153789,0.6005704,0.9498096,0.0578214,0,-2012201,0.0294875,0.09665,0.4772312,-11.43622,84270153,6,42.86,0,78.07,34.79,3.555487,4.056108,-1.872256,1.651399,3
434,HEIN.KL,Heineken Malaysia Bhd,Malaysia,Beverages,2024,5.159188,52.93,8.457161,0.0705568,0.5623205,0.9716893,0.0451272,0,-2424351,0.0267535,0.1188091,0.4703309,8.924953,1.05E+08,5,42.86,0,75.29,37.51,5.114155,4.07435,0.7825099,1.817046,3
435,HEKR.KL,Hektar Real Estate Investment Trust,Malaysia,Retail REITs,2022,0.2793292,36.13,8.448393,0.4463301,0.0334184,0.0647619,0.5607576,0,-1.06E+07,0.0178036,0,0.0000369,15.06033,16964920,5,25,TRUE,21.88,36.91,8.861822,4.069967,6.403485,1,3
435,HEKR.KL,Hektar Real Estate Investment Trust,Malaysia,Retail REITs,2023,0.2732228,40.24,8.457064,0.427599,0.0201822,0.0413266,2.385651,0,1.08E+07,0.0491187,0,0.000315,-8.994873,10687887,6,50,TRUE,25.6,40.74,3.555487,4.056108,-1.872256,1,3
435,HEKR.KL,Hektar Real Estate Investment Trust,Malaysia,Retail REITs,2024,0.243858,44.25,8.506443,0.4171985,0.0380735,0.078908,0.3411404,0,-9709358,0.0145524,0,0.000327,14.99117,5509218.9,7,20,TRUE,18.75,42.88,5.114155,4.07435,0.7825099,2.025635,3
436,HENY.KL,Hengyuan Refining Company Bhd,Malaysia,"Oil, Gas & Consumable Fuels",2022,0.0602034,46.46,9.177538,0.244193,0.6837533,0.8627353,0.2948061,0,1.48E+08,0.230386,0.2267989,0.3117014,66.65193,-35827273,5,16.67,FALSE,62.56,23.17,8.861822,4.069967,6.403485,1.224988,3
436,HENY.KL,Hengyuan Refining Company Bhd,Malaysia,"Oil, Gas & Consumable Fuels",2023,0.0730291,52.13,9.089301,0.3053984,0.6617084,0.8808408,0.2756993,0,-4.66E+07,0.1488901,0.2467889,0.3901207,-30.17882,-1.06E+08,5,28.57,FALSE,76.53,32.5,3.555487,4.056108,-1.872256,1.218504,3
436,HENY.KL,Hengyuan Refining Company Bhd,Malaysia,"Oil, Gas & Consumable Fuels",2024,0.1069904,51.39,8.926886,0.3818518,0.5963481,0.8575924,0.3016009,0,-7.82E+07,0.1237418,0.1059382,0.5581208,14.82171,-80027081,5,33.33,FALSE,76.7,29.43,5.114155,4.07435,0.7825099,1.416613,3
437,HEVE.KL,HeveaBoard Bhd,Malaysia,Paper & Forest Products,2022,0.25104,27.27,8.063084,0.0180822,0.1392233,0.8536085,0.3509988,0,2713182,0.217633,0.2061884,0.4483664,5.299235,2121136.4,5,22.22,0,77.41,7.03,8.861822,4.069967,6.403485,1.940429,3
437,HEVE.KL,HeveaBoard Bhd,Malaysia,Paper & Forest Products,2023,0.2714077,29.31,8.03826,0.0375326,0.1305422,0.7607626,0.2852515,0,-8444227,0.2285413,0.1867034,0.475609,-31.13534,-818736.38,5,25,0,76.59,12.64,3.555487,4.056108,-1.872256,1.614227,3
437,HEVE.KL,HeveaBoard Bhd,Malaysia,Paper & Forest Products,2024,0.2707432,35.74,8.039325,0.0399043,0.1205675,0.6970628,0.3461806,0,-3038720,0.2173472,0.1818234,0.5091006,13.42287,-1145031.3,5,25,0,81.8,19.19,5.114155,4.07435,0.7825099,1.86025,3
438,HEXR.KL,Hextar Healthcare Bhd,Malaysia,Household Products,2022,0.1533523,35.77,8.196743,0.0098013,0.1051312,0.8306586,1.275275,0,-4.68E+07,0.1320412,0.1186635,0.306756,-67.53002,-12655780,4,0,0,24.1,32.97,8.861822,4.069967,6.403485,1.89619,3
438,HEXR.KL,Hextar Healthcare Bhd,Malaysia,Household Products,2023,0.2028761,55.02,8.099097,0.0097772,0.0531486,0.8956689,0.8502023,0,-1.45E+07,0.0360885,0.0993571,0.329954,-15.20815,-14025464,5,33.33,0,61.46,30.04,3.555487,4.056108,-1.872256,1.811517,3
438,HEXR.KL,Hextar Healthcare Bhd,Malaysia,Household Products,2024,0.1994932,53.54,8.081576,0.0069139,0.0506742,0.8796982,0.3373846,0,-3771822,0.0164207,0.1184554,0.3282847,-2.45618,-3115508.1,4,33.33,0,56.19,34.16,5.114155,4.07435,0.7825099,0,3
439,HEXT.KL,Hextar Global Bhd,Malaysia,Chemicals,2022,5.928056,49.6,8.150559,0.4424652,0.3209475,0.492561,0.2507962,0,-1553511,0.0814048,0.2241704,0.2051174,21.30547,13398923,6,16.67,0,51.32,41,8.861822,4.069967,6.403485,1.215501,3
439,HEXT.KL,Hextar Global Bhd,Malaysia,Chemicals,2023,4.321744,44.57,8.282004,0.4778329,0.506896,0.7154452,0.1718917,0,2166296,0.166216,0.2138256,0.1959476,7.805454,14741603,9,16.67,0,42.31,39.62,3.555487,4.056108,-1.872256,1.13449,3
439,HEXT.KL,Hextar Global Bhd,Malaysia,Chemicals,2024,4.477431,43.03,8.266635,0.5298966,0.4954628,0.681232,0.1210121,0,-7320396,0.0795065,0.1670666,0.2067234,41.00261,16041900,5,16.67,0,42.45,36.71,5.114155,4.07435,0.7825099,1.305398,3
440,HLIB.KL,Hong Leong Industries Bhd,Malaysia,Industrial Conglomerates,2022,1.69317,54.31,8.76296,0.0027453,0.1793736,0.7183515,0,0.1946016,-1.58E+08,0.5475358,0.1245021,0.0809249,30.8263,84362915,4,28.57,0,53.98,46.97,8.861822,4.069967,6.403485,1.447358,3
440,HLIB.KL,Hong Leong Industries Bhd,Malaysia,Industrial Conglomerates,2023,1.659767,55.47,8.774809,0.0020721,0.1714934,0.6868469,0,0.3253554,8.02E+07,0.6417769,0.0745643,0.0732848,-9.892605,1.09E+08,4,28.57,0,52.36,56,3.555487,4.056108,-1.872256,1.661121,3
440,HLIB.KL,Hong Leong Industries Bhd,Malaysia,Industrial Conglomerates,2024,1.30373,60.33,8.886454,0.0339545,0.1850505,0.6414213,0,0.1132151,-1.30E+08,0.8045859,0.0753888,0.1366702,28.51462,1.57E+08,4,33.33,0,46.59,78.3,5.114155,4.07435,0.7825099,1.934044,3
442,HSIB.KL,Hup Seng Industries Bhd,Malaysia,Food Products,2022,3.63809,55.35,7.684592,0.0023112,0.3048511,0.904483,0.1085323,0,-730050,0.2852609,0.1406787,0.3661462,1.789762,5927479.5,7,33.33,0,76.56,39.12,8.861822,4.069967,6.403485,1.405017,3
442,HSIB.KL,Hup Seng Industries Bhd,Malaysia,Food Products,2023,3.377915,59.27,7.715889,0.001108,0.293108,0.9150862,0.0757281,0,6114277,0.4076379,0.1262542,0.3141177,7.632926,9822568.6,8,33.33,0,81.45,47.45,3.555487,4.056108,-1.872256,1.654646,3
442,HSIB.KL,Hup Seng Industries Bhd,Malaysia,Food Products,2024,3.141952,56.88,7.749679,0.0023136,0.3162641,0.9098536,0.095828,0,-1655627,0.3578056,0.127023,0.3552954,13.67972,12894123,9,33.33,0,78.82,37.6,5.114155,4.07435,0.7825099,1.681093,3
443,HTVE.KL,Hiap Teck Venture Bhd,Malaysia,Metals & Mining,2022,0.2597928,32.09,8.658924,0.3025332,0.3628227,0.9739208,0,0.073991,-1904227,0.0953876,0.3164063,0.1293251,38.7702,35153777,4,0,0,45.74,28.55,8.861822,4.069967,6.403485,1.414089,3
443,HTVE.KL,Hiap Teck Venture Bhd,Malaysia,Metals & Mining,2023,0.2815111,36.12,8.623127,0.2871025,0.3134187,0.9785181,0,0.0709757,-3493677,0.0671334,0.2346777,0.1502387,-1.188771,7062347.5,4,11.11,0,51.55,28.03,3.555487,4.056108,-1.872256,1.312449,3
443,HTVE.KL,Hiap Teck Venture Bhd,Malaysia,Metals & Mining,2024,0.2590021,32.81,8.659319,0.2714498,0.3316513,0.9765031,0,0.0447978,-8805314,0.0511431,0.234806,0.1462521,4.216612,23379573,5,0,0,45.75,26.76,5.114155,4.07435,0.7825099,1.594939,3
444,HTHB.KL,Hartalega Holdings Bhd,Malaysia,Health Care Equipment & Supplies,2022,0.8266941,64.62,9.08024,0.0291047,0.0667534,0.5326281,1.339847,0,-1.48E+08,0.2589288,0.0438065,0.5465984,-70.88704,-54151927,6,37.5,TRUE,69.29,38.97,8.861822,4.069967,6.403485,2.0986,3
444,HTHB.KL,Hartalega Holdings Bhd,Malaysia,Health Care Equipment & Supplies,2023,0.8767198,67.81,9.046617,0.0135727,0.0732431,0.6314167,0.9143667,0.0114611,-6.29E+07,0.25126,0.0733469,0.5574289,-28.76558,4189094.8,5,37.5,TRUE,76.16,41.05,3.555487,4.056108,-1.872256,1,3
444,HTHB.KL,Hartalega Holdings Bhd,Malaysia,Health Care Equipment & Supplies,2024,0.9355867,63.08,9.029118,0.0014446,0.0510697,0.5763058,1.087386,0.0131957,-1.22E+08,0.1869597,0.0713466,0.627632,49.78779,16777903,5,33.33,TRUE,67.1,42.25,5.114155,4.07435,0.7825099,1.407802,3
445,HUMC.KL,Hume Cement Industries Bhd,Malaysia,Construction Materials,2022,1.886278,44.72,8.469112,0.4837514,0.4473131,0.6243942,0.0160925,0.0038531,3107808,0.0500303,0.1260974,0.6382586,13.17736,707671.36,4,20,0,62.66,30.38,8.861822,4.069967,6.403485,1.684079,3
445,HUMC.KL,Hume Cement Industries Bhd,Malaysia,Construction Materials,2023,2.166519,44.34,8.405321,0.4377298,0.4774367,0.7477542,0.0696206,0,-2703966,0.0376002,0.1071924,0.6545238,31.8553,12869025,4,20,0,59.71,30.94,3.555487,4.056108,-1.872256,1.567148,3
445,HUMC.KL,Hume Cement Industries Bhd,Malaysia,Construction Materials,2024,2.112183,46.2,8.41363,0.2504566,0.2439646,0.4678736,0.2995284,0,1.20E+07,0.0903328,0.1035355,0.6046647,17.56518,44737858,4,25,0,37.04,40.51,5.114155,4.07435,0.7825099,2.334358,3
446,IBHD.KL,I-Bhd,Malaysia,Real Estate Management & Development,2022,0.2480668,31.66,8.639713,0.1621806,0.2253628,0.5764465,0.0304696,5.73E-06,2283864,0.0093496,0.3902864,0.1409188,41.12397,6205681.8,4,33.33,TRUE,51.44,2.85,8.861822,4.069967,6.403485,1.54147,3
446,IBHD.KL,I-Bhd,Malaysia,Real Estate Management & Development,2023,0.2761102,22.65,8.601045,0.1656012,0.1890077,0.529027,0.0732017,6.55E-06,1295643,0.012663,0.3553601,0.1484004,40.70027,2632461.9,5,33.33,TRUE,28.61,5.56,3.555487,4.056108,-1.872256,1,3
446,IBHD.KL,I-Bhd,Malaysia,Real Estate Management & Development,2024,0.2573005,35.63,8.622913,0.1564753,0.1720851,0.5140346,0.0833772,6.40E-06,349373.3,0.0150957,0.3640987,0.1529411,30.00047,6544538.9,4,28.57,TRUE,43.85,7.99,5.114155,4.07435,0.7825099,1.413115,3
447,IFCA.KL,IFCA MSC Bhd,Malaysia,Software,2022,1.218898,15.67,7.529222,0.0031088,0.1911758,0.939203,1.062015,0,-1504461,0.4288121,0,0.0448211,-10.53008,-953861.36,5,16.67,TRUE,25.16,2.71,8.861822,4.069967,6.403485,0,3
447,IFCA.KL,IFCA MSC Bhd,Malaysia,Software,2023,1.233269,13.2,7.530757,0.0100023,0.1978237,0.897553,0.9089698,0,-2596906,0.5077854,0,0.0483457,-0.8164442,581198.26,5,16.67,TRUE,19.87,2.1,3.555487,4.056108,-1.872256,1,3
447,IFCA.KL,IFCA MSC Bhd,Malaysia,Software,2024,1.149508,21.2,7.568727,0.0068302,0.2254707,0.9099506,0.6620278,0,-1482773,0.5059412,0.0000561,0.0416771,39.50171,4264301.7,5,16.67,TRUE,24.88,7.79,5.114155,4.07435,0.7825099,1,3
448,IJMS.KL,IJM Corporation Bhd,Malaysia,Construction & Engineering,2022,0.557659,66.12,9.66754,0.2650187,0.2340639,0.4889279,0.375438,0,-1.81E+07,0.1284362,0.3253245,0.0591187,-1.159494,47980952,6,18.18,TRUE,76.53,51.12,8.861822,4.069967,6.403485,1.869835,3
448,IJMS.KL,IJM Corporation Bhd,Malaysia,Construction & Engineering,2023,0.5638142,64.25,9.65452,0.2633877,0.2352663,0.4891972,0.3743012,0,8030916,0.1339794,0.2954288,0.063664,20.87849,1.41E+08,5,27.27,TRUE,82.37,48.35,3.555487,4.056108,-1.872256,2.600451,3
448,IJMS.KL,IJM Corporation Bhd,Malaysia,Construction & Engineering,2024,0.5255009,65.22,9.690951,0.2713048,0.253749,0.5190716,0.3416446,0,-8.93E+07,0.1357717,0.2964538,0.0675087,12.47652,1.05E+08,6,27.27,TRUE,84.3,51.79,5.114155,4.07435,0.7825099,2.262055,3
449,INNY.KL,Innity Corporation Bhd,Malaysia,Media,2022,0.4421431,23.85,7.255156,0.0382958,0.4433314,0.8858008,1.00959,0,312861.4,0.4029053,0.0004358,0.0598434,-5.958744,-143254.55,6,11.11,0,23.1,17.49,8.861822,4.069967,6.403485,1.15166,3
449,INNY.KL,Innity Corporation Bhd,Malaysia,Media,2023,0.4457521,28.55,7.250697,0.0579904,0.4763853,0.9142548,0.84169,0,-1929211,0.3968729,0.0001459,0.0725131,-8.323877,-472599.13,6,11.11,0,31.89,30.44,3.555487,4.056108,-1.872256,1.540805,3
449,INNY.KL,Innity Corporation Bhd,Malaysia,Media,2024,0.5062453,27.82,7.195429,0.0809135,0.5427911,0.9959493,0.4747852,0,-2401699,0.2269146,3.28E-06,0.0710616,1.068503,-2170579.7,6,11.11,0,30.07,27.85,5.114155,4.07435,0.7825099,1.125141,3
450,IOIB.KL,IOI Corporation Bhd,Malaysia,Food Products,2022,1.322775,54.07,9.638528,0.2633479,0.1957241,0.4561715,0.3250346,0,1.20E+08,0.1394465,0.0867757,0.4543662,30.41174,4.02E+08,6,16.67,TRUE,52.13,62.4,8.861822,4.069967,6.403485,1.875272,3
450,IOIB.KL,IOI Corporation Bhd,Malaysia,Food Products,2023,1.5236,53.87,9.576214,0.217286,0.0952969,0.2680328,0.6108624,0,-6.81E+07,0.1134492,0.0659087,0.5116171,-29.77161,2.42E+08,9,33.33,TRUE,50.52,62.77,3.555487,4.056108,-1.872256,1.992198,3
450,IOIB.KL,IOI Corporation Bhd,Malaysia,Food Products,2024,1.512926,53.09,9.580394,0.2098238,0.0881051,0.2523788,0.4741903,0,-1.13E+07,0.1268855,0.071095,0.5143795,-17.97373,2.37E+08,6,37.5,TRUE,43.96,69.85,5.114155,4.07435,0.7825099,1.996469,3
452,JCYI.KL,JCY International Bhd,Malaysia,"Technology Hardware, Storage & Peripherals",2022,0.6980706,21.81,8.311615,0.0757661,0.169403,0.9625648,0.8102181,0.0271026,-2.30E+07,0.1288946,0.3476356,0.3384565,-28.92741,-19240777,0,0,0,50.71,1.41,8.861822,4.069967,6.403485,1.9604,3
452,JCYI.KL,JCY International Bhd,Malaysia,"Technology Hardware, Storage & Peripherals",2023,0.8747953,16.81,8.22792,0.0562703,0.1362591,0.9879532,0.6129301,0.0464828,-1.13E+07,0.1072152,0.2900962,0.3492457,-43.48405,-19240226,6,0,TRUE,34.43,2.59,3.555487,4.056108,-1.872256,1.689714,3
452,JCYI.KL,JCY International Bhd,Malaysia,"Technology Hardware, Storage & Peripherals",2024,0.7854486,23.77,8.274708,0.0419979,0.1332925,0.9777868,0.2632231,0.1855014,1.65E+07,0.2456794,0.2261405,0.3191703,45.35394,6989808.3,8,20,TRUE,63.98,1.59,5.114155,4.07435,0.7825099,1.86422,3
453,JENT.KL,Jentayu Sustainables Bhd,Malaysia,Trading Companies & Distributors,2022,1.237231,10.34,7.524338,0.2085966,0.2478811,0.5904374,0.0731494,0,-1665002,0.023295,0.0324509,0.2066897,158.2464,6534725.4,7,16.67,TRUE,9.86,9.74,8.861822,4.069967,6.403485,1.613411,3
453,JENT.KL,Jentayu Sustainables Bhd,Malaysia,Trading Companies & Distributors,2023,0.9644129,13.59,7.625994,0.1957022,0.2092792,0.5643095,0,0.0267127,346409.4,0.0337578,0.0225894,0.4566115,-51.38859,-1104608.8,7,16.67,TRUE,19.82,8.52,3.555487,4.056108,-1.872256,1.407394,3
453,JENT.KL,Jentayu Sustainables Bhd,Malaysia,Trading Companies & Distributors,2024,0.8872477,24.94,7.650782,0.1230005,0.2263177,0.6961599,0,0.019925,-134040.3,0.0210954,0.0146167,0.4976136,-49.04872,-4220360.5,7,33.33,TRUE,14.54,25.19,5.114155,4.07435,0.7825099,1.9798,3
454,JHMC.KL,JHM Consolidation Bhd,Malaysia,"Electronic Equipment, Instruments & Components",2022,0.4186863,25.23,8.048701,0.1786847,0.2984877,0.7896708,0,0.1258431,3258180,0.1429496,0.1934352,0.3028606,13.52625,4777043.2,4,28.57,TRUE,60.25,2.4,8.861822,4.069967,6.403485,1,3
454,JHMC.KL,JHM Consolidation Bhd,Malaysia,"Electronic Equipment, Instruments & Components",2023,0.4651168,39.84,8.00873,0.1494011,0.2262342,0.7156094,0,0.1545806,2295906,0.1531489,0.2172329,0.3269792,-16.27423,3113956.4,4,28.57,TRUE,62.31,22.69,3.555487,4.056108,-1.872256,1,3
454,JHMC.KL,JHM Consolidation Bhd,Malaysia,"Electronic Equipment, Instruments & Components",2024,0.4925679,44.69,7.977195,0.1131615,0.2245438,0.7686661,0,0.1592016,-1021690,0.1556942,0.2395188,0.3485955,-26.86094,-5123196.1,4,28.57,TRUE,65.28,31.02,5.114155,4.07435,0.7825099,1.559593,3
455,JOEH.KL,Joe Holding Bhd,Malaysia,Distributors,2022,0.0627814,9.38,7.762969,0.2293217,0.2448984,0.8235155,1.050564,0,-1.53E+07,0.5274999,0.0211812,0.0307464,6.876979,-8769161,6,0,0,21.21,1.73,8.861822,4.069967,6.403485,0,3
455,JOEH.KL,Joe Holding Bhd,Malaysia,Distributors,2023,0.071379,10.35,7.706302,0.266818,0.2860355,0.867824,0.4961857,0,-9325781,0.3693097,0.0129963,0.0772283,3.430617,-4228268.9,5,0,0,26.31,2.68,3.555487,4.056108,-1.872256,0,3
455,JOEH.KL,Joe Holding Bhd,Malaysia,Distributors,2024,0.0713259,13.4,7.706625,0.2701679,0.2899647,0.8657283,0.3861375,0,-2002931,0.4307056,0.0074216,0.0773617,-28.89453,-2456144.3,5,25,0,31.39,4.61,5.114155,4.07435,0.7825099,1.358907,3
456,JTIA.KL,Jaya Tiasa Holdings Bhd,Malaysia,Paper & Forest Products,2022,0.6271902,26.42,8.671072,0.2772787,0.0770829,0.2003115,1.552402,0,6.58E+07,0.1198839,0.0320988,0.8020133,5.564663,30506809,6,42.86,0,42.92,6.88,8.861822,4.069967,6.403485,1.352342,3
456,JTIA.KL,Jaya Tiasa Holdings Bhd,Malaysia,Paper & Forest Products,2023,0.672844,29.62,8.622184,0.1782389,0.0693758,0.235617,1.714798,0,-7318328,0.1063,0.0321893,0.7962261,-0.4051443,32540622,4,37.5,TRUE,52.4,13.89,3.555487,4.056108,-1.872256,1.351727,3
456,JTIA.KL,Jaya Tiasa Holdings Bhd,Malaysia,Paper & Forest Products,2024,0.6881849,29.54,8.622944,0.0981532,0.0738347,0.2886876,1.938287,0,1.06E+07,0.1433634,0.0318363,0.7746275,17.56149,27352280,4,33.33,TRUE,42.62,24.31,5.114155,4.07435,0.7825099,1.577159,3
458,KESM.KL,KESM Industries Bhd,Malaysia,Semiconductors & Semiconductor Equipment,2022,0.2736586,22.17,7.98088,0.0641008,0.0891594,0.5996776,0.665639,0,3773606,0.4315062,0.0043863,0.4006959,-5.751854,374550.36,5,20,TRUE,25.29,11.03,8.861822,4.069967,6.403485,1.388004,3
458,KESM.KL,KESM Industries Bhd,Malaysia,Semiconductors & Semiconductor Equipment,2023,0.2503943,27.5,8.031899,0.1931982,0.1341034,0.4991865,0.3597552,0,3788551,0.5441725,0.0030677,0.3702167,-8.690015,-694475.26,5,20,TRUE,43.73,11.69,3.555487,4.056108,-1.872256,2.271031,3
458,KESM.KL,KESM Industries Bhd,Malaysia,Semiconductors & Semiconductor Equipment,2024,0.2578512,22.36,8.009171,0.1562047,0.1482004,0.5975258,0.3799096,0,-5437065,0.4993516,0.0033774,0.3494989,4.487192,40940.77,5,20,TRUE,29.14,15.15,5.114155,4.07435,0.7825099,2.09111,3
459,KIML.KL,Kim Loong Resources Bhd,Malaysia,Food Products,2022,1.812798,31.3,8.471897,0.0462462,0.1355703,0.3991125,0.6599807,0,-1.73E+07,0.3104052,0.0504598,0.5836541,9.999459,46841283,5,14.29,0,37.7,28.42,8.861822,4.069967,6.403485,2.090318,3
459,KIML.KL,Kim Loong Resources Bhd,Malaysia,Food Products,2023,1.999268,30.95,8.424654,0.0409431,0.1189465,0.3815219,0.6209593,0,-1.26E+07,0.298896,0.0378619,0.5832316,-27.87835,37626146,5,14.29,0,31.09,30.54,3.555487,4.056108,-1.872256,2.144906,3
459,KIML.KL,Kim Loong Resources Bhd,Malaysia,Food Products,2024,1.731179,33.03,8.489084,0.116951,0.1012455,0.2833875,0.7544543,0,1.64E+07,0.4431324,0.0326408,0.5435537,17.21437,43726467,5,14.29,0,35.2,34.7,5.114155,4.07435,0.7825099,2.859746,3
460,KKBE.KL,KKB Engineering Berhad,Malaysia,Construction & Engineering,2022,0.713007,43.33,8.100899,0.000422,0.1889487,0.6689914,0.0647276,0,-4213773,0.405506,0.0858543,0.2432209,-6.521863,4196959.1,4,25,0,69.94,29.99,8.861822,4.069967,6.403485,1.377111,3
460,KKBE.KL,KKB Engineering Berhad,Malaysia,Construction & Engineering,2023,0.6217539,42.33,8.145978,0.0001611,0.2637758,0.7217365,0.0897596,0,1977763,0.400964,0.0801786,0.2106985,16.70934,7482721.1,4,22.22,0,74.71,28.39,3.555487,4.056108,-1.872256,1.762748,3
460,KKBE.KL,KKB Engineering Berhad,Malaysia,Construction & Engineering,2024,0.4796564,45.66,8.265452,0.0000518,0.4259252,0.8558836,0.1211687,0,3934651,0.3487997,0.0649416,0.1568582,38.34692,9056172.8,4,22.22,0,66.74,43.96,5.114155,4.07435,0.7825099,2.376052,3
461,KLCC.KL,KLCCP Stapled Group,Malaysia,Diversified REITs,2022,0.9012646,42.95,9.614452,0.1313387,0.0178222,0.0648391,0.0399566,0,3.32E+07,0.0169403,0.000086,0.0317426,17.92622,2.07E+08,12,50,TRUE,28.02,49.33,8.861822,4.069967,6.403485,1.832868,3
461,KLCC.KL,KLCCP Stapled Group,Malaysia,Diversified REITs,2023,0.9245619,47.81,9.601434,0.1289533,0.0740836,0.2719449,0.0050566,0,4725708,0.0188077,0.0000877,0.0300137,6.365445,2.32E+08,8,50,TRUE,47.26,48.69,3.555487,4.056108,-1.872256,1.914118,3
461,KLCC.KL,KLCCP Stapled Group,Malaysia,Diversified REITs,2024,0.8861389,62.3,9.620874,0.2313349,0.038682,0.144626,0.0234052,0,3.16E+07,0.0244583,0.0001119,0.0290633,8.548399,2.37E+08,5,50,TRUE,39.67,65.44,5.114155,4.07435,0.7825099,2.139966,3
462,KOBA.KL,Kobay Technology Bhd,Malaysia,Machinery,2022,0.7211565,18.83,8.110844,0.1261705,0.2467921,0.6832075,0.3299349,0,6139633,0.2365678,0.2059545,0.324552,112.4964,12002857,4,20,TRUE,20.95,5.08,8.861822,4.069967,6.403485,1.798448,3
462,KOBA.KL,Kobay Technology Bhd,Malaysia,Machinery,2023,0.7876177,22.75,8.082354,0.1796612,0.2066024,0.6341171,0.1865272,0,-7744227,0.0790228,0.2541997,0.3229581,-16.34802,5485519.8,5,20,TRUE,33.81,10.17,3.555487,4.056108,-1.872256,1.601313,3
462,KOBA.KL,Kobay Technology Bhd,Malaysia,Machinery,2024,0.7368512,18.28,8.111289,0.2055964,0.259944,0.693451,0.2005783,0,3708331,0.1016633,0.2510228,0.2949941,4.240462,2460133.6,4,33.33,TRUE,25.75,10.97,5.114155,4.07435,0.7825099,1.544562,3
463,KPJH.KL,KPJ Healthcare Bhd,Malaysia,Health Care Providers & Services,2022,1.842039,71.15,9.201277,0.5361721,0.239272,0.3510703,0.2266517,0,3.34E+07,0.0715655,0.0094183,0.6201344,4.817593,45894091,9,16.67,0,79.17,55.87,8.861822,4.069967,6.403485,1.671652,3
463,KPJH.KL,KPJ Healthcare Bhd,Malaysia,Health Care Providers & Services,2023,1.782725,71.76,9.198296,0.5274761,0.1934203,0.288208,0.3830139,0,2.96E+07,0.1076231,0.0100754,0.6017435,14.24842,65925272,11,20,0,74.19,64.47,3.555487,4.056108,-1.872256,1.764615,3
463,KPJH.KL,KPJ Healthcare Bhd,Malaysia,Health Care Providers & Services,2024,1.750384,69.06,9.219309,0.4959726,0.1751691,0.2664744,0.3861996,0,9355640,0.0870448,0.0108062,0.6198865,17.86178,81639436,7,18.18,0,77.83,62.21,5.114155,4.07435,0.7825099,1.79168,3
464,KPSB.KL,Kumpulan Perangsang Selangor Bhd,Malaysia,Trading Companies & Distributors,2022,0.1546413,58.19,8.691711,0.2626942,0.2011444,0.3956597,0.3784546,0,841590.9,0.2263559,0.0852119,0.2224323,-17.2359,14063409,7,25,TRUE,61,55.1,8.861822,4.069967,6.403485,2.254005,3
464,KPSB.KL,Kumpulan Perangsang Selangor Bhd,Malaysia,Trading Companies & Distributors,2023,0.1647428,64.68,8.663301,0.2342158,0.1680493,0.3378524,0.450009,0,1.82E+07,0.1952059,0.0591851,0.2268948,-13.66458,294553.38,7,37.5,TRUE,69.2,59.76,3.555487,4.056108,-1.872256,1.85406,3
464,KPSB.KL,Kumpulan Perangsang Selangor Bhd,Malaysia,Trading Companies & Distributors,2024,0.2131658,61.23,8.555025,0.1207004,0.2151325,0.6698416,0.5633239,0,-1.22E+07,0.1873649,0.0750657,0.2816806,4.557968,4271262.3,6,37.5,TRUE,68.79,54.68,5.114155,4.07435,0.7825099,1.616559,3
465,KREJ.KL,Kerjaya Prospek Group Bhd,Malaysia,Construction & Engineering,2022,1.942676,39.26,8.508745,0.0084316,0.1747088,0.831107,0.0953789,0.1395018,1.03E+07,0.1750893,0.1419727,0.0643163,8.696882,26100875,5,37.5,TRUE,55.41,25.41,8.861822,4.069967,6.403485,1.675778,3
465,KREJ.KL,Kerjaya Prospek Group Bhd,Malaysia,Construction & Engineering,2023,1.806867,36.79,8.551641,0.0187494,0.2624711,0.8905927,0.1505062,0.0560077,-1.34E+07,0.132159,0.1321182,0.0573291,25.81085,28691959,5,37.5,TRUE,44.95,22.98,3.555487,4.056108,-1.872256,1.57273,3
465,KREJ.KL,Kerjaya Prospek Group Bhd,Malaysia,Construction & Engineering,2024,1.328605,37.06,8.69718,0.0125683,0.4860052,0.9927306,0.1239628,0.0001838,1.08E+07,0.1851828,0.1122071,0.0437843,28.02894,35873492,6,37.5,TRUE,31.44,37.42,5.114155,4.07435,0.7825099,1.35272,3
466,KRIB.KL,Kossan Rubber Industries Bhd,Malaysia,Health Care Equipment & Supplies,2022,0.7484263,28.25,8.992749,0.0193093,0.0658052,0.6306984,4.734029,0,-2.75E+08,0.3861216,0.0663423,0.3281596,-66.55258,36184545,4,11.11,TRUE,25.23,8.23,8.861822,4.069967,6.403485,1.397756,3
466,KRIB.KL,Kossan Rubber Industries Bhd,Malaysia,Health Care Equipment & Supplies,2023,0.7889588,37.48,8.961677,0.0041258,0.0508566,0.5833736,5.948656,0,-1.67E+07,0.4638968,0.0569275,0.3246261,-34.92592,3554684.1,5,11.11,TRUE,29.62,18.65,3.555487,4.056108,-1.872256,1.286738,3
466,KRIB.KL,Kossan Rubber Industries Bhd,Malaysia,Health Care Equipment & Supplies,2024,0.8187149,39.02,8.963473,0.0192157,0.0745531,0.6616776,3.187534,0,-6.61E+07,0.4074528,0.0595129,0.383154,23.72341,27031558,6,22.22,TRUE,29.28,25.26,5.114155,4.07435,0.7825099,1.666148,3
467,KWNF.KL,Kawan Food Bhd,Malaysia,Food Products,2022,0.8431593,38.72,8.020069,0.0138859,0.1111951,0.8013418,0.8610757,0,2268427,0.2205804,0.0912171,0.4935731,3.27875,8744940.9,6,25,FALSE,40.29,32.38,8.861822,4.069967,6.403485,1,3
467,KWNF.KL,Kawan Food Bhd,Malaysia,Food Products,2023,0.8605806,53.22,8.001659,0.0077265,0.1184687,0.807582,1.159415,0,1246194,0.2361968,0.0790646,0.4620347,0.205397,6563971.7,7,25,0,52.43,29.84,3.555487,4.056108,-1.872256,1.302833,3
467,KWNF.KL,Kawan Food Bhd,Malaysia,Food Products,2024,0.8436927,47.58,8.010266,0.0060476,0.1132648,0.7638605,1.069391,0,-7336880,0.1781403,0.0817498,0.4627198,13.58006,7031781.6,7,40,FALSE,40.01,25.24,5.114155,4.07435,0.7825099,1.480779,3
468,LAND.KL,Land & General Bhd,Malaysia,Real Estate Management & Development,2022,0.2250495,47.7,8.576352,0.137968,0.1187861,0.3685708,0.347067,0,7152835,0.0667142,0.1967671,0.0817714,23.09658,6010204.1,7,11.11,0,52.6,28.09,8.861822,4.069967,6.403485,1.441293,3
468,LAND.KL,Land & General Bhd,Malaysia,Real Estate Management & Development,2023,0.2345513,44.51,8.557464,0.126176,0.1366051,0.4071761,0.1733243,0,-5967814,0.1011882,0.2413831,0.0802223,-18.815,4633986.2,8,11.11,0,50.6,23.35,3.555487,4.056108,-1.872256,1.766626,3
468,LAND.KL,Land & General Bhd,Malaysia,Real Estate Management & Development,2024,0.2157836,63.39,8.593683,0.1358283,0.1589923,0.4665025,0.1911488,0,2823675,0.0851404,0.2541663,0.0777969,41.35572,7980157.8,6,30,0,56.57,76.48,5.114155,4.07435,0.7825099,1.725991,3
469,LBSB.KL,Lbs Bina Group Bhd,Malaysia,Real Estate Management & Development,2022,0.1845928,49.27,8.976196,0.220208,0.3823965,0.6213194,0.0659016,0,1.88E+07,0.0279317,0.1299123,0.1005149,19.44994,31253300,7,25,TRUE,29.95,58.3,8.861822,4.069967,6.403485,1.550215,3
469,LBSB.KL,Lbs Bina Group Bhd,Malaysia,Real Estate Management & Development,2023,0.1894391,62.69,8.968658,0.179894,0.397797,0.6554366,0.0920533,0,6.39E+07,0.0528252,0.1317028,0.1008932,0.4358365,36455124,6,37.5,TRUE,57.14,69.98,3.555487,4.056108,-1.872256,2.724345,3
469,LBSB.KL,Lbs Bina Group Bhd,Malaysia,Real Estate Management & Development,2024,0.1772988,66.19,8.988082,0.2203137,0.3142505,0.5476562,0.1612882,0,-9699255,0.0904216,0.1608483,0.0657202,-18.39854,24277551,6,37.5,TRUE,39.89,85.22,5.114155,4.07435,0.7825099,2.56601,3
470,LCBH.KL,Luxchem Corporation Bhd,Malaysia,Trading Companies & Distributors,2022,0.6161145,25.94,8.212499,0.0782697,0.1154274,0.4041224,0.9103712,0,224213.6,0.2681542,0.094684,0.1642954,-17.80456,11659607,5,33.33,TRUE,52.64,11.02,8.861822,4.069967,6.403485,1,3
470,LCBH.KL,Luxchem Corporation Bhd,Malaysia,Trading Companies & Distributors,2023,0.6216966,25.68,8.207653,0.0697681,0.1152464,0.412512,0.6758646,0,-1.72E+07,0.3374758,0.0898476,0.1635064,-21.96094,9480089.3,5,33.33,TRUE,41.46,20.38,3.555487,4.056108,-1.872256,1.360572,3
470,LCBH.KL,Luxchem Corporation Bhd,Malaysia,Trading Companies & Distributors,2024,0.5384968,28.98,8.264517,0.1006638,0.162632,0.5187507,0.5115229,0,-698247.6,0.3587554,0.1232298,0.1523436,25.02819,13207863,5,33.33,TRUE,42.76,21.55,5.114155,4.07435,0.7825099,1.387513,3
471,LHEN.KL,Lii Hen Industries Bhd,Malaysia,Household Durables,2022,0.3385153,29.72,8.153081,0.0517439,0.1417049,0.6439927,0.8510477,0,1.56E+07,0.3432735,0.1531627,0.3827868,-7.68601,17321605,5,0,0,49.31,24.31,8.861822,4.069967,6.403485,1.317317,3
471,LHEN.KL,Lii Hen Industries Bhd,Malaysia,Household Durables,2023,0.3141557,30.06,8.184586,0.0546779,0.1479212,0.6400163,0.7061635,0,-1941499,0.3221041,0.1643246,0.3862559,-12.28222,13113802,6,0,0,48.09,27.98,3.555487,4.056108,-1.872256,1.577722,3
471,LHEN.KL,Lii Hen Industries Bhd,Malaysia,Household Durables,2024,0.323066,26.88,8.178191,0.0602236,0.1224978,0.5968863,0.5767098,0,-1606095,0.296835,0.1630888,0.4050561,-1.754831,3938634.7,5,11.11,0,32.12,33.85,5.114155,4.07435,0.7825099,2.278466,3
472,LLBM.KL,Lion Industries Corporation Bhd,Malaysia,Metals & Mining,2022,0.0324574,23.61,8.845929,0.0580165,0.3559432,0.6914581,0,0.0674854,-1.17E+08,0.0567186,0.1232478,0.2997067,-38.00965,-70418409,7,40,0,28.39,15.88,8.861822,4.069967,6.403485,1.648147,3
472,LLBM.KL,Lion Industries Corporation Bhd,Malaysia,Metals & Mining,2023,0.0390813,27.77,8.753349,0.0708608,0.4043182,0.7009748,0,0.0440417,-2.31E+07,0.0363201,0.1202825,0.3383641,-28.8317,-87671895,5,40,0,43.79,19.75,3.555487,4.056108,-1.872256,1.632212,3
472,LLBM.KL,Lion Industries Corporation Bhd,Malaysia,Metals & Mining,2024,0.0403649,30.76,8.739314,0.1025876,0.377483,0.6331046,0,0.0587928,9386526,0.0578904,0.0910374,0.3323856,-10.8584,-19002910,5,33.33,0,50.11,26.26,5.114155,4.07435,0.7825099,1.660452,3
473,LTER.KL,Luster Industries Bhd,Malaysia,Chemicals,2022,0.2843389,16.21,8.101759,0.1248576,0.2760261,0.5585366,0.4225555,0,2247541,0.1305498,0.3618589,0.2301399,-2.700671,-4228790.9,4,0,0,35.88,0,8.861822,4.069967,6.403485,0,3
473,LTER.KL,Luster Industries Bhd,Malaysia,Chemicals,2023,0.304523,21.11,8.071047,0.1104114,0.2450473,0.5212272,0.5451131,0,-2398721,0.1244584,0.3753151,0.2407716,-13.49403,361997.82,4,12.5,0,34.3,7.43,3.555487,4.056108,-1.872256,0,3
473,LTER.KL,Luster Industries Bhd,Malaysia,Chemicals,2024,0.2828448,18.22,8.103119,0.1195766,0.2615327,0.5331905,0.5114074,0,2108373,0.1440008,0.3228289,0.2284719,20.04222,1292594,4,14.29,0,26.08,6.93,5.114155,4.07435,0.7825099,1,3
474,MAGM.KL,Magnum Bhd,Malaysia,"Hotels, Restaurants & Leisure",2022,0.6010071,28.59,8.902373,0.2559454,0.1119137,0.3502463,0.0659493,0,-316590.9,0.0576722,0.0002803,0.0211215,52.60609,22971818,5,16.67,0,47.36,16.26,8.861822,4.069967,6.403485,2.039753,3
474,MAGM.KL,Magnum Bhd,Malaysia,"Hotels, Restaurants & Leisure",2023,0.625939,26.17,8.883793,0.2226146,0.1205978,0.3940894,0.10098,0,-3322222,0.053827,0.0002451,0.0225717,1.940687,27558824,5,16.67,0,48.49,9.35,3.555487,4.056108,-1.872256,1.547026,3
474,MAGM.KL,Magnum Bhd,Malaysia,"Hotels, Restaurants & Leisure",2024,0.6123898,41.17,8.89641,0.2069298,0.1289098,0.440495,0.1225234,0,3386750,0.0628885,0.0001966,0.0233769,6.113475,34544987,5,28.57,0,72.27,23.54,5.114155,4.07435,0.7825099,1.3843,3
475,MAHS.KL,Mah Sing Group Bhd,Malaysia,Real Estate Management & Development,2022,0.4947119,52.9,9.162027,0.2220737,0.2241126,0.5058308,0.0754289,0,-7209091,0.0439112,0.2647096,0.0704355,25.02674,42454091,4,42.86,TRUE,36.35,57.87,8.861822,4.069967,6.403485,1.6495,3
475,MAHS.KL,Mah Sing Group Bhd,Malaysia,Real Estate Management & Development,2023,0.5041067,56.6,9.145504,0.2113484,0.2017961,0.4768256,0.0746594,0,6.55E+07,0.0936687,0.2383323,0.070867,7.691335,48405011,4,42.86,TRUE,35.76,69.08,3.555487,4.056108,-1.872256,1.793744,3
475,MAHS.KL,Mah Sing Group Bhd,Malaysia,Real Estate Management & Development,2024,0.4168746,58.52,9.228022,0.2699707,0.2811135,0.5864402,0.0533484,0.0000447,6.55E+07,0.1120006,0.2079856,0.0687045,-0.5414272,53513653,4,28.57,TRUE,40.12,70.95,5.114155,4.07435,0.7825099,1.726979,3
477,MATE.KL,Magni-Tech Industries Bhd,Malaysia,"Textiles, Apparel & Luxury Goods",2022,1.116479,24.69,8.296238,0,0.071198,0.9012875,0.1126058,0,-2684547,0.4800274,0.2974999,0.0650713,19.67563,21393262,5,20,0,29.52,15.91,8.861822,4.069967,6.403485,1.245077,3
477,MATE.KL,Magni-Tech Industries Bhd,Malaysia,"Textiles, Apparel & Luxury Goods",2023,0.9869325,21.51,8.344794,0,0.1447197,0.9521626,0.7788082,0,2.04E+07,0.5709323,0.2998,0.051143,3.381059,26920273,5,20,0,21.05,16.33,3.555487,4.056108,-1.872256,1.192587,3
477,MATE.KL,Magni-Tech Industries Bhd,Malaysia,"Textiles, Apparel & Luxury Goods",2024,0.8911834,22.3,8.387061,0,0.1539257,0.9572843,2.559493,0,-2.11E+07,0.4342421,0.2911811,0.0608228,22.53374,32182978,5,20,0,21.27,12.93,5.114155,4.07435,0.7825099,2.334358,3
478,MAYB.KL,Maybulk Bhd,Malaysia,Marine Transportation,2022,0.4787744,27.49,8.162229,0.0517953,0.2381075,1,0.377035,0,3.91E+07,0.5719274,0.0052435,0.378154,-29.2531,21177500,6,14.29,0,55.9,23.38,8.861822,4.069967,6.403485,1.573486,3
478,MAYB.KL,Maybulk Bhd,Malaysia,Marine Transportation,2023,0.5933722,20.68,8.068104,0.0026689,0.0254373,0.9341359,10.66459,0,-1.48E+07,0.4666662,0.0147822,0.2241544,-20.59463,10816122,6,20,0,20.44,28.92,3.555487,4.056108,-1.872256,1.55865,3
478,MAYB.KL,Maybulk Bhd,Malaysia,Marine Transportation,2024,0.4656251,29.08,8.166661,0.2148871,0.0119167,0.0469965,11.91977,0,-9696956,0.5128596,0.0100945,0.4522533,-24.27219,633616.83,7,16.67,0,24.16,38.48,5.114155,4.07435,0.7825099,1.711206,3
479,MBMR.KL,MBM Resources Bhd,Malaysia,Distributors,2022,0.8055442,33.98,8.759426,0.0014771,0.0709921,0.3786691,0.502362,0,8968636,0.1141407,0.0457365,0.0705049,42.85945,67523409,8,14.29,FALSE,44.25,29.84,8.861822,4.069967,6.403485,1.374303,3
479,MBMR.KL,MBM Resources Bhd,Malaysia,Distributors,2023,0.8101113,42.47,8.75254,0.0078697,0.0631198,0.35,0.5726612,0,-1.92E+07,0.0747769,0.0620252,0.073396,0.3708812,80235512,7,16.67,FALSE,64.74,35.28,3.555487,4.056108,-1.872256,1.894679,3
479,MBMR.KL,MBM Resources Bhd,Malaysia,Distributors,2024,0.7607874,47.83,8.787663,0.0206291,0.0654109,0.3488446,0.6006159,0,1.33E+07,0.1022136,0.0416797,0.0743724,5.682483,83493733,11,28.57,0,66.71,39.72,5.114155,4.07435,0.7825099,1.940968,3
481,MEGA.KL,Mega First Corporation Bhd,Malaysia,Independent Power and Renewable Electricity Producers,2022,0.8704568,47.55,8.988906,0.1708335,0.1116623,0.3113166,0.282664,0,5.20E+07,0.1215849,0.0344792,0.1400552,38.60493,1.08E+08,5,18.18,0,38.42,51.51,8.861822,4.069967,6.403485,2.318063,3
481,MEGA.KL,Mega First Corporation Bhd,Malaysia,Independent Power and Renewable Electricity Producers,2023,0.8452975,50.06,8.99221,0.2034573,0.1353073,0.4202685,0.2686252,0,-4322222,0.1178781,0.0292203,0.1437884,-5.713693,98396514,5,25,0,42.82,49.67,3.555487,4.056108,-1.872256,1.217123,3
481,MEGA.KL,Mega First Corporation Bhd,Malaysia,Independent Power and Renewable Electricity Producers,2024,0.7161657,54.13,9.059272,0.2262413,0.1628149,0.4640576,0.1348711,0,-5.25E+07,0.0609856,0.036357,0.2403378,35.80707,1.10E+08,5,25,0,44.71,57.1,5.114155,4.07435,0.7825099,1.94122,3
482,MGBB.KL,MGB Bhd,Malaysia,Construction & Engineering,2022,0.3207693,54.47,8.318802,0.1242783,0.3857393,0.863833,0.0710852,0,301411.4,0.0325933,0.0886383,0.1140469,-2.328574,3229913.6,5,12.5,TRUE,41.04,53.01,8.861822,4.069967,6.403485,1.308588,3
482,MGBB.KL,MGB Bhd,Malaysia,Construction & Engineering,2023,0.2725763,48.66,8.388577,0.0837475,0.4568076,0.8998514,0.0541871,0,257093.7,0.037233,0.1167084,0.1135324,52.0232,10993922,5,16.67,TRUE,24.78,52.22,3.555487,4.056108,-1.872256,1.576301,3
482,MGBB.KL,MGB Bhd,Malaysia,Construction & Engineering,2024,0.273338,60.65,8.400868,0.0767008,0.4065684,0.8755273,0.170611,0,1.11E+07,0.0832297,0.0675355,0.1284817,9.088026,13856726,5,28.57,TRUE,66.56,59.84,5.114155,4.07435,0.7825099,1.8905,3
483,MISC.KL,MISC Bhd,Malaysia,Marine Transportation,2022,0.5739337,81.42,10.15357,0.2850353,0.1399072,0.3478273,0.3282615,0,-1.34E+08,0.0498004,0.001562,0.3878607,22.97187,4.17E+08,13,41.67,TRUE,85.15,73.25,8.861822,4.069967,6.403485,1.693779,3
483,MISC.KL,MISC Bhd,Malaysia,Marine Transportation,2023,0.5582495,83.26,10.1515,0.2696736,0.1220959,0.3081977,0.3188842,0,3.03E+07,0.059663,0.0014276,0.3910723,-1.341899,4.27E+08,10,40,TRUE,89.53,77.61,3.555487,4.056108,-1.872256,1.312635,3
483,MISC.KL,MISC Bhd,Malaysia,Marine Transportation,2024,0.594395,82.69,10.13118,0.256379,0.1501687,0.397505,0.2825108,0,-2.76E+08,0.0744135,0.0017524,0.388525,-4.713727,2.76E+08,11,44.44,TRUE,86.93,74.58,5.114155,4.07435,0.7825099,0,3
484,MLTO.KL,Malton Bhd,Malaysia,Real Estate Management & Development,2022,0.0717312,24.91,8.763541,0.2255686,0.5016523,0.8259076,0.1100152,0,1.70E+07,0.0754956,0.198146,0.011763,-39.17461,17198820,5,14.29,0,25.29,4.73,8.861822,4.069967,6.403485,1.564458,3
484,MLTO.KL,Malton Bhd,Malaysia,Real Estate Management & Development,2023,0.0755377,29.8,8.740157,0.3034254,0.5077213,0.7918847,0.1075442,0,-802358,0.0769686,0.2002386,0.0107981,21.77297,-21184780,6,14.29,0,20.27,22.6,3.555487,4.056108,-1.872256,1.294981,3
484,MLTO.KL,Malton Bhd,Malaysia,Real Estate Management & Development,2024,0.0861863,38.38,8.682882,0.2514138,0.4443238,0.7637089,0.21008,0,1.17E+07,0.0963672,0.1968065,0.0103558,-18.5651,5490562,5,14.29,0,22.67,48.16,5.114155,4.07435,0.7825099,1.263838,3
485,MPIM.KL,Malaysian Pacific Industries Bhd,Malaysia,Semiconductors & Semiconductor Equipment,2022,2.087174,56.29,8.810019,0.0918389,0.1804445,0.5449943,0.3404904,0,1.89E+07,0.3189079,0.0496452,0.4858822,-20.07036,23182851,4,33.33,0,55.99,37.57,8.861822,4.069967,6.403485,1.896131,3
485,MPIM.KL,Malaysian Pacific Industries Bhd,Malaysia,Semiconductors & Semiconductor Equipment,2023,2.140422,49.66,8.797829,0.0375055,0.1526889,0.5200111,0.2174199,0.0067565,8565642,0.359179,0.0493898,0.4575917,1.365477,49469353,4,33.33,0,42.08,35.03,3.555487,4.056108,-1.872256,1.21795,3
485,MPIM.KL,Malaysian Pacific Industries Bhd,Malaysia,Semiconductors & Semiconductor Equipment,2024,1.88226,56.51,8.85397,0.0407714,0.1330485,0.4312526,0,0.1555295,-1.49E+08,0.4130049,0.0523226,0.4446152,13.9271,47437055,5,40,0,54.01,49.14,5.114155,4.07435,0.7825099,1.539095,3
486,MSCB.KL,Malaysia Smelting Corporation Bhd,Malaysia,Metals & Mining,2022,0.7740503,40.42,8.472442,0.2624941,0.3092903,0.6884369,0.1411951,0,6510228,0.1088389,0.4370389,0.133881,32.17506,23055455,4,28.57,TRUE,61.38,42.5,8.861822,4.069967,6.403485,1.301053,3
486,MSCB.KL,Malaysia Smelting Corporation Bhd,Malaysia,Metals & Mining,2023,0.7495151,44.89,8.481709,0.2618286,0.325192,0.7098812,0.151828,0,2.46E+07,0.193961,0.4277305,0.1362768,-8.46619,21179956,4,25,TRUE,62.87,42.54,3.555487,4.056108,-1.872256,1.406028,3
486,MSCB.KL,Malaysia Smelting Corporation Bhd,Malaysia,Metals & Mining,2024,0.7379273,43.72,8.48465,0.275172,0.3585485,0.7469169,0.1539605,0.1001299,-1.17E+07,0.1563875,0.4515522,0.1474559,21.05162,20934199,4,28.57,TRUE,68.15,43.93,5.114155,4.07435,0.7825099,1.139104,3
487,MUHI.KL,Muhibbah Engineering (M) Bhd,Malaysia,Construction & Engineering,2022,0.1254712,34.75,8.879128,0.2529305,0.4032169,0.6483198,0.1343537,0,-3.57E+07,0.0865018,0.0900171,0.3401871,-15.43959,1300000,4,10,0,37.24,45.4,8.861822,4.069967,6.403485,1.990601,3
487,MUHI.KL,Muhibbah Engineering (M) Bhd,Malaysia,Construction & Engineering,2023,0.1221205,38.08,8.877834,0.2319896,0.4000104,0.6374626,0.1876759,0,2.38E+07,0.1134391,0.0962529,0.3213068,34.17095,7931808.3,4,25,0,48.42,44.19,3.555487,4.056108,-1.872256,2.050481,3
487,MUHI.KL,Muhibbah Engineering (M) Bhd,Malaysia,Construction & Engineering,2024,0.1153273,39.98,8.906769,0.2267683,0.3865333,0.6193873,0.1497218,0,3.85E+07,0.1693701,0.069566,0.2970631,58.75674,32100269,4,25,0,61.47,44.39,5.114155,4.07435,0.7825099,2.282046,3
488,MUIB.KL,Malayan United Industries Bhd,Malaysia,Industrial Conglomerates,2022,0.1401846,21.08,8.516325,0.6056278,0.5458104,0.5694736,0.2132858,0,-1463459,0.1235177,0.076822,0.4358005,76.84012,-5794598.3,6,16.67,TRUE,45.07,6.59,8.861822,4.069967,6.403485,2.1769,3
488,MUIB.KL,Malayan United Industries Bhd,Malaysia,Industrial Conglomerates,2023,0.0810408,15.35,8.753392,0.3455326,0.3310256,0.5358619,0.1585632,0,-4257449,0.1064275,0.0220319,0.6662987,18.04227,4041157.6,6,20,TRUE,28.62,7.74,3.555487,4.056108,-1.872256,0,3
488,MUIB.KL,Malayan United Industries Bhd,Malaysia,Industrial Conglomerates,2024,0.0878422,26.77,8.718393,0.3772857,0.3584918,0.5333291,0.2200849,0,1.23E+07,0.0791413,0.0207709,0.6697888,-7.618617,-31986850,7,33.33,TRUE,49.87,18.13,5.114155,4.07435,0.7825099,0,3
490,NESM.KL,Nestle (Malaysia) Bhd,Malaysia,Food Products,2022,6.420867,91.55,8.907266,0.2629204,0.6356117,0.7715868,0.0036171,0,-3.98E+07,0.0025907,0.3137534,0.5216357,9.9914,1.41E+08,6,28.57,TRUE,78.52,94.58,8.861822,4.069967,6.403485,1.515146,3
490,NESM.KL,Nestle (Malaysia) Bhd,Malaysia,Food Products,2023,6.619561,90.29,8.89076,0.2586451,0.5989776,0.7386466,0.005163,0,3.70E+07,0.0029772,0.2329457,0.5567734,1.423552,1.44E+08,5,28.57,TRUE,78.3,90.28,3.555487,4.056108,-1.872256,1.664708,3
490,NESM.KL,Nestle (Malaysia) Bhd,Malaysia,Food Products,2024,6.411826,89.49,8.912148,0.3601735,0.6624001,0.7793165,0.0046493,0,-5.25E+07,0.0032351,0.2277829,0.5665302,-9.306153,93022158,5,25,TRUE,77.56,89.5,5.114155,4.07435,0.7825099,2.109731,3
491,NETX.KL,NetX Holdings Bhd,Malaysia,Software,2022,0.2153234,32.8,7.559391,0.2105225,0.0727633,0.3384578,5.365223,0.0438696,-341159.1,0.3645476,0.0002384,0.0290796,10.10589,-3622174.2,5,25,0,46.05,6.76,8.861822,4.069967,6.403485,0,3
491,NETX.KL,NetX Holdings Bhd,Malaysia,Software,2023,0.2398554,27.73,7.511605,0.1842848,0.1297871,0.5413522,3.31173,6.61E-07,456220.8,0.3850352,0.0013331,0.0369301,17.61113,-3065286.7,6,20,0,37.62,5.97,3.555487,4.056108,-1.872256,0,3
491,NETX.KL,NetX Holdings Bhd,Malaysia,Software,2024,0.2658018,35.57,7.466997,0.1929165,0.2150824,0.6992278,1.982941,7.68E-07,-2142451,0.3848639,0.0010001,0.0258357,-23.05775,-6703461.7,5,20,0,48.08,8.49,5.114155,4.07435,0.7825099,0,3
492,NEXT.KL,Nextgreen Global Bhd,Malaysia,Commercial Services & Supplies,2022,2.383298,47.1,7.954771,0.1768464,0.1582863,0.5150472,0.0693263,0,-831506.8,0.0139492,0.0261308,0.3393639,-39.24113,2849393.2,4,12.5,0,91.28,39.95,8.861822,4.069967,6.403485,1.066533,3
492,NEXT.KL,Nextgreen Global Bhd,Malaysia,Commercial Services & Supplies,2023,2.139606,53.72,8.005857,0.1504587,0.1337598,0.4887792,0.0932814,0,315703.7,0.0140348,0.030776,0.3159948,5.802934,2013588.2,5,25,0,90.69,46.78,3.555487,4.056108,-1.872256,1.216661,3
492,NEXT.KL,Nextgreen Global Bhd,Malaysia,Commercial Services & Supplies,2024,1.66263,56.18,8.112818,0.1211994,0.1296325,0.5478116,0.1212899,0,739509.9,0.020114,0.1624282,0.3255587,92.18616,5161524.2,5,37.5,0,94.16,41.69,5.114155,4.07435,0.7825099,1.205211,3
493,NTPM.KL,NTPM Holdings Bhd,Malaysia,Household Products,2022,0.258722,21.36,8.384926,0.3708234,0.4716657,0.8930812,0.0404693,0,-1125314,0.0407048,0.2464966,0.5518683,10.81765,-1319293.4,4,0,TRUE,42.42,11.42,8.861822,4.069967,6.403485,1.611644,3
493,NTPM.KL,NTPM Holdings Bhd,Malaysia,Household Products,2023,0.2929301,23.41,8.330067,0.3304424,0.4324313,0.8567501,0.064759,0,2409071,0.0480659,0.2151103,0.5716085,-2.534796,-1654792.4,4,33.33,TRUE,47.83,13.04,3.555487,4.056108,-1.872256,1.611644,3
493,NTPM.KL,NTPM Holdings Bhd,Malaysia,Household Products,2024,0.2386834,16.6,8.400123,0.3286381,0.4987161,0.9264546,0.0828705,0,-2516002,0.0485635,0.2155327,0.5131508,7.229147,-8259276.4,6,33.33,TRUE,22.02,16.7,5.114155,4.07435,0.7825099,1.414012,3
495,NVTE.KL,Notion VTec Bhd,Malaysia,"Electronic Equipment, Instruments & Components",2022,0.5415787,33.86,8.075357,0.0989745,0.1564017,0.6666615,0.2016282,0,-988996.8,0.0296652,0.1562457,0.5864719,-14.51068,2023516.7,8,25,0,46.87,9.54,8.861822,4.069967,6.403485,1.793051,3
495,NVTE.KL,Notion VTec Bhd,Malaysia,"Electronic Equipment, Instruments & Components",2023,0.6009566,26.96,8.0376,0.0709874,0.1883899,0.7372739,0,0.0971072,6727602,0.0890212,0.104239,0.5511289,2.037639,-9591136.7,6,12.5,0,36.3,7.14,3.555487,4.056108,-1.872256,2.376356,3
495,NVTE.KL,Notion VTec Bhd,Malaysia,"Electronic Equipment, Instruments & Components",2024,0.4663552,26.98,8.147725,0.0507231,0.2135715,0.7823974,0,0.1078858,3099733,0.1390242,0.1117351,0.489338,60.96719,10420044,5,12.5,0,34.61,12.15,5.114155,4.07435,0.7825099,1.723287,3
496,OMES.KL,Omesti Bhd,Malaysia,"Electronic Equipment, Instruments & Components",2022,0.1775042,30.47,8.210109,0.424148,0.3693943,0.5170213,0.3871613,0,-1.31E+07,0.1702439,0.0216516,0.0777599,-44.30283,-8187608.8,7,22.22,0,32.98,6.83,8.861822,4.069967,6.403485,0,3
496,OMES.KL,Omesti Bhd,Malaysia,"Electronic Equipment, Instruments & Components",2023,0.2153316,27.96,8.149701,0.3404127,0.3041926,0.6491182,0.2603318,0,-9230014,0.0689077,0.0196195,0.0463524,-16.6177,-14154930,5,16.67,0,31.15,13.45,3.555487,4.056108,-1.872256,1,3
496,OMES.KL,Omesti Bhd,Malaysia,"Electronic Equipment, Instruments & Components",2024,0.4104512,28.77,7.867595,0.5802346,0.4455099,0.5492508,0.2049239,0,-4556193,0.0476808,0.0310961,0.1280228,-6.678916,-54581817,7,16.67,0,29.24,18.55,5.114155,4.07435,0.7825099,1,3
497,PARB.KL,PA Resources Bhd,Malaysia,Metals & Mining,2022,1.032599,10.3,7.78281,0.0780351,0.1585201,0.9397411,0.1066935,0,-3127569,0.0221731,0.235623,0.3239881,38.19032,9874979.6,5,0,0,18.27,7.73,8.861822,4.069967,6.403485,0,3
497,PARB.KL,PA Resources Bhd,Malaysia,Metals & Mining,2023,0.9479197,10.98,7.806453,0.0187375,0.0520708,0.8330327,1.970601,0,5602431,0.1083515,0.2516614,0.2980245,5.982949,6725296.9,5,14.29,0,26.19,6.39,3.555487,4.056108,-1.872256,0,3
497,PARB.KL,PA Resources Bhd,Malaysia,Metals & Mining,2024,0.8089945,17.44,7.875278,0.033338,0.0532147,0.5124543,3.848767,0,8866990,0.239987,0.1828194,0.2813278,21.04823,9699563.1,5,0,0,24.97,9.28,5.114155,4.07435,0.7825099,0,3
498,PARW.KL,Parkwood Holdings Bhd,Malaysia,Real Estate Management & Development,2022,0.3506938,20.22,7.626652,0.141159,0.0538217,0.3025598,1.211313,0,-1830543,0.118798,0.3982098,0.0066645,75.93605,533425,5,16.67,0,29.33,13.08,8.861822,4.069967,6.403485,1.409237,3
498,PARW.KL,Parkwood Holdings Bhd,Malaysia,Real Estate Management & Development,2023,0.3725492,26.78,7.599468,0.1366086,0.0550945,0.2993816,1.631674,0,972224.4,0.1415681,0.3835083,0.0038709,42.7626,-915104.58,5,40,0,54.08,12.38,3.555487,4.056108,-1.872256,1,3
498,PARW.KL,Parkwood Holdings Bhd,Malaysia,Real Estate Management & Development,2024,0.3741254,20.76,7.597635,0.1273188,0.0735295,0.3895252,0.9180394,0,-1103031,0.1140905,0.3672672,0.0039552,-31.6057,-1210239.5,5,40,0,25.32,24.16,5.114155,4.07435,0.7825099,0,3
499,PDNI.KL,Padini Holdings Berhad,Malaysia,Specialty Retail,2022,1.379928,48.05,8.552855,0.2769316,0.1482385,0.394522,2.450837,0,-4.43E+07,0.3826614,0.2600246,0.3050478,30.46536,47736549,5,33.33,0,59.05,26.07,8.861822,4.069967,6.403485,0,3
499,PDNI.KL,Padini Holdings Berhad,Malaysia,Specialty Retail,2023,1.237451,46.07,8.588789,0.3009005,0.1474755,0.375654,2.932297,0,4.01E+07,0.4875602,0.1575584,0.3416213,4.191233,31091198,5,40,0,58.1,24.36,3.555487,4.056108,-1.872256,1.371277,3
499,PDNI.KL,Padini Holdings Berhad,Malaysia,Specialty Retail,2024,0.9997704,58.92,8.687726,0.3445949,0.1300205,0.3078367,2.740898,0,-1.43E+07,0.4631712,0.1887597,0.3993667,13.09416,36766508,5,50,0,75.07,48.7,5.114155,4.07435,0.7825099,1.408697,3
500,PESO.KL,Pesona Metro Holdings Bhd,Malaysia,Construction & Engineering,2022,0.4340768,44.35,8.112123,0.2890489,0.4412524,0.5952203,0.0955139,0,1370964,0.0904418,0,0.0922348,-44.01521,-677272.73,8,20,0,58.38,29.93,8.861822,4.069967,6.403485,1,3
500,PESO.KL,Pesona Metro Holdings Bhd,Malaysia,Construction & Engineering,2023,0.37607,44.83,8.153896,0.2481651,0.5400169,0.7103208,0.0698188,0,-1749621,0.0991299,0,0.0718859,34.16366,2699128.5,5,20,0,61.23,23.86,3.555487,4.056108,-1.872256,1,3
500,PESO.KL,Pesona Metro Holdings Bhd,Malaysia,Construction & Engineering,2024,0.3049143,44.31,8.244987,0.3002025,0.4911244,0.6303981,0.132745,0,5306979,0.15995,0.1274503,0.0553294,2.026845,4993460.2,6,40,0,75.37,18.59,5.114155,4.07435,0.7825099,1,3
501,PETR.KL,Petronas Dagangan Bhd,Malaysia,"Oil, Gas & Consumable Fuels",2022,2.105358,70.77,9.40799,0.0163724,0.4624309,0.9439763,0.5549853,0,2.20E+08,0.2847884,0.0123952,0.3655636,54.53151,1.79E+08,7,33.33,TRUE,66.7,55.26,8.861822,4.069967,6.403485,2.001782,3
501,PETR.KL,Petronas Dagangan Bhd,Malaysia,"Oil, Gas & Consumable Fuels",2023,2.072448,72.26,9.398393,0.0132515,0.4736046,0.9513367,0.2770177,0,-2.99E+08,0.1283291,0.012949,0.3583959,-2.051457,2.11E+08,5,30,TRUE,80.85,47.32,3.555487,4.056108,-1.872256,2.359437,3
501,PETR.KL,Petronas Dagangan Bhd,Malaysia,"Oil, Gas & Consumable Fuels",2024,2.149183,65.07,9.395823,0.0097126,0.4348093,0.9394293,0.4374074,0,1.27E+08,0.1890669,0.0151617,0.3594252,3.828777,2.50E+08,6,30,TRUE,54.75,46.41,5.114155,4.07435,0.7825099,1.870674,3
502,PGAS.KL,Petronas Gas Bhd,Malaysia,Gas Utilities,2022,1.998098,60.1,9.650758,0.1948224,0.0699143,0.2104637,0.0863327,0,5.54E+07,0.0069605,0.0021623,0.6810325,3.207246,4.00E+08,7,30,TRUE,55.86,55.75,8.861822,4.069967,6.403485,1.099763,3
502,PGAS.KL,Petronas Gas Bhd,Malaysia,Gas Utilities,2023,2.075043,63.68,9.624178,0.1631774,0.1237451,0.4147426,0.0389737,0,-1.09E+08,0.0300457,0.0020016,0.7055387,0.2993908,4.14E+08,6,37.5,TRUE,71.61,52.33,3.555487,4.056108,-1.872256,1.158611,3
502,PGAS.KL,Petronas Gas Bhd,Malaysia,Gas Utilities,2024,2.080699,55.37,9.622996,0.0985036,0.0810594,0.3163061,0.0635524,0,-2.09E+08,0.0604043,0.0019188,0.7419956,4.209974,4.31E+08,5,33.33,TRUE,46.72,46.49,5.114155,4.07435,0.7825099,1.176722,3
503,PGFC.KL,PGF Capital Bhd,Malaysia,Building Products,2022,1.304402,8.11,7.809745,0.1198633,0.1342102,0.44546,0,0.066462,-607502.8,0.0679733,0.099811,0.2143404,48.1028,3628107,4,0,0,12.12,7.22,8.861822,4.069967,6.403485,1.934612,3
503,PGFC.KL,PGF Capital Bhd,Malaysia,Building Products,2023,1.258738,12,7.824292,0.1494132,0.1168735,0.3535518,0,0.0824979,1247794,0.0853081,0.0896467,0.2511314,33.54101,2205014.8,5,16.67,0,13.04,14.58,3.555487,4.056108,-1.872256,1,3
503,PGFC.KL,PGF Capital Bhd,Malaysia,Building Products,2024,0.9104134,26.89,7.967362,0.2035729,0.1106807,0.3032652,0,0.09162,2697612,0.1273681,0.0802657,0.2883945,28.11597,7609096.4,5,33.33,TRUE,16.87,36.83,5.114155,4.07435,0.7825099,1.687866,3
504,PIEN.KL,PIE Industrial Bhd,Malaysia,Electrical Equipment,2022,1.502186,33.7,8.314089,0.1164113,0.3679198,0.9632127,0.130464,0.0066162,-3434143,0.0740372,0.3173556,0.2059378,7.566577,15916032,5,16.67,0,50.42,19.48,8.861822,4.069967,6.403485,0,3
504,PIEN.KL,PIE Industrial Bhd,Malaysia,Electrical Equipment,2023,1.556054,31.98,8.296576,0.0743309,0.3159344,0.9574088,0.1182094,0.0165083,-75586.06,0.0681086,0.3055732,0.2296318,0.1085285,16028704,5,16.67,0,42.66,20.5,3.555487,4.056108,-1.872256,1.675054,3
504,PIEN.KL,PIE Industrial Bhd,Malaysia,Electrical Equipment,2024,1.581019,33.56,8.281885,0.0661488,0.2231242,0.868001,0.5106496,0.004678,1.18E+07,0.1325796,0.249459,0.3226973,-17.65413,11675962,6,28.57,0,39.42,19.25,5.114155,4.07435,0.7825099,1.675054,3
505,PLSB.KL,PLS Plantations Bhd,Malaysia,Food Products,2022,0.326578,31.26,8.073528,0.189219,0.107394,0.2259368,0,0.0818538,860190.6,0.0853988,0.0507184,0.6502638,28.53598,7935088.5,5,11.11,0,21,32.59,8.861822,4.069967,6.403485,1.895296,3
505,PLSB.KL,PLS Plantations Bhd,Malaysia,Food Products,2023,0.3413678,29.74,8.047455,0.1757062,0.1152003,0.2512037,0,0.0309688,-5547053,0.0380321,0.0517812,0.6716811,-39.30383,-8253161.8,6,12.5,TRUE,7.91,30.33,3.555487,4.056108,-1.872256,2.352432,3
505,PLSB.KL,PLS Plantations Bhd,Malaysia,Food Products,2024,0.3404055,38.34,8.024207,0.1788569,0.1352384,0.2933128,0,0.0134576,-3036267,0.0221375,0.0216698,0.6979682,-3.897806,-4545917.3,8,11.11,TRUE,29.03,44.82,5.114155,4.07435,0.7825099,2.510294,3
506,PMAS.KL,Pentamaster Corporation Bhd,Malaysia,Machinery,2022,2.381166,33.75,8.42032,0,0.2259311,0.4924262,0.4632816,0,-1.30E+07,0.4051124,0.14759,0.1467909,11.79897,29668259,4,20,0,52.2,22.55,8.861822,4.069967,6.403485,2.717041,3
506,PMAS.KL,Pentamaster Corporation Bhd,Malaysia,Machinery,2023,2.18417,28.3,8.458066,0,0.2297952,0.4896836,0.4318989,0,1.52E+07,0.4064294,0.144631,0.2140067,10.4422,30604266,4,33.33,0,40.54,19.66,3.555487,4.056108,-1.872256,1.993076,3
506,PMAS.KL,Pentamaster Corporation Bhd,Malaysia,Machinery,2024,2.06173,46.43,8.480773,0,0.1903776,0.4262621,0.9566185,0,-9447558,0.3498877,0.0901046,0.3383348,-7.501784,23250501,5,33.33,0,56.94,52.82,5.114155,4.07435,0.7825099,1.549301,3
507,PMBT.KL,PMB Technology Bhd,Malaysia,Metals & Mining,2022,1.397021,31.54,8.591106,0.3238898,0.3208784,0.6809018,0,0.0745715,367045.4,0.083101,0.1575386,0.5586459,22.60834,25080682,4,14.29,TRUE,39.38,42.47,8.861822,4.069967,6.403485,1.720869,3
507,PMBT.KL,PMB Technology Bhd,Malaysia,Metals & Mining,2023,1.171024,34.55,8.66321,0.4158576,0.3636292,0.662959,0,0.046399,1394336,0.0547789,0.179013,0.6301667,-19.81988,9749891.1,4,28.57,TRUE,49.59,37.64,3.555487,4.056108,-1.872256,1.466325,3
507,PMBT.KL,PMB Technology Bhd,Malaysia,Metals & Mining,2024,0.9835303,37.22,8.735354,0.3296177,0.3115465,0.72182,0,0.0400503,1378245,0.0472878,0.2145735,0.6282408,-6.325091,12994405,6,37.5,TRUE,37.69,34.57,5.114155,4.07435,0.7825099,1.406028,3
508,PMET.KL,Press Metal Aluminium Holdings Bhd,Malaysia,Metals & Mining,2022,3.236743,75.67,9.5417,0.3325424,0.2052761,0.3622515,0.1004511,0,3287727,0.040223,0.1824261,0.501843,34.9836,4.02E+08,6,30,TRUE,78.08,79.18,8.861822,4.069967,6.403485,1.304407,3
508,PMET.KL,Press Metal Aluminium Holdings Bhd,Malaysia,Metals & Mining,2023,3.288209,80.45,9.524761,0.3011656,0.1794564,0.3269846,0.3546388,0,1.50E+08,0.0768578,0.1670145,0.5009214,-15.61997,3.31E+08,7,30,TRUE,85.84,76.85,3.555487,4.056108,-1.872256,1.550788,3
508,PMET.KL,Press Metal Aluminium Holdings Bhd,Malaysia,Metals & Mining,2024,2.998883,80.28,9.570889,0.2455423,0.200089,0.4079814,0.428051,0,6.47E+07,0.1008654,0.1575815,0.4505253,10.95228,4.76E+08,6,30,TRUE,83.45,76.72,5.114155,4.07435,0.7825099,1.686939,3
509,PNTE.KL,Pantech Group Holdings Bhd,Malaysia,Metals & Mining,2022,0.5650755,35.06,8.407431,0.2032569,0.2324155,0.819977,0.6656241,0,-279627.7,0.1440108,0.353781,0.3000658,29.20704,25782174,5,33.33,0,70.15,15.39,8.861822,4.069967,6.403485,1,3
509,PNTE.KL,Pantech Group Holdings Bhd,Malaysia,Metals & Mining,2023,0.5462769,39.44,8.421196,0.2025414,0.2489391,0.8522345,0.8179384,0,1.73E+07,0.2162055,0.3311746,0.2790472,-13.73156,22257704,5,33.33,0,68.33,14.19,3.555487,4.056108,-1.872256,1.414161,3
509,PNTE.KL,Pantech Group Holdings Bhd,Malaysia,Metals & Mining,2024,0.4246524,49.43,8.527506,0.1514902,0.172934,0.5313036,1.012467,0,1257718,0.2274727,0.2694921,0.2989701,6.40909,18499511,5,33.33,0,75.31,32.07,5.114155,4.07435,0.7825099,1.40985,3
510,POHK.KL,Poh Kong Holdings Bhd,Malaysia,"Textiles, Apparel & Luxury Goods",2022,0.4966096,16.55,8.297696,0.1554697,0.1635727,0.7358118,0.1312918,0,3314874,0.0404291,0.7293919,0.1684169,43.07946,20726468,5,50,0,20.72,6.29,8.861822,4.069967,6.403485,1.396982,3
510,POHK.KL,Poh Kong Holdings Bhd,Malaysia,"Textiles, Apparel & Luxury Goods",2023,0.4383829,18.24,8.346608,0.1767617,0.1897702,0.7942278,0.0759898,0,-1391547,0.0315604,0.754288,0.1574313,6.510247,17404213,6,50,0,19.43,8.79,3.555487,4.056108,-1.872256,1.396982,3
510,POHK.KL,Poh Kong Holdings Bhd,Malaysia,"Textiles, Apparel & Luxury Goods",2024,0.4172757,17.39,8.376638,0.141828,0.1651859,0.8161964,0.151303,0,1542184,0.0346491,0.7731953,0.1414697,9.582452,25462522,6,62.5,0,19.5,8.74,5.114155,4.07435,0.7825099,1.704903,3
512,PRKN.KL,Parkson Holdings Bhd,Malaysia,Broadline Retail,2022,0.0325665,35.32,9.303957,0.5175819,0.2866213,0.3421788,0.508088,0,1.01E+08,0.1347194,0.0436628,0.4515129,-42.76499,-42005000,4,33.33,0,74.53,10.79,8.861822,4.069967,6.403485,1.583769,3
512,PRKN.KL,Parkson Holdings Bhd,Malaysia,Broadline Retail,2023,0.0352265,43.21,9.268929,0.49408,0.2942281,0.3537888,0.5888914,0,3.94E+07,0.1638631,0.0419123,0.4343309,2.666479,9541612.2,4,33.33,0,81.81,12.7,3.555487,4.056108,-1.872256,1.872767,3
512,PRKN.KL,Parkson Holdings Bhd,Malaysia,Broadline Retail,2024,0.0344158,50.01,9.269898,0.5380541,0.2687528,0.3176719,0.6168905,0,-2.07E+07,0.1710874,0.0401516,0.4575355,-7.696705,-28465980,4,16.67,0,73.93,36.48,5.114155,4.07435,0.7825099,1.938852,3
513,PRMS.KL,Paramount Corporation Bhd,Malaysia,Real Estate Management & Development,2022,0.2272853,48.94,8.851418,0.3283812,0.2267508,0.4850802,0.3087539,0,3.94E+07,0.1118637,0.0932897,0.0407773,17.70866,17076818,6,28.57,TRUE,44.21,37.66,8.861822,4.069967,6.403485,1,3
513,PRMS.KL,Paramount Corporation Bhd,Malaysia,Real Estate Management & Development,2023,0.2415241,61.35,8.811979,0.2807587,0.2469395,0.5454445,0.2220724,0,-3.38E+07,0.0685281,0.0942823,0.0463184,14.5005,20713725,5,25,TRUE,71.31,48.48,3.555487,4.056108,-1.872256,1.95941,3
513,PRMS.KL,Paramount Corporation Bhd,Malaysia,Real Estate Management & Development,2024,0.2348355,71.57,8.836297,0.3302418,0.2893564,0.5599232,0.1996831,0,-4033572,0.0866792,0.1748025,0.0454955,5.562932,25725828,5,25,TRUE,76.44,54.78,5.114155,4.07435,0.7825099,1.967705,3
515,PSHL.KL,Pos Malaysia Bhd,Malaysia,Air Freight & Logistics,2022,0.087924,47.34,8.732305,0.3449583,0.5914344,0.812466,0.1163329,0,-1.57E+07,0.0808638,0.0021212,0.4457858,-15.42311,-38106818,7,0,0,56.83,30.06,8.861822,4.069967,6.403485,1.945455,3
515,PSHL.KL,Pos Malaysia Bhd,Malaysia,Air Freight & Logistics,2023,0.1000045,60.89,8.675464,0.2845895,0.6730709,0.8716018,0.1162983,0,-2001089,0.0875932,0.0031507,0.4429627,-8.542315,-34562963,6,14.29,FALSE,70.8,45.12,3.555487,4.056108,-1.872256,2.305718,3
515,PSHL.KL,Pos Malaysia Bhd,Malaysia,Air Freight & Logistics,2024,0.1014604,51.91,8.651814,0.2848161,0.7275689,0.8517724,0.0832469,0,-1.02E+07,0.0652885,0.0052507,0.4435416,1.755472,-45110116,8,25,FALSE,53.65,39.31,5.114155,4.07435,0.7825099,2.388452,3
516,PTAR.KL,Prestar Resources Bhd,Malaysia,Metals & Mining,2022,0.2003252,24.78,8.171214,0.2900142,0.3288939,0.9089854,0.1742544,0,-1852273,0.0458134,0.256185,0.2240764,6.631599,3452500,4,0,0,29.63,27.25,8.861822,4.069967,6.403485,1,3
516,PTAR.KL,Prestar Resources Bhd,Malaysia,Metals & Mining,2023,0.2296418,20.13,8.10434,0.1734584,0.2136811,0.8595936,0.2067674,0,-2421787,0.0378768,0.2040298,0.2535321,-16.63062,5642265.8,4,11.11,0,22.16,22.93,3.555487,4.056108,-1.872256,1,3
516,PTAR.KL,Prestar Resources Bhd,Malaysia,Metals & Mining,2024,0.2284641,17.93,8.099839,0.1230935,0.1788806,0.8298694,0.2909396,0,4323859,0.0800476,0.1527371,0.2664882,-7.355169,2742838,4,10,0,12.95,22.64,5.114155,4.07435,0.7825099,0,3
517,PTMR.KL,Petron Malaysia Refining & Marketing Bhd,Malaysia,"Oil, Gas & Consumable Fuels",2022,0.2205962,50.7,9.034543,0.2420784,0.4939445,0.923717,0.08536,0,-1.21E+07,0.0442577,0.228886,0.3181335,89.11862,68315682,5,33.33,TRUE,62,40.44,8.861822,4.069967,6.403485,1.957681,3
517,PTMR.KL,Petron Malaysia Refining & Marketing Bhd,Malaysia,"Oil, Gas & Consumable Fuels",2023,0.2303948,57.31,9.010044,0.2171794,0.4261784,0.8795261,0.0580281,0,-1.85E+07,0.0233739,0.223344,0.3143194,-10.06234,59272549,5,33.33,TRUE,77.1,48.46,3.555487,4.056108,-1.872256,1.447789,3
517,PTMR.KL,Petron Malaysia Refining & Marketing Bhd,Malaysia,"Oil, Gas & Consumable Fuels",2024,0.2220831,51.28,9.017661,0.2676158,0.4283455,0.8710133,0.0176021,0.0237889,6628917,0.0318829,0.2727387,0.3271305,-5.495519,4037153.1,5,44.44,TRUE,59.43,47.44,5.114155,4.07435,0.7825099,1.392411,3
518,PTRD.KL,Perdana Petroleum Bhd,Malaysia,Energy Equipment & Services,2022,0.4957088,35.42,8.271825,0.0638831,0.1026231,0.3556071,0,0.0552136,4996591,0.0522272,0.0034311,0.8454971,21.25107,2587500,7,12.5,0,49.14,33.71,8.861822,4.069967,6.403485,1.682531,3
518,PTRD.KL,Perdana Petroleum Bhd,Malaysia,Energy Equipment & Services,2023,0.4678169,43.72,8.296047,0.0302448,0.1361855,0.5127384,0.312674,0,4622222,0.0776468,0.0047084,0.7677711,53.03964,9697385.6,6,12.5,0,47.01,54.06,3.555487,4.056108,-1.872256,1.946443,3
518,PTRD.KL,Perdana Petroleum Bhd,Malaysia,Energy Equipment & Services,2024,0.4182625,44.38,8.332085,0.0180614,0.1005628,0.5532634,1.228938,0,1.16E+07,0.1342781,0.0045622,0.6956987,44.03114,32704566,9,25,0,47.66,54.31,5.114155,4.07435,0.7825099,2.780137,3
519,PTRE.KL,Petra Energy Bhd,Malaysia,Energy Equipment & Services,2022,0.4756088,28.89,8.155892,0.1670981,0.3245789,0.8426234,0.9038423,0,9223182,0.317334,0.0113999,0.433792,8.840832,2971818.2,6,14.29,TRUE,36.22,4.86,8.861822,4.069967,6.403485,1.205211,3
519,PTRE.KL,Petra Energy Bhd,Malaysia,Energy Equipment & Services,2023,0.4456084,27.45,8.168369,0.0850294,0.3888649,0.9798928,0.8553619,0,8661438,0.3423143,0.0070627,0.2834043,43.13044,11486275,6,28.57,TRUE,34.65,6.47,3.555487,4.056108,-1.872256,1,3
519,PTRE.KL,Petra Energy Bhd,Malaysia,Energy Equipment & Services,2024,0.3468702,32.48,8.272076,0.1199736,0.3293515,0.7010557,0.6832167,0,-2925023,0.2857097,0.0679859,0.4374587,-7.313097,15798120,5,33.33,TRUE,34.81,11.84,5.114155,4.07435,0.7825099,1.231452,3
520,PHUA.KL,Poh Huat Resources Holdings Bhd,Malaysia,Household Durables,2022,0.4379137,43.95,8.118877,0.0299072,0.1215094,0.7581445,1.81362,0,1.20E+07,0.3917578,0.1352246,0.2625418,11.01012,17785070,4,11.11,TRUE,82.14,26.56,8.861822,4.069967,6.403485,1.725108,3
520,PHUA.KL,Poh Huat Resources Holdings Bhd,Malaysia,Household Durables,2023,0.443335,38.92,8.112606,0.0290074,0.0946771,0.7113377,2.045061,0,-8096569,0.4928038,0.0899881,0.2546203,-39.57571,5609162.1,4,0,TRUE,75.84,24.52,3.555487,4.056108,-1.872256,1.335545,3
520,PHUA.KL,Poh Huat Resources Holdings Bhd,Malaysia,Household Durables,2024,0.3989234,44.58,8.138007,0.0270568,0.1056938,0.7413828,2.09936,0,3118949,0.5187599,0.1058681,0.2353601,20.94583,6709945.1,4,0,TRUE,80.13,27.94,5.114155,4.07435,0.7825099,1.40985,3
521,QRES.KL,QL Resources Bhd,Malaysia,Food Products,2022,3.020689,61.38,9.078614,0.2773539,0.3380586,0.6796912,0.1808165,0.0014851,-2.92E+07,0.0666191,0.2284029,0.5166318,13.62806,82063946,6,33.33,0,55.41,51.66,8.861822,4.069967,6.403485,2.272863,3
521,QRES.KL,QL Resources Bhd,Malaysia,Food Products,2023,3.114837,60.2,9.064357,0.2363012,0.3302206,0.7136659,0.1934213,0.0050502,1.04E+07,0.0702884,0.2064485,0.5236501,-0.4922083,1.00E+08,6,33.33,0,44.95,49.52,3.555487,4.056108,-1.872256,2.48264,3
521,QRES.KL,QL Resources Bhd,Malaysia,Food Products,2024,2.701123,58.92,9.12416,0.212257,0.3026786,0.6520253,0.2382959,0.0344611,6.13E+07,0.1336538,0.1963869,0.4941471,12.81562,1.12E+08,6,36.36,TRUE,53.62,44.01,5.114155,4.07435,0.7825099,1.873644,3
522,RGTB.KL,RGT Bhd,Malaysia,Chemicals,2022,0.4380258,36.65,7.729046,0.2446434,0.1585238,0.3859709,0,0.1281518,-6155463,0.1579769,0.0815001,0.5226879,-12.40512,2676207.4,5,16.67,TRUE,56.22,20.24,8.861822,4.069967,6.403485,0,3
522,RGTB.KL,RGT Bhd,Malaysia,Chemicals,2023,0.4252103,29.38,7.733188,0.2387342,0.1461145,0.3674916,0.1331831,0,1400710,0.1434161,0.0783239,0.5121406,-16.39254,532379.42,5,16.67,TRUE,42.96,16.08,3.555487,4.056108,-1.872256,1,3
522,RGTB.KL,RGT Bhd,Malaysia,Chemicals,2024,0.4736653,42.36,7.701833,0.2519843,0.1544068,0.4023544,0.2140659,0.0494014,-2696469,0.0767114,0.0806737,0.5345133,1.773742,990833.51,5,16.67,TRUE,52.53,30.65,5.114155,4.07435,0.7825099,1.323911,3
523,RIMB.KL,Rimbunan Sawit Bhd,Malaysia,Food Products,2022,0.464313,12.94,8.286592,0.410493,0.3478937,0.6321047,0.0174596,0,-1647614,0.0111743,0.0412129,0.9046595,18.12768,-1322206.8,6,12.5,0,21.51,3.56,8.861822,4.069967,6.403485,0,3
523,RIMB.KL,Rimbunan Sawit Bhd,Malaysia,Food Products,2023,0.4691143,17.12,8.269296,0.39857,0.3566647,0.6832038,0.0087343,0,-1115037,0.0029936,0.0259749,0.7875313,-27.98774,2836211.3,5,14.29,0,17.83,15.02,3.555487,4.056108,-1.872256,1.374994,3
523,RIMB.KL,Rimbunan Sawit Bhd,Malaysia,Food Products,2024,0.5313278,26.65,8.227112,0.3081162,0.2963679,0.7039127,0.0265254,0,5543230,0.0330175,0.0343863,0.877712,10.16222,5469876.9,5,14.29,0,23.88,28.46,5.114155,4.07435,0.7825099,1.573352,3
524,ROHA.KL,Rohas Tecnic Bhd,Malaysia,Construction & Engineering,2022,0.1646737,36.59,8.176579,0.1671888,0.4247342,0.8441259,0.1455207,0,-2729546,0.1017854,0.1971604,0.0955967,89.13752,4645763.6,9,30,TRUE,61.81,18.25,8.861822,4.069967,6.403485,1.930703,3
524,ROHA.KL,Rohas Tecnic Bhd,Malaysia,Construction & Engineering,2023,0.1678013,35.82,8.16748,0.2136831,0.3781641,0.7357212,0.3003357,0,6964471,0.150415,0.1555432,0.1076561,-19.92647,1500640.5,7,28.57,FALSE,45.85,21.39,3.555487,4.056108,-1.872256,2.438163,3
524,ROHA.KL,Rohas Tecnic Bhd,Malaysia,Construction & Engineering,2024,0.1663078,33.37,8.161378,0.2340135,0.3298254,0.6543182,0.284256,0,-4952612,0.1383334,0.1379899,0.1609918,-7.431184,-1217009.9,8,28.57,FALSE,35.58,23.25,5.114155,4.07435,0.7825099,2.311027,3
525,SAEG.KL,SAM Engineering & Equipment (M) Bhd,Malaysia,Machinery,2022,1.784211,32.38,8.561749,0.3170324,0.4227472,0.8572744,0.0309657,0,-2271655,0.0166152,0.2992672,0.3202147,20.02968,20147166,4,20,TRUE,56.37,4.49,8.861822,4.069967,6.403485,1.527413,3
525,SAEG.KL,SAM Engineering & Equipment (M) Bhd,Malaysia,Machinery,2023,1.430178,37.19,8.643782,0.1526982,0.2756128,0.8870842,0.0632387,0,3218423,0.021053,0.1921759,0.3470554,-3.25489,22992271,4,28.57,TRUE,75.06,7.27,3.555487,4.056108,-1.872256,1.603313,3
525,SAEG.KL,SAM Engineering & Equipment (M) Bhd,Malaysia,Machinery,2024,1.375147,37.44,8.656368,0.1315592,0.2255898,0.7760324,0.0617018,0,-1862909,0.0143286,0.2183401,0.3340599,5.284224,20726268,6,25,TRUE,74.9,6.65,5.114155,4.07435,0.7825099,1.638538,3
526,SAHB.KL,Samchem Holdings Bhd,Malaysia,Trading Companies & Distributors,2022,0.3946389,24.47,8.077926,0.271,0.4068865,0.8218121,0.3666673,0,-1606591,0.1136782,0.2609977,0.189701,-11.00511,10321136,6,14.29,TRUE,65.88,13.11,8.861822,4.069967,6.403485,2.017756,3
526,SAHB.KL,Samchem Holdings Bhd,Malaysia,Trading Companies & Distributors,2023,0.3994385,21.66,8.071747,0.2932651,0.3441598,0.7328926,0.3527202,0,-517647.1,0.1394166,0.2125341,0.1919727,-15.69829,7697385.6,5,16.67,TRUE,33.16,24.97,3.555487,4.056108,-1.872256,1.352091,3
526,SAHB.KL,Samchem Holdings Bhd,Malaysia,Trading Companies & Distributors,2024,0.350492,36.36,8.128519,0.3429815,0.4141976,0.78741,0.2687726,0,-760966.9,0.1430766,0.2447371,0.1962974,7.37706,4465756.5,5,16.67,FALSE,50.79,32.8,5.114155,4.07435,0.7825099,1.829398,3
527,SCGB.KL,SCGM Bhd,Malaysia,Containers & Packaging,2022,0.3642604,35.8,7.861394,0.2047273,0.1950317,0.5673277,0.1513625,0,-990629.6,0.0286195,0.151004,0.6536943,8.620272,7092228.9,4,42.86,0,35.66,31.4,8.861822,4.069967,6.403485,1.611011,3
527,SCGB.KL,SCGM Bhd,Malaysia,Containers & Packaging,2023,0.9778194,34.11,7.442803,0,0.0704326,1,14.19017,0,3951283,0.3812154,0.000114,0,-100,1448189.5,5,50,0,35.64,27.72,3.555487,4.056108,-1.872256,1,3
527,SCGB.KL,SCGM Bhd,Malaysia,Containers & Packaging,2024,1.014933,24.57,7.415441,0,0.0093324,1,107.0877,0,-2450009,0.9383589,0,0.0001411,0,-686732.32,4,60,0,22.67,15.14,5.114155,4.07435,0.7825099,0,3
529,SIME.KL,Sime Darby Bhd,Malaysia,Industrial Conglomerates,2022,0.338865,56.22,9.899819,0.2282397,0.3940065,0.7255643,0.057969,0,2.74E+08,0.0988566,0.3092332,0.28777,7.305676,2.87E+08,11,27.27,TRUE,95.24,30.04,8.861822,4.069967,6.403485,1.985813,3
529,SIME.KL,Sime Darby Bhd,Malaysia,Industrial Conglomerates,2023,0.2383921,56.56,10.04103,0.2750569,0.379144,0.6282334,0.052728,0,-3.44E+07,0.0732431,0.2844159,0.3070897,37.54991,3.15E+08,12,25,TRUE,94.67,35.52,3.555487,4.056108,-1.872256,2.607108,3
529,SIME.KL,Sime Darby Bhd,Malaysia,Industrial Conglomerates,2024,0.2728419,57.09,10.05165,0.2018263,0.3265074,0.5727286,0,0.0640909,1.02E+07,0.073933,0.2553093,0.3173335,16.88165,5.67E+08,11,27.27,TRUE,91.66,34.89,5.114155,4.07435,0.7825099,1.706934,3
530,SKOU.KL,Sern Kou Resources Bhd,Malaysia,Household Durables,2022,2.811349,37.25,7.863067,0.2313106,0.2575883,0.6985459,0.680893,0,6411659,0.1832099,0.0952546,0.3639236,-1.874325,2230183.8,5,14.29,0,67.35,17.71,8.861822,4.069967,6.403485,1.128607,3
530,SKOU.KL,Sern Kou Resources Bhd,Malaysia,Household Durables,2023,2.739151,46.48,7.870715,0.2274436,0.2301601,0.7022362,0.9920762,0,4901574,0.2357471,0.0831585,0.3162378,6.276961,268544.48,5,25,0,91.89,25.76,3.555487,4.056108,-1.872256,1.406995,3
530,SKOU.KL,Sern Kou Resources Bhd,Malaysia,Household Durables,2024,2.475936,54.22,7.897886,0.2979859,0.312194,0.755318,0.5291224,0,-3802136,0.1823891,0.056655,0.3098755,28.34798,-3229533.4,5,37.5,0,91.59,24.5,5.114155,4.07435,0.7825099,1.303101,3
535,SPOR.KL,Sports Toto Bhd,Malaysia,"Hotels, Restaurants & Leisure",2022,0.5625589,51.63,8.92622,0.4406776,0.3947817,0.5425623,0.1475746,0.1021275,1.59E+07,0.1828558,0.1656612,0.2149511,10.16727,49585852,5,12.5,TRUE,36.13,42.78,8.861822,4.069967,6.403485,1.709042,3
535,SPOR.KL,Sports Toto Bhd,Malaysia,"Hotels, Restaurants & Leisure",2023,0.5638962,64.94,8.92426,0.4194089,0.4173636,0.5893719,0.1495713,0.1247859,2.33E+07,0.1863687,0.1342051,0.2108085,3.09927,46773701,5,14.29,TRUE,52.39,62.99,3.555487,4.056108,-1.872256,2.044136,3
535,SPOR.KL,Sports Toto Bhd,Malaysia,"Hotels, Restaurants & Leisure",2024,0.4996527,60.31,8.976791,0.4293554,0.4045837,0.5725787,0,0.1980523,3682660,0.2235172,0.1428192,0.2140206,13.84397,56411876,5,14.29,TRUE,33.5,67.39,5.114155,4.07435,0.7825099,1.24507,3
536,STAR.KL,Star Media Group Bhd,Malaysia,Media,2022,0.3937138,52.86,8.246038,0.0183572,0.1439372,0.9059398,0.1173387,0,4940909,0.4528407,0.0239882,0.2168087,11.2383,1564545.4,10,14.29,FALSE,50.51,57.01,8.861822,4.069967,6.403485,1,3
536,STAR.KL,Star Media Group Bhd,Malaysia,Media,2023,0.40561,62.48,8.226649,0.0163878,0.143525,0.9167155,0.1669294,0,-146623.1,0.4502271,0.0465001,0.1546962,-4.108924,1631808.3,6,25,0,63.88,62.68,3.555487,4.056108,-1.872256,1,3
536,STAR.KL,Star Media Group Bhd,Malaysia,Media,2024,0.3939556,59.19,8.23931,0.0129215,0.0718146,0.8805377,0.2785601,0,-319382.3,0.4817426,0.0560191,0.1432565,15.62834,14952328,10,16.67,FALSE,55.59,60.18,5.114155,4.07435,0.7825099,1.630721,3
537,STIK.KL,Scientex Bhd,Malaysia,Chemicals,2022,0.9802843,42.72,9.090184,0.2150577,0.3255101,0.7535111,0.0890544,0,-1.17E+07,0.0355485,0.151466,0.2682724,3.371931,97256520,5,16.67,TRUE,47.34,41.89,8.861822,4.069967,6.403485,2.048276,3
537,STIK.KL,Scientex Bhd,Malaysia,Chemicals,2023,0.9523878,40.03,9.086886,0.1532823,0.305306,0.795446,0.0951073,0,-5495008,0.0299993,0.1525136,0.2839524,0.9587286,99609718,4,14.29,TRUE,46.88,37.99,3.555487,4.056108,-1.872256,1.562048,3
537,STIK.KL,Scientex Bhd,Malaysia,Chemicals,2024,0.8681027,48.82,9.12713,0.1529211,0.3115111,0.8062996,0.0964926,0.0109511,1.87E+07,0.0449913,0.1396243,0.2483741,7.747503,1.24E+08,4,16.67,TRUE,50.35,48.75,5.114155,4.07435,0.7825099,1.636278,3
538,SUNW.KL,Sunway Real Estate Investment Trust,Malaysia,Retail REITs,2022,0.8184952,72.25,9.330293,0.3758099,0.2005632,0.4859163,0.0154864,0,-8932955,0.0271423,0,0.0017609,-8.741395,73535909,14,42.86,TRUE,80.49,70.65,8.861822,4.069967,6.403485,2.270016,3
538,SUNW.KL,Sunway Real Estate Investment Trust,Malaysia,Retail REITs,2023,0.817363,71.19,9.317673,0.3813764,0.1999327,0.4740987,0.0106472,0,3.79E+07,0.0502982,0,0.0018995,5.313952,73679956,11,42.86,TRUE,78.9,69.55,3.555487,4.056108,-1.872256,2.55826,3
538,SUNW.KL,Sunway Real Estate Investment Trust,Malaysia,Retail REITs,2024,0.6857356,72.72,9.383415,0.4135599,0.1924067,0.4215491,0.0191302,0,-3.03E+07,0.0318406,0,0.0015957,10.1167,1.17E+08,11,42.86,TRUE,77.26,76.96,5.114155,4.07435,0.7825099,2.373344,3
539,SUPM.KL,Supermax Corporation Bhd,Malaysia,Health Care Equipment & Supplies,2022,0.3417599,35.87,9.050964,0.019908,0.0948591,0.7722484,4.312479,0,-1.89E+08,0.3402446,0.0299688,0.4275494,-71.14107,-36745552,5,14.29,0,42.03,19.2,8.861822,4.069967,6.403485,0,3
539,SUPM.KL,Supermax Corporation Bhd,Malaysia,Health Care Equipment & Supplies,2023,0.3697126,49.88,9.011483,0.0269199,0.0656909,0.8128669,4.191654,0,-1.72E+08,0.2514273,0.0375746,0.5565575,-22.13807,-38840518,5,25,0,65.27,16.83,3.555487,4.056108,-1.872256,1,3
539,SUPM.KL,Supermax Corporation Bhd,Malaysia,Health Care Equipment & Supplies,2024,0.3627962,46.5,9.019685,0.0337244,0.0676576,0.9158754,2.906474,0,-1.11E+08,0.2003939,0.0433053,0.6517636,35.51144,-38979572,7,28.57,0,59.52,17.3,5.114155,4.07435,0.7825099,2.784593,3
541,SYML.KL,Symphony Life Bhd,Malaysia,Real Estate Management & Development,2022,0.1008307,33.4,8.431945,0.1513872,0.1178225,0.5361241,0,0.0433131,-1.21E+07,0.0814361,0.1333522,0.0121338,-58.70446,-18205215,9,0,TRUE,17.11,30.05,8.861822,4.069967,6.403485,1.908747,3
541,SYML.KL,Symphony Life Bhd,Malaysia,Real Estate Management & Development,2023,0.1062855,37.94,8.408135,0.140975,0.1334568,0.596732,0,0.0505118,-1.11E+07,0.1007964,0.1264665,0.0105083,-48.94421,-2040656.4,6,12.5,TRUE,21.75,26.75,3.555487,4.056108,-1.872256,1.63913,3
541,SYML.KL,Symphony Life Bhd,Malaysia,Real Estate Management & Development,2024,0.1029708,45.27,8.421895,0.1249001,0.1262316,0.6174244,0,0.0116812,-1.08E+07,0.0132008,0.1651255,0.0103088,-53.38057,-1399549,5,14.29,TRUE,20.18,40.41,5.114155,4.07435,0.7825099,1.474435,3
543,TAAN.KL,Ta Ann Holdings Bhd,Malaysia,Food Products,2022,0.664003,32.07,8.802155,0.1050943,0.1696335,0.4585032,0.950848,0.0263847,1.56E+07,0.1811104,0.0981353,0.5561165,9.29512,89765336,5,22.22,TRUE,35.78,27.86,8.861822,4.069967,6.403485,1.679383,3
543,TAAN.KL,Ta Ann Holdings Bhd,Malaysia,Food Products,2023,0.7029708,34.44,8.774271,0.0701422,0.150022,0.4463771,1.056093,0.019759,-8114327,0.1717679,0.0870427,0.5608429,-26.34671,43964651,5,25,TRUE,38.46,31.64,3.555487,4.056108,-1.872256,1.903806,3
543,TAAN.KL,Ta Ann Holdings Bhd,Malaysia,Food Products,2024,0.719879,33.4,8.776914,0.0522494,0.1191623,0.3821057,1.125129,0.0053397,-2.55E+07,0.1634586,0.108477,0.556801,0.842545,51731538,5,28.57,TRUE,28.75,33.72,5.114155,4.07435,0.7825099,1.950461,3
545,TANC.KL,Tanco Holdings Bhd,Malaysia,Industrial Conglomerates,2022,15.73968,14.97,7.813333,0.1588184,0.3547601,0.8872777,0,0.0242128,243077.6,0.0237343,0.2319416,0.2528613,205.0572,-2961416.3,6,33.33,0,19.89,1.24,8.861822,4.069967,6.403485,0,3
545,TANC.KL,Tanco Holdings Bhd,Malaysia,Industrial Conglomerates,2023,11.22249,13.1,7.953321,0.0582084,0.3814517,0.8871108,0.0194164,0,416934.6,0.0267496,0.1368746,0.17827,518.7746,4484887.5,6,33.33,0,17.95,0.96,3.555487,4.056108,-1.872256,0,3
545,TANC.KL,Tanco Holdings Bhd,Malaysia,Industrial Conglomerates,2024,9.165277,16.68,8.041265,0.078662,0.3274021,0.790229,0.0316806,0,1236691,0.0352249,0.1016245,0.2333765,82.94277,3301590.7,6,22.22,0,17.58,5.5,5.114155,4.07435,0.7825099,1,3
546,TASC.KL,TASCO Bhd,Malaysia,Air Freight & Logistics,2022,0.2595871,41.93,8.541735,0.1842882,0.4256703,0.6955373,0.3690001,0,3.48E+07,0.1673795,0,0.3902577,3.375034,20920463,4,11.11,TRUE,39.27,33.78,8.861822,4.069967,6.403485,1.500316,3
546,TASC.KL,TASCO Bhd,Malaysia,Air Freight & Logistics,2023,0.254456,39.7,8.549477,0.2331257,0.4195928,0.6725153,0.2379803,0,-1.57E+07,0.1016508,0.0001038,0.4606707,-37.65722,13712152,5,11.11,TRUE,36.1,29.61,3.555487,4.056108,-1.872256,2.623617,3
546,TASC.KL,TASCO Bhd,Malaysia,Air Freight & Logistics,2024,0.221643,38.76,8.609435,0.1769214,0.4664691,0.7208849,0.1897387,0,-1671887,0.1016102,0.0002395,0.4347347,0.420472,6678295.4,4,12.5,TRUE,41.61,28.94,5.114155,4.07435,0.7825099,2.085602,3
550,TLMM.KL,Telekom Malaysia Bhd,Malaysia,Diversified Telecommunication Services,2022,1.236067,68.47,9.720747,0.3045138,0.2359271,0.3591558,0.1486816,0.0764332,1.06E+08,0.1098525,0.0132029,0.6355328,-0.52798,2.60E+08,18,33.33,TRUE,73.83,68.86,8.861822,4.069967,6.403485,2.592355,3
550,TLMM.KL,Telekom Malaysia Bhd,Malaysia,Diversified Telecommunication Services,2023,1.380032,65.54,9.674405,0.3052762,0.2708515,0.4690017,0.1261959,0.10208,7.70E+07,0.1256188,0.0094338,0.6021975,-7.524348,4.11E+08,16,30.77,TRUE,63.84,69.53,3.555487,4.056108,-1.872256,2.236163,3
550,TLMM.KL,Telekom Malaysia Bhd,Malaysia,Diversified Telecommunication Services,2024,1.351706,67.08,9.675454,0.2452829,0.2970018,0.5681473,0.0904332,0.1194471,6.16E+07,0.1502408,0.009531,0.5959693,2.925616,4.56E+08,17,27.27,TRUE,75.54,68.98,5.114155,4.07435,0.7825099,0,3
551,TMCN.KL,TMC Life Sciences Bhd,Malaysia,Health Care Providers & Services,2022,0.6524991,53.37,8.410128,0.1857633,0.0796946,0.2955589,0.7362154,0.0659116,-1461870,0.1253825,0.0096023,0.6430225,14.22024,9393781.2,6,33.33,TRUE,66.67,18.01,8.861822,4.069967,6.403485,1.917437,3
551,TMCN.KL,TMC Life Sciences Bhd,Malaysia,Health Care Providers & Services,2023,0.7046015,57.1,8.401849,0.1861488,0.0837614,0.3130836,0.880704,0.0252941,3792283,0.1353795,0.0113631,0.6077099,20.66575,8415219.7,8,42.86,TRUE,69.17,37.27,3.555487,4.056108,-1.872256,1.766577,3
551,TMCN.KL,TMC Life Sciences Bhd,Malaysia,Health Care Providers & Services,2024,0.7207968,55.1,8.401964,0.1725057,0.0828932,0.3268929,0.6084263,0.1080663,-1922800,0.1585427,0.0097687,0.6037321,10.05045,8620996.8,19,37.5,TRUE,66.06,32.44,5.114155,4.07435,0.7825099,2.109517,3
552,TMEI.KL,Tomei Consolidated Bhd,Malaysia,Specialty Retail,2022,0.3689246,40.69,8.173776,0.3824759,0.336783,0.688836,0.1838033,0,-1728864,0.0748077,0.7917413,0.0682477,25.27111,15331136,6,37.5,0,62.21,17.52,8.861822,4.069967,6.403485,0,3
552,TMEI.KL,Tomei Consolidated Bhd,Malaysia,Specialty Retail,2023,0.3405753,32.09,8.204964,0.3785627,0.3050727,0.6250428,0.2034337,0,2681264,0.0666828,0.7714697,0.0734234,-10.49795,10707843,6,30,0,39.57,10.85,3.555487,4.056108,-1.872256,0,3
552,TMEI.KL,Tomei Consolidated Bhd,Malaysia,Specialty Retail,2024,0.2932039,34.47,8.275208,0.3948407,0.2948559,0.600928,0.146588,0,-2348926,0.0508104,0.7882242,0.0771195,18.35592,13802820,5,50,0,25.91,37.95,5.114155,4.07435,0.7825099,1.374303,3
553,TSCP.KL,Teo Seng Capital Bhd,Malaysia,Food Products,2022,0.9820032,16.5,8.149055,0.2935968,0.3336418,0.7245528,0.198632,0,-1799236,0.0624952,0.114408,0.6110716,16.38396,4918006.8,5,33.33,0,28.26,15.44,8.861822,4.069967,6.403485,1.75957,3
553,TSCP.KL,Teo Seng Capital Bhd,Malaysia,Food Products,2023,0.9088289,17.53,8.186213,0.1666886,0.2059365,0.6374995,0.6817051,0,1.26E+07,0.1529278,0.1015838,0.5557877,11.88938,33943996,5,33.33,0,19.04,22.31,3.555487,4.056108,-1.872256,1.747594,3
553,TSCP.KL,Teo Seng Capital Bhd,Malaysia,Food Products,2024,0.7255436,20.16,8.277332,0.1173007,0.1910286,0.7098309,0.7847376,0,6246045,0.1849024,0.0890488,0.5199839,1.756958,41038628,6,33.33,0,16.53,23.54,5.114155,4.07435,0.7825099,1.492436,3
556,TXCY.KL,Tex Cycle Technology (M) Bhd,Malaysia,Commercial Services & Supplies,2022,1.918501,27.71,7.56346,0.1761148,0.0473412,0.2007646,0,0.0605476,704784.1,0.1637328,0.0017562,0.5687207,3.618389,2213684.1,5,0,0,43.07,19.05,8.861822,4.069967,6.403485,1,3
556,TXCY.KL,Tex Cycle Technology (M) Bhd,Malaysia,Commercial Services & Supplies,2023,1.797858,29.93,7.590738,0.1810859,0.0446528,0.1978904,0,0.1014176,1828111,0.107992,0.0015716,0.5444409,6.917357,3429553.4,3,20,FALSE,29.08,19.02,3.555487,4.056108,-1.872256,1,3
556,TXCY.KL,Tex Cycle Technology (M) Bhd,Malaysia,Commercial Services & Supplies,2024,1.354864,31.06,7.721793,0.1324562,0.0809153,0.3878191,0,0.0894952,655960.2,0.1210191,0.0019557,0.4763865,5.97555,3655091.8,6,16.67,FALSE,26.74,18.91,5.114155,4.07435,0.7825099,1,3
557,THEA.KL,Three-A Resources Bhd,Malaysia,Food Products,2022,0.7281578,31.15,8.063306,0.0397742,0.1251473,0.7162726,0.3297335,0,-7748637,0.0428831,0.2070767,0.4674608,20.89866,7975909.1,5,33.33,0,76.13,9.82,8.861822,4.069967,6.403485,1.222651,3
557,THEA.KL,Three-A Resources Bhd,Malaysia,Food Products,2023,0.7630513,28.71,8.042049,0.0096823,0.0640425,0.5880302,1.658103,0,7122005,0.1011168,0.1581366,0.478729,-12.11998,9837690.6,4,33.33,0,74.29,8.51,3.555487,4.056108,-1.872256,1.528959,3
557,THEA.KL,Three-A Resources Bhd,Malaysia,Food Products,2024,0.6968257,26.55,8.078452,0.0061185,0.0697753,0.6506394,0.6678537,0,5874441,0.1712291,0.1757386,0.4500888,-5.222333,9724485.2,4,22.22,0,60.62,12.71,5.114155,4.07435,0.7825099,2.010746,3
558,UCHI.KL,Uchi Technologies Bhd,Malaysia,"Electronic Equipment, Instruments & Components",2022,4.995016,58.23,7.849983,0,0.2962793,0.9886418,0.0322725,0,7151528,0.7417945,0.1143327,0.122621,20.36379,28376945,4,14.29,0,85.66,33.23,8.861822,4.069967,6.403485,1.53034,3
558,UCHI.KL,Uchi Technologies Bhd,Malaysia,"Electronic Equipment, Instruments & Components",2023,6.818741,63.07,7.723285,0,0.1631978,0.9864634,0.082955,0,-1.27E+07,0.4769432,0.1291404,0.1537917,8.472044,29462098,4,14.29,0,83.22,32.38,3.555487,4.056108,-1.872256,1.262527,3
558,UCHI.KL,Uchi Technologies Bhd,Malaysia,"Electronic Equipment, Instruments & Components",2024,7.061349,59.97,7.704099,0,0.1338431,0.9861795,0.156807,0,-1152440,0.6341463,0.079956,0.1615077,-5.920891,25451441,4,14.29,0,78.21,27.49,5.114155,4.07435,0.7825099,1.262527,3
559,UNSM.KL,Unisem (M) Bhd,Malaysia,Semiconductors & Semiconductor Equipment,2022,1.498447,48.07,8.836383,0.0650843,0.1503232,0.7533113,0.4355317,0,-2.27E+07,0.1895954,0.0894326,0.6458001,7.479251,55320682,6,33.33,0,28.77,28.63,8.861822,4.069967,6.403485,2.014104,3
559,UNSM.KL,Unisem (M) Bhd,Malaysia,Semiconductors & Semiconductor Equipment,2023,1.564253,50.64,8.813536,0.0770837,0.1176262,0.5831952,0.3634522,0,-1.64E+07,0.1532259,0.0755786,0.6907819,-22.54677,17853159,5,36.36,0,41.76,33.92,3.555487,4.056108,-1.872256,1.623657,3
559,UNSM.KL,Unisem (M) Bhd,Malaysia,Semiconductors & Semiconductor Equipment,2024,1.573429,56.37,8.810996,0.0648844,0.157741,0.708429,0.4332844,0,-4.54E+07,0.0963631,0.0858154,0.7424557,12.8051,13578335,5,33.33,0,52.99,35.26,5.114155,4.07435,0.7825099,1.078448,3
560,UPAB.KL,UPA Corporation Bhd,Malaysia,Paper & Forest Products,2022,0.5452437,11.15,7.846882,0.0300031,0.0770917,0.694353,0,0.1702957,-573863.6,0.1768067,0.2173099,0.2100573,-2.56897,2421363.6,6,14.29,0,25.52,1.81,8.861822,4.069967,6.403485,0,3
560,UPAB.KL,UPA Corporation Bhd,Malaysia,Paper & Forest Products,2023,0.5562513,16.19,7.837274,0.0417666,0.0812579,0.6810082,0,0.2413908,5045098,0.2466844,0.1737244,0.1928553,-9.786716,1829193.9,5,14.29,0,21.59,13.29,3.555487,4.056108,-1.872256,1,3
560,UPAB.KL,UPA Corporation Bhd,Malaysia,Paper & Forest Products,2024,0.5614173,25.07,7.833259,0.027636,0.0706952,0.6705937,2.954313,0,-2822068,0.2131583,0.1482377,0.2130087,-11.85539,338630.26,6,14.29,0,43.24,20.47,5.114155,4.07435,0.7825099,1,3
561,UTPS.KL,United Plantations Bhd,Malaysia,Food Products,2022,4.397647,67.02,8.877528,0.0036812,0.0630098,0.4885147,0.6307665,0,5.39E+07,0.2339581,0.079906,0.4965105,17.03683,1.38E+08,4,18.18,TRUE,68.29,49.45,8.861822,4.069967,6.403485,2.865088,3
561,UTPS.KL,United Plantations Bhd,Malaysia,Food Products,2023,4.596822,69.41,8.851885,0.0038939,0.0572361,0.4521099,0.7373552,0,1.06E+07,0.18301,0.0911296,0.5068426,-23.22,1.55E+08,4,11.11,TRUE,72.89,58.38,3.555487,4.056108,-1.872256,2.840111,3
561,UTPS.KL,United Plantations Bhd,Malaysia,Food Products,2024,4.531308,62.7,8.860867,0.0041465,0.0685113,0.501052,0.7385092,0,-3.38E+07,0.1532391,0.08993,0.5131969,12.09254,1.61E+08,4,11.11,TRUE,55.57,54.25,5.114155,4.07435,0.7825099,2.669041,3
562,VSDY.KL,VisDynamics Holdings Bhd,Malaysia,Semiconductors & Semiconductor Equipment,2022,0.8161904,42.29,7.236248,0.0035412,0.1782113,0.9878062,0,0.3742937,3142311,0.3981506,0.2448407,0.1598303,-6.561618,2690490.9,5,42.86,TRUE,54.09,20.31,8.861822,4.069967,6.403485,1,3
562,VSDY.KL,VisDynamics Holdings Bhd,Malaysia,Semiconductors & Semiconductor Equipment,2023,0.9178914,40.56,7.193866,0.0023412,0.0789356,0.9552317,0,0.3199506,-1400036,0.4136294,0.2487495,0.1715012,-48.22744,595527.09,5,42.86,TRUE,54.63,17.88,3.555487,4.056108,-1.872256,1,3
562,VSDY.KL,VisDynamics Holdings Bhd,Malaysia,Semiconductors & Semiconductor Equipment,2024,0.962213,39.32,7.16384,0.0011127,0.0926564,1,0,0.2938116,-1157426,0.3535388,0.2885705,0.2259993,-66.89997,-1763309.7,5,42.86,TRUE,41.93,21.04,5.114155,4.07435,0.7825099,1,3
563,VSTE.KL,VSTECS Bhd,Malaysia,"Electronic Equipment, Instruments & Components",2022,2.010114,36.03,8.21024,0.0220269,0.4237694,0.9989831,0.1539984,0,-5922046,0.0640676,0.354623,0.0072844,-0.1450847,13563636,4,28.57,TRUE,70.44,11.57,8.861822,4.069967,6.403485,1.337069,3
563,VSTE.KL,VSTECS Bhd,Malaysia,"Electronic Equipment, Instruments & Components",2023,1.787712,38.04,8.253342,0.0477037,0.440284,0.9892079,0.416544,0,2.27E+07,0.2025326,0.2441258,0.0115229,-5.642035,14689760,4,42.86,TRUE,74.1,12.92,3.555487,4.056108,-1.872256,1.511682,3
563,VSTE.KL,VSTECS Bhd,Malaysia,"Electronic Equipment, Instruments & Components",2024,1.621713,43.87,8.293343,0.0050175,0.4253556,0.9944238,0,0.1211611,-9955461,0.1328508,0.2821948,0.0089416,9.304949,15793644,4,42.86,TRUE,78.53,17.43,5.114155,4.07435,0.7825099,2.010486,3
564,VTRX.KL,ViTrox Corporation Bhd,Malaysia,Semiconductors & Semiconductor Equipment,2022,7.083757,50.04,8.412747,0.0640275,0.1763411,0.760766,0.9675391,0,2.60E+07,0.370415,0.178101,0.1984884,4.39396,45527273,5,28.57,TRUE,73.24,31.62,8.861822,4.069967,6.403485,1.409426,3
564,VTRX.KL,ViTrox Corporation Bhd,Malaysia,Semiconductors & Semiconductor Equipment,2023,7.000702,65.96,8.405042,0.0538983,0.1323101,0.7437076,0.5153795,0,4050327,0.3283097,0.1702433,0.248818,-26.54126,27796732,5,44.44,TRUE,77.23,68.63,3.555487,4.056108,-1.872256,1.557633,3
564,VTRX.KL,ViTrox Corporation Bhd,Malaysia,Semiconductors & Semiconductor Equipment,2024,6.558328,66.26,8.432292,0.039997,0.122407,0.7894237,0.7005737,0,-1.09E+07,0.2995677,0.1666134,0.2486935,-1.309742,20013653,5,33.33,TRUE,79.59,71.48,5.114155,4.07435,0.7825099,1.260825,3
565,WASC.KL,Wasco Bhd,Malaysia,Energy Equipment & Services,2022,0.279393,48.99,8.79007,0.3783276,0.6195356,0.7879605,0.164138,0,1.99E+07,0.1395345,0.0823288,0.2849653,56.66101,8172500,4,0,TRUE,34.06,50.44,8.861822,4.069967,6.403485,1.345821,3
565,WASC.KL,Wasco Bhd,Malaysia,Energy Equipment & Services,2023,0.2749793,56.56,8.807516,0.3155573,0.5795595,0.7617653,0.1798632,0,1.77E+07,0.144966,0.0632325,0.2851557,5.568122,32706536,4,22.22,TRUE,62.79,59.18,3.555487,4.056108,-1.872256,1.466275,3
565,WASC.KL,Wasco Bhd,Malaysia,Energy Equipment & Services,2024,0.2729512,69.17,8.810731,0.2622167,0.5501601,0.7767034,0.1516249,0,-1.58E+07,0.1228952,0.1029017,0.2852039,25.55134,37224709,4,25,TRUE,84.17,65.54,5.114155,4.07435,0.7825099,1.77379,3
566,WAVE.KL,WAVEFRONT Bhd,Malaysia,"Electronic Equipment, Instruments & Components",2022,0.3986423,32.49,8.245577,0.1910135,0.2552291,0.6773954,0,0.3296564,1.27E+07,0.1656854,0.1031168,0.2671309,-66.45822,-57738549,5,40,TRUE,51.4,17.33,8.861822,4.069967,6.403485,1.405017,3
566,WAVE.KL,WAVEFRONT Bhd,Malaysia,"Electronic Equipment, Instruments & Components",2023,0.5396036,38.58,8.104202,0.1860711,0.2593219,0.7029427,0,0.3921753,-4336263,0.283208,0.0785214,0.081075,-58.23803,-22239492,7,33.33,TRUE,75.31,22.79,3.555487,4.056108,-1.872256,1.524979,3
566,WAVE.KL,WAVEFRONT Bhd,Malaysia,"Electronic Equipment, Instruments & Components",2024,0.5330359,36.8,8.118475,0.1723041,0.2849306,0.7967975,0,0.3509058,-6987373,0.380368,0.0829852,0.1239294,-29.01122,-993235.63,5,33.33,TRUE,61.38,17.31,5.114155,4.07435,0.7825099,1.451613,3
567,WCAL.KL,Wellcall Holdings Bhd,Malaysia,Machinery,2022,4.510595,30.22,7.536455,0,0.1895827,0.867578,1.212527,0.0876922,254970.9,0.3634531,0.1822914,0.2968938,1.61127,7182584.7,5,20,0,83.62,1.98,8.861822,4.069967,6.403485,1,3
567,WCAL.KL,Wellcall Holdings Bhd,Malaysia,Machinery,2023,4.11213,28.48,7.572366,0,0.1771286,0.8792353,1.375779,0.0822887,2691512,0.4609438,0.1451794,0.2659599,21.3638,11776610,5,25,0,73.53,3.3,3.555487,4.056108,-1.872256,0,3
567,WCAL.KL,Wellcall Holdings Bhd,Malaysia,Machinery,2024,3.618814,32.23,7.627866,0,0.1593818,0.8760203,1.3704,0.0852974,-1255853,0.4496984,0.1471783,0.3186655,9.823768,11384111,5,30,0,76.9,12.78,5.114155,4.07435,0.7825099,0,3
568,WCEH.KL,WCE Holdings Bhd,Malaysia,Transportation Infrastructure,2022,0.3340808,31.46,9.216036,0.5680349,0.0566272,0.0668478,0.0226066,0,6736962,0.1101751,0,0.0005033,-20.41949,16461224,4,0,FALSE,43.79,31.78,8.861822,4.069967,6.403485,1.723683,3
568,WCEH.KL,WCE Holdings Bhd,Malaysia,Transportation Infrastructure,2023,0.3237897,48.29,9.199839,0.5743497,0.0589817,0.0678206,0.119741,0,-5.94E+07,0.0583809,0,0.0007147,13.27492,-33373213,6,0,FALSE,53.99,50.82,3.555487,4.056108,-1.872256,1.405017,3
568,WCEH.KL,WCE Holdings Bhd,Malaysia,Transportation Infrastructure,2024,0.3070699,50.58,9.251721,0.5509592,0.0834352,0.0948104,0.08925,0,-696505.1,0.0301042,0,0.0007218,8.973788,-40292221,5,25,FALSE,65.85,54.2,5.114155,4.07435,0.7825099,1.351727,3
569,WCTE.KL,WCT Holdings Bhd,Malaysia,Construction & Engineering,2022,0.1611757,33,9.275822,0.3688345,0.3229661,0.617137,0.0339604,0,-1.48E+07,0.0252542,0.0851436,0.0627189,17.19763,39270682,5,10,0,13.62,36.67,8.861822,4.069967,6.403485,1.265176,3
569,WCTE.KL,WCT Holdings Bhd,Malaysia,Construction & Engineering,2023,0.1607331,47.31,9.276087,0.3852016,0.3479652,0.6091799,0.0432191,0,3.65E+07,0.0428755,0.0683759,0.0633379,-21.33252,-45620479,5,12.5,0,17.55,48.36,3.555487,4.056108,-1.872256,1.740947,3
569,WCTE.KL,WCT Holdings Bhd,Malaysia,Construction & Engineering,2024,0.15163,49.41,9.309279,0.4175997,0.4503509,0.7780049,0.0327145,0,3.09E+07,0.0626903,0.0662252,0.05802,9.073972,71903089,4,12.5,0,15.83,55.02,5.114155,4.07435,0.7825099,1.894174,3
570,WGZH.KL,Wang-Zheng Bhd,Malaysia,Paper & Forest Products,2022,0.2511895,26.15,7.789528,0.2042165,0.2447815,0.9290743,0.793725,0,-3084968,0.3775514,0.2109271,0.1450214,12.70106,1477825,5,22.22,TRUE,66.28,12.84,8.861822,4.069967,6.403485,1,3
570,WGZH.KL,Wang-Zheng Bhd,Malaysia,Paper & Forest Products,2023,0.2324838,38.99,7.822208,0.2869018,0.3245683,0.9810014,0.6290537,0,2740384,0.4348353,0.2270986,0.119701,0.9038768,1467895.4,5,11.11,TRUE,60.22,28.65,3.555487,4.056108,-1.872256,1.224285,3
570,WGZH.KL,Wang-Zheng Bhd,Malaysia,Paper & Forest Products,2024,0.2278122,36.98,7.825629,0.2243188,0.3280617,0.997893,0.3896209,0,-6604246,0.3148755,0.2609736,0.1748348,12.31618,239805.28,6,11.11,TRUE,58.01,28.83,5.114155,4.07435,0.7825099,1.11332,3
573,YSPS.KL,YSP Southeast Asia Holding Bhd,Malaysia,Pharmaceuticals,2022,0.6387211,46.48,8.032367,0.0680737,0.1386493,0.6450936,0,0.2731935,2069318,0.273723,0.2473584,0.2841903,12.22598,7902954.5,5,33.33,0,69.5,11.44,8.861822,4.069967,6.403485,1.349082,3
573,YSPS.KL,YSP Southeast Asia Holding Bhd,Malaysia,Pharmaceuticals,2023,0.6200939,45.81,8.054809,0.1020202,0.1315109,0.5448911,1.152359,0,179520.7,0.2635511,0.2523467,0.3105389,1.810697,8240740.7,6,33.33,0,70.51,13.79,3.555487,4.056108,-1.872256,1.41421,3
573,YSPS.KL,YSP Southeast Asia Holding Bhd,Malaysia,Pharmaceuticals,2024,0.6001647,46.66,8.073132,0.1008051,0.1188101,0.5247156,0.934957,0,1911146,0.2739579,0.2390613,0.3130141,6.684407,6039838.8,5,37.5,0,71.3,17.79,5.114155,4.07435,0.7825099,1,3
574,YTLR.KL,YTL Hospitality REIT,Malaysia,Hotel & Resort REITs,2022,0.4130337,14.16,9.041036,0.4029785,0.0637594,0.147266,0.3332365,0,2.14E+07,0.0353727,0.0001385,0.4067999,26.36868,30272454,4,0,TRUE,1.86,17.1,8.861822,4.069967,6.403485,2.224579,3
574,YTLR.KL,YTL Hospitality REIT,Malaysia,Hotel & Resort REITs,2023,0.3921553,13.61,9.062634,0.4255783,0.2473935,0.5455529,0.0909358,0,1.06E+07,0.0450966,0.000126,0.3889941,12.7752,37753340,4,25,TRUE,2.94,14.92,3.555487,4.056108,-1.872256,2.291798,3
574,YTLR.KL,YTL Hospitality REIT,Malaysia,Hotel & Resort REITs,2024,0.347352,18.09,9.111427,0.4269702,0.2120949,0.4612624,0.1048965,0,8321140,0.0552592,0.0001161,0.3519885,10.66198,35288361,5,12.5,TRUE,2.44,24.78,5.114155,4.07435,0.7825099,2.357377,3
575,ZETR.KL,Zetrix AI Bhd,Malaysia,Professional Services,2022,2.820862,57.04,8.761326,0.190312,0.1337012,0.5116137,0,0.0221666,-3867500,0.0383966,0.0101623,0.1534939,-14.64142,91000455,5,28.57,0,54.51,30.37,8.861822,4.069967,6.403485,1.332505,3
575,ZETR.KL,Zetrix AI Bhd,Malaysia,Professional Services,2023,2.278304,55.98,8.845743,0.2736932,0.0890254,0.2825953,0,0.0187455,876688.4,0.0317603,0.0080114,0.1143416,13.99217,1.06E+08,5,28.57,0,51.68,31.68,3.555487,4.056108,-1.872256,1.354167,3
575,ZETR.KL,Zetrix AI Bhd,Malaysia,Professional Services,2024,1.680437,56.28,8.977933,0.3039343,0.0563645,0.1706359,0,0.0823123,6.46E+07,0.1194649,0.0005835,0.105504,34.92437,1.59E+08,5,28.57,0,51.64,34.83,5.114155,4.07435,0.7825099,1.474909,3
576,ZHCO.KL,Zhulian Corp Bhd,Malaysia,"Textiles, Apparel & Luxury Goods",2022,0.9991837,29.23,8.092425,0.0005112,0.073064,0.8900536,2.015139,0,-7628404,0.3257638,0.0657377,0.1573274,-13.96666,8623227.6,4,0,TRUE,30.92,24.46,8.861822,4.069967,6.403485,1,3
576,ZHCO.KL,Zhulian Corp Bhd,Malaysia,"Textiles, Apparel & Luxury Goods",2023,1.151513,38.59,8.033699,0.0005822,0.0743709,0.9066663,2.450453,0,-9740606,0.2694551,0.0692544,0.1641965,-7.256984,6277861.3,4,28.57,TRUE,39.28,21.82,3.555487,4.056108,-1.872256,1.684402,3
576,ZHCO.KL,Zhulian Corp Bhd,Malaysia,"Textiles, Apparel & Luxury Goods",2024,1.194507,35.19,8.017779,0.0006572,0.0705539,0.8827189,3.277493,0,1097523,0.3337014,0.0675078,0.1699888,-0.0286146,5279729.7,4,28.57,TRUE,37.9,20.96,5.114155,4.07435,0.7825099,1,3
577,AEV.PS,Aboitiz Equity Ventures Inc,Philippines,Industrial Conglomerates,2022,0.2042308,34.46286,10.16167,0.4666045,0.1646342,0.2406388,0.3086079,0,-8.26E+08,0.152873,0.0584611,0.2783816,25.47032,7.22E+08,12,22.22222,TRUE,42.99145,22.09171,7.580982,3.549992,5.488648,2.812384,3
577,AEV.PS,Aboitiz Equity Ventures Inc,Philippines,Industrial Conglomerates,2023,0.1999444,48.08672,10.17768,0.4510103,0.1366166,0.2027355,0.2922811,0,1.94E+08,0.1416431,0.0559191,0.2757148,1.775985,7.75E+08,12,22.22222,TRUE,75.47009,26.26961,5.51895,3.58025,4.601433,2.207747,3
577,AEV.PS,Aboitiz Equity Ventures Inc,Philippines,Industrial Conglomerates,2024,0.1889557,42.24277,10.1872,0.452469,0.1484234,0.2173036,0.161346,0,-5.25E+08,0.0937918,0.0516079,0.2695709,-7.021292,6.53E+08,10,22.22222,TRUE,55.72649,21.21526,5.692016,3.60041,2.914192,2.378536,3
578,ALI.PS,Ayala Land Inc,Philippines,Real Estate Management & Development,2022,0.4991208,84.47868,10.14628,0.3267363,0.2597611,0.3861996,0.0508316,0.0020403,-3.75E+07,0.0182056,0.2313184,0.0623003,9.481603,4.05E+08,6,22.22222,TRUE,81.76624,78.53596,7.580982,3.549992,5.488648,3.887897,3
578,ALI.PS,Ayala Land Inc,Philippines,Real Estate Management & Development,2023,0.4766465,82.60075,10.18428,0.326915,0.2765983,0.4088487,0.0454964,0.0075737,9.35E+07,0.0229723,0.2472342,0.0626834,18.84639,5.24E+08,8,33.33333,TRUE,77.94872,79.7058,5.51895,3.58025,4.601433,3.871405,3
578,ALI.PS,Ayala Land Inc,Philippines,Real Estate Management & Development,2024,0.4702413,80.30782,10.1992,0.3275454,0.2711528,0.4022269,0.0418844,0.0120528,7.65E+07,0.0250428,0.2465947,0.0542394,15.7118,5.90E+08,8,22.22222,TRUE,74.44444,73.84166,5.692016,3.60041,2.914192,3.480813,3
580,BLOOM.PS,Bloomberry Resorts Corp,Philippines,"Hotels, Restaurants & Leisure",2022,0.2868294,41.91608,9.403985,0.647403,0.1471703,0.1925654,1.475996,0.0136506,2.29E+08,0.2589377,0.0024767,0.6548459,61.78173,92368970,12,0,TRUE,22.99145,38.52462,7.580982,3.549992,5.488648,1.299986,3
580,BLOOM.PS,Bloomberry Resorts Corp,Philippines,"Hotels, Restaurants & Leisure",2023,0.2331497,40.09972,9.461165,0.59237,0.1482937,0.2124652,1.232672,0.0267973,3.51E+07,0.2390898,0.0021309,0.6872465,24.04315,1.72E+08,11,0,TRUE,18.37607,35.97235,5.51895,3.58025,4.601433,1.344614,3
580,BLOOM.PS,Bloomberry Resorts Corp,Philippines,"Hotels, Restaurants & Leisure",2024,0.1995987,47.03005,9.536375,0.5519074,0.0930808,0.1349886,1.487968,0.0013462,-1.15E+08,0.1662893,0.0031351,0.7784003,5.059373,44471068,12,0,TRUE,18.88889,44.3069,5.692016,3.60041,2.914192,1.459974,3
582,EMI.PS,Emperador Inc,Philippines,Beverages,2022,1.814917,53.25863,9.404247,0.1727595,0.2007636,0.5267648,0.0953312,0.0710672,6.12E+07,0.0927626,0.3280721,0.2071793,2.778465,1.83E+08,15,14.28571,TRUE,70.77051,33.5197,7.580982,3.549992,5.488648,2.086563,3
582,EMI.PS,Emperador Inc,Philippines,Beverages,2023,1.674682,51.29267,9.428923,0.178728,0.1570218,0.4262272,0.1835623,0.0418726,-4.02E+07,0.0773591,0.3445453,0.2300581,5.115591,1.62E+08,0,14.28571,TRUE,60.08547,41.69985,5.51895,3.58025,4.601433,1.832651,3
582,EMI.PS,Emperador Inc,Philippines,Beverages,2024,1.642918,56.22613,9.438838,0.2163261,0.1265247,0.3356673,0.1890017,0.0371369,-1.33E+07,0.0659458,0.3181646,0.2564234,-10.43713,1.12E+08,0,0,TRUE,61.45299,60.58247,5.692016,3.60041,2.914192,2.318374,3
583,GLO.PS,Globe Telecom Inc,Philippines,Wireless Telecommunication Services,2022,0.4187984,58.56926,9.999202,0.5172718,0.2761779,0.3803488,0.0827529,0.0095992,-1.11E+08,0.0360288,0.0069855,0.574087,-4.424283,6.22E+08,7,9.090909,TRUE,62.0128,56.35486,7.580982,3.549992,5.488648,3.70555,3
583,GLO.PS,Globe Telecom Inc,Philippines,Wireless Telecommunication Services,2023,0.3678308,62.6405,10.04307,0.5537352,0.2343326,0.3172584,0.0601685,0.0131149,-2.51E+07,0.0301071,0.00554,0.6604461,3.451205,4.44E+08,7,9.090909,TRUE,80.59829,55.95511,5.51895,3.58025,4.601433,3.595743,3
583,GLO.PS,Globe Telecom Inc,Philippines,Wireless Telecommunication Services,2024,0.3687958,61.20501,10.03784,0.5769365,0.1949886,0.2651965,0.0538334,0.0232033,8.11E+07,0.0332969,0.004679,0.6984759,-4.405238,4.18E+08,7,18.18182,TRUE,74.44444,54.00065,5.692016,3.60041,2.914192,3.244099,3
585,ICT.PS,International Container Terminal Services Inc,Philippines,Transportation Infrastructure,2022,2.485667,58.19339,9.848413,0.6491677,0.1794582,0.2250348,0.2488769,0.0742745,1.81E+08,0.1338778,0.0074952,0.3373487,20.26634,6.78E+08,0,0,0,63.16239,52.47654,7.580982,3.549992,5.488648,2.364265,3
585,ICT.PS,International Container Terminal Services Inc,Philippines,Transportation Infrastructure,2023,2.219268,58.80218,9.86003,0.6269143,0.0987759,0.1266105,0.5898656,0.0405786,-1.23E+08,0.1235881,0.0077051,0.3812442,6.479494,5.81E+08,0,0,0,61.28205,46.17699,5.51895,3.58025,4.601433,1.540918,3
585,ICT.PS,International Container Terminal Services Inc,Philippines,Transportation Infrastructure,2024,2.249401,53.65158,9.883625,0.6433269,0.1528258,0.1922828,0.4409028,0.0776079,3.93E+08,0.1725559,0.0077738,0.3695309,14.70477,9.36E+08,0,0,0,51.02564,39.71774,5.692016,3.60041,2.914192,3.868875,3
587,LTG.PS,LT Group Inc,Philippines,Industrial Conglomerates,2022,0.1170773,24.15814,10.35754,0.0679611,0.7100708,0.8421175,0.1779349,0,-7.26E+08,0.2447141,0.0136369,0.055977,1.336603,5.51E+08,18,54.54546,TRUE,10.68376,30.58765,7.580982,3.549992,5.488648,2.531929,3
587,LTG.PS,LT Group Inc,Philippines,Industrial Conglomerates,2023,0.1118778,36.55268,10.37959,0.0557133,0.7483021,0.89094,0.1752719,0,3.44E+08,0.3079344,0.0122016,0.0523102,14.88426,6.14E+08,19,54.54546,TRUE,14.61539,30.50572,5.51895,3.58025,4.601433,2.044137,3
587,LTG.PS,LT Group Inc,Philippines,Industrial Conglomerates,2024,0.1123369,43.41952,10.37409,0.0359868,0.7270758,0.8740406,0.1201948,0,-3.48E+08,0.2772108,0.0114985,0.0502026,6.676144,6.63E+08,19,54.54546,TRUE,12.22222,36.54908,5.692016,3.60041,2.914192,0,3
588,MWC.PS,Manila Water Company Inc,Philippines,Water Utilities,2022,0.5450488,75.66302,9.543977,0.4381785,0.1236349,0.1965244,0.0336416,0.0410756,-8.13E+07,0.0494739,0.0023134,0.0389625,1.715755,1.10E+08,14,9.090909,TRUE,81.11111,72.76987,7.580982,3.549992,5.488648,3.084298,3
588,MWC.PS,Manila Water Company Inc,Philippines,Water Utilities,2023,0.5071577,64.76811,9.578156,0.4755404,0.1794286,0.2672529,0.0295004,0.0459866,3.50E+07,0.0554787,0.0018152,0.0450061,35.3842,1.06E+08,20,16.66667,TRUE,62.99145,59.12519,5.51895,3.58025,4.601433,2.599102,3
588,MWC.PS,Manila Water Company Inc,Philippines,Water Utilities,2024,0.4944217,65.38097,9.593831,0.4686844,0.1309814,0.1955179,0.0683914,0.0236674,-5.71E+07,0.0338243,0.0019682,0.0439388,13.80993,1.89E+08,11,22.22222,TRUE,74.0171,50.90498,5.692016,3.60041,2.914192,3.356522,3
589,RLC.PS,Robinsons Land Corp,Philippines,Real Estate Management & Development,2022,0.3171279,32.61507,9.603532,0.2401594,0.194032,0.4607973,0.1442096,0,-1.86E+08,0.0332621,0.1455073,0.0766278,14.06229,2.00E+08,0,11.11111,TRUE,14.10256,24.14166,7.580982,3.549992,5.488648,1.379004,3
589,RLC.PS,Robinsons Land Corp,Philippines,Real Estate Management & Development,2023,0.2789909,32.33268,9.628925,0.2397756,0.1451193,0.3414234,0.1146153,0,-4.61E+07,0.0257502,0.1514049,0.0783618,-7.188282,2.41E+08,0,11.11111,TRUE,8.119658,35.18874,5.51895,3.58025,4.601433,2.021273,3
589,RLC.PS,Robinsons Land Corp,Philippines,Real Estate Management & Development,2024,0.275684,31.64275,9.654026,0.2167149,0.1757809,0.4343267,0.0867176,0,8.28E+07,0.0426309,0.1548896,0.0840087,-2.668365,2.64E+08,6,11.11111,TRUE,14.95726,31.37667,5.692016,3.60041,2.914192,2.6762,3
590,RRHI.PS,Robinsons Retail Holdings Inc,Philippines,Consumer Staples Distribution & Retail,2022,0.2845727,37.85719,9.405215,0.2432954,0.2833213,0.5803038,0,0.1255386,2.87E+07,0.1212311,0.1940971,0.3165669,6.82252,1.16E+08,9,11.11111,TRUE,22.07207,33.38659,7.580982,3.549992,5.488648,2.173992,3
590,RRHI.PS,Robinsons Retail Holdings Inc,Philippines,Consumer Staples Distribution & Retail,2023,0.2444077,50.18984,9.44698,0.2929487,0.253337,0.4924955,0,0.0849713,-8.30E+07,0.0935486,0.1913813,0.2793523,7.987299,83938306,11,11.11111,TRUE,43.24786,41.10966,5.51895,3.58025,4.601433,3.104364,3
590,RRHI.PS,Robinsons Retail Holdings Inc,Philippines,Consumer Staples Distribution & Retail,2024,0.2420363,53.10376,9.466328,0.2725844,0.27359,0.5711541,0,0.077301,-604453.6,0.0808225,0.1863616,0.2602709,-1.133234,1.88E+08,10,11.11111,TRUE,52.13675,44.1334,5.692016,3.60041,2.914192,2.348401,3
591,SM.PS,SM Investments Corp,Philippines,Industrial Conglomerates,2022,0.6346979,67.12594,10.42519,0.3651417,0.1977382,0.2974888,0.0917585,0,3.09E+08,0.0778854,0.0717789,0.0620965,17.3138,1.52E+09,8,25,TRUE,87.94872,48.89009,7.580982,3.549992,5.488648,2.260386,3
591,SM.PS,SM Investments Corp,Philippines,Industrial Conglomerates,2023,0.5800756,65.74901,10.45695,0.3385546,0.2085223,0.3212486,0.0692907,0,-5.08E+07,0.0712815,0.0751468,0.0639206,11.84936,1.92E+09,9,25,TRUE,92.22222,48.43804,5.51895,3.58025,4.601433,1.975636,3
591,SM.PS,SM Investments Corp,Philippines,Industrial Conglomerates,2024,0.5607558,65.33466,10.46621,0.3160364,0.2019761,0.3201946,0.0890244,0,1.51E+08,0.0682682,0.0715666,0.0627068,1.333756,1.97E+09,8,33.33333,TRUE,90,54.6399,5.692016,3.60041,2.914192,1.60066,3
592,TEL.PS,PLDT Inc,Philippines,Wireless Telecommunication Services,2022,0.4383587,49.20417,10.04968,0.4678513,0.3957338,0.4792108,0.0669347,0.0139034,2.34E+07,0.0377296,0.0057165,0.5152637,-2.603761,2.04E+08,12,28.57143,TRUE,63.72926,33.74414,7.580982,3.549992,5.488648,1.870924,3
592,TEL.PS,PLDT Inc,Philippines,Wireless Telecommunication Services,2023,0.4226269,59.82068,10.04157,0.496037,0.3226692,0.3899913,0.0508102,0.0101457,-1.63E+08,0.0275169,0.0054797,0.5247088,3.750715,4.85E+08,15,23.07692,TRUE,73.24786,35.19035,5.51895,3.58025,4.601433,1.463815,3
592,TEL.PS,PLDT Inc,Philippines,Wireless Telecommunication Services,2024,0.4294654,54.48054,10.03068,0.5384846,0.3023738,0.3710934,0.0453513,0.0023489,-1.06E+08,0.0172164,0.0053042,0.5730697,-1.970077,5.61E+08,0,30.76923,TRUE,64.52991,36.6958,5.692016,3.60041,2.914192,3.392912,3
594,WLCON.PS,Wilcon Depot Inc,Philippines,Specialty Retail,2022,0.9604729,54.42849,8.806353,0.2517471,0.2148698,0.5071986,0.232593,0,4285036,0.0717127,0.3715416,0.4858483,11.75904,69127273,22,25,TRUE,39.76055,44.87337,7.580982,3.549992,5.488648,0,3
594,WLCON.PS,Wilcon Depot Inc,Philippines,Specialty Retail,2023,0.8907037,55.91352,8.856261,0.2485155,0.2286764,0.5267023,0.1225855,0.0188532,1513353,0.0525954,0.3965891,0.4766767,3.602298,62887189,23,25,TRUE,45.04274,46.03857,5.51895,3.58025,4.601433,0,3
594,WLCON.PS,Wilcon Depot Inc,Philippines,Specialty Retail,2024,0.9263924,55.1757,8.827803,0.2448272,0.1634596,0.4194189,0.1457125,0.0038397,-1.35E+07,0.052275,0.3647358,0.507083,-5.818865,43536598,12,25,TRUE,56.32479,37.68614,5.692016,3.60041,2.914192,0,3
597,AFEJ.J,AECI Ltd,South Africa,Chemicals,2022,0.392755,60.98651,9.223154,0.265426,0.5049602,0.8551683,0.1434443,0,2469949,0.1019508,0.238514,0.2331668,28.44849,56220743,10,36.36364,TRUE,90.89636,40.03526,1.91148,3.814475,4.992471,2.02027,3
597,AFEJ.J,AECI Ltd,South Africa,Chemicals,2023,0.4253292,62.93597,9.184229,0.2283659,0.323742,0.5764721,0.2166703,0,-1750336,0.0842875,0.2192399,0.2667669,-8.664827,60550700,14,41.66667,TRUE,85.56497,46.56244,0.6984852,3.77978,4.804271,1.809282,3
597,AFEJ.J,AECI Ltd,South Africa,Chemicals,2024,0.4427934,56.22073,9.159898,0.2253955,0.3356338,0.5962567,0.2612928,0,2.74E+07,0.106141,0.1878419,0.2427591,-6.745683,16179856,11,44.44444,TRUE,80.31609,40.5568,0.5798537,3.796114,3.843298,1.881543,3
598,AIPJ.J,Adcock Ingram Holdings Ltd,South Africa,Pharmaceuticals,2022,1.361158,65.7463,8.68559,0.0428108,0.2771317,0.8268213,0,0.0437924,1.83E+07,0.043027,0.2749439,0.2209413,-1.844288,49209009,4,63.63636,TRUE,69.18079,40.08425,1.91148,3.814475,4.992471,2.320501,3
598,AIPJ.J,Adcock Ingram Holdings Ltd,South Africa,Pharmaceuticals,2023,1.502845,57.22892,8.642348,0.0393393,0.2946081,0.8468004,0,0.0110789,-1.40E+07,0.010029,0.2964721,0.2068691,-9.338001,47718351,4,72.72727,TRUE,42.78736,43.94664,0.6984852,3.77978,4.804271,2.128301,3
598,AIPJ.J,Adcock Ingram Holdings Ltd,South Africa,Pharmaceuticals,2024,1.427836,49.03664,8.662227,0.033578,0.3028586,0.8600591,0,0.0107024,413417.7,0.0112036,0.3041337,0.1961763,9.322798,44762662,4,72.72727,TRUE,26.8661,40.00368,0.5798537,3.796114,3.843298,1.407394,3
600,ATTJ.J,Attacq Ltd,South Africa,Diversified REITs,2022,0.4744124,64.82218,9.123541,0.3949948,0.0535233,0.1245016,0,0.0331597,-2.31E+07,0.0286697,0.0022581,0.0005525,-7.500402,72490167,4,33.33333,TRUE,81.21469,50.65554,1.91148,3.814475,4.992471,1.723651,3
600,ATTJ.J,Attacq Ltd,South Africa,Diversified REITs,2023,0.5304311,59.2016,9.064485,0.3950656,0.0585301,0.1360358,0,0.0277719,306698.6,0.0242409,0.0030702,0.0004024,-16.48759,27636126,4,36.36364,TRUE,74.9138,42.64825,0.6984852,3.77978,4.804271,1.575555,3
600,ATTJ.J,Attacq Ltd,South Africa,Diversified REITs,2024,0.4881937,58.32554,9.099924,0.276424,0.0301648,0.0759728,0,0.0211641,-6116140,0.0229635,0.0018635,0.000386,10.68147,67148914,4,36.36364,TRUE,68.46154,42.73629,0.5798537,3.796114,3.843298,1.727547,3
601,AVIJ.J,Avi Ltd,South Africa,Food Products,2022,3.187034,56.43872,8.759115,0.1998823,0.371609,0.7630526,0,0.0204826,-165929.2,0.018971,0.3018567,0.3777516,-8.511266,1.08E+08,4,22.22222,TRUE,65.16949,43.10759,1.91148,3.814475,4.992471,1.896853,3
601,AVIJ.J,Avi Ltd,South Africa,Food Products,2023,3.338012,55.25726,8.733912,0.2200298,0.3901076,0.7826703,0,0.048511,1.61E+07,0.0457759,0.2992217,0.3594856,-6.861172,97570951,4,11.11111,TRUE,71.63793,39.3223,0.6984852,3.77978,4.804271,2.232423,3
601,AVIJ.J,Avi Ltd,South Africa,Food Products,2024,3.172854,58.66394,8.753532,0.1718867,0.3273616,0.7458893,0,0.0342299,-7808634,0.0358118,0.2963229,0.3603597,10.06789,1.24E+08,4,37.5,TRUE,58.88889,50.0757,0.5798537,3.796114,3.843298,1.823009,3
605,BRTJ.J,Brimstone Investment Corporation Ltd,South Africa,Food Products,2022,0.1002317,14.93006,8.835973,0.4167165,0.1273798,0.178189,0.2526682,0,-2.87E+07,0.0379888,0.0991305,0.2317228,15.59461,19083825,4,25,TRUE,45.57423,0,1.91148,3.814475,4.992471,2.597233,3
605,BRTJ.J,Brimstone Investment Corporation Ltd,South Africa,Food Products,2023,0.1052171,13.36775,8.82631,0.4192861,0.1231175,0.173874,0.2795621,0,2554179,0.033666,0.0985375,0.2229009,-2.256912,23075669,4,23.07692,TRUE,43.64407,0,0.6984852,3.77978,4.804271,2.312592,3
605,BRTJ.J,Brimstone Investment Corporation Ltd,South Africa,Food Products,2024,0.2516971,13.99484,8.447517,0.3279488,0.0439325,0.1135294,0.5490294,0,-1.56E+07,0.010083,0.0136478,0.0045402,-66.91505,-10013580,4,16.66667,TRUE,45.71839,2.29458,0.5798537,3.796114,3.843298,1.357234,3
606,BTNJ.J,Burstone Group Ltd,South Africa,Diversified REITs,2022,0.2665558,45.56097,9.154619,0.4515313,0.0917968,0.1883668,0.1299255,0,3766472,0.0135854,0,0,-16.29019,10964157,6,23.07692,TRUE,17.45098,85.0098,1.91148,3.814475,4.992471,2.365076,3
606,BTNJ.J,Burstone Group Ltd,South Africa,Diversified REITs,2023,0.2785582,47.17368,9.135475,0.4703226,0.1267654,0.2443642,0,0.0109684,-1016521,0.0122475,0,0.0004547,6.162483,12284820,5,36.36364,TRUE,28.89831,78.75845,0.6984852,3.77978,4.804271,2.731572,3
606,BTNJ.J,Burstone Group Ltd,South Africa,Diversified REITs,2024,0.3763622,42.94871,9.006346,0.4116184,0.1332088,0.272201,0,0.0412637,2.64E+07,0.0306506,0,0.0001251,1.216455,-1.22E+08,10,30,TRUE,31.17816,67.10843,0.5798537,3.796114,3.843298,2.798282,3
607,BVTJ.J,Bidvest Group Ltd,South Africa,Industrial Conglomerates,2022,0.7980786,41.49988,9.770904,0.3902302,0.3494132,0.4959283,0,0.119995,2.86E+08,0.1169244,0.1184786,0.2021389,-0.7870568,3.35E+08,0,75,0,53.36158,32.15967,1.91148,3.814475,4.992471,2.163463,3
607,BVTJ.J,Bidvest Group Ltd,South Africa,Industrial Conglomerates,2023,0.7914042,37.68284,9.756678,0.3807485,0.3583698,0.5170383,0,0.0860723,-1.55E+08,0.0832986,0.1312602,0.1945421,-0.6088629,3.38E+08,0,70,TRUE,50.48851,27.08195,0.6984852,3.77978,4.804271,1.494136,3
607,BVTJ.J,Bidvest Group Ltd,South Africa,Industrial Conglomerates,2024,0.7420714,46.39064,9.791754,0.3973396,0.348317,0.5075765,0,0.0808006,1.31E+07,0.0875972,0.1322987,0.1957648,10.46767,3.72E+08,0,63.63636,TRUE,45.4416,39.71408,0.5798537,3.796114,3.843298,1.789692,3
608,CLHJ.J,City Lodge Hotels Ltd,South Africa,"Hotels, Restaurants & Leisure",2022,0.6471238,35.51355,8.304727,0.6217273,0.1667085,0.2371862,0,0.0020538,623770.9,0.0017625,0.0015365,0.7975526,90.60683,5022738.4,5,33.33333,TRUE,19.2437,22.71139,1.91148,3.814475,4.992471,2.832847,3
608,CLHJ.J,City Lodge Hotels Ltd,South Africa,"Hotels, Restaurants & Leisure",2023,0.7717032,45.37677,8.233273,0.54405,0.1034337,0.1584109,0,0.1019278,2.06E+07,0.0864647,0.002259,0.8377487,34.2569,8697885.4,4,41.66667,TRUE,42.34463,32.27736,0.6984852,3.77978,4.804271,2.17335,3
608,CLHJ.J,City Lodge Hotels Ltd,South Africa,"Hotels, Restaurants & Leisure",2024,0.7937465,53.16581,8.212132,0.4781087,0.129675,0.2146863,0,0.0227129,-1.44E+07,0.0216338,0.0024141,0.9042587,16.55597,10374869,5,41.66667,TRUE,68.18965,29.07472,0.5798537,3.796114,3.843298,1.735901,3
610,CSBJ.J,Cashbuild Ltd,South Africa,Specialty Retail,2022,0.4804169,52.18721,8.62331,0.2458391,0.4260134,0.6575052,0.6856992,0,-3.85E+07,0.2366656,0.2290814,0.3681076,-20.92631,30315590,4,12.5,TRUE,64.4818,18.68341,1.91148,3.814475,4.992471,2.158811,3
610,CSBJ.J,Cashbuild Ltd,South Africa,Specialty Retail,2023,0.5992891,55.47244,8.525753,0.2581251,0.464202,0.6702428,0.5433425,0,-1.91E+07,0.2014759,0.2707638,0.3799762,-19.21948,6146234,5,20,TRUE,65.87571,23.06866,0.6984852,3.77978,4.804271,1.407394,3
610,CSBJ.J,Cashbuild Ltd,South Africa,Specialty Retail,2024,0.6585444,60.61162,8.48803,0.2738197,0.4469592,0.6619002,0.3994586,0,-3.21E+07,0.1636881,0.3194942,0.4064592,7.998985,4815782.2,4,20,TRUE,82.0115,21.75154,0.5798537,3.796114,3.843298,1.374303,3
612,EMIJ.J,Emira Property Fund Ltd,South Africa,Diversified REITs,2022,0.3963026,61.23154,8.960736,0.4285696,0.1807974,0.3643011,0,0.0076982,3277166,0.0081325,0.0505729,0.0047879,-18.59643,47024966,7,25,TRUE,71.32768,70.66613,1.91148,3.814475,4.992471,1.86357,3
612,EMIJ.J,Emira Property Fund Ltd,South Africa,Diversified REITs,2023,0.4324493,61.50158,8.91629,0.4160419,0.161814,0.3480659,0,0.0115839,2944444,0.010457,0.1549104,0.004958,37.28168,27738751,4,27.27273,TRUE,76.75288,69.49367,0.6984852,3.77978,4.804271,1.707013,3
612,EMIJ.J,Emira Property Fund Ltd,South Africa,Diversified REITs,2024,0.3860298,52.41393,8.966314,0.3709523,0.0818409,0.1980623,0,0.0240766,1.24E+07,0.0270159,0.0370963,0.0043582,-7.650642,1.30E+08,6,22.22222,TRUE,62.36467,61.38644,0.5798537,3.796114,3.843298,1.500024,3
615,FBRJ.J,Famous Brands Ltd,South Africa,"Hotels, Restaurants & Leisure",2022,1.78047,51.38113,8.272031,0.4535779,0.3077472,0.4080593,0,0.09058,-5488018,0.0879535,0.1547502,0.2633927,-3.773021,30261490,6,30,TRUE,44.60452,59.62078,1.91148,3.814475,4.992471,2.075475,3
615,FBRJ.J,Famous Brands Ltd,South Africa,"Hotels, Restaurants & Leisure",2023,1.783474,43.32911,8.267108,0.4287393,0.2995756,0.4092165,0,0.0992933,6248692,0.0981742,0.1612636,0.2600899,2.977869,25184967,5,27.27273,TRUE,27.15517,55.22782,0.6984852,3.77978,4.804271,1.852958,3
615,FBRJ.J,Famous Brands Ltd,South Africa,"Hotels, Restaurants & Leisure",2024,1.668267,50.83706,8.29023,0.3951195,0.3091027,0.4565759,0,0.1212826,4753523,0.1279147,0.1527371,0.2644826,6.264806,31332054,5,36.36364,TRUE,35.69801,68.70303,0.5798537,3.796114,3.843298,1.90846,3
616,FFBJ.J,Fortress Real Estate Investments Ltd,South Africa,Real Estate Management & Development,2022,0.5250761,47.07948,9.466064,0.4017133,0.142086,0.3243269,0,0.0145749,9254425,0.0133293,0,0.0005417,-6.541688,49274644,9,25,TRUE,47.65537,55.07561,1.91148,3.814475,4.992471,2.212622,3
616,FFBJ.J,Fortress Real Estate Investments Ltd,South Africa,Real Estate Management & Development,2023,0.5323678,48.79278,9.459537,0.3509614,0.0800362,0.2076293,0,0.0038433,-2.58E+07,0.0037859,0,0.0004669,-5.003845,3.13E+08,13,25,TRUE,52.78736,45.68935,0.6984852,3.77978,4.804271,1.883062,3
616,FFBJ.J,Fortress Real Estate Investments Ltd,South Africa,Real Estate Management & Development,2024,0.5199776,49.46101,9.469377,0.4025118,0.1118589,0.2526707,0,0.0408359,1.09E+08,0.0417717,0,0.0004557,19.80327,2.39E+08,10,18.18182,TRUE,50.31339,56.00368,0.5798537,3.796114,3.843298,1.72168,3
618,GNDJ.J,Grindrod Ltd,South Africa,Transportation Infrastructure,2022,0.7965832,49.92664,8.910245,0.1818645,0.2306911,0.6450189,0,0.1884026,3.98E+07,0.0974257,0.0028075,0.1676082,61.92273,48811955,8,30,TRUE,46.29943,65.17579,1.91148,3.814475,4.992471,1.736614,3
618,GNDJ.J,Grindrod Ltd,South Africa,Transportation Infrastructure,2023,0.8157999,55.42174,8.901493,0.1799925,0.1609985,0.5055693,0,0.1730876,-1.94E+07,0.1696343,0.0037361,0.1547383,-23.4007,57966383,4,37.5,TRUE,79.97127,59.61755,0.6984852,3.77978,4.804271,2.196243,3
618,GNDJ.J,Grindrod Ltd,South Africa,Transportation Infrastructure,2024,0.8202178,60.11573,8.893778,0.1984046,0.1564446,0.4771443,0,0.1703923,-3.87E+07,0.167392,0.0071037,0.1784679,-0.3999528,20659979,7,30,TRUE,88.2906,49.48821,0.5798537,3.796114,3.843298,2.331116,3
619,GPLJ.J,Grand Parade Investments Ltd,South Africa,"Hotels, Restaurants & Leisure",2022,0.8836926,7.228638,7.908751,0.1030209,0.0573497,0.4250638,0,0.1417246,3667650,0.0626078,0.0002313,0.0010729,829.5842,-39515.733,9,25,TRUE,6.271186,0,1.91148,3.814475,4.992471,1.283003,3
619,GPLJ.J,Grand Parade Investments Ltd,South Africa,"Hotels, Restaurants & Leisure",2023,1.074838,6.671966,7.789748,0.043098,0.0292584,0.4023136,0,0.0704506,-5586812,0.0535651,0,0.0007292,-89.07613,1072967.1,8,28.57143,TRUE,5.431035,0,0.6984852,3.77978,4.804271,0,3
619,GPLJ.J,Grand Parade Investments Ltd,South Africa,"Hotels, Restaurants & Leisure",2024,1.112079,5.616526,7.795316,0.0024218,0.0279256,0.9132765,0,0.1398191,4232830,0.1416234,0,0.006707,982.6768,4327852.6,4,28.57143,TRUE,3.219373,0,0.5798537,3.796114,3.843298,0,3
624,IOCJ.J,iOCO Ltd,South Africa,IT Services,2022,0.678506,62.06793,8.353168,0.4107525,0.8118807,0.8192372,0.1348992,0,-1579552,0.0685902,0.0240181,0.0492472,-18.44855,-9630804.9,11,45.45454,TRUE,82.38095,40.70739,1.91148,3.814475,4.992471,1.947205,3
624,IOCJ.J,iOCO Ltd,South Africa,IT Services,2023,0.7768178,63.27277,8.283449,0.2657357,0.8108249,0.9693838,0.0848773,0,-1.16E+07,0.0733478,0.0215045,0.0423982,-3.723363,-4537377.3,6,45.45454,TRUE,86.58192,41.0787,0.6984852,3.77978,4.804271,0,3
624,IOCJ.J,iOCO Ltd,South Africa,IT Services,2024,0.8818664,47.60904,8.229419,0.338118,0.6363249,0.7498388,0.1768053,0,-2717007,0.1037737,0.0229177,0.0498279,-4.965159,-2981272.3,15,45.45454,TRUE,62.9023,39.62102,0.5798537,3.796114,3.843298,0,3
625,IVTJ.J,Invicta Holdings Ltd,South Africa,Trading Companies & Distributors,2022,0.350124,10.56577,8.693462,0.1979492,0.2201249,0.5483484,0.4139962,0,1.13E+07,0.0831927,0.3294451,0.1450005,-11.2278,33027845,6,8.333333,TRUE,10.62147,9.577922,1.91148,3.814475,4.992471,1.407394,3
625,IVTJ.J,Invicta Holdings Ltd,South Africa,Trading Companies & Distributors,2023,0.3537077,10.55047,8.692163,0.1882589,0.2244494,0.5764709,0.4777426,0,9213272,0.1069086,0.3238148,0.1465094,-7.498833,29180452,4,8.333333,TRUE,10.02874,8.395176,0.6984852,3.77978,4.804271,1.50747,3
625,IVTJ.J,Invicta Holdings Ltd,South Africa,Trading Companies & Distributors,2024,0.3528494,10.19926,8.701559,0.1910388,0.2565418,0.6151639,0.3386393,0,-6804931,0.0887753,0.3227596,0.1407365,9.640115,42935880,4,10,TRUE,8.518518,8.78035,0.5798537,3.796114,3.843298,1.228398,3
626,KAPJ.J,Kap Ltd,South Africa,Industrial Conglomerates,2022,0.1387384,53.05231,9.258454,0.3133706,0.270666,0.4443085,0,0.0586341,6.06E+07,0.0597345,0.1156075,0.5438739,2.406583,1.09E+08,6,27.27273,TRUE,72.23164,25.11439,1.91148,3.814475,4.992471,1.833053,3
626,KAPJ.J,Kap Ltd,South Africa,Industrial Conglomerates,2023,0.1570958,54.17078,9.199014,0.3206248,0.2759825,0.4507351,0,0.0488075,-1.27E+07,0.0425643,0.1164595,0.5717165,-8.473658,31870309,4,27.27273,TRUE,82.32758,30.49072,0.6984852,3.77978,4.804271,2.708083,3
626,KAPJ.J,Kap Ltd,South Africa,Industrial Conglomerates,2024,0.1543954,51.17228,9.233019,0.3143289,0.2825905,0.4718896,0,0.0449547,-3024471,0.0486161,0.1224194,0.5765322,1.548808,66208414,6,25,TRUE,64.35897,31.08138,0.5798537,3.796114,3.843298,2.413487,3
627,LEWJ.J,Lewis Group Ltd,South Africa,Specialty Retail,2022,0.5617657,32.67331,8.597948,0.1862997,0.2173567,0.6509246,0.1195063,0,-2.32E+07,0.0382782,0.1233907,0.1683865,-15.598,23115470,4,42.85714,TRUE,37.48587,23.35057,1.91148,3.814475,4.992471,3.172431,3
627,LEWJ.J,Lewis Group Ltd,South Africa,Specialty Retail,2023,0.5606824,31.77294,8.600038,0.2277723,0.2180556,0.5803363,0.1365435,0,-887883.6,0.047911,0.0960522,0.1640693,3.136319,23063832,4,37.5,TRUE,36.52299,21.98045,0.6984852,3.77978,4.804271,2.168044,3
627,LEWJ.J,Lewis Group Ltd,South Africa,Specialty Retail,2024,0.4800546,41.20789,8.66382,0.2407791,0.2971173,0.7459618,0.0699446,0,-3.71E+07,0.0637413,0.0907454,0.1557683,17.32325,41244154,4,37.5,TRUE,65.84045,20.96207,0.5798537,3.796114,3.843298,2.455744,3
629,MPTJ.J,Mpact Ltd,South Africa,Containers & Packaging,2022,0.3869441,54.5963,8.780565,0.2864467,0.2216872,0.3936515,0.2691259,0,9426972,0.0666919,0.1929334,0.3754179,0.7602779,43118252,5,33.33333,TRUE,76.58192,40.17885,1.91148,3.814475,4.992471,1.906547,3
629,MPTJ.J,Mpact Ltd,South Africa,Containers & Packaging,2023,0.3638526,53.60738,8.803738,0.304856,0.2051998,0.3612881,0.3692147,0,1.57E+07,0.0803865,0.1717748,0.4231457,-3.607365,32917264,5,25,TRUE,77.04023,40.67093,0.6984852,3.77978,4.804271,2.088281,3
629,MPTJ.J,Mpact Ltd,South Africa,Containers & Packaging,2024,0.3569517,58.81109,8.804027,0.2787825,0.2098262,0.3782473,0.3872722,0,4986579,0.0818806,0.179613,0.4602531,0.5213017,30221850,6,37.5,TRUE,83.96011,48.58164,0.5798537,3.796114,3.843298,2.479695,3
631,MTAJ.J,Metair Investments Ltd,South Africa,Automobile Components,2022,0.0966423,61.34574,8.877747,0.3041685,0.5238757,0.8657664,0.193171,0,1082955,0.1345723,0.209538,0.2938479,3.617614,-230058.1,10,36.36364,TRUE,65.02778,52.01011,1.91148,3.814475,4.992471,2.493953,3
631,MTAJ.J,Metair Investments Ltd,South Africa,Automobile Components,2023,0.0996942,68.8738,8.85555,0.2932941,0.4482748,0.762821,0.1648789,0,-2.26E+07,0.0702284,0.2509331,0.3110972,-19.36235,3001389.3,8,36.36364,TRUE,87.03082,50.91215,0.6984852,3.77978,4.804271,1.931432,3
631,MTAJ.J,Metair Investments Ltd,South Africa,Automobile Components,2024,0.1429635,69.59791,8.710505,0.4029992,0.6445311,0.8931052,0.1879503,0,1.28E+07,0.0867444,0.21753,0.2793004,-4.91735,14953264,8,40,TRUE,85.73447,53.92659,0.5798537,3.796114,3.843298,1.782631,3
633,MURJ.J,Murray & Roberts Holdings Ltd,South Africa,Construction & Engineering,2022,0.0222799,64.50317,9.096113,0.164584,0.6085398,0.8439093,0.1623553,0,-9.52E+07,0.0891731,0.0243711,0.2165919,-64.91994,-10896018,8,30,TRUE,73.61345,62.13458,1.91148,3.814475,4.992471,1.440671,3
633,MURJ.J,Murray & Roberts Holdings Ltd,South Africa,Construction & Engineering,2023,0.0623206,67.21459,8.648857,0.1827883,0.5347728,0.681698,0.2793793,0,-4.52E+07,0.0533467,0.0286385,0.1874024,23.01827,-14994980,11,30,TRUE,67.8531,55.81643,0.6984852,3.77978,4.804271,1.669579,3
633,MURJ.J,Murray & Roberts Holdings Ltd,South Africa,Construction & Engineering,2024,0.0618723,65.19953,8.651993,0.1538792,0.5730549,0.7080047,0.3189273,0,2.05E+07,0.1840872,0.0174994,0.1820644,11.7703,-4591696.5,23,25,TRUE,78.01724,52.68701,0.5798537,3.796114,3.843298,1,3
634,NPKJ.J,Nampak Ltd,South Africa,Containers & Packaging,2022,0.2397287,52.40871,8.992918,0.4585245,0.3535151,0.4784728,0,0.0841105,2.15E+07,0.0783527,0.2204092,0.343399,0.8893961,-1416274.5,6,37.5,TRUE,54.9435,33.88109,1.91148,3.814475,4.992471,1.793628,3
634,NPKJ.J,Nampak Ltd,South Africa,Containers & Packaging,2023,0.3198309,43.62562,8.866541,0.5575524,0.3154599,0.3575572,0,0.1325517,1.81E+07,0.0990851,0.2453849,0.3445884,-5.781249,-2.09E+08,13,22.22222,TRUE,31.92529,31.15402,0.6984852,3.77978,4.804271,1,3
634,NPKJ.J,Nampak Ltd,South Africa,Containers & Packaging,2024,0.3537316,50.04126,8.815696,0.5286818,0.2628218,0.2934498,0,0.0461406,-7.48E+07,0.0410429,0.1900278,0.3585753,-34.39344,36251115,8,50,TRUE,58.94587,31.67886,0.5798537,3.796114,3.843298,1.685353,3
635,NPNJn.J,Naspers Ltd,South Africa,Broadline Retail,2022,0.8513377,38.97745,10.81623,0.2495343,0.0704144,0.0991018,0.3070252,0.1206907,1.06E+08,0.2892859,0.0063361,0.0120004,-5.306641,9.65E+09,10,31.25,TRUE,22.45763,46.63977,1.91148,3.814475,4.992471,2.702567,3
635,NPNJn.J,Naspers Ltd,South Africa,Broadline Retail,2023,0.8913073,34.72292,10.79431,0.2649057,0.0771578,0.1082134,0.3338189,0.0035488,-7.59E+09,0.2845888,0.0057005,0.0122682,7.902685,6.84E+09,11,37.5,TRUE,17.55747,50.90685,0.6984852,3.77978,4.804271,2.460359,3
635,NPNJn.J,Naspers Ltd,South Africa,Broadline Retail,2024,0.7424046,39.44496,10.86491,0.2294999,0.0880057,0.1262259,0.3149814,0.0615685,5.05E+09,0.2943236,0.0043812,0.0098815,11.66226,1.24E+10,5,37.5,FALSE,29.94302,46.83522,0.5798537,3.796114,3.843298,2.249315,3
637,OCEJ.J,Oceana Group Ltd,South Africa,Food Products,2022,0.5277575,27.92593,8.861641,0.2420877,0.1908727,0.3946373,0,0.0368657,-1.88E+07,0.0379076,0.1720855,0.1477314,-7.134305,43603454,8,41.66667,TRUE,30.95238,34.00837,1.91148,3.814475,4.992471,2.41688,3
637,OCEJ.J,Oceana Group Ltd,South Africa,Food Products,2023,0.5297713,26.00597,8.852976,0.1985463,0.2062597,0.4878092,0,0.0335979,-2537642,0.0329341,0.2070756,0.1662093,17.58013,52338860,12,36.36364,TRUE,37.0339,29.4068,0.6984852,3.77978,4.804271,2.736308,3
637,OCEJ.J,Oceana Group Ltd,South Africa,Food Products,2024,0.4766023,19.03785,8.913321,0.2489565,0.2198797,0.473925,0,0.0539087,1.86E+07,0.0619447,0.2227803,0.1796958,10.41846,64552018,4,27.27273,TRUE,13.93678,23.57111,0.5798537,3.796114,3.843298,2.426633,3
638,OCTJ.J,Octodec Investments Ltd,South Africa,Diversified REITs,2022,0.2563571,19.39814,8.817776,0.390065,0.0849435,0.1940268,0.0407889,0,479104.9,0.0028852,0,0.0000835,-11.78586,35373270,12,20,TRUE,34.59384,6.799778,1.91148,3.814475,4.992471,2.421174,3
638,OCTJ.J,Octodec Investments Ltd,South Africa,Diversified REITs,2023,0.2729209,29.13331,8.784554,0.3791723,0.0606034,0.1412247,0.1159968,0,2499073,0.0065121,0,0.0001337,-7.341534,32349952,7,30,TRUE,44.15254,10.65268,0.6984852,3.77978,4.804271,2.157059,3
638,OCTJ.J,Octodec Investments Ltd,South Africa,Diversified REITs,2024,0.261596,31.4802,8.806107,0.3875902,0.1706454,0.3901646,0.0173938,0,-2499201,0.0031192,0,0.0002832,10.88493,12118878,9,30,TRUE,53.44828,12.56152,0.5798537,3.796114,3.843298,1.610112,3
640,PPHJ.J,Pepkor Holdings Ltd,South Africa,Specialty Retail,2022,0.862812,58.34069,9.796467,0.235579,0.2020481,0.4516485,0,0.0435602,-7.57E+07,0.0405552,0.1502725,0.1711941,-12.73803,3.39E+08,6,38.46154,TRUE,70.42373,44.78369,1.91148,3.814475,4.992471,1.976362,3
640,PPHJ.J,Pepkor Holdings Ltd,South Africa,Specialty Retail,2023,0.9315748,54.18383,9.759579,0.2427717,0.2155876,0.469809,0,0.0448685,-2.24E+07,0.0416203,0.1560971,0.1856998,-6.659104,-83795043,6,41.66667,TRUE,50.94828,55.70786,0.6984852,3.77978,4.804271,1.311771,3
640,PPHJ.J,Pepkor Holdings Ltd,South Africa,Specialty Retail,2024,0.8546894,54.1396,9.795284,0.2302365,0.2365404,0.5179719,0,0.0444987,1.87E+07,0.0484429,0.1625554,0.1825347,18.17937,1.36E+08,5,50,TRUE,52.96296,57.69298,0.5798537,3.796114,3.843298,1.401033,3
643,SOLJ.J,Sasol Ltd,South Africa,Chemicals,2022,0.1935491,78.55394,10.36256,0.324091,0.2352145,0.4306896,0,0.1180487,5.74E+08,0.109158,0.0972829,0.5466487,-8.196324,4.96E+08,13,46.15385,TRUE,73.98305,67.98044,1.91148,3.814475,4.992471,1.810776,3
643,SOLJ.J,Sasol Ltd,South Africa,Chemicals,2023,0.216043,76.46085,10.30256,0.370308,0.1824648,0.3000158,0,0.1177243,-4.68E+08,0.1109603,0.111565,0.4820538,-1.685601,-2.43E+09,13,42.85714,TRUE,72.06896,64.68208,0.6984852,3.77978,4.804271,1.55859,3
643,SOLJ.J,Sasol Ltd,South Africa,Chemicals,2024,0.2081068,78.96136,10.30669,0.3356149,0.1931165,0.3352323,0,0.1068626,-2.37E+08,0.1236505,0.1162353,0.472459,-7.211084,4.35E+08,15,50,TRUE,86.92308,63.29824,0.5798537,3.796114,3.843298,1.605335,3
644,SSUJ.J,Southern Sun Ltd,South Africa,"Hotels, Restaurants & Leisure",2022,0.8996838,43.69634,8.880588,0.2525544,0.1041759,0.2646727,0.0973703,0.0552347,1.23E+07,0.0532997,0.0055531,0.697912,69.88387,41675337,5,33.33333,TRUE,26.46893,52.0494,1.91148,3.814475,4.992471,2.732767,3
644,SSUJ.J,Southern Sun Ltd,South Africa,"Hotels, Restaurants & Leisure",2023,0.9296334,45.90289,8.858942,0.2289016,0.0996051,0.264107,0.2628488,0.0205499,-1.29E+07,0.044459,0.0058505,0.6924821,5.501695,45239781,4,33.33333,TRUE,34.28161,42.55763,0.6984852,3.77978,4.804271,1.717358,3
644,SSUJ.J,Southern Sun Ltd,South Africa,"Hotels, Restaurants & Leisure",2024,0.913418,46.6473,8.870533,0.1556128,0.1248436,0.3983091,0.1014151,0.0164888,-1.33E+07,0.0299382,0.0059625,0.6930438,12.98532,55837231,5,33.33333,TRUE,31.36752,45.7763,0.5798537,3.796114,3.843298,1.909514,3
645,SUIJ.J,Sun International Ltd,South Africa,"Hotels, Restaurants & Leisure",2022,0.8552608,57.74022,8.90125,0.5501255,0.2740292,0.3317544,0,0.0403071,1.01E+07,0.039643,0.0087111,0.6683892,27.53988,44988356,7,36.36364,TRUE,27.14689,76.56796,1.91148,3.814475,4.992471,2.070751,3
645,SUIJ.J,Sun International Ltd,South Africa,"Hotels, Restaurants & Leisure",2023,0.9138066,62.17097,8.870551,0.5374355,0.3325719,0.3948036,0,0.028224,-8915776,0.0262979,0.0099484,0.6848931,-1.491954,71380906,5,40,TRUE,39.28161,70.67799,0.6984852,3.77978,4.804271,1.549339,3
645,SUIJ.J,Sun International Ltd,South Africa,"Hotels, Restaurants & Leisure",2024,0.9500883,64.98016,8.855234,0.4401422,0.3350855,0.4239416,0,0.026949,-1007926,0.0260151,0.0081439,0.6752795,1.886612,77610262,4,40,TRUE,43.67521,67.97169,0.5798537,3.796114,3.843298,1.906343,3
646,SURJ.J,Spur Corporation Ltd,South Africa,"Hotels, Restaurants & Leisure",2022,3.16996,63.49492,7.792288,0.0303277,0.2810233,0.7647682,0,0.321186,5386667,0.3091254,0.1038714,0.0918169,10.07216,11739428,10,54.54546,TRUE,55.57423,71.12293,1.91148,3.814475,4.992471,2.251055,3
646,SURJ.J,Spur Corporation Ltd,South Africa,"Hotels, Restaurants & Leisure",2023,2.548323,66.77896,7.882647,0.1104671,0.3085115,0.7551564,0,0.2635229,-1543360,0.3244716,0.0980794,0.1217863,18.09228,13454056,3,60,TRUE,50.16949,82.09801,0.6984852,3.77978,4.804271,1.775222,3
646,SURJ.J,Spur Corporation Ltd,South Africa,"Hotels, Restaurants & Leisure",2024,2.246946,73.81941,7.936731,0.0991318,0.3161812,0.7691998,0,0.3110421,6156044,0.352293,0.1121037,0.1042755,13.97113,16159594,4,66.66666,TRUE,61.78161,89.70593,0.5798537,3.796114,3.843298,2.419581,3
648,TFGJ.J,Foschini Group Ltd,South Africa,Specialty Retail,2022,0.6886334,58.68733,9.475189,0.4173275,0.3172128,0.5355944,0.2431064,0,-9.28E+07,0.0803926,0.2461957,0.2812589,-1.942577,1.70E+08,7,33.33333,TRUE,75.39548,37.82123,1.91148,3.814475,4.992471,2.303065,3
648,TFGJ.J,Foschini Group Ltd,South Africa,Specialty Retail,2023,0.713357,62.98738,9.456743,0.3841904,0.2667469,0.481253,0.2613167,0,-1.69E+07,0.0675978,0.213433,0.3089646,2.031896,1.60E+08,5,33.33333,TRUE,72.78735,58.47832,0.6984852,3.77978,4.804271,2.660673,3
648,TFGJ.J,Foschini Group Ltd,South Africa,Specialty Retail,2024,0.63028,58.60627,9.513186,0.392146,0.2665762,0.4670386,0.2029551,0,-2.99E+07,0.062776,0.2395582,0.3062316,7.147604,1.74E+08,7,23.07692,TRUE,55.92593,59.68009,0.5798537,3.796114,3.843298,1.699561,3
649,VALJ.J,Valterra Platinum Ltd,South Africa,Metals & Mining,2022,1.263606,77.15356,10.0172,0.0025888,0.3281651,0.7244628,0.4875036,0,-1.29E+09,0.1683978,0.2765977,0.4474773,-28.07807,2.90E+09,0,46.15385,TRUE,66.2465,84.73599,1.91148,3.814475,4.992471,2.518966,3
649,VALJ.J,Valterra Platinum Ltd,South Africa,Metals & Mining,2023,1.403047,73.06529,9.966411,0.0450965,0.2773927,0.6743819,0.4916594,0,-2.87E+08,0.1359668,0.2143959,0.54663,-29.38296,7.36E+08,5,46.15385,TRUE,60.02825,80.9565,0.6984852,3.77978,4.804271,1.746081,3
649,VALJ.J,Valterra Platinum Ltd,South Africa,Metals & Mining,2024,1.352781,65.70775,9.957526,0.0402122,0.2638365,0.6517109,0.5428926,0,5.68E+07,0.1403345,0.1448378,0.5979537,-15.15638,3.92E+08,0,28.57143,TRUE,37.04023,76.09968,0.5798537,3.796114,3.843298,1.999779,3
650,VKEJ.J,Vukile Property Fund Ltd,South Africa,Retail REITs,2022,0.6749433,54.30189,9.352945,0.4324783,0.0443408,0.0888544,0.4400675,0,4.62E+07,0.0328066,0,0.0017716,-13.68173,1.15E+08,6,20,TRUE,35.02825,69.17806,1.91148,3.814475,4.992471,1.586616,3
650,VKEJ.J,Vukile Property Fund Ltd,South Africa,Retail REITs,2023,0.6577495,54.29025,9.368833,0.4301829,0.036847,0.079769,0.5398773,0,5.11E+07,0.0551726,0,0.0014694,2.486192,85088841,6,30,TRUE,28.27586,68.95033,0.6984852,3.77978,4.804271,1.700531,3
650,VKEJ.J,Vukile Property Fund Ltd,South Africa,Retail REITs,2024,0.5164737,58.25694,9.468425,0.4200962,0.0288735,0.0598775,1.373874,0,-1.19E+07,0.0498929,0,0.0011891,17.60073,1.77E+08,10,23.07692,TRUE,34.24501,70.86083,0.5798537,3.796114,3.843298,1.260723,3
651,VODJ.J,Vodacom Group Ltd,South Africa,Wireless Telecommunication Services,2022,1.322416,71.4686,10.10859,0.30807,0.2820051,0.4522473,0.3425279,0,2.29E+08,0.1515805,0.0094431,0.3251692,-4.726728,1.02E+09,11,35.71429,TRUE,44.9435,67.87695,1.91148,3.814475,4.992471,2.47197,3
651,VODJ.J,Vodacom Group Ltd,South Africa,Wireless Telecommunication Services,2023,1.321001,66.82673,10.10437,0.3053783,0.2961644,0.481985,0.3327205,0,4.13E+07,0.1491968,0.0096462,0.3102202,18.74807,1.02E+09,8,38.46154,TRUE,26.92529,73.32729,0.6984852,3.77978,4.804271,3.011052,3
651,VODJ.J,Vodacom Group Ltd,South Africa,Wireless Telecommunication Services,2024,1.221147,71.695,10.13538,0.3110156,0.3040111,0.4811094,0.3381581,0,1.15E+08,0.1757366,0.0091487,0.3245767,4.498549,1.09E+09,10,33.33333,TRUE,43.27635,74.94666,0.5798537,3.796114,3.843298,2.385093,3
652,WBOJ.J,Wilson Bayly Holmes - Ovcon Ltd,South Africa,Construction & Engineering,2022,0.9535986,59.42019,8.862898,0.0497567,0.7198477,0.9479008,0,0.2813891,-1.44E+08,0.1584779,0.0354698,0.1511104,-22.33393,44175332,8,25,TRUE,58.64407,48.31837,1.91148,3.814475,4.992471,1.624586,3
652,WBOJ.J,Wilson Bayly Holmes - Ovcon Ltd,South Africa,Construction & Engineering,2023,0.8765431,63.48058,8.890966,0.0573817,0.6932437,0.9417107,0,0.2515759,1.83E+07,0.2683722,0.0293903,0.1549791,19.16205,49606508,5,25,TRUE,57.44253,58.97276,0.6984852,3.77978,4.804271,1.405222,3
652,WBOJ.J,Wilson Bayly Holmes - Ovcon Ltd,South Africa,Construction & Engineering,2024,0.806206,64.80283,8.926728,0.0505173,0.6697652,0.9501173,0,0.2382566,-1354853,0.2587063,0.0279743,0.1618923,19.88968,57920924,5,22.22222,TRUE,54.78632,59.50238,0.5798537,3.796114,3.843298,1.334751,3
654,WHLJ.J,Woolworths Holdings Ltd,South Africa,Broadline Retail,2022,0.822577,70.86156,9.550171,0.5684838,0.2567628,0.3250045,0,0.0958291,-9051206,0.0865313,0.1552988,0.5007401,-9.011192,2.35E+08,4,41.66667,TRUE,75.93838,63.16695,1.91148,3.814475,4.992471,1.887344,3
654,WHLJ.J,Woolworths Holdings Ltd,South Africa,Broadline Retail,2023,1.358482,76.21574,9.321867,0.4345476,0.3133811,0.4513512,0,0.0911872,-1.09E+08,0.0539051,0.180284,0.3712749,-23.72336,2.08E+08,5,36.36364,TRUE,86.24294,68.00101,0.6984852,3.77978,4.804271,1.345447,3
654,WHLJ.J,Woolworths Holdings Ltd,South Africa,Broadline Retail,2024,1.417939,74.33003,9.32802,0.4680895,0.3147641,0.4376033,0,0.059661,-1.20E+08,0.0605124,0.192264,0.3904449,8.872931,1.43E+08,4,25,TRUE,83.47701,68.53888,0.5798537,3.796114,3.843298,1.08556,3
655,BCG.HM,Bamboo Capital Group JSC,Vietnam,Industrial Conglomerates,2022,0.0640146,33.94645,9.26858,0.3359916,0.2597002,0.3061944,0.0475209,0.0020242,-1.76E+07,0.0292439,0.0628648,0.2358494,69.16808,24006641,56,0,0,80.24966,19.49493,8.5375,3.617807,4.442833,1.17973,3
655,BCG.HM,Bamboo Capital Group JSC,Vietnam,Industrial Conglomerates,2023,0.0700523,31.26222,9.238455,0.2895633,0.2877987,0.3438423,0.0397266,0.0065832,5249921,0.0288334,0.0898671,0.2572433,-13.82709,7051827.5,101,0,0,77.5519,14.87414,5.065024,3.63582,2.093391,1.116397,3
655,BCG.HM,Bamboo Capital Group JSC,Vietnam,Industrial Conglomerates,2024,0.0655223,35.21604,9.261465,0.2489202,0.2843437,0.3617386,0.0509195,0.0010455,-1359216,0.0304093,0.0722418,0.2325582,3.747885,33155336,75,0,FALSE,79.26129,21.37734,7.091187,3.673693,4.159586,1.311036,3
656,CTD.HM,Coteccons Construction JSC,Vietnam,Construction & Engineering,2022,0.3151911,32.39442,8.957455,0.0559088,0.5896149,0.9617827,0.0501277,0.0585262,3.47E+07,0.2145432,0.1472796,0.0210264,-53.53674,2214245.9,15,0,TRUE,68.06471,24.53771,8.5375,3.617807,4.442833,2.421148,3
656,CTD.HM,Coteccons Construction JSC,Vietnam,Construction & Engineering,2023,0.3239157,32.89632,8.95364,0.0673544,0.6219547,0.9961691,0.0615887,0.058351,1.29E+07,0.1767764,0.136699,0.020498,189.1098,12167128,15,0,TRUE,70.90965,22.3384,5.065024,3.63582,2.093391,2.557764,3
656,CTD.HM,Coteccons Construction JSC,Vietnam,Construction & Engineering,2024,0.2583741,45.27369,9.054115,0.1009662,0.695909,0.9983544,0.0142095,0.0817936,1.92E+07,0.1832495,0.1925905,0.0131682,15.11409,17377478,23,0,TRUE,82.28938,35.67302,7.091187,3.673693,4.159586,1.367869,3
657,FPT.HM,FPT Corp,Vietnam,IT Services,2022,2.92528,25.0745,9.339977,0.2397305,0.4747526,0.8012421,0.1582658,0.0495508,4.33E+07,0.3508418,0.0380595,0.2286147,19.32007,2.75E+08,4,0,FALSE,51.01889,11.32576,8.5375,3.617807,4.442833,2.169141,3
657,FPT.HM,FPT Corp,Vietnam,IT Services,2023,2.602708,24.34739,9.395303,0.2330012,0.4918759,0.8397844,0.2015106,0.0382203,7.58E+07,0.459436,0.0264323,0.2272854,16.35686,3.21E+08,8,14.28571,FALSE,48.57753,9.607571,5.065024,3.63582,2.093391,2.538938,3
657,FPT.HM,FPT Corp,Vietnam,IT Services,2024,2.40317,33.02892,9.451133,0.2076022,0.4838359,0.8253892,0.1930642,0.0359697,4.07E+07,0.4912101,0.0257883,0.2130053,13.7247,3.70E+08,6,14.28571,FALSE,65.78144,7.547654,7.091187,3.673693,4.159586,1.932402,3
658,FRT.HM,FPT Digital Retail JSC,Vietnam,Specialty Retail,2022,1.872578,24.24487,8.649076,0.5096384,0.8052583,0.9951628,0.0531589,0.0280382,-1.52E+07,0.1671195,0.616111,0.0643231,29.64161,16860407,9,40,TRUE,40.89743,6.504065,8.5375,3.617807,4.442833,0,3
658,FRT.HM,FPT Digital Retail JSC,Vietnam,Specialty Retail,2023,1.585486,27.22471,8.732329,0.6190253,0.8687077,0.9895236,0.0452439,0.0340502,8873309,0.1992711,0.6433479,0.0824729,2.753114,-13569519,11,40,TRUE,47.4359,7.142857,5.065024,3.63582,2.093391,0,3
658,FRT.HM,FPT Digital Retail JSC,Vietnam,Specialty Retail,2024,1.363086,26.72098,8.793351,0.555839,0.8660755,0.9850183,0.0346981,0.1024472,4.46E+07,0.2241588,0.6464362,0.0735767,19.88911,16028792,11,37.5,TRUE,46.28205,8.245885,7.091187,3.673693,4.159586,2.319124,3
659,GEX.HM,Gelex Group JSC,Vietnam,Electrical Equipment,2022,0.8196135,21.67318,9.346109,0.3215012,0.3297903,0.4286024,0.111617,0.023441,-7.41E+07,0.0896921,0.1739196,0.4651268,8.549979,64877459,4,0,TRUE,47.08791,10.70873,8.5375,3.617807,4.442833,1.233535,3
659,GEX.HM,Gelex Group JSC,Vietnam,Electrical Equipment,2023,0.8314878,21.41972,9.356078,0.362951,0.3375457,0.4351357,0.1239037,0.018323,6447289,0.1381468,0.1511275,0.4629571,-9.020765,35609408,7,0,TRUE,51.78266,13.45855,5.065024,3.63582,2.093391,1.727076,3
659,GEX.HM,Gelex Group JSC,Vietnam,Electrical Equipment,2024,0.8764688,21.54273,9.32444,0.307641,0.3160398,0.4272161,0.1196392,0.0379428,2.99E+07,0.1576046,0.1614769,0.3940708,7.128467,1.05E+08,0,0,TRUE,47.45421,15.95737,7.091187,3.673693,4.159586,1.371277,3
660,HBC.HNO,Hoa Binh Construction Group JSC,Vietnam,Construction & Engineering,2022,0.1539088,23.31128,8.819868,0.3931517,0.8105965,0.8779596,0.0163995,0.0185295,-1.01E+07,0.0314942,0.1422299,0.0616532,20.45233,-1.09E+08,28,0,TRUE,56.57895,8.003695,8.5375,3.617807,4.442833,0,3
660,HBC.HNO,Hoa Binh Construction Group JSC,Vietnam,Construction & Engineering,2023,0.1677628,19.86375,8.798375,0.3093805,0.8985832,0.9019466,0.0218717,0.0058242,-4440293,0.0252277,0.1493855,0.0462834,-48.15765,-45974341,43,0,TRUE,51.69109,1.885522,5.065024,3.63582,2.093391,0,3
660,HBC.HNO,Hoa Binh Construction Group JSC,Vietnam,Construction & Engineering,2024,0.1743483,13.10432,8.781652,0.2822993,0.8052736,0.9069746,0.0210832,0.0004218,-4724242,0.0176237,0.1529434,0.042681,-18.88905,37792876,30,33.33333,TRUE,37.17338,1.265874,7.091187,3.673693,4.159586,0,3
662,KBC.HM,Kinhbac City Development Holding Corp,Vietnam,Real Estate Management & Development,2022,0.9360975,17.19595,9.16981,0.2188264,0.3060794,0.5671481,0.1311765,0.0080684,-3.72E+07,0.1286311,0.3532362,0.0439784,-78.36375,66773784,0,20,TRUE,37.5641,0.1525377,8.5375,3.617807,4.442833,1.851606,3
662,KBC.HM,Kinhbac City Development Holding Corp,Vietnam,Real Estate Management & Development,2023,1.036426,16.93075,9.1393,0.1094499,0.1967677,0.4311618,0.0478565,0.0157464,-3.47E+07,0.0754315,0.3654568,0.026174,475.4113,92539300,36,40,TRUE,38.58974,0.0459213,5.065024,3.63582,2.093391,1.621253,3
662,KBC.HM,Kinhbac City Development Holding Corp,Vietnam,Real Estate Management & Development,2024,0.8004162,19.34812,9.244399,0.2260809,0.1585665,0.2710017,0.0751477,0.134877,2.25E+08,0.2398932,0.3096288,0.0254746,-52.96113,16602568,35,40,TRUE,42.17949,4.889904,7.091187,3.673693,4.159586,1.916515,3
663,KDH.HM,Khang Dien House Trading and Investment JSC,Vietnam,Real Estate Management & Development,2022,1.573877,21.33261,8.960135,0.314357,0.162613,0.3508954,0.2037368,0.0946749,5.88E+07,0.1880489,0.5781673,0.0385752,-24.69589,45838490,0,60,TRUE,27.29412,9.900643,8.5375,3.617807,4.442833,0,3
663,KDH.HM,Khang Dien House Trading and Investment JSC,Vietnam,Real Estate Management & Development,2023,1.385638,20.82743,9.038039,0.2396402,0.201865,0.4102493,0.27814,0.0846963,4.03E+07,0.1689006,0.7094553,0.0382897,-30.22464,30070075,0,60,TRUE,27.04453,11.13935,5.065024,3.63582,2.093391,0,3
663,KDH.HM,Khang Dien House Trading and Investment JSC,Vietnam,Real Estate Management & Development,2024,1.270598,24.61691,9.081755,0.230778,0.1359739,0.3129711,0.2364067,0.0685001,-2.49E+07,0.1212585,0.7210559,0.0358004,49.5185,31539994,0,60,TRUE,31.65446,13.3637,7.091187,3.673693,4.159586,0,3
664,MSN.HM,Masan Group Corp,Vietnam,Food Products,2022,0.7677463,21.57278,9.777178,0.5022753,0.462145,0.5670698,0.0263082,0.0858524,-3.58E+08,0.1342656,0.1022008,0.2425711,-16.89376,2.01E+08,0,28.57143,FALSE,31.55196,22.47083,8.5375,3.617807,4.442833,2.31146,3
664,MSN.HM,Masan Group Corp,Vietnam,Food Products,2023,0.7706039,24.27627,9.783558,0.4720481,0.3421177,0.4173222,0.0652596,0.0463686,-1.54E+08,0.1164968,0.0893918,0.2300585,-0.0448981,77078607,0,28.57143,FALSE,37.97314,29.28116,5.065024,3.63582,2.093391,1,3
664,MSN.HM,Masan Group Corp,Vietnam,Food Products,2024,0.8192156,22.29332,9.762842,0.4441473,0.3978201,0.500348,0.1032931,0.0850583,3.33E+08,0.1242019,0.0730929,0.1965994,1.205719,1.68E+08,0,42.85714,FALSE,25.29304,21.29002,7.091187,3.673693,4.159586,1.660447,3
665,MWG.HM,Mobile World Investment Corp,Vietnam,Specialty Retail,2022,1.635452,28.73348,9.373803,0.2971193,0.46567,0.8146461,0.1479224,0.0217609,3.89E+07,0.2322834,0.460222,0.1751117,4.888776,1.74E+08,11,0,TRUE,56.45749,9.945395,8.5375,3.617807,4.442833,1.409426,3
665,MWG.HM,Mobile World Investment Corp,Vietnam,Specialty Retail,2023,1.667269,25.86066,9.394065,0.4177886,0.5118055,0.8368065,0.1558783,0.0094836,1.26E+07,0.4236044,0.3630642,0.107065,-13.7132,6917937.1,19,0,TRUE,33.22955,26.88681,5.065024,3.63582,2.093391,0,3
665,MWG.HM,Mobile World Investment Corp,Vietnam,Specialty Retail,2024,1.522818,29.32575,9.441607,0.3875796,0.60076,0.991471,0.1110055,0.0028394,-1.84E+07,0.5420486,0.3158061,0.0503663,8.140882,1.47E+08,8,0,TRUE,39.5177,24.96142,7.091187,3.673693,4.159586,2.485199,3
666,NVL.HM,No Va Land Investment Group Corp,Vietnam,Real Estate Management & Development,2022,0.1090184,71.1218,10.03808,0.2516885,0.3033122,0.3548636,0.0383245,0.021744,-3.66E+08,0.0427583,0.5236222,0.0171757,-27.77155,92398569,0,25,TRUE,96.86235,32.5854,8.5375,3.617807,4.442833,1.860703,3
666,NVL.HM,No Va Land Investment Group Corp,Vietnam,Real Estate Management & Development,2023,0.1249538,61.85567,9.998002,0.2389883,0.3614393,0.4290349,0.0196346,0.0070346,-2.14E+08,0.01305,0.5753338,0.0118443,-58.42146,20027392,104,28.57143,TRUE,94.04762,29.01403,5.065024,3.63582,2.093391,1.289052,3
666,NVL.HM,No Va Land Investment Group Corp,Vietnam,Real Estate Management & Development,2024,0.1332844,54.74504,9.969973,0.2589216,0.4509347,0.5362613,0.0311849,0.0053154,4.69E+07,0.0182898,0.6165728,0.0101763,81.60844,-1.73E+08,65,20,TRUE,87.72283,31.04308,7.091187,3.673693,4.159586,1,3
667,PDR.HM,Phat Dat Real Estate Development Corp,Vietnam,Real Estate Management & Development,2022,0.8933282,54.67262,8.985662,0.1943625,0.4828022,0.7506315,0.0231904,0.0002627,-9837687,0.012754,0.5332524,0.0473909,-59.82156,49158498,40,11.11111,TRUE,81.01889,32.54657,8.5375,3.617807,4.442833,1.798587,3
667,PDR.HM,Phat Dat Real Estate Development Corp,Vietnam,Real Estate Management & Development,2023,1.04517,52.93004,8.938729,0.1473892,0.4355926,0.7947782,0.0550406,9.49E-09,1.00E+07,0.0221742,0.5790613,0.0566116,-60.05715,28132811,32,12.5,TRUE,78.57753,35.24733,5.065024,3.63582,2.093391,2.233094,3
667,PDR.HM,Phat Dat Real Estate Development Corp,Vietnam,Real Estate Management & Development,2024,0.9701235,43.72826,8.97375,0.2227743,0.3569804,0.6593922,0.040138,0,-6335583,0.0207457,0.5869226,0.0365646,26.69282,6090412.9,34,0,TRUE,64.7558,30.33231,7.091187,3.673693,4.159586,2.502007,3
668,SAB.HM,Saigon Beer Alcohol Beverage Corp,Vietnam,Beverages,2022,1.523366,37.55171,9.164283,0.0299741,0.2673391,0.8136018,0.1069437,0.0894848,1.96E+07,0.7445865,0.0636448,0.1063335,28.21871,2.33E+08,5,28.57143,FALSE,73.07018,15.73357,8.5375,3.617807,4.442833,1.220916,3
668,SAB.HM,Saigon Beer Alcohol Beverage Corp,Vietnam,Beverages,2023,1.592079,49.82174,9.147311,0.0205821,0.2414981,0.835468,0.1730233,0.1062013,4.00E+07,0.6432769,0.0680486,0.093684,-15.24874,1.75E+08,5,28.57143,FALSE,85.2442,27.02066,5.065024,3.63582,2.093391,2.955799,3
668,SAB.HM,Saigon Beer Alcohol Beverage Corp,Vietnam,Beverages,2024,1.706717,51.05397,9.118059,0.0124054,0.2588904,0.8523084,0.1545269,0.0938934,-2.21E+07,0.5883188,0.059168,0.0824749,-0.3776034,1.76E+08,6,28.57143,FALSE,87.46642,22.88647,7.091187,3.673693,4.159586,2.407244,3
669,VHM.HM,Vinhomes JSC,Vietnam,Real Estate Management & Development,2022,1.002813,26.28914,10.18539,0.1000695,0.5189492,0.8668649,0.0098257,0.024797,2.62E+08,0.0717715,0.1778888,0.1628149,-29.02547,1.24E+09,4,22.22222,TRUE,53.24176,8.102567,8.5375,3.617807,4.442833,0,3
669,VHM.HM,Vinhomes JSC,Vietnam,Real Estate Management & Development,2023,0.8950754,25.91225,10.26311,0.1274846,0.4747159,0.7955155,0.0621672,0.0022071,1.35E+08,0.0482475,0.1244127,0.1606033,61.52895,1.38E+09,2,37.5,TRUE,48.12576,10.3449,5.065024,3.63582,2.093391,0,3
669,VHM.HM,Vinhomes JSC,Vietnam,Real Estate Management & Development,2024,0.7366197,33.07901,10.34524,0.1440816,0.4936683,0.7703333,0.0776708,0.0126661,5.76E+08,0.0731749,0.0969428,0.1694676,-5.922204,1.38E+09,28,37.5,TRUE,51.26374,13.32597,7.091187,3.673693,4.159586,0,3
670,VNM.HM,Vietnam Dairy Products JSC,Vietnam,Food Products,2022,2.271585,70.63885,9.31249,0.101751,0.3157504,0.8215488,0.0867124,0.020059,-2058803,0.3573538,0.1142174,0.2612376,-4.852956,3.63E+08,4,30,TRUE,74.56044,68.53352,8.5375,3.617807,4.442833,2.085438,3
670,VNM.HM,Vietnam Dairy Products JSC,Vietnam,Food Products,2023,2.181701,70.8918,9.3367,0.160541,0.3253767,0.8170402,0.0598346,0.0358158,2.52E+07,0.4626749,0.1163412,0.2396931,-2.009466,3.72E+08,4,27.27273,TRUE,68.98046,69.05923,5.065024,3.63582,2.093391,1.566894,3
670,VNM.HM,Vietnam Dairy Products JSC,Vietnam,Food Products,2024,2.221908,75.02666,9.334551,0.1684559,0.335329,0.8106874,0.1017329,0.0063216,-2.69E+07,0.4606833,0.1033049,0.2372425,-2.558436,3.71E+08,16,30,TRUE,81.54456,68.79189,7.091187,3.673693,4.159586,2.844243,3
